latitude,longitude,bright_ti4,scan,track,acq_date,acq_time,satellite,instrument,confidence,version,bright_ti5,frp,daynight,type
27.00508,77.8131,332.53,0.4,0.37,2023-11-01,749,N,VIIRS,l,2,304.73,1.18,D,0
27.22995,77.20877,333.15,0.42,0.38,2023-11-01,749,N,VIIRS,n,2,307.73,2.29,D,0
27.28173,77.70683,336.22,0.41,0.37,2023-11-01,749,N,VIIRS,n,2,306.86,3.01,D,0
27.86279,77.4076,335.84,0.41,0.37,2023-11-01,749,N,VIIRS,n,2,308.79,3.26,D,0
27.94544,77.77856,331.62,0.4,0.37,2023-11-01,749,N,VIIRS,l,2,306.24,2.36,D,0
28.151,77.36921,338.15,0.41,0.37,2023-11-01,749,N,VIIRS,n,2,305.99,3.68,D,0
28.37669,76.8951,330.34,0.42,0.38,2023-11-01,749,N,VIIRS,n,2,303.35,0.95,D,0
28.43619,76.60759,330.51,0.43,0.38,2023-11-01,749,N,VIIRS,n,2,302.93,1.62,D,0
28.92193,76.53748,333.96,0.42,0.38,2023-11-01,749,N,VIIRS,n,2,301.32,2.47,D,0
28.95145,76.77087,334.05,0.42,0.37,2023-11-01,749,N,VIIRS,n,2,299.68,2.38,D,0
28.96912,77.14477,336.67,0.41,0.37,2023-11-01,749,N,VIIRS,n,2,303.88,1.78,D,0
29.06836,75.90137,332.39,0.44,0.39,2023-11-01,750,N,VIIRS,n,2,300.27,1.92,D,0
29.08617,75.73103,333.58,0.45,0.39,2023-11-01,750,N,VIIRS,n,2,301.36,3.0,D,0
29.1501,76.55659,331.86,0.42,0.38,2023-11-01,750,N,VIIRS,n,2,300.45,3.46,D,0
29.16648,76.7348,332.68,0.42,0.37,2023-11-01,750,N,VIIRS,n,2,299.84,2.71,D,0
29.21255,77.04739,346.47,0.41,0.37,2023-11-01,750,N,VIIRS,n,2,301.86,4.91,D,0
29.37753,76.15459,335.85,0.43,0.38,2023-11-01,750,N,VIIRS,n,2,304.13,5.04,D,0
29.41925,74.48961,333.39,0.5,0.41,2023-11-01,750,N,VIIRS,n,2,303.18,2.4,D,0
29.428,76.27673,332.85,0.43,0.38,2023-11-01,750,N,VIIRS,n,2,300.63,2.61,D,0
29.43327,76.60677,330.92,0.42,0.37,2023-11-01,750,N,VIIRS,n,2,300.78,1.89,D,0
29.44192,75.61266,335.6,0.45,0.39,2023-11-01,750,N,VIIRS,n,2,302.42,3.78,D,0
29.44721,76.408,341.17,0.42,0.38,2023-11-01,750,N,VIIRS,n,2,300.65,3.65,D,0
29.46509,76.19999,340.25,0.43,0.38,2023-11-01,750,N,VIIRS,n,2,300.46,4.9,D,0
29.49998,75.62797,336.46,0.45,0.39,2023-11-01,750,N,VIIRS,n,2,303.46,3.92,D,0
29.50079,75.63258,341.57,0.45,0.39,2023-11-01,750,N,VIIRS,n,2,302.08,3.92,D,0
29.50083,74.59299,333.59,0.5,0.41,2023-11-01,750,N,VIIRS,n,2,302.79,5.75,D,0
29.50533,74.55456,333.96,0.5,0.41,2023-11-01,750,N,VIIRS,n,2,303.72,5.73,D,0
29.51681,76.01537,335.28,0.44,0.38,2023-11-01,750,N,VIIRS,n,2,302.19,4.56,D,0
29.51687,76.18108,335.12,0.43,0.38,2023-11-01,750,N,VIIRS,n,2,301.21,3.09,D,0
29.52534,76.55157,333.5,0.42,0.38,2023-11-01,750,N,VIIRS,n,2,302.84,6.77,D,0
29.52917,76.21027,349.37,0.43,0.38,2023-11-01,750,N,VIIRS,n,2,302.55,8.76,D,0
29.53346,74.49662,332.93,0.5,0.41,2023-11-01,750,N,VIIRS,n,2,302.24,4.24,D,0
29.53475,76.4602,337.76,0.42,0.38,2023-11-01,750,N,VIIRS,n,2,302.9,3.07,D,0
29.54462,74.4939,346.73,0.5,0.41,2023-11-01,750,N,VIIRS,n,2,302.22,6.09,D,0
29.54658,75.87332,338.31,0.44,0.38,2023-11-01,750,N,VIIRS,n,2,303.52,7.27,D,0
29.54959,75.87391,334.1,0.44,0.38,2023-11-01,750,N,VIIRS,n,2,299.88,5.27,D,0
29.5507,74.56731,337.48,0.5,0.41,2023-11-01,750,N,VIIRS,n,2,303.66,12.15,D,0
29.55949,76.79542,335.37,0.41,0.37,2023-11-01,750,N,VIIRS,n,2,304.91,1.84,D,0
29.56308,74.46787,335.51,0.5,0.41,2023-11-01,750,N,VIIRS,n,2,301.84,4.05,D,0
29.56405,75.72908,333.67,0.45,0.39,2023-11-01,750,N,VIIRS,n,2,301.87,3.09,D,0
29.57273,74.24735,334.65,0.52,0.41,2023-11-01,750,N,VIIRS,n,2,301.44,1.89,D,0
29.57978,76.52335,333.55,0.42,0.38,2023-11-01,750,N,VIIRS,n,2,301.3,3.89,D,0
29.5836,75.2509,330.52,0.46,0.39,2023-11-01,750,N,VIIRS,n,2,300.82,1.81,D,0
29.59845,75.92348,333.19,0.44,0.38,2023-11-01,750,N,VIIRS,n,2,301.73,3.65,D,0
29.6019,76.10786,335.89,0.43,0.38,2023-11-01,750,N,VIIRS,n,2,301.12,3.6,D,0
29.61195,76.64919,333.35,0.41,0.37,2023-11-01,750,N,VIIRS,n,2,303.44,3.45,D,0
29.61836,76.60356,331.6,0.42,0.37,2023-11-01,750,N,VIIRS,n,2,300.66,2.11,D,0
29.6245,74.33725,333.44,0.51,0.41,2023-11-01,750,N,VIIRS,n,2,303.03,2.4,D,0
29.62584,77.0456,330.53,0.41,0.37,2023-11-01,750,N,VIIRS,n,2,301.57,1.72,D,0
29.63099,75.2645,332.91,0.46,0.39,2023-11-01,750,N,VIIRS,n,2,300.66,4.57,D,0
29.63184,75.26924,333.47,0.46,0.39,2023-11-01,750,N,VIIRS,n,2,301.38,2.75,D,0
29.63797,77.03434,332.02,0.41,0.37,2023-11-01,750,N,VIIRS,l,2,302.98,4.35,D,0
29.64201,77.03489,335.88,0.41,0.37,2023-11-01,750,N,VIIRS,n,2,303.76,4.23,D,0
29.64204,77.03776,338.15,0.41,0.37,2023-11-01,750,N,VIIRS,n,2,302.1,4.35,D,0
29.64795,77.00773,336.76,0.41,0.37,2023-11-01,750,N,VIIRS,n,2,304.53,4.74,D,0
29.67021,75.35871,331.7,0.46,0.39,2023-11-01,750,N,VIIRS,n,2,300.8,2.34,D,0
29.67194,75.63898,335.49,0.45,0.39,2023-11-01,750,N,VIIRS,n,2,303.25,5.49,D,0
29.67819,75.63274,335.27,0.45,0.39,2023-11-01,750,N,VIIRS,n,2,302.59,7.25,D,0
29.68172,75.63192,331.38,0.45,0.39,2023-11-01,750,N,VIIRS,n,2,299.7,6.67,D,0
29.68253,75.63651,333.5,0.45,0.39,2023-11-01,750,N,VIIRS,n,2,300.09,6.64,D,0
29.68572,76.48709,344.55,0.42,0.38,2023-11-01,750,N,VIIRS,n,2,301.67,8.79,D,0
29.70459,75.31791,331.09,0.46,0.39,2023-11-01,750,N,VIIRS,n,2,301.79,7.91,D,0
29.70544,75.32263,334.48,0.46,0.39,2023-11-01,750,N,VIIRS,n,2,304.23,13.12,D,0
29.70635,75.20374,333.43,0.47,0.39,2023-11-01,750,N,VIIRS,n,2,300.19,2.68,D,0
29.70858,75.86687,338.84,0.44,0.38,2023-11-01,750,N,VIIRS,n,2,303.54,5.96,D,0
29.71056,75.35088,332.71,0.46,0.39,2023-11-01,750,N,VIIRS,n,2,301.67,3.95,D,0
29.71629,75.72382,337.67,0.44,0.39,2023-11-01,750,N,VIIRS,n,2,301.09,4.7,D,0
29.73827,75.95329,331.22,0.44,0.38,2023-11-01,750,N,VIIRS,l,2,301.85,3.02,D,0
29.7402,75.94355,342.8,0.44,0.38,2023-11-01,750,N,VIIRS,n,2,302.67,6.13,D,0
29.74098,75.94801,333.21,0.44,0.38,2023-11-01,750,N,VIIRS,n,2,301.94,6.13,D,0
29.7411,76.39413,330.91,0.42,0.38,2023-11-01,750,N,VIIRS,n,2,300.05,2.09,D,0
29.7412,75.31419,346.92,0.46,0.39,2023-11-01,750,N,VIIRS,n,2,300.85,6.46,D,0
29.74906,75.89024,337.79,0.44,0.38,2023-11-01,750,N,VIIRS,n,2,300.95,4.54,D,0
29.74985,75.89474,330.14,0.44,0.38,2023-11-01,750,N,VIIRS,l,2,303.01,2.81,D,0
29.75034,75.7362,338.15,0.44,0.39,2023-11-01,750,N,VIIRS,n,2,301.32,4.86,D,0
29.75908,75.30997,331.71,0.46,0.39,2023-11-01,750,N,VIIRS,n,2,301.21,6.47,D,0
29.75992,75.31469,333.59,0.46,0.39,2023-11-01,750,N,VIIRS,n,2,302.38,6.47,D,0
29.76036,75.97605,338.7,0.43,0.38,2023-11-01,750,N,VIIRS,n,2,301.06,5.35,D,0
29.763,76.09535,341.76,0.43,0.38,2023-11-01,750,N,VIIRS,n,2,299.91,4.09,D,0
29.76423,75.9566,333.09,0.44,0.38,2023-11-01,750,N,VIIRS,n,2,301.05,2.84,D,0
29.76494,75.69492,331.5,0.44,0.39,2023-11-01,750,N,VIIRS,n,2,299.94,6.22,D,0
29.76518,75.32328,339.76,0.46,0.39,2023-11-01,750,N,VIIRS,n,2,302.46,5.74,D,0
29.76576,75.69948,332.19,0.44,0.39,2023-11-01,750,N,VIIRS,n,2,298.69,6.22,D,0
29.76707,75.313,337.97,0.46,0.39,2023-11-01,750,N,VIIRS,n,2,301.5,3.44,D,0
29.76733,75.97445,332.56,0.43,0.38,2023-11-01,750,N,VIIRS,n,2,301.14,4.48,D,0
29.7681,75.9789,333.91,0.43,0.38,2023-11-01,750,N,VIIRS,n,2,300.39,4.48,D,0
29.76811,75.93713,346.17,0.44,0.38,2023-11-01,750,N,VIIRS,n,2,300.5,5.8,D,0
29.77382,76.0745,334.0,0.43,0.38,2023-11-01,750,N,VIIRS,n,2,300.6,4.03,D,0
29.77769,75.60144,331.16,0.45,0.39,2023-11-01,750,N,VIIRS,n,2,298.89,4.25,D,0
29.78098,75.94928,334.31,0.43,0.38,2023-11-01,750,N,VIIRS,n,2,299.94,2.17,D,0
29.78145,75.51894,331.99,0.45,0.39,2023-11-01,750,N,VIIRS,n,2,301.26,2.67,D,0
29.78167,75.9526,333.12,0.44,0.38,2023-11-01,750,N,VIIRS,n,2,300.48,2.9,D,0
29.78198,75.33405,346.3,0.46,0.39,2023-11-01,750,N,VIIRS,n,2,301.29,7.02,D,0
29.78243,75.26771,332.61,0.46,0.39,2023-11-01,750,N,VIIRS,n,2,300.21,2.93,D,0
29.78289,75.33154,335.37,0.46,0.39,2023-11-01,750,N,VIIRS,n,2,301.19,4.81,D,0
29.78375,75.33624,331.93,0.46,0.39,2023-11-01,750,N,VIIRS,n,2,298.85,3.25,D,0
29.78664,75.52736,334.1,0.45,0.39,2023-11-01,750,N,VIIRS,n,2,300.21,2.27,D,0
29.78856,75.57974,334.24,0.45,0.39,2023-11-01,750,N,VIIRS,n,2,302.6,8.82,D,0
29.79018,75.31019,334.55,0.46,0.39,2023-11-01,750,N,VIIRS,n,2,301.33,4.8,D,0
29.79472,76.02827,333.9,0.43,0.38,2023-11-01,750,N,VIIRS,n,2,300.75,3.22,D,0
29.79514,76.0293,339.33,0.43,0.38,2023-11-01,750,N,VIIRS,n,2,300.61,5.26,D,0
29.80108,75.50469,332.29,0.45,0.39,2023-11-01,750,N,VIIRS,n,2,299.85,2.2,D,0
29.80346,75.32179,336.88,0.46,0.39,2023-11-01,750,N,VIIRS,n,2,302.44,7.28,D,0
29.80569,75.37508,333.28,0.46,0.39,2023-11-01,750,N,VIIRS,n,2,300.07,3.15,D,0
29.8082,75.16245,332.8,0.47,0.39,2023-11-01,750,N,VIIRS,n,2,302.12,3.52,D,0
29.80962,75.8026,337.45,0.44,0.38,2023-11-01,750,N,VIIRS,n,2,302.62,6.21,D,0
29.8101,75.37893,336.45,0.46,0.39,2023-11-01,750,N,VIIRS,n,2,300.3,5.07,D,0
29.81062,75.51692,334.77,0.45,0.39,2023-11-01,750,N,VIIRS,n,2,300.44,3.01,D,0
29.81135,75.85378,333.42,0.44,0.38,2023-11-01,750,N,VIIRS,n,2,301.02,3.39,D,0
29.81257,76.06675,340.06,0.43,0.38,2023-11-01,750,N,VIIRS,n,2,299.98,4.55,D,0
29.81261,75.67435,335.58,0.44,0.39,2023-11-01,750,N,VIIRS,n,2,302.88,5.14,D,0
29.81366,75.15118,333.53,0.47,0.39,2023-11-01,750,N,VIIRS,n,2,301.47,4.92,D,0
29.81573,75.58778,341.34,0.45,0.39,2023-11-01,750,N,VIIRS,n,2,300.16,3.83,D,0
29.81583,75.6926,343.35,0.44,0.39,2023-11-01,750,N,VIIRS,n,2,302.0,5.38,D,0
29.81614,75.67352,334.08,0.44,0.39,2023-11-01,750,N,VIIRS,n,2,299.38,5.14,D,0
29.81642,75.86195,333.27,0.44,0.38,2023-11-01,750,N,VIIRS,n,2,302.72,5.75,D,0
29.81721,75.86644,332.68,0.44,0.38,2023-11-01,750,N,VIIRS,n,2,300.96,5.75,D,0
29.81733,75.45985,333.65,0.45,0.39,2023-11-01,750,N,VIIRS,n,2,300.6,2.89,D,0
29.81935,75.69177,333.01,0.44,0.39,2023-11-01,750,N,VIIRS,n,2,299.11,5.38,D,0
29.82286,75.69096,337.69,0.44,0.39,2023-11-01,750,N,VIIRS,n,2,301.43,5.89,D,0
29.82366,75.69552,341.86,0.44,0.39,2023-11-01,750,N,VIIRS,n,2,299.72,5.89,D,0
29.82926,75.72736,344.23,0.44,0.39,2023-11-01,750,N,VIIRS,n,2,305.47,21.71,D,0
29.82972,75.75087,337.9,0.44,0.38,2023-11-01,750,N,VIIRS,n,2,301.13,2.86,D,0
29.83233,75.84893,339.69,0.44,0.38,2023-11-01,750,N,VIIRS,n,2,301.13,4.17,D,0
29.83254,75.97453,345.64,0.43,0.38,2023-11-01,750,N,VIIRS,n,2,301.08,10.97,D,0
29.83277,75.72655,343.5,0.44,0.39,2023-11-01,750,N,VIIRS,n,2,303.09,21.71,D,0
29.83308,75.60287,332.96,0.45,0.39,2023-11-01,750,N,VIIRS,n,2,300.61,1.96,D,0
29.83504,75.84362,336.04,0.44,0.38,2023-11-01,750,N,VIIRS,n,2,301.89,4.07,D,0
29.83521,75.59997,335.71,0.45,0.39,2023-11-01,750,N,VIIRS,n,2,300.14,3.73,D,0
29.83617,75.82932,337.6,0.44,0.38,2023-11-01,750,N,VIIRS,n,2,304.08,11.42,D,0
29.84081,75.81418,336.75,0.44,0.38,2023-11-01,750,N,VIIRS,n,2,300.21,2.51,D,0
29.84439,75.56911,338.8,0.45,0.39,2023-11-01,750,N,VIIRS,n,2,299.69,5.65,D,0
29.84517,75.85999,336.73,0.44,0.38,2023-11-01,750,N,VIIRS,n,2,301.43,3.01,D,0
29.84756,75.52518,333.16,0.45,0.39,2023-11-01,750,N,VIIRS,n,2,301.17,5.72,D,0
29.84839,75.52979,334.92,0.45,0.39,2023-11-01,750,N,VIIRS,n,2,300.96,5.72,D,0
29.84955,75.94746,334.62,0.43,0.38,2023-11-01,750,N,VIIRS,n,2,301.13,5.56,D,0
29.85079,75.68677,339.05,0.44,0.39,2023-11-01,750,N,VIIRS,n,2,300.33,3.73,D,0
29.8534,75.92799,334.99,0.44,0.38,2023-11-01,750,N,VIIRS,n,2,300.52,5.76,D,0
29.85515,75.40244,344.43,0.45,0.39,2023-11-01,750,N,VIIRS,n,2,301.5,10.28,D,0
29.85689,75.92719,337.89,0.44,0.38,2023-11-01,750,N,VIIRS,n,2,306.63,18.6,D,0
29.85727,75.90849,338.44,0.44,0.38,2023-11-01,750,N,VIIRS,n,2,300.4,4.89,D,0
29.85767,75.93166,332.16,0.43,0.38,2023-11-01,750,N,VIIRS,n,2,300.02,18.6,D,0
29.8577,75.56122,345.39,0.45,0.39,2023-11-01,750,N,VIIRS,n,2,302.64,15.77,D,0
29.85867,75.79125,346.88,0.44,0.38,2023-11-01,750,N,VIIRS,n,2,305.29,10.8,D,0
29.85916,75.65159,335.73,0.44,0.39,2023-11-01,750,N,VIIRS,n,2,303.09,17.85,D,0
29.85994,75.86125,336.24,0.44,0.38,2023-11-01,750,N,VIIRS,n,2,300.71,3.65,D,0
29.86135,75.7458,346.62,0.44,0.38,2023-11-01,750,N,VIIRS,n,2,302.63,5.13,D,0
29.86153,75.91216,336.3,0.44,0.38,2023-11-01,750,N,VIIRS,n,2,301.05,4.62,D,0
29.86156,75.60338,331.99,0.45,0.39,2023-11-01,750,N,VIIRS,n,2,298.85,2.15,D,0
29.86302,75.83716,335.61,0.44,0.38,2023-11-01,750,N,VIIRS,n,2,301.53,3.23,D,0
29.86343,75.86044,336.16,0.44,0.38,2023-11-01,750,N,VIIRS,n,2,299.29,3.65,D,0
29.86485,75.74499,338.33,0.44,0.38,2023-11-01,750,N,VIIRS,n,2,300.43,5.13,D,0
29.86486,75.00017,333.75,0.47,0.4,2023-11-01,750,N,VIIRS,n,2,300.5,2.75,D,0
29.86565,75.62628,335.82,0.45,0.39,2023-11-01,750,N,VIIRS,n,2,300.71,3.36,D,0
29.86735,76.00815,333.77,0.43,0.38,2023-11-01,750,N,VIIRS,n,2,300.16,3.77,D,0
29.86813,75.92924,339.37,0.43,0.38,2023-11-01,750,N,VIIRS,n,2,301.63,6.58,D,0
29.86887,75.58255,344.9,0.45,0.39,2023-11-01,750,N,VIIRS,n,2,301.3,4.86,D,0
29.8689,75.93372,330.97,0.43,0.38,2023-11-01,750,N,VIIRS,n,2,300.5,2.9,D,0
29.87187,75.74336,333.33,0.44,0.38,2023-11-01,750,N,VIIRS,n,2,301.19,2.21,D,0
29.87404,75.71451,343.92,0.44,0.39,2023-11-01,750,N,VIIRS,n,2,301.81,12.68,D,0
29.87467,76.02953,334.06,0.43,0.38,2023-11-01,750,N,VIIRS,n,2,301.57,4.51,D,0
29.87503,76.05247,335.25,0.43,0.38,2023-11-01,750,N,VIIRS,n,2,300.97,3.47,D,0
29.87538,75.74255,334.55,0.44,0.38,2023-11-01,750,N,VIIRS,n,2,301.08,2.53,D,0
29.87587,75.93211,336.5,0.43,0.38,2023-11-01,750,N,VIIRS,n,2,304.27,35.62,D,0
29.87802,75.7984,336.48,0.44,0.38,2023-11-01,750,N,VIIRS,n,2,301.24,3.57,D,0
29.87845,76.09301,339.26,0.43,0.38,2023-11-01,750,N,VIIRS,n,2,306.38,10.26,D,0
29.87861,75.36766,336.56,0.46,0.39,2023-11-01,750,N,VIIRS,n,2,300.76,4.0,D,0
29.87917,75.22181,338.33,0.46,0.39,2023-11-01,750,N,VIIRS,n,2,299.83,4.44,D,0
29.8795,75.86823,330.73,0.44,0.38,2023-11-01,750,N,VIIRS,n,2,299.21,2.5,D,0
29.88101,75.77422,334.38,0.44,0.38,2023-11-01,750,N,VIIRS,n,2,300.46,2.88,D,0
29.88151,75.79758,341.29,0.44,0.38,2023-11-01,750,N,VIIRS,n,2,300.59,3.57,D,0
29.88162,76.02794,330.49,0.43,0.38,2023-11-01,750,N,VIIRS,l,2,301.29,2.63,D,0
29.8849,75.56924,333.55,0.45,0.39,2023-11-01,750,N,VIIRS,n,2,300.35,4.45,D,0
29.88495,74.94465,332.74,0.47,0.4,2023-11-01,750,N,VIIRS,n,2,299.94,2.03,D,0
29.8851,75.73557,332.9,0.44,0.38,2023-11-01,750,N,VIIRS,n,2,300.29,3.13,D,0
29.88514,75.34168,333.23,0.46,0.39,2023-11-01,750,N,VIIRS,n,2,300.76,3.82,D,0
29.88597,75.55461,333.47,0.45,0.39,2023-11-01,750,N,VIIRS,n,2,300.01,3.09,D,0
29.88744,75.91299,338.99,0.44,0.38,2023-11-01,750,N,VIIRS,n,2,300.21,4.38,D,0
29.88749,75.91549,334.28,0.44,0.38,2023-11-01,750,N,VIIRS,n,2,301.26,3.76,D,0
29.89042,75.78613,333.98,0.44,0.38,2023-11-01,750,N,VIIRS,n,2,300.35,3.38,D,0
29.89092,75.91219,347.07,0.44,0.38,2023-11-01,750,N,VIIRS,n,2,301.88,4.91,D,0
29.89362,75.9929,338.87,0.43,0.38,2023-11-01,750,N,VIIRS,n,2,301.08,4.81,D,0
29.89441,75.91138,332.35,0.44,0.38,2023-11-01,750,N,VIIRS,n,2,299.27,4.91,D,0
29.89631,75.57137,334.88,0.45,0.39,2023-11-01,750,N,VIIRS,n,2,301.52,6.04,D,0
29.90174,75.5605,344.35,0.45,0.39,2023-11-01,750,N,VIIRS,n,2,301.95,8.98,D,0
29.90191,75.16184,333.23,0.46,0.39,2023-11-01,750,N,VIIRS,n,2,300.66,5.67,D,0
29.90215,75.70799,339.04,0.44,0.39,2023-11-01,750,N,VIIRS,n,2,301.33,5.15,D,0
29.90236,75.34901,334.46,0.46,0.39,2023-11-01,750,N,VIIRS,n,2,301.04,3.3,D,0
29.90321,75.35369,332.67,0.46,0.39,2023-11-01,750,N,VIIRS,n,2,299.69,3.3,D,0
29.90527,75.55968,332.79,0.45,0.39,2023-11-01,750,N,VIIRS,n,2,299.7,8.98,D,0
29.91143,75.78127,332.92,0.44,0.38,2023-11-01,750,N,VIIRS,n,2,300.22,2.56,D,0
29.91186,75.38091,333.66,0.45,0.39,2023-11-01,750,N,VIIRS,n,2,301.16,3.79,D,0
29.91409,75.87893,340.93,0.44,0.38,2023-11-01,750,N,VIIRS,n,2,303.35,11.03,D,0
29.91786,75.18786,332.91,0.46,0.39,2023-11-01,750,N,VIIRS,n,2,300.93,3.98,D,0
29.91811,75.7985,333.14,0.44,0.38,2023-11-01,750,N,VIIRS,n,2,301.1,3.07,D,0
29.9187,75.86387,342.34,0.44,0.38,2023-11-01,750,N,VIIRS,n,2,300.58,4.88,D,0
29.91937,75.82632,346.46,0.44,0.38,2023-11-01,750,N,VIIRS,n,2,306.0,13.53,D,0
29.92287,75.82551,334.43,0.44,0.38,2023-11-01,750,N,VIIRS,n,2,299.55,13.53,D,0
29.92322,75.70309,340.61,0.44,0.39,2023-11-01,750,N,VIIRS,n,2,300.94,6.82,D,0
29.92343,75.89075,340.23,0.44,0.38,2023-11-01,750,N,VIIRS,n,2,301.94,8.7,D,0
29.92356,75.36353,331.87,0.46,0.39,2023-11-01,750,N,VIIRS,n,2,299.68,2.59,D,0
29.9237,75.72661,335.36,0.44,0.38,2023-11-01,750,N,VIIRS,n,2,301.42,4.7,D,0
29.92404,75.40721,332.87,0.45,0.39,2023-11-01,750,N,VIIRS,n,2,300.56,5.86,D,0
29.92589,75.1909,335.69,0.46,0.39,2023-11-01,750,N,VIIRS,n,2,300.27,4.77,D,0
29.92721,75.72579,335.66,0.44,0.38,2023-11-01,750,N,VIIRS,n,2,299.37,4.7,D,0
29.92865,75.69236,345.78,0.44,0.39,2023-11-01,750,N,VIIRS,n,2,301.75,9.45,D,0
29.9307,75.62062,341.71,0.45,0.39,2023-11-01,750,N,VIIRS,n,2,301.43,7.11,D,0
29.93237,75.37121,334.68,0.46,0.39,2023-11-01,750,N,VIIRS,n,2,300.51,5.27,D,0
29.93472,75.64349,335.77,0.44,0.39,2023-11-01,750,N,VIIRS,n,2,299.06,4.32,D,0
29.93592,75.37037,340.59,0.46,0.39,2023-11-01,750,N,VIIRS,n,2,302.22,5.27,D,0
29.93625,75.12376,331.46,0.47,0.39,2023-11-01,750,N,VIIRS,n,2,300.02,2.44,D,0
29.93727,75.69982,339.03,0.44,0.39,2023-11-01,750,N,VIIRS,n,2,299.96,3.09,D,0
29.93839,75.68535,334.22,0.44,0.39,2023-11-01,750,N,VIIRS,n,2,302.08,6.36,D,0
29.94016,75.63271,342.52,0.44,0.39,2023-11-01,750,N,VIIRS,n,2,300.26,3.8,D,0
29.94095,75.63728,331.89,0.44,0.39,2023-11-01,750,N,VIIRS,n,2,299.29,2.49,D,0
29.94179,76.0162,332.44,0.43,0.38,2023-11-01,750,N,VIIRS,n,2,300.01,3.95,D,0
29.9427,75.63347,342.78,0.44,0.39,2023-11-01,750,N,VIIRS,n,2,299.47,4.53,D,0
29.9445,75.21125,331.99,0.46,0.39,2023-11-01,750,N,VIIRS,n,2,299.1,2.92,D,0
29.94489,76.03388,332.06,0.43,0.38,2023-11-01,750,N,VIIRS,n,2,299.88,2.54,D,0
29.94511,75.33892,341.04,0.46,0.39,2023-11-01,750,N,VIIRS,n,2,300.57,4.24,D,0
29.94747,75.71635,330.39,0.44,0.38,2023-11-01,750,N,VIIRS,n,2,300.27,1.11,D,0
29.94777,75.84313,334.91,0.44,0.38,2023-11-01,750,N,VIIRS,n,2,303.8,10.68,D,0
29.94855,75.84763,341.62,0.44,0.38,2023-11-01,750,N,VIIRS,n,2,302.62,10.68,D,0
29.9486,75.70191,333.69,0.44,0.39,2023-11-01,750,N,VIIRS,n,2,300.95,2.93,D,0
29.94951,75.7489,335.06,0.44,0.38,2023-11-01,750,N,VIIRS,n,2,301.19,3.37,D,0
29.94963,75.56988,333.37,0.45,0.39,2023-11-01,750,N,VIIRS,n,2,298.95,2.14,D,0
29.95067,76.00494,345.42,0.43,0.38,2023-11-01,750,N,VIIRS,n,2,307.25,61.98,D,0
29.95074,75.30824,333.77,0.46,0.39,2023-11-01,750,N,VIIRS,n,2,300.1,4.49,D,0
29.95091,75.86109,341.07,0.44,0.38,2023-11-01,750,N,VIIRS,n,2,300.23,5.05,D,0
29.95099,75.37169,342.27,0.45,0.39,2023-11-01,750,N,VIIRS,n,2,300.8,10.15,D,0
29.95203,75.35681,343.44,0.46,0.39,2023-11-01,750,N,VIIRS,n,2,300.52,9.58,D,0
29.95303,75.50671,345.96,0.45,0.39,2023-11-01,750,N,VIIRS,n,2,299.89,8.06,D,0
29.95312,75.79039,334.95,0.44,0.38,2023-11-01,750,N,VIIRS,n,2,299.31,3.92,D,0
29.95413,75.6972,333.2,0.44,0.39,2023-11-01,750,N,VIIRS,n,2,300.85,2.27,D,0
29.95562,75.70027,333.73,0.44,0.39,2023-11-01,750,N,VIIRS,n,2,300.32,2.54,D,0
29.95845,75.24744,332.23,0.46,0.39,2023-11-01,750,N,VIIRS,n,2,300.46,2.42,D,0
29.95967,75.76537,337.4,0.44,0.38,2023-11-01,750,N,VIIRS,n,2,300.59,6.03,D,0
29.9598,75.72894,334.07,0.44,0.38,2023-11-01,750,N,VIIRS,n,2,301.35,3.12,D,0
29.96037,75.72751,331.02,0.44,0.38,2023-11-01,750,N,VIIRS,n,2,301.65,2.72,D,0
29.9604,75.40351,343.27,0.45,0.39,2023-11-01,750,N,VIIRS,n,2,301.36,6.82,D,0
29.96096,75.8354,333.21,0.44,0.38,2023-11-01,750,N,VIIRS,n,2,299.4,2.39,D,0
29.96108,76.00256,341.72,0.43,0.38,2023-11-01,750,N,VIIRS,n,2,301.65,5.6,D,0
29.96123,75.40816,345.79,0.45,0.39,2023-11-01,750,N,VIIRS,n,2,299.55,6.82,D,0
29.96174,75.8399,336.68,0.44,0.38,2023-11-01,750,N,VIIRS,n,2,300.76,3.53,D,0
29.96223,75.68114,337.12,0.44,0.39,2023-11-01,750,N,VIIRS,n,2,300.15,3.41,D,0
29.96447,76.12566,340.66,0.43,0.38,2023-11-01,750,N,VIIRS,n,2,303.34,11.03,D,0
29.96463,75.63313,334.62,0.44,0.39,2023-11-01,750,N,VIIRS,n,2,299.23,12.03,D,0
29.96545,75.6377,336.69,0.44,0.39,2023-11-01,750,N,VIIRS,n,2,302.34,12.03,D,0
29.96682,75.72731,333.37,0.44,0.38,2023-11-01,750,N,VIIRS,n,2,302.47,9.94,D,0
29.96759,75.60864,334.61,0.45,0.39,2023-11-01,750,N,VIIRS,n,2,301.22,5.48,D,0
29.96815,75.63231,332.78,0.44,0.39,2023-11-01,750,N,VIIRS,n,2,300.35,12.03,D,0
29.96844,75.73636,342.01,0.44,0.38,2023-11-01,750,N,VIIRS,n,2,302.08,7.28,D,0
29.96897,75.63687,344.57,0.44,0.39,2023-11-01,750,N,VIIRS,n,2,301.97,12.03,D,0
29.97005,75.74541,333.96,0.44,0.38,2023-11-01,750,N,VIIRS,n,2,301.04,4.58,D,0
29.97194,75.73555,346.84,0.44,0.38,2023-11-01,750,N,VIIRS,n,2,301.28,7.28,D,0
29.97381,76.01347,340.57,0.43,0.38,2023-11-01,750,N,VIIRS,n,2,307.87,19.27,D,0
29.97458,76.01789,336.73,0.43,0.38,2023-11-01,750,N,VIIRS,n,2,300.26,19.27,D,0
29.976,75.69685,334.12,0.44,0.38,2023-11-01,750,N,VIIRS,n,2,301.37,3.82,D,0
29.97804,75.48161,336.49,0.45,0.39,2023-11-01,750,N,VIIRS,n,2,299.58,4.01,D,0
29.97926,75.2178,334.72,0.46,0.39,2023-11-01,750,N,VIIRS,n,2,300.08,3.43,D,0
29.97996,74.96966,330.18,0.47,0.4,2023-11-01,750,N,VIIRS,l,2,300.37,3.02,D,0
29.98035,76.03036,331.7,0.43,0.38,2023-11-01,750,N,VIIRS,n,2,299.69,2.51,D,0
29.98063,75.21938,341.13,0.46,0.39,2023-11-01,750,N,VIIRS,n,2,299.88,5.66,D,0
29.98232,75.97922,333.65,0.43,0.38,2023-11-01,750,N,VIIRS,n,2,300.02,5.47,D,0
29.98357,74.96879,333.53,0.47,0.4,2023-11-01,750,N,VIIRS,n,2,300.82,3.16,D,0
29.98813,75.1582,330.13,0.46,0.39,2023-11-01,750,N,VIIRS,n,2,300.26,3.27,D,0
29.98858,75.7881,346.2,0.44,0.38,2023-11-01,750,N,VIIRS,n,2,300.96,4.61,D,0
29.98993,76.06491,330.48,0.43,0.38,2023-11-01,750,N,VIIRS,n,2,301.82,5.92,D,0
29.99005,75.85789,335.09,0.44,0.38,2023-11-01,750,N,VIIRS,n,2,300.03,4.67,D,0
29.99069,76.06933,332.09,0.43,0.38,2023-11-01,750,N,VIIRS,n,2,298.93,5.92,D,0
29.99193,75.11748,332.24,0.47,0.39,2023-11-01,750,N,VIIRS,n,2,299.18,2.88,D,0
29.99278,75.62656,332.49,0.44,0.39,2023-11-01,750,N,VIIRS,n,2,300.12,4.34,D,0
29.99367,75.79629,339.69,0.44,0.38,2023-11-01,750,N,VIIRS,n,2,299.74,4.96,D,0
29.99447,75.80079,335.57,0.44,0.38,2023-11-01,750,N,VIIRS,n,2,300.87,4.96,D,0
29.99677,75.71092,331.09,0.44,0.38,2023-11-01,750,N,VIIRS,n,2,299.65,1.87,D,0
29.99748,75.77665,343.62,0.44,0.38,2023-11-01,750,N,VIIRS,n,2,301.35,8.93,D,0
29.99852,76.17712,343.81,0.43,0.38,2023-11-01,750,N,VIIRS,n,2,300.9,7.04,D,0
29.99861,75.86526,335.97,0.44,0.38,2023-11-01,750,N,VIIRS,n,2,302.29,8.94,D,0
30.00184,76.07137,330.49,0.43,0.38,2023-11-01,750,N,VIIRS,n,2,298.43,4.04,D,0
30.00425,75.2876,332.76,0.46,0.39,2023-11-01,750,N,VIIRS,n,2,300.43,4.67,D,0
30.00619,75.72289,335.39,0.44,0.38,2023-11-01,750,N,VIIRS,n,2,299.52,4.23,D,0
30.00699,75.72742,332.59,0.44,0.38,2023-11-01,750,N,VIIRS,n,2,300.57,7.31,D,0
30.01053,76.59976,331.08,0.41,0.37,2023-11-01,750,N,VIIRS,n,2,302.19,2.63,D,0
30.01089,76.97755,334.91,0.4,0.37,2023-11-01,750,N,VIIRS,n,2,305.55,2.18,D,0
30.0146,75.89413,337.61,0.43,0.38,2023-11-01,750,N,VIIRS,n,2,300.77,2.77,D,0
30.01568,75.18634,332.64,0.46,0.39,2023-11-01,750,N,VIIRS,n,2,301.2,10.98,D,0
30.01671,75.82372,341.5,0.44,0.38,2023-11-01,750,N,VIIRS,n,2,299.54,6.68,D,0
30.0175,75.82822,332.44,0.44,0.38,2023-11-01,750,N,VIIRS,n,2,299.19,2.07,D,0
30.0186,76.127,332.63,0.43,0.38,2023-11-01,750,N,VIIRS,n,2,299.33,2.97,D,0
30.0208,75.09061,338.44,0.47,0.39,2023-11-01,750,N,VIIRS,n,2,301.99,3.96,D,0
30.02098,75.19498,334.37,0.46,0.39,2023-11-01,750,N,VIIRS,n,2,301.95,6.38,D,0
30.02244,75.79432,340.53,0.44,0.38,2023-11-01,750,N,VIIRS,n,2,301.89,13.53,D,0
30.02427,75.88725,333.05,0.43,0.38,2023-11-01,750,N,VIIRS,n,2,300.11,2.48,D,0
30.02439,75.08976,333.38,0.47,0.39,2023-11-01,750,N,VIIRS,n,2,300.29,3.96,D,0
30.02456,75.19413,336.02,0.46,0.39,2023-11-01,750,N,VIIRS,n,2,300.21,9.09,D,0
30.02505,75.89172,332.68,0.43,0.38,2023-11-01,750,N,VIIRS,n,2,298.27,3.05,D,0
30.02547,75.77016,336.83,0.44,0.38,2023-11-01,750,N,VIIRS,n,2,300.98,4.76,D,0
30.02563,75.70893,335.47,0.44,0.38,2023-11-01,750,N,VIIRS,n,2,300.36,5.23,D,0
30.02626,75.77468,334.0,0.44,0.38,2023-11-01,750,N,VIIRS,n,2,299.86,4.76,D,0
30.0264,75.81681,333.24,0.44,0.38,2023-11-01,750,N,VIIRS,n,2,298.96,4.95,D,0
30.02673,75.79802,347.1,0.44,0.38,2023-11-01,750,N,VIIRS,n,2,301.85,15.83,D,0
30.02706,75.77919,330.97,0.44,0.38,2023-11-01,750,N,VIIRS,n,2,298.68,2.38,D,0
30.02798,75.8258,332.86,0.44,0.38,2023-11-01,750,N,VIIRS,n,2,300.37,4.58,D,0
30.02859,75.58008,333.56,0.45,0.39,2023-11-01,750,N,VIIRS,n,2,300.03,4.06,D,0
30.02885,75.09369,342.7,0.47,0.39,2023-11-01,750,N,VIIRS,n,2,305.24,25.78,D,0
30.02976,75.77386,334.97,0.44,0.38,2023-11-01,750,N,VIIRS,n,2,299.54,4.76,D,0
30.03022,75.7972,332.82,0.44,0.38,2023-11-01,750,N,VIIRS,n,2,298.32,5.38,D,0
30.03192,75.84823,334.86,0.44,0.38,2023-11-01,750,N,VIIRS,n,2,299.23,4.07,D,0
30.03208,75.35918,330.06,0.45,0.39,2023-11-01,750,N,VIIRS,n,2,298.73,1.94,D,0
30.03315,75.87591,331.8,0.43,0.38,2023-11-01,750,N,VIIRS,n,2,300.97,4.48,D,0
30.03365,76.92504,335.44,0.41,0.37,2023-11-01,750,N,VIIRS,n,2,304.58,2.67,D,0
30.0353,75.8054,332.98,0.44,0.38,2023-11-01,750,N,VIIRS,n,2,299.49,3.25,D,0
30.03648,75.68752,332.79,0.44,0.38,2023-11-01,750,N,VIIRS,n,2,299.53,1.87,D,0
30.03788,75.75789,337.07,0.44,0.38,2023-11-01,750,N,VIIRS,n,2,301.85,14.93,D,0
30.03792,75.94441,331.13,0.43,0.38,2023-11-01,750,N,VIIRS,n,2,298.92,1.98,D,0
30.03848,75.12629,334.96,0.46,0.39,2023-11-01,750,N,VIIRS,n,2,301.45,7.44,D,0
30.04091,75.87877,337.31,0.43,0.38,2023-11-01,750,N,VIIRS,n,2,300.72,5.09,D,0
30.04126,76.7597,334.86,0.41,0.37,2023-11-01,750,N,VIIRS,n,2,304.65,2.31,D,0
30.04139,75.75708,342.1,0.44,0.38,2023-11-01,750,N,VIIRS,n,2,303.68,14.93,D,0
30.04207,75.12543,333.26,0.46,0.39,2023-11-01,750,N,VIIRS,n,2,298.94,2.9,D,0
30.04247,75.88771,340.64,0.43,0.38,2023-11-01,750,N,VIIRS,n,2,301.22,7.76,D,0
30.04415,75.30265,331.96,0.46,0.39,2023-11-01,750,N,VIIRS,n,2,298.83,3.78,D,0
30.04462,75.67141,344.34,0.44,0.39,2023-11-01,750,N,VIIRS,n,2,300.62,7.33,D,0
30.04574,75.65694,332.02,0.44,0.39,2023-11-01,750,N,VIIRS,n,2,299.78,2.35,D,0
30.0468,75.74641,336.48,0.44,0.38,2023-11-01,750,N,VIIRS,n,2,298.92,3.22,D,0
30.04763,76.14419,347.8,0.43,0.38,2023-11-01,750,N,VIIRS,n,2,302.01,9.18,D,0
30.0483,75.9003,332.57,0.43,0.38,2023-11-01,750,N,VIIRS,n,2,298.55,3.91,D,0
30.05198,75.79684,336.06,0.44,0.38,2023-11-01,750,N,VIIRS,n,2,300.42,4.28,D,0
30.05211,75.69332,333.35,0.44,0.38,2023-11-01,750,N,VIIRS,n,2,300.0,3.93,D,0
30.05226,76.00574,332.39,0.43,0.38,2023-11-01,750,N,VIIRS,n,2,300.19,1.76,D,0
30.0529,75.69786,332.68,0.44,0.38,2023-11-01,750,N,VIIRS,n,2,299.12,4.69,D,0
30.05301,75.74026,346.25,0.44,0.38,2023-11-01,750,N,VIIRS,n,2,300.42,6.98,D,0
30.05459,75.74931,332.66,0.44,0.38,2023-11-01,750,N,VIIRS,n,2,299.78,3.32,D,0
30.05486,75.46523,347.02,0.45,0.39,2023-11-01,750,N,VIIRS,n,2,299.84,10.41,D,0
30.05515,75.66895,335.94,0.44,0.39,2023-11-01,750,N,VIIRS,n,2,300.58,7.49,D,0
30.0552,75.85684,339.92,0.44,0.38,2023-11-01,750,N,VIIRS,n,2,302.75,7.01,D,0
30.05575,75.20154,332.46,0.46,0.39,2023-11-01,750,N,VIIRS,n,2,300.32,4.81,D,0
30.05661,75.78172,334.31,0.44,0.38,2023-11-01,750,N,VIIRS,n,2,300.8,2.1,D,0
30.0569,75.27022,332.34,0.46,0.39,2023-11-01,750,N,VIIRS,n,2,299.8,2.38,D,0
30.05765,75.72507,342.25,0.44,0.38,2023-11-01,750,N,VIIRS,n,2,299.95,4.12,D,0
30.05881,75.98121,330.82,0.43,0.38,2023-11-01,750,N,VIIRS,n,2,299.25,3.31,D,0
30.05905,75.83729,334.36,0.44,0.38,2023-11-01,750,N,VIIRS,n,2,300.42,2.81,D,0
30.05933,75.20069,332.95,0.46,0.39,2023-11-01,750,N,VIIRS,n,2,298.95,4.81,D,0
30.05976,75.79973,335.28,0.44,0.38,2023-11-01,750,N,VIIRS,n,2,304.15,6.67,D,0
30.06326,75.79892,338.93,0.44,0.38,2023-11-01,750,N,VIIRS,n,2,299.65,6.67,D,0
30.06366,76.19508,334.48,0.42,0.38,2023-11-01,750,N,VIIRS,n,2,299.8,3.81,D,0
30.06667,75.51054,332.88,0.45,0.39,2023-11-01,750,N,VIIRS,n,2,300.86,3.53,D,0
30.06763,75.88654,333.32,0.43,0.38,2023-11-01,750,N,VIIRS,n,2,299.81,2.15,D,0
30.07091,75.20287,336.14,0.46,0.39,2023-11-01,750,N,VIIRS,n,2,301.74,5.75,D,0
30.07139,75.78297,340.26,0.44,0.38,2023-11-01,750,N,VIIRS,n,2,301.39,6.07,D,0
30.07346,75.94086,334.8,0.43,0.38,2023-11-01,750,N,VIIRS,n,2,298.92,2.79,D,0
30.07448,75.20201,333.3,0.46,0.39,2023-11-01,750,N,VIIRS,n,2,299.29,5.75,D,0
30.07452,75.80098,337.21,0.44,0.38,2023-11-01,750,N,VIIRS,n,2,307.18,24.83,D,0
30.07501,75.94976,333.51,0.43,0.38,2023-11-01,750,N,VIIRS,n,2,299.72,4.35,D,0
30.07505,74.60358,331.53,0.49,0.4,2023-11-01,750,N,VIIRS,n,2,298.81,3.45,D,0
30.07658,76.76062,330.89,0.41,0.37,2023-11-01,750,N,VIIRS,n,2,301.72,2.0,D,0
30.07711,75.65115,333.2,0.44,0.39,2023-11-01,750,N,VIIRS,n,2,300.21,2.55,D,0
30.07791,75.71712,339.83,0.44,0.38,2023-11-01,750,N,VIIRS,n,2,301.76,7.12,D,0
30.07801,75.80017,347.55,0.44,0.38,2023-11-01,750,N,VIIRS,n,2,299.06,24.83,D,0
30.07843,75.74053,332.37,0.44,0.38,2023-11-01,750,N,VIIRS,n,2,299.65,3.16,D,0
30.07971,76.54893,330.08,0.41,0.37,2023-11-01,750,N,VIIRS,n,2,300.74,2.3,D,0
30.08172,74.99258,334.87,0.47,0.4,2023-11-01,750,N,VIIRS,n,2,301.68,3.69,D,0
30.08193,75.73972,333.34,0.44,0.38,2023-11-01,750,N,VIIRS,n,2,300.68,3.16,D,0
30.08251,75.64041,337.87,0.44,0.39,2023-11-01,750,N,VIIRS,n,2,301.67,8.52,D,0
30.08388,75.85486,335.12,0.44,0.38,2023-11-01,750,N,VIIRS,n,2,300.44,3.7,D,0
30.08476,77.17164,330.48,0.4,0.37,2023-11-01,750,N,VIIRS,n,2,304.61,1.72,D,0
30.08536,75.79991,339.24,0.44,0.38,2023-11-01,750,N,VIIRS,n,2,300.54,5.15,D,0
30.08578,75.80305,336.19,0.44,0.38,2023-11-01,750,N,VIIRS,n,2,300.4,3.78,D,0
30.08616,75.8044,335.95,0.44,0.38,2023-11-01,750,N,VIIRS,n,2,299.67,5.11,D,0
30.08652,75.72454,333.46,0.44,0.38,2023-11-01,750,N,VIIRS,n,2,299.49,3.54,D,0
30.08656,75.80755,333.27,0.44,0.38,2023-11-01,750,N,VIIRS,n,2,300.25,3.78,D,0
30.08659,75.84957,332.52,0.44,0.38,2023-11-01,750,N,VIIRS,n,2,299.68,3.7,D,0
30.09085,75.89512,332.92,0.43,0.38,2023-11-01,750,N,VIIRS,n,2,299.96,6.8,D,0
30.09244,75.73728,330.51,0.44,0.38,2023-11-01,750,N,VIIRS,n,2,300.44,2.75,D,0
30.09356,75.84796,337.99,0.44,0.38,2023-11-01,750,N,VIIRS,n,2,301.67,5.08,D,0
30.09412,75.84923,336.87,0.44,0.38,2023-11-01,750,N,VIIRS,n,2,301.05,5.41,D,0
30.09431,75.93605,335.04,0.43,0.38,2023-11-01,750,N,VIIRS,n,2,299.01,3.22,D,0
30.09485,75.29549,335.89,0.46,0.39,2023-11-01,750,N,VIIRS,n,2,298.82,4.07,D,0
30.09549,75.8801,334.49,0.43,0.38,2023-11-01,750,N,VIIRS,n,2,301.02,3.39,D,0
30.09617,75.40717,337.33,0.45,0.39,2023-11-01,750,N,VIIRS,n,2,299.53,12.31,D,0
30.09618,75.88131,336.95,0.43,0.38,2023-11-01,750,N,VIIRS,n,2,300.63,4.02,D,0
30.09627,75.88457,331.75,0.43,0.38,2023-11-01,750,N,VIIRS,n,2,299.56,2.33,D,0
30.09652,75.30489,335.77,0.46,0.39,2023-11-01,750,N,VIIRS,n,2,299.0,4.13,D,0
30.09674,75.74098,332.19,0.44,0.38,2023-11-01,750,N,VIIRS,n,2,300.7,2.75,D,0
30.09687,75.19836,336.66,0.46,0.39,2023-11-01,750,N,VIIRS,n,2,303.52,16.25,D,0
30.09821,75.58444,331.82,0.44,0.39,2023-11-01,750,N,VIIRS,n,2,297.55,7.33,D,0
30.09859,75.89797,333.81,0.43,0.38,2023-11-01,750,N,VIIRS,n,2,300.56,4.28,D,0
30.09934,75.89915,336.72,0.43,0.38,2023-11-01,750,N,VIIRS,n,2,300.07,6.69,D,0
30.09996,76.60624,332.73,0.41,0.37,2023-11-01,750,N,VIIRS,n,2,301.75,3.31,D,0
30.10187,76.06326,336.18,0.43,0.38,2023-11-01,750,N,VIIRS,n,2,299.98,3.51,D,0
30.10219,75.42028,333.04,0.45,0.39,2023-11-01,750,N,VIIRS,n,2,299.29,2.97,D,0
30.10279,75.63092,337.63,0.44,0.39,2023-11-01,750,N,VIIRS,n,2,299.74,4.85,D,0
30.10295,76.23595,347.01,0.42,0.38,2023-11-01,750,N,VIIRS,n,2,302.27,9.29,D,0
30.10331,75.81912,344.69,0.44,0.38,2023-11-01,750,N,VIIRS,n,2,301.53,8.99,D,0
30.1034,75.32279,331.9,0.46,0.39,2023-11-01,750,N,VIIRS,n,2,298.83,3.08,D,0
30.10405,75.31936,344.69,0.45,0.39,2023-11-01,750,N,VIIRS,n,2,299.8,6.95,D,0
30.10434,75.39069,335.53,0.45,0.39,2023-11-01,750,N,VIIRS,n,2,299.72,4.17,D,0
30.10524,75.5828,340.05,0.44,0.39,2023-11-01,750,N,VIIRS,n,2,299.24,4.88,D,0
30.10574,75.41945,331.84,0.45,0.39,2023-11-01,750,N,VIIRS,n,2,298.67,2.97,D,0
30.1068,75.40466,336.6,0.45,0.39,2023-11-01,750,N,VIIRS,n,2,299.59,5.08,D,0
30.10696,75.32195,332.43,0.46,0.39,2023-11-01,750,N,VIIRS,n,2,299.11,2.82,D,0
30.10773,75.76192,338.36,0.44,0.38,2023-11-01,750,N,VIIRS,n,2,300.58,5.26,D,0
30.10949,75.81302,336.46,0.44,0.38,2023-11-01,750,N,VIIRS,n,2,298.65,6.39,D,0
30.11041,74.24471,334.56,0.51,0.41,2023-11-01,750,N,VIIRS,n,2,300.63,4.32,D,0
30.11614,75.72707,341.73,0.44,0.38,2023-11-01,750,N,VIIRS,n,2,301.9,12.43,D,0
30.11633,75.604,345.12,0.44,0.39,2023-11-01,750,N,VIIRS,n,2,300.96,5.57,D,0
30.11692,74.97908,340.36,0.47,0.4,2023-11-01,750,N,VIIRS,n,2,300.59,3.68,D,0
30.1172,75.48425,338.05,0.45,0.39,2023-11-01,750,N,VIIRS,n,2,299.54,7.56,D,0
30.11735,75.65125,341.4,0.44,0.39,2023-11-01,750,N,VIIRS,n,2,300.16,3.91,D,0
30.11816,75.99059,337.93,0.43,0.38,2023-11-01,750,N,VIIRS,n,2,299.47,3.36,D,0
30.11928,75.99161,338.29,0.43,0.38,2023-11-01,750,N,VIIRS,n,2,299.37,3.36,D,0
30.12108,75.7963,332.91,0.44,0.38,2023-11-01,750,N,VIIRS,n,2,300.9,4.16,D,0
30.12201,75.84278,331.44,0.44,0.38,2023-11-01,750,N,VIIRS,n,2,299.26,1.96,D,0
30.1237,75.89354,347.66,0.43,0.38,2023-11-01,750,N,VIIRS,n,2,301.68,8.68,D,0
30.12416,76.27628,332.27,0.42,0.38,2023-11-01,750,N,VIIRS,n,2,299.52,5.18,D,0
30.12457,75.7955,332.7,0.44,0.38,2023-11-01,750,N,VIIRS,n,2,298.41,3.39,D,0
30.12523,74.63561,331.69,0.49,0.4,2023-11-01,750,N,VIIRS,n,2,299.85,6.45,D,0
30.12541,74.42972,341.98,0.5,0.41,2023-11-01,750,N,VIIRS,n,2,306.26,16.05,D,0
30.12658,75.62062,338.04,0.44,0.39,2023-11-01,750,N,VIIRS,n,2,299.28,5.05,D,0
30.12889,74.63473,332.44,0.49,0.4,2023-11-01,750,N,VIIRS,n,2,298.9,6.45,D,0
30.1291,74.42881,330.92,0.5,0.41,2023-11-01,750,N,VIIRS,n,2,299.67,16.05,D,0
30.12932,76.00771,330.42,0.43,0.38,2023-11-01,750,N,VIIRS,n,2,300.45,2.9,D,0
30.1306,75.21992,330.94,0.46,0.39,2023-11-01,750,N,VIIRS,n,2,300.09,2.58,D,0
30.13062,76.3557,333.07,0.42,0.38,2023-11-01,750,N,VIIRS,n,2,299.46,2.76,D,0
30.13157,75.69047,332.93,0.44,0.38,2023-11-01,750,N,VIIRS,n,2,299.93,5.0,D,0
30.13239,76.65691,332.78,0.41,0.37,2023-11-01,750,N,VIIRS,n,2,301.6,1.48,D,0
30.13278,76.0069,337.16,0.43,0.38,2023-11-01,750,N,VIIRS,n,2,300.3,8.81,D,0
30.13335,75.88667,332.22,0.43,0.38,2023-11-01,750,N,VIIRS,n,2,299.3,2.84,D,0
30.13428,75.68511,340.62,0.44,0.38,2023-11-01,750,N,VIIRS,n,2,301.59,12.78,D,0
30.13483,76.19247,344.0,0.42,0.38,2023-11-01,750,N,VIIRS,n,2,302.11,9.4,D,0
30.13578,75.94169,344.75,0.43,0.38,2023-11-01,750,N,VIIRS,n,2,299.58,6.83,D,0
30.13651,76.39017,337.1,0.42,0.38,2023-11-01,750,N,VIIRS,n,2,299.28,3.78,D,0
30.13873,75.73122,337.0,0.44,0.38,2023-11-01,750,N,VIIRS,n,2,300.57,2.93,D,0
30.1393,76.59375,350.0,0.41,0.37,2023-11-01,750,N,VIIRS,n,2,308.03,13.89,D,0
30.14049,75.67894,332.59,0.44,0.38,2023-11-01,750,N,VIIRS,n,2,299.58,5.33,D,0
30.14163,75.99567,334.38,0.43,0.38,2023-11-01,750,N,VIIRS,n,2,300.31,3.96,D,0
30.14223,75.73041,346.9,0.44,0.38,2023-11-01,750,N,VIIRS,n,2,305.11,31.86,D,0
30.1427,76.59298,337.53,0.41,0.37,2023-11-01,750,N,VIIRS,n,2,298.78,13.89,D,0
30.14314,76.72024,330.56,0.41,0.37,2023-11-01,750,N,VIIRS,n,2,303.22,1.87,D,0
30.14446,74.63614,333.19,0.49,0.4,2023-11-01,750,N,VIIRS,n,2,299.59,3.24,D,0
30.14559,76.60996,333.23,0.41,0.37,2023-11-01,750,N,VIIRS,n,2,302.43,1.92,D,0
30.1465,77.15955,330.24,0.4,0.37,2023-11-01,750,N,VIIRS,n,2,302.68,0.69,D,0
30.14702,75.98523,338.31,0.43,0.38,2023-11-01,750,N,VIIRS,n,2,299.92,3.85,D,0
30.14891,75.53912,330.23,0.45,0.39,2023-11-01,750,N,VIIRS,n,2,297.92,1.33,D,0
30.14921,76.29762,341.87,0.42,0.38,2023-11-01,750,N,VIIRS,n,2,301.72,3.17,D,0
30.15014,75.77552,344.78,0.44,0.38,2023-11-01,750,N,VIIRS,n,2,302.92,16.77,D,0
30.15015,75.22511,344.42,0.46,0.39,2023-11-01,750,N,VIIRS,n,2,300.59,10.51,D,0
30.15048,75.98444,337.8,0.43,0.38,2023-11-01,750,N,VIIRS,n,2,300.71,4.15,D,0
30.15134,75.53996,332.67,0.45,0.39,2023-11-01,750,N,VIIRS,n,2,298.36,2.77,D,0
30.15322,75.52995,333.42,0.45,0.39,2023-11-01,750,N,VIIRS,n,2,300.91,11.72,D,0
30.15351,75.91911,330.95,0.43,0.38,2023-11-01,750,N,VIIRS,n,2,300.08,1.8,D,0
30.15435,76.08904,334.96,0.43,0.38,2023-11-01,750,N,VIIRS,n,2,301.81,4.05,D,0
30.15634,74.61756,335.2,0.49,0.4,2023-11-01,750,N,VIIRS,n,2,301.19,4.72,D,0
30.15952,76.56716,332.2,0.41,0.37,2023-11-01,750,N,VIIRS,n,2,300.05,2.16,D,0
30.16086,75.94053,332.6,0.43,0.38,2023-11-01,750,N,VIIRS,n,2,299.37,4.23,D,0
30.16168,76.57992,335.31,0.41,0.37,2023-11-01,750,N,VIIRS,n,2,300.05,2.65,D,0
30.16184,75.80087,334.66,0.44,0.38,2023-11-01,750,N,VIIRS,n,2,299.9,3.68,D,0
30.16358,75.97682,337.05,0.43,0.38,2023-11-01,750,N,VIIRS,n,2,299.82,3.18,D,0
30.16562,76.72836,332.08,0.41,0.37,2023-11-01,750,N,VIIRS,n,2,299.31,1.71,D,0
30.16662,75.68228,338.72,0.44,0.38,2023-11-01,750,N,VIIRS,n,2,311.57,55.32,D,0
30.1682,76.04469,345.14,0.43,0.38,2023-11-01,750,N,VIIRS,n,2,301.7,8.58,D,0
30.16839,75.77596,332.03,0.44,0.38,2023-11-01,750,N,VIIRS,n,2,299.28,2.66,D,0
30.16924,75.8225,346.1,0.44,0.38,2023-11-01,750,N,VIIRS,n,2,299.96,7.63,D,0
30.16965,75.68288,332.75,0.44,0.38,2023-11-01,750,N,VIIRS,n,2,299.25,5.77,D,0
30.17002,74.54599,334.47,0.49,0.4,2023-11-01,750,N,VIIRS,n,2,301.12,3.49,D,0
30.17044,75.8502,332.49,0.43,0.38,2023-11-01,750,N,VIIRS,n,2,299.15,2.01,D,0
30.17166,76.0439,346.67,0.43,0.38,2023-11-01,750,N,VIIRS,n,2,299.47,8.58,D,0
30.17228,76.17144,335.01,0.42,0.38,2023-11-01,750,N,VIIRS,n,2,300.08,3.72,D,0
30.17369,74.54509,334.87,0.49,0.4,2023-11-01,750,N,VIIRS,n,2,299.58,3.49,D,0
30.17424,75.78864,333.74,0.44,0.38,2023-11-01,750,N,VIIRS,n,2,300.19,2.82,D,0
30.17489,76.20711,330.87,0.42,0.38,2023-11-01,750,N,VIIRS,l,2,301.88,4.64,D,0
30.17638,76.62511,336.26,0.41,0.37,2023-11-01,750,N,VIIRS,n,2,302.19,5.41,D,0
30.17894,76.06512,332.38,0.43,0.38,2023-11-01,750,N,VIIRS,n,2,300.74,2.78,D,0
30.17899,75.98249,330.01,0.43,0.38,2023-11-01,750,N,VIIRS,l,2,300.07,2.14,D,0
30.17984,76.21503,336.84,0.42,0.38,2023-11-01,750,N,VIIRS,n,2,300.83,4.51,D,0
30.18131,75.91267,333.81,0.43,0.38,2023-11-01,750,N,VIIRS,n,2,298.92,2.66,D,0
30.18308,75.735,333.43,0.44,0.38,2023-11-01,750,N,VIIRS,n,2,299.08,2.43,D,0
30.18322,74.00961,331.77,0.52,0.41,2023-11-01,750,N,VIIRS,n,2,299.52,3.56,D,0
30.18366,76.34023,339.41,0.42,0.38,2023-11-01,750,N,VIIRS,n,2,300.57,3.66,D,0
30.18406,76.64977,333.63,0.41,0.37,2023-11-01,750,N,VIIRS,n,2,301.39,2.97,D,0
30.18415,75.76415,343.11,0.44,0.38,2023-11-01,750,N,VIIRS,n,2,299.76,3.98,D,0
30.18429,75.76289,340.76,0.44,0.38,2023-11-01,750,N,VIIRS,n,2,299.86,4.35,D,0
30.18515,76.34886,331.37,0.42,0.38,2023-11-01,750,N,VIIRS,n,2,299.16,2.78,D,0
30.18538,76.40593,333.26,0.42,0.37,2023-11-01,750,N,VIIRS,n,2,302.63,2.69,D,0
30.18549,75.7907,340.02,0.44,0.38,2023-11-01,750,N,VIIRS,n,2,299.79,6.67,D,0
30.18553,75.731,332.97,0.44,0.38,2023-11-01,750,N,VIIRS,n,2,298.93,2.04,D,0
30.18931,76.06274,331.61,0.43,0.38,2023-11-01,750,N,VIIRS,n,2,300.54,7.94,D,0
30.18959,76.6617,330.18,0.41,0.37,2023-11-01,750,N,VIIRS,n,2,302.43,1.63,D,0
30.19007,76.06713,341.71,0.43,0.38,2023-11-01,750,N,VIIRS,n,2,306.24,29.7,D,0
30.19022,74.63538,332.44,0.48,0.4,2023-11-01,750,N,VIIRS,n,2,300.45,5.21,D,0
30.19286,75.97929,332.92,0.43,0.38,2023-11-01,750,N,VIIRS,n,2,301.6,5.87,D,0
30.19289,75.8961,345.33,0.43,0.38,2023-11-01,750,N,VIIRS,n,2,301.09,6.56,D,0
30.19328,75.91917,338.19,0.43,0.38,2023-11-01,750,N,VIIRS,n,2,300.11,3.48,D,0
30.19332,75.73387,334.14,0.44,0.38,2023-11-01,750,N,VIIRS,n,2,300.04,5.38,D,0
30.19348,77.14931,331.27,0.4,0.37,2023-11-01,750,N,VIIRS,l,2,302.83,2.35,D,0
30.1935,77.17065,334.26,0.4,0.37,2023-11-01,750,N,VIIRS,n,2,303.26,2.72,D,0
30.19363,75.98372,332.56,0.43,0.38,2023-11-01,750,N,VIIRS,n,2,300.76,7.13,D,0
30.19381,74.52225,332.47,0.49,0.4,2023-11-01,750,N,VIIRS,n,2,300.8,2.21,D,0
30.19388,74.63448,332.96,0.48,0.4,2023-11-01,750,N,VIIRS,n,2,299.91,5.91,D,0
30.19388,76.08911,334.26,0.43,0.38,2023-11-01,750,N,VIIRS,n,2,299.1,2.86,D,0
30.19452,75.82249,332.85,0.43,0.38,2023-11-01,750,N,VIIRS,n,2,299.14,1.85,D,0
30.1952,75.82581,330.08,0.44,0.38,2023-11-01,750,N,VIIRS,n,2,298.56,1.56,D,0
30.19528,75.24876,332.55,0.46,0.39,2023-11-01,750,N,VIIRS,n,2,299.82,3.64,D,0
30.19703,75.77522,332.4,0.44,0.38,2023-11-01,750,N,VIIRS,n,2,299.26,2.25,D,0
30.19811,76.34144,330.6,0.42,0.38,2023-11-01,750,N,VIIRS,n,2,300.58,1.81,D,0
30.19857,76.58929,341.08,0.41,0.37,2023-11-01,750,N,VIIRS,n,2,302.15,3.1,D,0
30.2006,74.0028,332.46,0.52,0.41,2023-11-01,750,N,VIIRS,n,2,299.83,7.6,D,0
30.20086,76.04635,332.97,0.43,0.38,2023-11-01,750,N,VIIRS,n,2,299.9,2.59,D,0
30.20135,75.26202,340.11,0.46,0.39,2023-11-01,750,N,VIIRS,n,2,301.2,12.33,D,0
30.20149,75.82088,338.24,0.43,0.38,2023-11-01,750,N,VIIRS,n,2,301.19,7.56,D,0
30.20168,76.00947,333.06,0.43,0.38,2023-11-01,750,N,VIIRS,n,2,298.72,2.26,D,0
30.20182,74.3177,334.88,0.5,0.41,2023-11-01,750,N,VIIRS,n,2,300.41,4.74,D,0
30.20431,75.75478,341.15,0.44,0.38,2023-11-01,750,N,VIIRS,n,2,299.04,4.9,D,0
30.20432,76.39818,333.46,0.42,0.37,2023-11-01,750,N,VIIRS,n,2,302.37,2.05,D,0
30.20459,76.42043,335.06,0.42,0.37,2023-11-01,750,N,VIIRS,n,2,300.98,7.25,D,0
30.20498,75.82007,338.44,0.43,0.38,2023-11-01,750,N,VIIRS,n,2,299.16,7.56,D,0
30.20667,76.0175,337.44,0.43,0.38,2023-11-01,750,N,VIIRS,n,2,299.94,2.7,D,0
30.20761,75.71175,334.91,0.44,0.38,2023-11-01,750,N,VIIRS,n,2,297.84,4.82,D,0
30.2078,75.75397,339.7,0.44,0.38,2023-11-01,750,N,VIIRS,n,2,298.26,4.9,D,0
30.20811,76.06757,336.52,0.43,0.38,2023-11-01,750,N,VIIRS,n,2,302.95,11.31,D,0
30.20852,75.46901,331.29,0.45,0.39,2023-11-01,750,N,VIIRS,n,2,298.67,2.31,D,0
30.20986,76.14015,336.43,0.42,0.38,2023-11-01,750,N,VIIRS,n,2,299.54,3.38,D,0
30.21213,75.12825,330.07,0.46,0.39,2023-11-01,750,N,VIIRS,n,2,299.21,2.39,D,0
30.2124,75.73882,330.53,0.44,0.38,2023-11-01,750,N,VIIRS,n,2,299.5,26.18,D,0
30.2132,75.74333,336.99,0.44,0.38,2023-11-01,750,N,VIIRS,n,2,305.86,26.18,D,0
30.21601,75.94628,333.41,0.43,0.38,2023-11-01,750,N,VIIRS,n,2,300.86,4.35,D,0
30.2166,75.94726,339.28,0.43,0.38,2023-11-01,750,N,VIIRS,n,2,300.68,4.73,D,0
30.21675,76.13857,334.03,0.42,0.38,2023-11-01,750,N,VIIRS,n,2,302.75,6.38,D,0
30.21843,76.60249,342.51,0.41,0.37,2023-11-01,750,N,VIIRS,n,2,301.95,6.31,D,0
30.21879,75.6099,333.72,0.44,0.39,2023-11-01,750,N,VIIRS,n,2,298.25,4.48,D,0
30.22135,77.01943,330.82,0.4,0.37,2023-11-01,750,N,VIIRS,n,2,304.29,1.13,D,0
30.22245,76.15091,339.52,0.42,0.38,2023-11-01,750,N,VIIRS,n,2,300.95,3.63,D,0
30.22266,76.44308,337.45,0.42,0.37,2023-11-01,750,N,VIIRS,n,2,302.26,6.51,D,0
30.225,76.18661,333.74,0.42,0.38,2023-11-01,750,N,VIIRS,n,2,300.97,6.16,D,0
30.22535,75.89439,338.63,0.43,0.38,2023-11-01,750,N,VIIRS,n,2,300.52,4.42,D,0
30.22681,75.86156,345.4,0.43,0.38,2023-11-01,750,N,VIIRS,n,2,300.84,8.82,D,0
30.22725,74.61898,345.36,0.48,0.4,2023-11-01,750,N,VIIRS,n,2,301.64,13.29,D,0
30.228,74.56124,335.1,0.49,0.4,2023-11-01,750,N,VIIRS,n,2,300.83,4.01,D,0
30.22953,75.30602,330.17,0.45,0.39,2023-11-01,750,N,VIIRS,n,2,298.34,2.21,D,0
30.22987,76.60962,337.97,0.41,0.37,2023-11-01,750,N,VIIRS,n,2,302.72,6.56,D,0
30.23111,74.70116,332.51,0.48,0.4,2023-11-01,750,N,VIIRS,n,2,300.36,2.54,D,0
30.23116,76.3474,334.26,0.42,0.38,2023-11-01,750,N,VIIRS,n,2,299.51,3.23,D,0
30.23144,76.20326,346.24,0.42,0.38,2023-11-01,750,N,VIIRS,n,2,304.38,9.49,D,0
30.23203,75.21731,338.88,0.46,0.39,2023-11-01,750,N,VIIRS,n,2,303.36,16.28,D,0
30.23218,76.20762,332.97,0.42,0.38,2023-11-01,750,N,VIIRS,n,2,299.39,9.49,D,0
30.23274,75.91582,330.71,0.43,0.38,2023-11-01,750,N,VIIRS,n,2,298.94,3.61,D,0
30.23453,77.16213,334.07,0.4,0.37,2023-11-01,750,N,VIIRS,l,2,305.24,2.9,D,0
30.23488,76.20248,338.85,0.42,0.38,2023-11-01,750,N,VIIRS,n,2,300.01,9.49,D,0
30.23605,75.1572,332.29,0.46,0.39,2023-11-01,750,N,VIIRS,n,2,299.04,2.45,D,0
30.23607,76.084,339.62,0.43,0.38,2023-11-01,750,N,VIIRS,n,2,301.93,6.37,D,0
30.23761,74.8178,331.6,0.48,0.4,2023-11-01,750,N,VIIRS,n,2,299.34,4.26,D,0
30.23892,74.81972,336.98,0.48,0.4,2023-11-01,750,N,VIIRS,n,2,299.31,3.76,D,0
30.23922,76.33212,333.19,0.42,0.38,2023-11-01,750,N,VIIRS,n,2,299.83,2.63,D,0
30.23993,76.52351,349.88,0.41,0.37,2023-11-01,750,N,VIIRS,n,2,303.0,9.57,D,0
30.24028,76.0876,330.55,0.43,0.38,2023-11-01,750,N,VIIRS,n,2,298.69,2.56,D,0
30.24072,76.06923,331.86,0.43,0.38,2023-11-01,750,N,VIIRS,n,2,300.11,3.33,D,0
30.24076,75.54762,333.07,0.44,0.39,2023-11-01,750,N,VIIRS,n,2,299.4,4.44,D,0
30.24138,77.24581,335.02,0.4,0.37,2023-11-01,750,N,VIIRS,l,2,305.5,2.2,D,0
30.2414,76.08838,343.59,0.43,0.38,2023-11-01,750,N,VIIRS,n,2,300.53,3.79,D,0
30.24156,75.55221,332.37,0.44,0.39,2023-11-01,750,N,VIIRS,n,2,298.52,6.33,D,0
30.24158,76.24163,331.69,0.42,0.38,2023-11-01,750,N,VIIRS,n,2,299.55,3.51,D,0
30.24193,76.16007,345.44,0.42,0.38,2023-11-01,750,N,VIIRS,n,2,301.3,7.42,D,0
30.24278,74.59952,330.47,0.49,0.4,2023-11-01,750,N,VIIRS,n,2,301.61,2.73,D,0
30.2429,76.3537,330.75,0.42,0.38,2023-11-01,750,N,VIIRS,n,2,299.88,4.09,D,0
30.24358,75.93642,342.35,0.43,0.38,2023-11-01,750,N,VIIRS,n,2,303.04,22.32,D,0
30.24537,76.15929,343.7,0.42,0.38,2023-11-01,750,N,VIIRS,n,2,302.46,23.38,D,0
30.24624,76.53979,335.56,0.41,0.37,2023-11-01,750,N,VIIRS,n,2,304.15,9.82,D,0
30.24976,75.64056,346.59,0.44,0.38,2023-11-01,750,N,VIIRS,n,2,301.79,9.66,D,0
30.25072,77.21828,334.94,0.4,0.37,2023-11-01,750,N,VIIRS,n,2,304.7,2.82,D,0
30.25189,74.29447,332.46,0.5,0.41,2023-11-01,750,N,VIIRS,n,2,299.9,2.39,D,0
30.25214,76.06765,331.46,0.43,0.38,2023-11-01,750,N,VIIRS,n,2,298.5,1.45,D,0
30.25299,74.297,336.94,0.5,0.41,2023-11-01,750,N,VIIRS,n,2,300.58,4.92,D,0
30.25401,75.7479,330.27,0.44,0.38,2023-11-01,750,N,VIIRS,n,2,298.98,2.85,D,0
30.2552,76.12624,334.28,0.42,0.38,2023-11-01,750,N,VIIRS,n,2,300.24,5.5,D,0
30.25704,75.72373,336.28,0.44,0.38,2023-11-01,750,N,VIIRS,n,2,298.85,3.5,D,0
30.25741,75.89162,332.79,0.43,0.38,2023-11-01,750,N,VIIRS,n,2,299.78,6.34,D,0
30.25806,76.35921,343.03,0.42,0.37,2023-11-01,750,N,VIIRS,n,2,302.63,8.91,D,0
30.26004,75.51603,331.74,0.45,0.39,2023-11-01,750,N,VIIRS,n,2,298.67,1.96,D,0
30.26017,76.13419,339.52,0.42,0.38,2023-11-01,750,N,VIIRS,n,2,300.76,4.68,D,0
30.26209,76.12466,334.66,0.42,0.38,2023-11-01,750,N,VIIRS,n,2,301.32,7.25,D,0
30.2653,74.32088,331.27,0.5,0.41,2023-11-01,750,N,VIIRS,n,2,298.64,3.24,D,0
30.26901,74.31996,338.03,0.5,0.41,2023-11-01,750,N,VIIRS,n,2,299.4,4.01,D,0
30.2699,75.73482,331.76,0.44,0.38,2023-11-01,750,N,VIIRS,n,2,298.95,5.14,D,0
30.27005,75.03468,333.55,0.47,0.39,2023-11-01,750,N,VIIRS,n,2,300.06,3.14,D,0
30.27013,75.67358,344.73,0.44,0.38,2023-11-01,750,N,VIIRS,n,2,299.65,5.23,D,0
30.27029,75.30608,331.5,0.45,0.39,2023-11-01,750,N,VIIRS,n,2,298.38,5.35,D,0
30.27067,75.03719,335.39,0.46,0.39,2023-11-01,750,N,VIIRS,n,2,300.01,6.93,D,0
30.27102,76.3518,331.46,0.42,0.38,2023-11-01,750,N,VIIRS,n,2,299.3,1.8,D,0
30.27332,75.05151,346.22,0.46,0.39,2023-11-01,750,N,VIIRS,n,2,300.37,9.04,D,0
30.27349,75.05383,337.72,0.46,0.39,2023-11-01,750,N,VIIRS,n,2,300.91,6.33,D,0
30.27457,76.21699,332.3,0.42,0.38,2023-11-01,750,N,VIIRS,n,2,299.75,3.85,D,0
30.27468,74.48126,334.41,0.49,0.4,2023-11-01,750,N,VIIRS,n,2,302.47,15.62,D,0
30.2774,74.86932,332.64,0.47,0.4,2023-11-01,750,N,VIIRS,n,2,299.28,2.63,D,0
30.27763,76.62094,330.08,0.41,0.37,2023-11-01,750,N,VIIRS,n,2,300.16,1.52,D,0
30.27788,76.02972,336.21,0.43,0.38,2023-11-01,750,N,VIIRS,n,2,301.02,5.33,D,0
30.27898,76.28359,332.97,0.42,0.38,2023-11-01,750,N,VIIRS,n,2,301.04,2.22,D,0
30.27942,75.91429,336.3,0.43,0.38,2023-11-01,750,N,VIIRS,n,2,299.96,3.89,D,0
30.28011,77.12231,334.98,0.4,0.37,2023-11-01,750,N,VIIRS,n,2,303.91,1.98,D,0
30.28032,76.61594,333.39,0.41,0.37,2023-11-01,750,N,VIIRS,n,2,301.87,2.67,D,0
30.28048,75.63015,331.65,0.44,0.38,2023-11-01,750,N,VIIRS,n,2,297.99,4.44,D,0
30.28111,76.1929,345.15,0.42,0.38,2023-11-01,750,N,VIIRS,n,2,304.78,19.83,D,0
30.28136,75.98763,331.38,0.43,0.38,2023-11-01,750,N,VIIRS,n,2,299.18,2.48,D,0
30.28265,75.70364,331.54,0.44,0.38,2023-11-01,750,N,VIIRS,n,2,298.74,2.57,D,0
30.28276,74.89846,334.49,0.47,0.4,2023-11-01,750,N,VIIRS,n,2,299.62,2.0,D,0
30.28291,75.70506,330.29,0.44,0.38,2023-11-01,750,N,VIIRS,n,2,298.39,1.88,D,0
30.28316,76.54917,339.8,0.41,0.37,2023-11-01,750,N,VIIRS,n,2,302.57,12.17,D,0
30.28388,76.55343,337.51,0.41,0.37,2023-11-01,750,N,VIIRS,n,2,303.17,12.17,D,0
30.28444,75.9639,333.21,0.43,0.38,2023-11-01,750,N,VIIRS,n,2,298.67,2.41,D,0
30.2879,75.9631,334.14,0.43,0.38,2023-11-01,750,N,VIIRS,n,2,299.83,2.41,D,0
30.2894,77.05175,337.86,0.4,0.37,2023-11-01,750,N,VIIRS,n,2,302.84,2.99,D,0
30.29013,76.05893,333.67,0.43,0.38,2023-11-01,750,N,VIIRS,n,2,302.47,11.99,D,0
30.29143,76.19054,335.02,0.42,0.38,2023-11-01,750,N,VIIRS,n,2,301.53,6.13,D,0
30.29304,75.32988,354.43,0.45,0.39,2023-11-01,750,N,VIIRS,n,2,303.68,21.93,D,0
30.2939,76.6129,332.47,0.41,0.37,2023-11-01,750,N,VIIRS,n,2,301.14,3.04,D,0
30.29504,75.65039,332.79,0.44,0.38,2023-11-01,750,N,VIIRS,n,2,299.93,6.24,D,0
30.29581,75.71614,334.28,0.44,0.38,2023-11-01,750,N,VIIRS,n,2,299.58,2.7,D,0
30.29604,76.62561,337.57,0.41,0.37,2023-11-01,750,N,VIIRS,n,2,301.44,2.76,D,0
30.29768,75.23111,333.81,0.46,0.39,2023-11-01,750,N,VIIRS,n,2,299.97,5.53,D,0
30.29945,74.06687,338.19,0.51,0.41,2023-11-01,750,N,VIIRS,n,2,299.74,5.44,D,0
30.29947,75.82145,339.41,0.43,0.38,2023-11-01,750,N,VIIRS,n,2,298.89,4.04,D,0
30.29978,75.1346,335.35,0.46,0.39,2023-11-01,750,N,VIIRS,n,2,300.33,6.92,D,0
30.30025,75.82593,332.03,0.43,0.38,2023-11-01,750,N,VIIRS,n,2,298.17,4.04,D,0
30.30089,76.54961,337.99,0.41,0.37,2023-11-01,750,N,VIIRS,n,2,302.18,3.89,D,0
30.30259,74.90379,332.48,0.47,0.4,2023-11-01,750,N,VIIRS,n,2,299.83,5.93,D,0
30.30572,76.12831,342.34,0.42,0.38,2023-11-01,750,N,VIIRS,n,2,299.53,6.06,D,0
30.30795,76.6756,331.16,0.41,0.37,2023-11-01,750,N,VIIRS,n,2,303.62,1.94,D,0
30.31033,76.62681,347.61,0.41,0.37,2023-11-01,750,N,VIIRS,n,2,303.01,7.62,D,0
30.31104,76.63104,333.8,0.41,0.37,2023-11-01,750,N,VIIRS,n,2,300.97,3.34,D,0
30.31302,76.62181,345.71,0.41,0.37,2023-11-01,750,N,VIIRS,n,2,304.37,7.62,D,0
30.31334,74.92142,335.45,0.47,0.4,2023-11-01,750,N,VIIRS,n,2,301.27,5.03,D,0
30.3155,76.18504,341.41,0.42,0.38,2023-11-01,750,N,VIIRS,n,2,301.02,6.18,D,0
30.31573,76.10326,339.62,0.42,0.38,2023-11-01,750,N,VIIRS,n,2,306.75,29.64,D,0
30.3161,76.91309,334.97,0.4,0.37,2023-11-01,750,N,VIIRS,n,2,303.68,2.26,D,0
30.31894,76.18426,347.9,0.42,0.38,2023-11-01,750,N,VIIRS,n,2,301.9,6.18,D,0
30.31977,75.3138,345.83,0.45,0.39,2023-11-01,750,N,VIIRS,n,2,300.16,8.69,D,0
30.32014,75.77139,333.0,0.44,0.38,2023-11-01,750,N,VIIRS,n,2,298.68,4.17,D,0
30.32146,75.63476,342.65,0.44,0.38,2023-11-01,750,N,VIIRS,n,2,303.16,21.73,D,0
30.32165,75.31573,340.6,0.45,0.39,2023-11-01,750,N,VIIRS,n,2,299.86,8.26,D,0
30.32384,76.29588,332.83,0.42,0.38,2023-11-01,750,N,VIIRS,n,2,300.0,2.08,D,0
30.32511,76.9672,334.17,0.4,0.37,2023-11-01,750,N,VIIRS,n,2,304.73,2.67,D,0
30.3258,76.97136,333.81,0.4,0.37,2023-11-01,750,N,VIIRS,n,2,305.58,2.67,D,0
30.32585,76.03699,333.13,0.43,0.38,2023-11-01,750,N,VIIRS,n,2,301.02,4.94,D,0
30.32773,76.68871,332.82,0.41,0.37,2023-11-01,750,N,VIIRS,n,2,301.73,2.22,D,0
30.32916,75.80197,336.42,0.43,0.38,2023-11-01,750,N,VIIRS,n,2,299.24,4.59,D,0
30.32933,75.74117,335.13,0.44,0.38,2023-11-01,750,N,VIIRS,n,2,298.96,4.88,D,0
30.32971,76.67951,334.09,0.41,0.37,2023-11-01,750,N,VIIRS,n,2,303.99,2.8,D,0
30.33128,76.52586,335.32,0.41,0.37,2023-11-01,750,N,VIIRS,n,2,305.7,3.39,D,0
30.33192,75.9818,333.38,0.43,0.38,2023-11-01,750,N,VIIRS,n,2,300.65,11.12,D,0
30.3327,75.98621,335.63,0.43,0.38,2023-11-01,750,N,VIIRS,n,2,299.9,11.12,D,0
30.3331,74.53794,332.8,0.49,0.4,2023-11-01,750,N,VIIRS,n,2,299.43,2.53,D,0
30.33381,76.68298,333.27,0.41,0.37,2023-11-01,750,N,VIIRS,n,2,302.92,3.82,D,0
30.33437,75.64591,331.48,0.44,0.38,2023-11-01,750,N,VIIRS,n,2,298.98,4.99,D,0
30.33466,74.46378,345.22,0.49,0.4,2023-11-01,750,N,VIIRS,n,2,301.81,13.04,D,0
30.33481,75.98448,338.92,0.43,0.38,2023-11-01,750,N,VIIRS,n,2,308.52,44.84,D,0
30.33517,75.65045,333.84,0.44,0.38,2023-11-01,750,N,VIIRS,n,2,298.98,4.99,D,0
30.33539,75.981,336.69,0.43,0.38,2023-11-01,750,N,VIIRS,n,2,303.24,11.12,D,0
30.33616,75.98542,335.56,0.43,0.38,2023-11-01,750,N,VIIRS,n,2,298.89,11.12,D,0
30.33733,76.16647,332.69,0.42,0.38,2023-11-01,750,N,VIIRS,n,2,299.25,2.99,D,0
30.33834,74.46288,340.83,0.49,0.4,2023-11-01,750,N,VIIRS,n,2,300.73,13.04,D,0
30.34119,75.80849,336.78,0.43,0.38,2023-11-01,750,N,VIIRS,n,2,299.16,9.53,D,0
30.34138,75.64426,333.58,0.44,0.38,2023-11-01,750,N,VIIRS,n,2,300.04,7.97,D,0
30.34217,75.89645,332.58,0.43,0.38,2023-11-01,750,N,VIIRS,n,2,299.01,1.94,D,0
30.34312,76.02509,334.4,0.43,0.38,2023-11-01,750,N,VIIRS,n,2,300.6,4.84,D,0
30.3442,76.06021,333.69,0.43,0.38,2023-11-01,750,N,VIIRS,n,2,301.01,2.94,D,0
30.34521,76.62848,334.61,0.41,0.37,2023-11-01,750,N,VIIRS,n,2,304.43,2.67,D,0
30.34624,75.81663,340.74,0.43,0.38,2023-11-01,750,N,VIIRS,n,2,299.09,8.41,D,0
30.34954,75.26524,339.92,0.45,0.39,2023-11-01,750,N,VIIRS,n,2,299.74,7.25,D,0
30.35036,76.59655,333.76,0.41,0.37,2023-11-01,750,N,VIIRS,n,2,300.03,2.11,D,0
30.35175,74.72053,334.39,0.48,0.4,2023-11-01,750,N,VIIRS,n,2,301.24,7.7,D,0
30.35376,75.73547,343.34,0.44,0.38,2023-11-01,750,N,VIIRS,n,2,298.99,4.71,D,0
30.35395,74.02841,344.43,0.51,0.41,2023-11-01,750,N,VIIRS,n,2,302.18,16.05,D,0
30.35459,75.63644,332.89,0.44,0.38,2023-11-01,750,N,VIIRS,n,2,299.88,8.03,D,0
30.35489,76.24832,335.87,0.42,0.38,2023-11-01,750,N,VIIRS,n,2,300.6,3.37,D,0
30.36157,74.98024,337.99,0.47,0.39,2023-11-01,750,N,VIIRS,n,2,302.68,10.0,D,0
30.3618,76.58078,346.27,0.41,0.37,2023-11-01,750,N,VIIRS,n,2,303.7,11.94,D,0
30.36443,74.85038,336.83,0.47,0.4,2023-11-01,750,N,VIIRS,n,2,299.77,3.46,D,0
30.36692,76.03791,333.16,0.43,0.38,2023-11-01,750,N,VIIRS,n,2,299.49,2.7,D,0
30.36703,74.92567,344.86,0.47,0.4,2023-11-01,750,N,VIIRS,n,2,303.98,12.17,D,0
30.36707,74.90547,345.86,0.47,0.4,2023-11-01,750,N,VIIRS,n,2,301.15,6.87,D,0
30.3673,74.92854,335.91,0.47,0.4,2023-11-01,750,N,VIIRS,n,2,304.11,10.98,D,0
30.36936,76.31244,330.82,0.42,0.38,2023-11-01,750,N,VIIRS,n,2,299.8,2.83,D,0
30.37073,74.86407,345.77,0.47,0.4,2023-11-01,750,N,VIIRS,n,2,301.3,9.99,D,0
30.37138,75.81544,331.81,0.43,0.38,2023-11-01,750,N,VIIRS,n,2,298.24,2.66,D,0
30.37284,76.52094,332.41,0.41,0.37,2023-11-01,750,N,VIIRS,n,2,301.43,2.54,D,0
30.37428,76.52945,337.34,0.41,0.37,2023-11-01,750,N,VIIRS,n,2,310.69,22.98,D,0
30.37435,75.7494,338.23,0.44,0.38,2023-11-01,750,N,VIIRS,n,2,298.8,4.01,D,0
30.37459,75.91669,331.6,0.43,0.38,2023-11-01,750,N,VIIRS,n,2,298.75,3.59,D,0
30.37533,75.05689,346.51,0.46,0.39,2023-11-01,750,N,VIIRS,n,2,299.28,5.68,D,0
30.37768,76.52869,347.58,0.41,0.37,2023-11-01,750,N,VIIRS,n,2,301.45,22.98,D,0
30.37951,74.97293,334.51,0.47,0.39,2023-11-01,750,N,VIIRS,n,2,300.12,4.33,D,0
30.38754,76.11525,337.39,0.42,0.38,2023-11-01,750,N,VIIRS,n,2,300.06,3.98,D,0
30.38802,76.71529,332.39,0.41,0.37,2023-11-01,750,N,VIIRS,n,2,302.6,2.34,D,0
30.39705,74.80174,345.82,0.47,0.4,2023-11-01,750,N,VIIRS,n,2,301.03,7.82,D,0
30.39836,76.05354,333.87,0.43,0.38,2023-11-01,750,N,VIIRS,n,2,300.94,4.01,D,0
30.39869,74.87252,332.16,0.47,0.4,2023-11-01,750,N,VIIRS,n,2,299.95,3.1,D,0
30.39961,75.37962,332.72,0.45,0.39,2023-11-01,750,N,VIIRS,n,2,299.68,3.23,D,0
30.4006,76.58089,331.12,0.41,0.37,2023-11-01,750,N,VIIRS,n,2,303.58,2.67,D,0
30.40352,75.73055,334.28,0.44,0.38,2023-11-01,750,N,VIIRS,n,2,298.47,3.22,D,0
30.4075,75.38256,345.49,0.45,0.39,2023-11-01,750,N,VIIRS,n,2,299.82,6.4,D,0
30.40795,76.04676,330.56,0.43,0.38,2023-11-01,750,N,VIIRS,n,2,299.49,2.42,D,0
30.40808,75.40654,332.39,0.45,0.39,2023-11-01,750,N,VIIRS,n,2,299.37,5.16,D,0
30.40843,76.83698,335.12,0.4,0.37,2023-11-01,750,N,VIIRS,n,2,306.15,2.44,D,0
30.40898,76.60981,335.43,0.41,0.37,2023-11-01,750,N,VIIRS,n,2,303.95,2.75,D,0
30.40913,75.16271,339.74,0.46,0.39,2023-11-01,750,N,VIIRS,n,2,303.23,11.58,D,0
30.41004,75.82971,330.73,0.43,0.38,2023-11-01,750,N,VIIRS,n,2,298.56,2.59,D,0
30.41083,75.16418,346.41,0.46,0.39,2023-11-01,750,N,VIIRS,n,2,303.49,21.62,D,0
30.41151,75.34291,345.63,0.45,0.39,2023-11-01,750,N,VIIRS,n,2,301.51,13.66,D,0
30.41212,77.04747,340.42,0.4,0.37,2023-11-01,750,N,VIIRS,n,2,306.72,4.07,D,0
30.41267,75.15388,332.77,0.46,0.39,2023-11-01,750,N,VIIRS,n,2,298.41,2.68,D,0
30.41299,76.01357,337.22,0.43,0.38,2023-11-01,750,N,VIIRS,n,2,300.46,4.36,D,0
30.41354,76.24503,338.86,0.42,0.38,2023-11-01,750,N,VIIRS,n,2,302.48,21.53,D,0
30.41386,74.91433,340.56,0.47,0.4,2023-11-01,750,N,VIIRS,n,2,305.11,17.72,D,0
30.41718,75.31245,339.54,0.45,0.39,2023-11-01,750,N,VIIRS,n,2,300.32,11.07,D,0
30.41862,75.8157,342.97,0.43,0.38,2023-11-01,750,N,VIIRS,n,2,298.91,5.97,D,0
30.41953,74.37621,334.64,0.49,0.41,2023-11-01,750,N,VIIRS,n,2,299.72,5.39,D,0
30.42239,75.85932,332.9,0.43,0.38,2023-11-01,750,N,VIIRS,n,2,300.53,6.66,D,0
30.42303,75.86109,338.66,0.43,0.38,2023-11-01,750,N,VIIRS,n,2,300.65,7.69,D,0
30.42866,76.35374,333.19,0.42,0.37,2023-11-01,750,N,VIIRS,n,2,300.69,3.53,D,0
30.4303,76.75821,330.07,0.41,0.37,2023-11-01,750,N,VIIRS,l,2,302.85,3.48,D,0
30.43037,74.83945,334.31,0.47,0.4,2023-11-01,750,N,VIIRS,n,2,300.61,2.18,D,0
30.43616,76.29383,335.4,0.42,0.38,2023-11-01,750,N,VIIRS,n,2,300.96,3.65,D,0
30.44419,75.46525,332.1,0.45,0.39,2023-11-01,750,N,VIIRS,n,2,298.38,3.0,D,0
30.44532,75.06689,346.42,0.46,0.39,2023-11-01,750,N,VIIRS,n,2,302.76,13.87,D,0
30.44608,76.10181,333.66,0.42,0.38,2023-11-01,750,N,VIIRS,n,2,300.0,2.2,D,0
30.44609,76.95834,330.31,0.4,0.37,2023-11-01,750,N,VIIRS,l,2,302.58,2.49,D,0
30.44979,75.76651,341.92,0.43,0.38,2023-11-01,750,N,VIIRS,n,2,301.38,11.0,D,0
30.45031,76.83636,336.27,0.4,0.37,2023-11-01,750,N,VIIRS,n,2,303.74,4.13,D,0
30.45082,76.50431,332.45,0.41,0.37,2023-11-01,750,N,VIIRS,l,2,303.56,2.22,D,0
30.45154,74.00688,331.75,0.51,0.41,2023-11-01,750,N,VIIRS,n,2,298.99,3.62,D,0
30.45385,76.73117,333.42,0.41,0.37,2023-11-01,750,N,VIIRS,n,2,301.67,3.32,D,0
30.45395,75.32003,332.99,0.45,0.39,2023-11-01,750,N,VIIRS,l,2,303.51,20.66,D,0
30.45452,75.4196,330.96,0.45,0.39,2023-11-01,750,N,VIIRS,n,2,298.94,2.29,D,0
30.45526,76.34322,333.42,0.42,0.37,2023-11-01,750,N,VIIRS,n,2,299.51,2.49,D,0
30.46215,74.41882,334.75,0.49,0.4,2023-11-01,750,N,VIIRS,n,2,300.79,14.5,D,0
30.46364,75.0027,333.43,0.46,0.39,2023-11-01,750,N,VIIRS,n,2,299.43,3.21,D,0
30.46723,75.00184,332.48,0.46,0.39,2023-11-01,750,N,VIIRS,n,2,299.76,3.21,D,0
30.46892,75.48492,336.56,0.44,0.39,2023-11-01,750,N,VIIRS,n,2,300.26,5.81,D,0
30.47166,75.39796,337.4,0.45,0.39,2023-11-01,750,N,VIIRS,n,2,298.45,3.2,D,0
30.47365,76.70138,336.54,0.41,0.37,2023-11-01,750,N,VIIRS,n,2,306.01,2.93,D,0
30.478,75.74124,334.06,0.43,0.38,2023-11-01,750,N,VIIRS,n,2,300.25,4.57,D,0
30.4809,75.86156,334.87,0.43,0.38,2023-11-01,750,N,VIIRS,n,2,300.07,4.95,D,0
30.48446,74.74671,335.03,0.47,0.4,2023-11-01,750,N,VIIRS,n,2,301.92,6.47,D,0
30.48524,76.39444,335.22,0.41,0.37,2023-11-01,750,N,VIIRS,n,2,303.64,3.56,D,0
30.48918,74.30813,332.94,0.5,0.41,2023-11-01,750,N,VIIRS,n,2,299.53,4.27,D,0
30.4929,75.63911,335.16,0.44,0.38,2023-11-01,750,N,VIIRS,n,2,299.59,4.95,D,0
30.49313,75.64057,339.51,0.44,0.38,2023-11-01,750,N,VIIRS,n,2,300.46,5.6,D,0
30.49984,75.05556,340.7,0.46,0.39,2023-11-01,750,N,VIIRS,n,2,300.01,3.94,D,0
30.49984,75.05873,332.1,0.46,0.39,2023-11-01,750,N,VIIRS,n,2,299.92,2.22,D,0
30.50295,74.95001,337.89,0.47,0.39,2023-11-01,750,N,VIIRS,n,2,299.24,3.17,D,0
30.50466,75.50036,332.31,0.44,0.39,2023-11-01,750,N,VIIRS,n,2,298.78,2.26,D,0
30.50578,75.60929,339.57,0.44,0.38,2023-11-01,750,N,VIIRS,n,2,299.12,5.23,D,0
30.50613,74.78232,337.77,0.47,0.4,2023-11-01,750,N,VIIRS,n,2,300.54,4.18,D,0
30.50775,76.46489,340.18,0.41,0.37,2023-11-01,750,N,VIIRS,n,2,303.58,4.59,D,0
30.50805,75.01877,331.14,0.46,0.39,2023-11-01,750,N,VIIRS,n,2,298.46,2.94,D,0
30.51393,76.01041,332.33,0.43,0.38,2023-11-01,750,N,VIIRS,n,2,300.91,2.57,D,0
30.51931,76.63865,330.54,0.41,0.37,2023-11-01,750,N,VIIRS,n,2,302.13,2.26,D,0
30.52106,74.55923,333.13,0.48,0.4,2023-11-01,750,N,VIIRS,n,2,301.73,4.47,D,0
30.52144,75.28451,335.66,0.45,0.39,2023-11-01,750,N,VIIRS,n,2,299.35,3.85,D,0
30.52906,76.30564,340.34,0.42,0.37,2023-11-01,750,N,VIIRS,n,2,301.13,3.59,D,0
30.5303,74.58819,332.74,0.48,0.4,2023-11-01,750,N,VIIRS,n,2,300.12,3.17,D,0
30.53766,76.6433,340.68,0.41,0.37,2023-11-01,750,N,VIIRS,n,2,304.63,5.84,D,0
30.53945,74.59634,338.08,0.48,0.4,2023-11-01,750,N,VIIRS,n,2,300.17,4.42,D,0
30.5404,74.99101,337.14,0.46,0.39,2023-11-01,750,N,VIIRS,n,2,301.46,9.43,D,0
30.54078,75.07546,331.08,0.46,0.39,2023-11-01,750,N,VIIRS,n,2,298.32,13.11,D,0
30.54146,75.76983,338.76,0.43,0.38,2023-11-01,750,N,VIIRS,n,2,298.97,4.23,D,0
30.54147,76.60294,334.37,0.41,0.37,2023-11-01,750,N,VIIRS,l,2,305.42,3.98,D,0
30.54305,76.44954,333.76,0.41,0.37,2023-11-01,750,N,VIIRS,n,2,302.68,8.8,D,0
30.54674,74.59454,333.9,0.48,0.4,2023-11-01,750,N,VIIRS,n,2,299.81,3.1,D,0
30.54819,75.3315,330.08,0.45,0.39,2023-11-01,750,N,VIIRS,n,2,298.9,2.11,D,0
30.55011,75.81897,337.17,0.43,0.38,2023-11-01,750,N,VIIRS,n,2,300.97,6.73,D,0
30.55272,76.27785,336.4,0.42,0.37,2023-11-01,750,N,VIIRS,n,2,302.99,6.6,D,0
30.55344,75.37042,339.18,0.45,0.39,2023-11-01,750,N,VIIRS,n,2,299.65,3.8,D,0
30.55473,75.36859,337.28,0.45,0.39,2023-11-01,750,N,VIIRS,n,2,299.62,4.62,D,0
30.55591,74.6234,332.31,0.48,0.4,2023-11-01,750,N,VIIRS,n,2,299.9,3.32,D,0
30.55634,75.14085,345.4,0.46,0.39,2023-11-01,750,N,VIIRS,n,2,299.89,8.37,D,0
30.55748,74.50845,332.63,0.49,0.4,2023-11-01,750,N,VIIRS,n,2,300.63,4.6,D,0
30.56073,75.43116,330.41,0.44,0.39,2023-11-01,750,N,VIIRS,n,2,299.29,3.0,D,0
30.56114,75.63403,335.07,0.44,0.38,2023-11-01,750,N,VIIRS,n,2,298.57,3.52,D,0
30.56788,76.40839,335.55,0.41,0.37,2023-11-01,750,N,VIIRS,n,2,302.79,4.47,D,0
30.56838,76.32804,340.38,0.42,0.37,2023-11-01,750,N,VIIRS,n,2,302.61,5.93,D,0
30.5686,76.41267,338.61,0.41,0.37,2023-11-01,750,N,VIIRS,n,2,301.38,4.47,D,0
30.56963,74.79959,346.83,0.47,0.4,2023-11-01,750,N,VIIRS,n,2,301.48,7.36,D,0
30.57114,74.47883,338.8,0.49,0.4,2023-11-01,750,N,VIIRS,n,2,302.13,15.03,D,0
30.57288,75.65952,331.17,0.44,0.38,2023-11-01,750,N,VIIRS,n,2,299.62,4.29,D,0
30.57367,75.66403,331.78,0.44,0.38,2023-11-01,750,N,VIIRS,n,2,299.18,4.29,D,0
30.57618,76.35307,331.34,0.42,0.37,2023-11-01,750,N,VIIRS,n,2,301.76,2.71,D,0
30.58019,76.48101,330.96,0.41,0.37,2023-11-01,750,N,VIIRS,l,2,301.6,4.32,D,0
30.58208,76.61719,332.11,0.41,0.37,2023-11-01,750,N,VIIRS,l,2,306.29,3.86,D,0
30.58276,76.53786,338.58,0.41,0.37,2023-11-01,750,N,VIIRS,n,2,305.98,13.69,D,0
30.58937,76.30536,335.08,0.42,0.37,2023-11-01,750,N,VIIRS,n,2,302.85,2.62,D,0
30.59028,76.39442,350.96,0.41,0.37,2023-11-01,750,N,VIIRS,n,2,307.38,28.85,D,0
30.59382,75.12199,333.53,0.46,0.39,2023-11-01,750,N,VIIRS,n,2,299.28,2.56,D,0
30.59447,75.804,339.27,0.43,0.38,2023-11-01,750,N,VIIRS,n,2,298.93,3.34,D,0
30.59453,75.59917,340.38,0.44,0.38,2023-11-01,750,N,VIIRS,n,2,304.85,15.78,D,0
30.59484,75.59778,342.4,0.44,0.38,2023-11-01,750,N,VIIRS,n,2,305.82,17.98,D,0
30.59564,76.3843,332.05,0.41,0.37,2023-11-01,750,N,VIIRS,n,2,301.59,2.09,D,0
30.59802,75.59834,334.22,0.44,0.38,2023-11-01,750,N,VIIRS,n,2,297.66,3.83,D,0
30.5993,77.01562,335.66,0.4,0.37,2023-11-01,750,N,VIIRS,n,2,303.88,1.67,D,0
30.60203,76.33826,330.11,0.42,0.37,2023-11-01,750,N,VIIRS,n,2,302.22,1.81,D,0
30.61052,76.36755,330.06,0.41,0.37,2023-11-01,750,N,VIIRS,l,2,300.53,3.03,D,0
30.61248,75.12242,331.8,0.46,0.39,2023-11-01,750,N,VIIRS,n,2,297.97,2.29,D,0
30.6126,75.80441,339.31,0.43,0.38,2023-11-01,750,N,VIIRS,n,2,299.18,3.1,D,0
30.61302,74.76866,341.75,0.47,0.4,2023-11-01,750,N,VIIRS,n,2,303.67,16.74,D,0
30.61345,75.11915,334.64,0.46,0.39,2023-11-01,750,N,VIIRS,n,2,297.93,2.52,D,0
30.61395,74.75311,331.11,0.47,0.4,2023-11-01,750,N,VIIRS,n,2,299.91,2.64,D,0
30.61445,76.34882,333.79,0.42,0.37,2023-11-01,750,N,VIIRS,n,2,300.96,2.56,D,0
30.61596,76.01095,333.87,0.42,0.38,2023-11-01,750,N,VIIRS,n,2,298.23,2.92,D,0
30.61955,74.6594,341.02,0.48,0.4,2023-11-01,750,N,VIIRS,n,2,301.47,8.08,D,0
30.62081,76.44968,337.46,0.41,0.37,2023-11-01,750,N,VIIRS,n,2,302.85,4.1,D,0
30.62206,76.4361,333.43,0.41,0.37,2023-11-01,750,N,VIIRS,n,2,301.98,3.31,D,0
30.62387,75.55916,332.19,0.44,0.38,2023-11-01,750,N,VIIRS,n,2,299.38,4.48,D,0
30.62467,75.56371,330.93,0.44,0.38,2023-11-01,750,N,VIIRS,n,2,299.45,4.51,D,0
30.62591,75.34354,330.53,0.45,0.39,2023-11-01,750,N,VIIRS,n,2,299.7,2.37,D,0
30.62682,75.76041,332.0,0.43,0.38,2023-11-01,750,N,VIIRS,n,2,298.22,3.05,D,0
30.62996,76.67219,333.77,0.41,0.37,2023-11-01,750,N,VIIRS,l,2,303.91,3.4,D,0
30.63031,74.71841,330.03,0.47,0.4,2023-11-01,750,N,VIIRS,n,2,300.38,2.27,D,0
30.63039,75.26494,332.66,0.45,0.39,2023-11-01,750,N,VIIRS,n,2,300.47,7.59,D,0
30.63163,76.35038,332.9,0.41,0.37,2023-11-01,750,N,VIIRS,n,2,300.35,3.07,D,0
30.63202,74.48795,345.99,0.48,0.4,2023-11-01,750,N,VIIRS,n,2,306.96,32.11,D,0
30.63232,75.68906,331.62,0.43,0.38,2023-11-01,750,N,VIIRS,n,2,298.27,3.29,D,0
30.63332,75.44747,330.18,0.44,0.39,2023-11-01,750,N,VIIRS,n,2,300.08,2.05,D,0
30.63393,74.71753,333.06,0.47,0.4,2023-11-01,750,N,VIIRS,n,2,299.85,2.27,D,0
30.63457,76.36754,333.54,0.41,0.37,2023-11-01,750,N,VIIRS,n,2,300.26,2.58,D,0
30.6366,74.73223,340.83,0.47,0.4,2023-11-01,750,N,VIIRS,n,2,300.63,4.32,D,0
30.63749,74.73712,346.69,0.47,0.4,2023-11-01,750,N,VIIRS,n,2,302.67,10.03,D,0
30.6385,75.0934,332.19,0.46,0.39,2023-11-01,750,N,VIIRS,n,2,298.99,3.94,D,0
30.64241,75.2912,332.22,0.45,0.39,2023-11-01,750,N,VIIRS,n,2,299.67,4.11,D,0
30.64273,74.42221,331.22,0.49,0.4,2023-11-01,750,N,VIIRS,n,2,298.79,2.18,D,0
30.64698,74.85169,333.83,0.47,0.4,2023-11-01,750,N,VIIRS,n,2,299.67,2.36,D,0
30.64869,76.47089,335.03,0.41,0.37,2023-11-01,750,N,VIIRS,n,2,302.86,5.38,D,0
30.64987,76.51924,333.25,0.41,0.37,2023-11-01,750,N,VIIRS,n,2,302.44,2.67,D,0
30.65003,75.21822,335.47,0.45,0.39,2023-11-01,750,N,VIIRS,n,2,299.3,3.03,D,0
30.65003,75.32017,337.44,0.45,0.39,2023-11-01,750,N,VIIRS,n,2,300.03,4.23,D,0
30.65087,75.31823,333.17,0.45,0.39,2023-11-01,750,N,VIIRS,n,2,300.3,3.98,D,0
30.65533,74.79391,336.46,0.47,0.4,2023-11-01,750,N,VIIRS,n,2,301.49,7.17,D,0
30.65862,74.50755,332.68,0.48,0.4,2023-11-01,750,N,VIIRS,n,2,300.24,4.54,D,0
30.66077,76.00058,330.06,0.42,0.38,2023-11-01,750,N,VIIRS,n,2,299.97,11.05,D,0
30.66127,75.34162,332.44,0.45,0.39,2023-11-01,750,N,VIIRS,n,2,300.64,4.03,D,0
30.66202,76.00133,345.09,0.42,0.38,2023-11-01,750,N,VIIRS,n,2,300.23,11.44,D,0
30.66232,76.61322,332.02,0.41,0.37,2023-11-01,750,N,VIIRS,n,2,301.3,2.56,D,0
30.66439,76.06361,331.08,0.42,0.38,2023-11-01,750,N,VIIRS,n,2,298.03,2.09,D,0
30.66569,76.46705,340.23,0.41,0.37,2023-11-01,750,N,VIIRS,n,2,303.16,5.12,D,0
30.6673,75.90841,335.67,0.43,0.38,2023-11-01,750,N,VIIRS,n,2,299.54,2.71,D,0
30.66939,76.36408,341.64,0.41,0.37,2023-11-01,750,N,VIIRS,n,2,302.56,4.13,D,0
30.66999,75.34919,334.41,0.45,0.39,2023-11-01,750,N,VIIRS,n,2,300.26,2.77,D,0
30.67076,75.90761,333.09,0.43,0.38,2023-11-01,750,N,VIIRS,n,2,298.15,2.71,D,0
30.67219,76.50536,335.82,0.41,0.37,2023-11-01,750,N,VIIRS,n,2,303.16,3.4,D,0
30.6728,76.3633,330.7,0.41,0.37,2023-11-01,750,N,VIIRS,n,2,302.34,2.45,D,0
30.67352,76.07515,345.4,0.42,0.38,2023-11-01,750,N,VIIRS,n,2,301.66,11.6,D,0
30.67472,76.41624,334.67,0.41,0.37,2023-11-01,750,N,VIIRS,n,2,303.77,4.66,D,0
30.67476,74.38784,337.99,0.49,0.4,2023-11-01,750,N,VIIRS,n,2,299.19,5.19,D,0
30.67503,76.07578,345.68,0.42,0.38,2023-11-01,750,N,VIIRS,n,2,303.72,29.52,D,0
30.67623,75.60824,331.69,0.44,0.38,2023-11-01,750,N,VIIRS,n,2,299.34,2.27,D,0
30.67667,76.40692,336.99,0.41,0.37,2023-11-01,750,N,VIIRS,n,2,302.6,4.66,D,0
30.67695,76.07436,343.83,0.42,0.38,2023-11-01,750,N,VIIRS,n,2,300.27,11.6,D,0
30.67805,76.47752,334.7,0.41,0.37,2023-11-01,750,N,VIIRS,n,2,301.26,1.67,D,0
30.68225,76.41897,333.15,0.41,0.37,2023-11-01,750,N,VIIRS,n,2,301.6,2.59,D,0
30.68247,75.15173,330.9,0.45,0.39,2023-11-01,750,N,VIIRS,n,2,299.28,3.07,D,0
30.68389,75.36514,344.09,0.45,0.39,2023-11-01,750,N,VIIRS,n,2,302.65,8.7,D,0
30.68418,75.54966,337.79,0.44,0.38,2023-11-01,750,N,VIIRS,n,2,300.03,3.59,D,0
30.68522,74.58946,335.86,0.48,0.4,2023-11-01,750,N,VIIRS,n,2,303.1,6.37,D,0
30.68629,76.4845,339.09,0.41,0.37,2023-11-01,750,N,VIIRS,n,2,304.25,7.96,D,0
30.68698,74.25959,333.32,0.5,0.41,2023-11-01,750,N,VIIRS,n,2,299.7,7.04,D,0
30.68701,76.48877,334.83,0.41,0.37,2023-11-01,750,N,VIIRS,n,2,301.51,4.13,D,0
30.69005,75.4404,330.53,0.44,0.39,2023-11-01,750,N,VIIRS,n,2,299.31,1.9,D,0
30.69028,76.54979,332.09,0.41,0.37,2023-11-01,750,N,VIIRS,n,2,301.61,2.34,D,0
30.69131,74.39429,332.68,0.49,0.4,2023-11-01,750,N,VIIRS,n,2,298.62,4.54,D,0
30.6943,74.72102,333.77,0.47,0.4,2023-11-01,750,N,VIIRS,n,2,299.84,5.18,D,0
30.69607,76.43802,334.31,0.41,0.37,2023-11-01,750,N,VIIRS,n,2,301.96,3.77,D,0
30.69794,74.67915,332.04,0.47,0.4,2023-11-01,750,N,VIIRS,n,2,298.95,2.86,D,0
30.69824,74.27821,332.18,0.49,0.41,2023-11-01,750,N,VIIRS,n,2,298.27,3.49,D,0
30.69944,75.03912,331.56,0.46,0.39,2023-11-01,750,N,VIIRS,n,2,298.82,3.98,D,0
30.7003,74.89691,334.76,0.46,0.39,2023-11-01,750,N,VIIRS,n,2,299.07,4.47,D,0
30.70057,74.44473,331.94,0.49,0.4,2023-11-01,750,N,VIIRS,n,2,298.4,3.74,D,0
30.70096,74.27217,334.23,0.49,0.41,2023-11-01,750,N,VIIRS,n,2,297.51,3.71,D,0
30.70297,76.37426,336.87,0.41,0.37,2023-11-01,750,N,VIIRS,n,2,304.27,6.05,D,0
30.70383,74.91612,342.76,0.46,0.39,2023-11-01,750,N,VIIRS,n,2,300.56,5.5,D,0
30.70631,75.32608,338.79,0.45,0.39,2023-11-01,750,N,VIIRS,n,2,299.13,4.6,D,0
30.70771,76.44424,335.68,0.41,0.37,2023-11-01,750,N,VIIRS,n,2,301.88,3.19,D,0
30.7087,74.75829,333.1,0.47,0.4,2023-11-01,750,N,VIIRS,n,2,300.48,4.95,D,0
30.70923,75.30122,331.01,0.45,0.39,2023-11-01,750,N,VIIRS,n,2,300.81,2.18,D,0
30.70999,76.39491,331.17,0.41,0.37,2023-11-01,750,N,VIIRS,n,2,299.34,1.5,D,0
30.71079,76.48339,346.86,0.41,0.37,2023-11-01,750,N,VIIRS,n,2,302.11,5.61,D,0
30.71187,74.24802,331.05,0.5,0.41,2023-11-01,750,N,VIIRS,n,2,298.17,2.35,D,0
30.71267,76.38985,343.44,0.41,0.37,2023-11-01,750,N,VIIRS,n,2,302.57,7.1,D,0
30.71328,74.72147,342.39,0.47,0.4,2023-11-01,750,N,VIIRS,n,2,301.25,7.24,D,0
30.71546,75.43916,342.99,0.44,0.39,2023-11-01,750,N,VIIRS,n,2,302.27,8.05,D,0
30.71821,75.12348,337.61,0.46,0.39,2023-11-01,750,N,VIIRS,n,2,298.48,3.16,D,0
30.71838,74.85226,333.82,0.47,0.39,2023-11-01,750,N,VIIRS,n,2,299.79,3.63,D,0
30.72256,76.42757,337.46,0.41,0.37,2023-11-01,750,N,VIIRS,n,2,303.49,3.77,D,0
30.72328,76.43184,337.52,0.41,0.37,2023-11-01,750,N,VIIRS,n,2,303.89,3.77,D,0
30.72426,74.45715,332.03,0.48,0.4,2023-11-01,750,N,VIIRS,n,2,299.32,4.3,D,0
30.72615,76.44892,335.85,0.41,0.37,2023-11-01,750,N,VIIRS,n,2,302.11,2.44,D,0
30.72652,74.55054,344.59,0.48,0.4,2023-11-01,750,N,VIIRS,n,2,301.58,10.91,D,0
30.72668,76.43107,335.67,0.41,0.37,2023-11-01,750,N,VIIRS,n,2,301.31,4.23,D,0
30.72764,74.75876,347.69,0.47,0.4,2023-11-01,750,N,VIIRS,n,2,303.48,13.38,D,0
30.728,74.55294,341.59,0.48,0.4,2023-11-01,750,N,VIIRS,n,2,302.13,11.31,D,0
30.72924,74.36101,340.85,0.49,0.4,2023-11-01,750,N,VIIRS,n,2,303.92,27.96,D,0
30.72955,76.44815,337.04,0.41,0.37,2023-11-01,750,N,VIIRS,n,2,302.13,3.77,D,0
30.72966,74.66622,335.26,0.48,0.4,2023-11-01,750,N,VIIRS,n,2,303.25,9.59,D,0
30.73126,74.75787,350.06,0.47,0.4,2023-11-01,750,N,VIIRS,n,2,302.4,32.52,D,0
30.73165,75.4066,334.14,0.44,0.39,2023-11-01,750,N,VIIRS,n,2,300.75,7.61,D,0
30.73301,75.22758,334.35,0.45,0.39,2023-11-01,750,N,VIIRS,n,2,299.99,2.87,D,0
30.73418,74.9388,333.79,0.46,0.39,2023-11-01,750,N,VIIRS,n,2,299.84,4.78,D,0
30.7343,74.6084,334.41,0.48,0.4,2023-11-01,750,N,VIIRS,n,2,300.83,8.71,D,0
30.73472,75.15385,337.24,0.45,0.39,2023-11-01,750,N,VIIRS,n,2,300.9,3.57,D,0
30.73565,75.15124,332.93,0.45,0.39,2023-11-01,750,N,VIIRS,n,2,300.72,2.05,D,0
30.73585,76.34534,331.13,0.41,0.37,2023-11-01,750,N,VIIRS,n,2,300.69,3.65,D,0
30.73595,75.59569,341.64,0.44,0.38,2023-11-01,750,N,VIIRS,n,2,300.31,5.41,D,0
30.73659,76.34964,333.01,0.41,0.37,2023-11-01,750,N,VIIRS,n,2,301.89,3.65,D,0
30.73867,76.48148,331.84,0.41,0.37,2023-11-01,750,N,VIIRS,n,2,301.25,2.25,D,0
30.74261,76.46291,341.09,0.41,0.37,2023-11-01,750,N,VIIRS,n,2,303.13,5.65,D,0
30.74466,76.45881,331.04,0.41,0.37,2023-11-01,750,N,VIIRS,l,2,302.3,11.84,D,0
30.74539,76.46307,333.81,0.41,0.37,2023-11-01,750,N,VIIRS,l,2,304.89,11.84,D,0
30.74644,74.30889,331.37,0.49,0.4,2023-11-01,750,N,VIIRS,n,2,298.01,3.48,D,0
30.74681,74.63863,331.45,0.48,0.4,2023-11-01,750,N,VIIRS,n,2,299.94,1.92,D,0
30.74695,74.63624,335.4,0.48,0.4,2023-11-01,750,N,VIIRS,n,2,300.27,2.66,D,0
30.74805,76.45804,333.37,0.41,0.37,2023-11-01,750,N,VIIRS,n,2,301.22,2.32,D,0
30.74856,75.20193,330.38,0.45,0.39,2023-11-01,750,N,VIIRS,n,2,299.34,2.21,D,0
30.74978,74.42981,332.49,0.49,0.4,2023-11-01,750,N,VIIRS,n,2,297.89,2.89,D,0
30.75044,74.63774,344.99,0.48,0.4,2023-11-01,750,N,VIIRS,n,2,299.91,8.29,D,0
30.75058,74.63535,330.06,0.48,0.4,2023-11-01,750,N,VIIRS,n,2,299.03,2.66,D,0
30.75072,74.43483,342.71,0.49,0.4,2023-11-01,750,N,VIIRS,n,2,299.88,11.6,D,0
30.75095,74.49763,342.19,0.48,0.4,2023-11-01,750,N,VIIRS,n,2,300.65,10.54,D,0
30.75242,74.40282,334.21,0.49,0.4,2023-11-01,750,N,VIIRS,n,2,299.82,4.4,D,0
30.75243,76.4216,331.05,0.41,0.37,2023-11-01,750,N,VIIRS,l,2,301.52,1.99,D,0
30.75262,76.15306,334.17,0.42,0.38,2023-11-01,750,N,VIIRS,n,2,300.93,3.46,D,0
30.75274,75.3391,337.74,0.45,0.39,2023-11-01,750,N,VIIRS,n,2,301.93,6.84,D,0
30.75355,75.12732,335.38,0.45,0.39,2023-11-01,750,N,VIIRS,n,2,301.93,7.98,D,0
30.75388,76.36797,337.3,0.41,0.37,2023-11-01,750,N,VIIRS,n,2,304.67,3.02,D,0
30.75398,74.59561,332.87,0.48,0.4,2023-11-01,750,N,VIIRS,n,2,300.96,9.01,D,0
30.75525,75.13673,333.29,0.45,0.39,2023-11-01,750,N,VIIRS,n,2,300.63,3.39,D,0
30.75573,75.37688,338.1,0.44,0.39,2023-11-01,750,N,VIIRS,n,2,301.8,4.25,D,0
30.75608,74.40191,334.88,0.49,0.4,2023-11-01,750,N,VIIRS,n,2,298.42,4.4,D,0
30.75636,74.79238,331.85,0.47,0.4,2023-11-01,750,N,VIIRS,n,2,299.06,2.95,D,0
30.75931,75.70749,334.06,0.43,0.38,2023-11-01,750,N,VIIRS,n,2,300.05,2.49,D,0
30.75987,74.81178,343.02,0.47,0.4,2023-11-01,750,N,VIIRS,n,2,303.21,19.45,D,0
30.76263,74.43713,339.64,0.49,0.4,2023-11-01,750,N,VIIRS,n,2,299.64,7.61,D,0
30.76279,75.70667,335.93,0.43,0.38,2023-11-01,750,N,VIIRS,n,2,301.0,3.6,D,0
30.7632,74.68591,345.79,0.47,0.4,2023-11-01,750,N,VIIRS,n,2,301.89,21.3,D,0
30.76435,74.40513,337.8,0.49,0.4,2023-11-01,750,N,VIIRS,n,2,300.85,6.77,D,0
30.76468,74.50989,331.81,0.48,0.4,2023-11-01,750,N,VIIRS,n,2,298.78,3.19,D,0
30.76492,74.61356,333.45,0.48,0.4,2023-11-01,750,N,VIIRS,n,2,300.41,3.15,D,0
30.76529,74.41016,333.48,0.49,0.4,2023-11-01,750,N,VIIRS,n,2,298.99,6.87,D,0
30.76629,74.43621,339.17,0.49,0.4,2023-11-01,750,N,VIIRS,n,2,298.84,8.14,D,0
30.76682,75.39821,346.58,0.44,0.39,2023-11-01,750,N,VIIRS,n,2,301.48,8.06,D,0
30.76729,74.46221,343.36,0.48,0.4,2023-11-01,750,N,VIIRS,n,2,302.22,19.91,D,0
30.76744,76.23974,332.84,0.42,0.37,2023-11-01,750,N,VIIRS,n,2,301.99,3.03,D,0
30.76809,75.48865,333.81,0.44,0.38,2023-11-01,750,N,VIIRS,n,2,302.46,4.89,D,0
30.76951,74.65874,335.02,0.47,0.4,2023-11-01,750,N,VIIRS,n,2,302.1,7.65,D,0
30.76992,76.39987,333.63,0.41,0.37,2023-11-01,750,N,VIIRS,n,2,302.73,2.06,D,0
30.77034,75.39738,346.5,0.44,0.39,2023-11-01,750,N,VIIRS,n,2,300.49,8.06,D,0
30.77159,75.48782,330.82,0.44,0.38,2023-11-01,750,N,VIIRS,n,2,300.01,4.89,D,0
30.77237,76.37266,333.59,0.41,0.37,2023-11-01,750,N,VIIRS,l,2,303.7,2.68,D,0
30.77283,76.41697,332.79,0.41,0.37,2023-11-01,750,N,VIIRS,l,2,303.66,4.0,D,0
30.77407,74.70372,336.77,0.47,0.4,2023-11-01,750,N,VIIRS,n,2,298.59,3.27,D,0
30.77567,74.52802,332.85,0.48,0.4,2023-11-01,750,N,VIIRS,n,2,300.19,4.33,D,0
30.77659,74.53298,332.07,0.48,0.4,2023-11-01,750,N,VIIRS,n,2,299.09,5.7,D,0
30.77831,74.48041,343.39,0.48,0.4,2023-11-01,750,N,VIIRS,n,2,300.16,9.33,D,0
30.77913,74.44353,336.88,0.48,0.4,2023-11-01,750,N,VIIRS,n,2,304.84,37.98,D,0
30.77918,76.30869,330.31,0.41,0.37,2023-11-01,750,N,VIIRS,n,2,302.0,1.91,D,0
30.77974,74.34311,332.94,0.49,0.4,2023-11-01,750,N,VIIRS,n,2,298.13,6.04,D,0
30.78026,74.86231,344.26,0.47,0.39,2023-11-01,750,N,VIIRS,n,2,303.22,15.79,D,0
30.78129,74.76308,343.53,0.47,0.4,2023-11-01,750,N,VIIRS,n,2,303.5,20.76,D,0
30.78248,74.33712,332.71,0.49,0.4,2023-11-01,750,N,VIIRS,n,2,297.07,6.08,D,0
30.78277,75.55157,341.25,0.44,0.38,2023-11-01,750,N,VIIRS,n,2,301.55,19.38,D,0
30.78342,74.34219,334.35,0.49,0.4,2023-11-01,750,N,VIIRS,n,2,296.81,6.04,D,0
30.7866,74.52531,343.28,0.48,0.4,2023-11-01,750,N,VIIRS,n,2,304.44,15.51,D,0
30.78669,74.77192,345.83,0.47,0.4,2023-11-01,750,N,VIIRS,n,2,300.18,7.22,D,0
30.78706,75.55528,330.09,0.44,0.38,2023-11-01,750,N,VIIRS,n,2,301.21,2.31,D,0
30.79379,76.33215,338.29,0.41,0.37,2023-11-01,750,N,VIIRS,n,2,301.69,4.04,D,0
30.79665,74.7237,333.79,0.47,0.4,2023-11-01,750,N,VIIRS,n,2,299.92,3.84,D,0
30.79743,76.74967,332.85,0.4,0.37,2023-11-01,750,N,VIIRS,n,2,302.99,2.98,D,0
30.79787,76.39796,337.68,0.41,0.37,2023-11-01,750,N,VIIRS,n,2,302.63,4.33,D,0
30.79819,76.2954,342.19,0.41,0.37,2023-11-01,750,N,VIIRS,n,2,302.99,3.37,D,0
30.79848,74.6926,335.1,0.47,0.4,2023-11-01,750,N,VIIRS,n,2,299.69,8.15,D,0
30.79942,76.28171,333.22,0.42,0.37,2023-11-01,750,N,VIIRS,l,2,303.28,1.93,D,0
30.80282,74.38499,337.6,0.49,0.4,2023-11-01,750,N,VIIRS,n,2,300.71,9.64,D,0
30.80282,74.8186,346.92,0.47,0.39,2023-11-01,750,N,VIIRS,n,2,300.05,9.21,D,0
30.80375,74.38186,332.33,0.49,0.4,2023-11-01,750,N,VIIRS,n,2,299.12,4.48,D,0
30.80471,74.38691,332.16,0.49,0.4,2023-11-01,750,N,VIIRS,n,2,298.3,4.48,D,0
30.80484,74.64493,341.43,0.47,0.4,2023-11-01,750,N,VIIRS,n,2,302.03,11.77,D,0
30.80583,75.37682,331.03,0.44,0.39,2023-11-01,750,N,VIIRS,n,2,299.47,6.41,D,0
30.80597,76.32043,330.55,0.41,0.37,2023-11-01,750,N,VIIRS,n,2,299.7,1.36,D,0
30.80667,74.59295,334.72,0.48,0.4,2023-11-01,750,N,VIIRS,n,2,299.87,3.11,D,0
30.81119,74.49315,333.27,0.48,0.4,2023-11-01,750,N,VIIRS,n,2,299.9,4.39,D,0
30.81121,74.55558,335.38,0.48,0.4,2023-11-01,750,N,VIIRS,n,2,303.29,10.51,D,0
30.81387,74.67348,337.27,0.47,0.4,2023-11-01,750,N,VIIRS,n,2,299.75,3.78,D,0
30.81648,76.2778,334.98,0.42,0.37,2023-11-01,750,N,VIIRS,n,2,303.14,4.26,D,0
30.8173,75.29708,330.54,0.45,0.39,2023-11-01,750,N,VIIRS,n,2,299.52,1.95,D,0
30.81925,74.70284,335.71,0.47,0.4,2023-11-01,750,N,VIIRS,n,2,303.63,34.13,D,0
30.82953,74.39654,335.3,0.49,0.4,2023-11-01,750,N,VIIRS,n,2,299.3,4.16,D,0
30.83014,74.67971,332.89,0.47,0.4,2023-11-01,750,N,VIIRS,n,2,298.15,3.49,D,0
30.83019,74.94743,345.04,0.46,0.39,2023-11-01,750,N,VIIRS,n,2,302.06,14.27,D,0
30.83119,74.58172,342.06,0.48,0.4,2023-11-01,750,N,VIIRS,n,2,301.62,9.46,D,0
30.83289,74.94179,336.68,0.46,0.39,2023-11-01,750,N,VIIRS,n,2,300.11,4.19,D,0
30.83332,76.39879,333.61,0.41,0.37,2023-11-01,750,N,VIIRS,n,2,303.45,2.71,D,0
30.83366,74.71971,332.15,0.47,0.4,2023-11-01,750,N,VIIRS,n,2,298.6,2.23,D,0
30.83526,74.79045,343.17,0.47,0.4,2023-11-01,750,N,VIIRS,n,2,305.29,24.16,D,0
30.83569,75.15164,332.7,0.45,0.39,2023-11-01,750,N,VIIRS,n,2,299.45,2.82,D,0
30.83796,76.55242,335.65,0.41,0.37,2023-11-01,750,N,VIIRS,n,2,303.49,4.32,D,0
30.84371,74.67125,333.65,0.47,0.4,2023-11-01,750,N,VIIRS,n,2,300.3,25.53,D,0
30.84388,76.06981,333.49,0.42,0.38,2023-11-01,750,N,VIIRS,n,2,301.63,3.02,D,0
30.84764,74.34982,330.74,0.49,0.4,2023-11-01,750,N,VIIRS,n,2,298.99,2.54,D,0
30.85131,74.3489,339.6,0.49,0.4,2023-11-01,750,N,VIIRS,n,2,299.05,5.36,D,0
30.85167,76.13592,335.16,0.42,0.38,2023-11-01,750,N,VIIRS,n,2,302.93,4.62,D,0
30.85225,74.5993,342.01,0.48,0.4,2023-11-01,750,N,VIIRS,n,2,300.94,14.78,D,0
30.85295,74.597,335.56,0.48,0.4,2023-11-01,750,N,VIIRS,n,2,298.92,5.66,D,0
30.85384,74.60194,336.79,0.48,0.4,2023-11-01,750,N,VIIRS,n,2,300.19,5.66,D,0
30.85465,74.48986,333.75,0.48,0.4,2023-11-01,750,N,VIIRS,n,2,299.98,2.57,D,0
30.85492,76.3415,334.75,0.41,0.37,2023-11-01,750,N,VIIRS,l,2,305.78,9.07,D,0
30.85578,75.24427,334.78,0.45,0.39,2023-11-01,750,N,VIIRS,n,2,299.27,3.26,D,0
30.85588,74.59842,335.71,0.48,0.4,2023-11-01,750,N,VIIRS,n,2,303.42,14.78,D,0
30.85643,75.39352,332.39,0.44,0.39,2023-11-01,750,N,VIIRS,n,2,299.67,2.19,D,0
30.85717,75.52189,333.99,0.44,0.38,2023-11-01,750,N,VIIRS,n,2,301.82,5.13,D,0
30.8576,76.33644,333.44,0.41,0.37,2023-11-01,750,N,VIIRS,n,2,302.41,4.1,D,0
30.85833,76.34073,332.72,0.41,0.37,2023-11-01,750,N,VIIRS,n,2,300.58,4.1,D,0
30.85994,75.39268,334.64,0.44,0.39,2023-11-01,750,N,VIIRS,n,2,300.84,5.54,D,0
30.86074,76.31343,334.07,0.41,0.37,2023-11-01,750,N,VIIRS,n,2,302.12,3.12,D,0
30.86122,76.29545,333.31,0.41,0.37,2023-11-01,750,N,VIIRS,n,2,303.43,3.66,D,0
30.86162,75.05883,336.92,0.46,0.39,2023-11-01,750,N,VIIRS,n,2,304.45,11.66,D,0
30.8632,76.34853,333.22,0.41,0.37,2023-11-01,750,N,VIIRS,n,2,302.53,1.46,D,0
30.86459,74.46129,336.57,0.48,0.4,2023-11-01,750,N,VIIRS,n,2,301.93,12.92,D,0
30.86597,74.67296,339.08,0.47,0.4,2023-11-01,750,N,VIIRS,n,2,300.27,4.93,D,0
30.86631,74.67079,338.88,0.47,0.4,2023-11-01,750,N,VIIRS,n,2,301.11,5.35,D,0
30.8666,76.34775,332.31,0.41,0.37,2023-11-01,750,N,VIIRS,n,2,301.02,4.06,D,0
30.86675,75.08714,338.11,0.45,0.39,2023-11-01,750,N,VIIRS,n,2,301.7,9.29,D,0
30.86833,75.35712,341.76,0.44,0.39,2023-11-01,750,N,VIIRS,n,2,299.99,5.71,D,0
30.86854,76.3384,345.58,0.41,0.37,2023-11-01,750,N,VIIRS,n,2,305.45,10.44,D,0
30.86889,74.89302,335.74,0.46,0.39,2023-11-01,750,N,VIIRS,n,2,302.12,11.4,D,0
30.87039,74.59484,333.17,0.48,0.4,2023-11-01,750,N,VIIRS,n,2,299.88,4.07,D,0
30.87294,75.57013,333.87,0.44,0.38,2023-11-01,750,N,VIIRS,n,2,302.71,2.1,D,0
30.87415,75.04592,333.27,0.46,0.39,2023-11-01,750,N,VIIRS,n,2,302.19,4.26,D,0
30.8751,76.31461,333.83,0.41,0.37,2023-11-01,750,N,VIIRS,n,2,303.45,2.62,D,0
30.87528,74.37462,334.31,0.49,0.4,2023-11-01,750,N,VIIRS,n,2,299.53,5.07,D,0
30.87565,76.13038,337.31,0.42,0.38,2023-11-01,750,N,VIIRS,n,2,303.67,4.83,D,0
30.87605,74.89127,336.65,0.46,0.39,2023-11-01,750,N,VIIRS,n,2,307.09,51.73,D,0
30.88005,75.50699,330.04,0.44,0.38,2023-11-01,750,N,VIIRS,n,2,299.77,2.16,D,0
30.88038,74.91525,333.38,0.46,0.39,2023-11-01,750,N,VIIRS,n,2,298.88,3.54,D,0
30.88119,75.59646,333.8,0.44,0.38,2023-11-01,750,N,VIIRS,n,2,301.1,2.79,D,0
30.88231,75.23482,337.24,0.45,0.39,2023-11-01,750,N,VIIRS,n,2,299.13,6.92,D,0
30.88371,74.44084,348.94,0.48,0.4,2023-11-01,750,N,VIIRS,n,2,307.12,48.92,D,0
30.88474,74.48761,343.67,0.48,0.4,2023-11-01,750,N,VIIRS,n,2,300.37,12.43,D,0
30.88581,74.90391,343.55,0.46,0.39,2023-11-01,750,N,VIIRS,n,2,300.77,8.83,D,0
30.88727,74.95348,345.46,0.46,0.39,2023-11-01,750,N,VIIRS,n,2,300.43,9.09,D,0
30.88754,74.52334,331.64,0.48,0.4,2023-11-01,750,N,VIIRS,n,2,298.25,2.97,D,0
30.8877,75.22382,332.95,0.45,0.39,2023-11-01,750,N,VIIRS,n,2,300.1,3.63,D,0
30.88852,74.79453,333.71,0.47,0.39,2023-11-01,750,N,VIIRS,n,2,300.04,3.05,D,0
30.88854,74.77431,336.59,0.47,0.4,2023-11-01,750,N,VIIRS,n,2,300.15,5.39,D,0
30.88914,74.79747,333.33,0.47,0.39,2023-11-01,750,N,VIIRS,n,2,299.81,3.16,D,0
30.88939,74.90304,347.56,0.46,0.39,2023-11-01,750,N,VIIRS,n,2,300.77,7.95,D,0
30.89012,74.92786,345.36,0.46,0.39,2023-11-01,750,N,VIIRS,n,2,301.91,11.32,D,0
30.89014,74.45495,344.63,0.48,0.4,2023-11-01,750,N,VIIRS,n,2,302.6,15.21,D,0
30.89033,74.78399,332.41,0.47,0.4,2023-11-01,750,N,VIIRS,n,2,299.25,3.86,D,0
30.89036,75.46178,332.53,0.44,0.38,2023-11-01,750,N,VIIRS,n,2,300.47,5.31,D,0
30.89169,75.26649,337.21,0.45,0.39,2023-11-01,750,N,VIIRS,n,2,300.47,4.69,D,0
30.89252,75.27112,332.43,0.45,0.39,2023-11-01,750,N,VIIRS,n,2,299.65,4.69,D,0
30.89274,75.33374,347.66,0.44,0.39,2023-11-01,750,N,VIIRS,n,2,299.34,5.98,D,0
30.89411,74.99158,332.24,0.46,0.39,2023-11-01,750,N,VIIRS,n,2,299.77,2.08,D,0
30.89423,74.84666,336.44,0.46,0.39,2023-11-01,750,N,VIIRS,n,2,298.96,6.53,D,0
30.89473,74.84846,345.94,0.46,0.39,2023-11-01,750,N,VIIRS,n,2,300.35,9.98,D,0
30.8951,74.85149,332.53,0.46,0.39,2023-11-01,750,N,VIIRS,n,2,300.07,7.57,D,0
30.90475,74.76021,339.77,0.47,0.4,2023-11-01,750,N,VIIRS,n,2,302.53,9.06,D,0
30.90603,76.20451,333.98,0.42,0.37,2023-11-01,750,N,VIIRS,n,2,301.78,2.86,D,0
30.90992,74.86987,334.57,0.46,0.39,2023-11-01,750,N,VIIRS,n,2,300.83,2.95,D,0
30.9102,74.7284,336.16,0.47,0.4,2023-11-01,750,N,VIIRS,n,2,298.92,5.62,D,0
30.9135,74.869,332.48,0.46,0.39,2023-11-01,750,N,VIIRS,n,2,298.91,2.95,D,0
30.91472,74.71202,334.18,0.47,0.4,2023-11-01,750,N,VIIRS,n,2,300.77,6.07,D,0
30.91595,75.29929,338.33,0.45,0.39,2023-11-01,750,N,VIIRS,n,2,302.23,8.11,D,0
30.91741,74.72663,330.37,0.47,0.4,2023-11-01,750,N,VIIRS,n,2,299.79,2.16,D,0
30.91903,75.08924,331.83,0.45,0.39,2023-11-01,750,N,VIIRS,n,2,300.12,3.99,D,0
30.92404,75.28288,331.99,0.45,0.39,2023-11-01,750,N,VIIRS,n,2,298.12,2.35,D,0
30.92573,74.54498,334.31,0.48,0.4,2023-11-01,750,N,VIIRS,n,2,300.24,3.93,D,0
30.9263,75.02023,334.16,0.46,0.39,2023-11-01,750,N,VIIRS,n,2,301.05,5.03,D,0
30.92941,75.02263,338.56,0.46,0.39,2023-11-01,750,N,VIIRS,n,2,306.74,32.71,D,0
30.9299,74.77429,338.14,0.47,0.4,2023-11-01,750,N,VIIRS,n,2,299.69,6.84,D,0
30.93073,75.02409,333.63,0.46,0.39,2023-11-01,750,N,VIIRS,n,2,300.8,12.21,D,0
30.93091,75.0519,330.92,0.46,0.39,2023-11-01,750,N,VIIRS,n,2,300.03,2.15,D,0
30.93157,76.29271,343.83,0.41,0.37,2023-11-01,750,N,VIIRS,n,2,313.53,43.16,D,0
30.93167,74.78398,337.72,0.47,0.39,2023-11-01,750,N,VIIRS,n,2,299.35,3.98,D,0
30.93262,74.76857,334.76,0.47,0.4,2023-11-01,750,N,VIIRS,n,2,299.37,5.34,D,0
30.93417,76.29372,336.3,0.41,0.37,2023-11-01,750,N,VIIRS,n,2,301.27,33.91,D,0
30.93716,74.75226,353.03,0.47,0.4,2023-11-01,750,N,VIIRS,n,2,300.1,9.64,D,0
30.93778,74.83796,347.09,0.46,0.39,2023-11-01,750,N,VIIRS,n,2,300.96,10.13,D,0
30.93938,74.88773,346.13,0.46,0.39,2023-11-01,750,N,VIIRS,n,2,301.35,7.14,D,0
30.94076,74.75138,343.81,0.47,0.4,2023-11-01,750,N,VIIRS,n,2,311.82,26.06,D,0
30.94085,74.95721,330.2,0.46,0.39,2023-11-01,750,N,VIIRS,n,2,298.41,2.67,D,0
30.94164,74.75623,332.09,0.47,0.4,2023-11-01,750,N,VIIRS,n,2,297.68,26.06,D,0
30.94436,74.75049,343.79,0.47,0.4,2023-11-01,750,N,VIIRS,n,2,299.53,26.06,D,0
30.94439,76.29138,339.1,0.41,0.37,2023-11-01,750,N,VIIRS,n,2,301.89,3.86,D,0
30.94867,75.77663,330.01,0.43,0.38,2023-11-01,750,N,VIIRS,n,2,301.17,2.53,D,0
30.94903,74.6934,337.74,0.47,0.4,2023-11-01,750,N,VIIRS,n,2,298.14,7.4,D,0
30.95038,74.82481,338.43,0.46,0.39,2023-11-01,750,N,VIIRS,n,2,299.47,3.99,D,0
30.95117,74.84976,336.94,0.46,0.39,2023-11-01,750,N,VIIRS,n,2,301.81,9.94,D,0
30.95237,74.77385,333.24,0.47,0.39,2023-11-01,750,N,VIIRS,n,2,300.71,3.29,D,0
30.95415,74.96888,342.62,0.46,0.39,2023-11-01,750,N,VIIRS,n,2,299.29,4.38,D,0
30.96263,78.05843,334.05,0.39,0.36,2023-11-01,750,N,VIIRS,n,2,300.28,2.82,D,0
30.9636,74.64891,332.54,0.47,0.4,2023-11-01,750,N,VIIRS,n,2,299.75,3.54,D,0
30.96362,76.30037,333.19,0.41,0.37,2023-11-01,750,N,VIIRS,n,2,302.61,5.87,D,0
30.96585,76.14738,346.29,0.42,0.37,2023-11-01,750,N,VIIRS,n,2,302.13,11.16,D,0
30.96823,75.26259,337.64,0.45,0.39,2023-11-01,750,N,VIIRS,n,2,300.58,9.77,D,0
30.97058,75.2636,332.25,0.45,0.39,2023-11-01,750,N,VIIRS,n,2,299.76,10.22,D,0
30.9747,75.8366,339.21,0.43,0.38,2023-11-01,750,N,VIIRS,n,2,305.29,6.22,D,0
30.97564,74.7145,332.04,0.47,0.4,2023-11-01,750,N,VIIRS,n,2,298.53,5.57,D,0
30.97597,74.71732,333.99,0.47,0.4,2023-11-01,750,N,VIIRS,n,2,298.97,3.93,D,0
30.97657,74.78307,333.02,0.47,0.39,2023-11-01,750,N,VIIRS,n,2,299.15,9.08,D,0
30.97929,74.77735,336.38,0.47,0.39,2023-11-01,750,N,VIIRS,n,2,299.55,7.11,D,0
30.98065,76.29648,335.31,0.41,0.37,2023-11-01,750,N,VIIRS,n,2,305.08,9.44,D,0
30.98192,74.66709,340.84,0.47,0.4,2023-11-01,750,N,VIIRS,n,2,300.61,12.19,D,0
30.98644,74.71184,330.98,0.47,0.4,2023-11-01,750,N,VIIRS,n,2,299.81,2.34,D,0
30.99206,76.2178,347.01,0.42,0.37,2023-11-01,750,N,VIIRS,n,2,305.41,9.94,D,0
30.99244,75.46288,333.14,0.44,0.38,2023-11-01,750,N,VIIRS,n,2,301.23,2.18,D,0
30.99389,75.53357,337.45,0.44,0.38,2023-11-01,750,N,VIIRS,n,2,301.02,3.13,D,0
30.9995,74.84797,332.19,0.46,0.39,2023-11-01,750,N,VIIRS,n,2,298.77,3.86,D,0
30.99997,74.62171,333.51,0.47,0.4,2023-11-01,750,N,VIIRS,n,2,301.4,4.74,D,0
31.0006,76.24721,334.96,0.41,0.37,2023-11-01,750,N,VIIRS,n,2,301.47,3.75,D,0
31.00174,74.73347,332.21,0.47,0.4,2023-11-01,750,N,VIIRS,n,2,299.37,2.58,D,0
31.00325,77.99631,325.25,0.39,0.36,2023-11-01,750,N,VIIRS,l,2,300.08,1.9,D,0
31.00351,74.76344,343.4,0.47,0.39,2023-11-01,750,N,VIIRS,n,2,301.27,16.92,D,0
31.00359,74.62081,333.73,0.47,0.4,2023-11-01,750,N,VIIRS,n,2,299.88,7.47,D,0
31.00881,74.81258,341.82,0.46,0.39,2023-11-01,750,N,VIIRS,n,2,298.74,5.96,D,0
31.01628,75.64109,335.47,0.43,0.38,2023-11-01,750,N,VIIRS,n,2,301.67,5.24,D,0
31.01677,74.8558,332.46,0.46,0.39,2023-11-01,750,N,VIIRS,n,2,299.2,4.71,D,0
31.01729,75.8128,333.37,0.43,0.38,2023-11-01,750,N,VIIRS,n,2,301.43,2.73,D,0
31.01803,74.6582,334.89,0.47,0.4,2023-11-01,750,N,VIIRS,n,2,299.05,3.99,D,0
31.0197,74.74934,343.19,0.47,0.39,2023-11-01,750,N,VIIRS,n,2,301.31,8.69,D,0
31.02261,74.97701,343.73,0.46,0.39,2023-11-01,750,N,VIIRS,n,2,303.61,16.57,D,0
31.02436,74.9785,334.64,0.46,0.39,2023-11-01,750,N,VIIRS,n,2,302.15,18.41,D,0
31.02793,74.67107,332.74,0.47,0.4,2023-11-01,750,N,VIIRS,n,2,298.01,2.99,D,0
31.02995,75.82368,331.53,0.43,0.38,2023-11-01,750,N,VIIRS,n,2,300.21,2.37,D,0
31.03339,74.63906,340.26,0.47,0.4,2023-11-01,750,N,VIIRS,n,2,299.43,8.39,D,0
31.03483,75.39704,332.03,0.44,0.38,2023-11-01,750,N,VIIRS,n,2,300.88,4.3,D,0
31.03486,75.66476,331.78,0.43,0.38,2023-11-01,750,N,VIIRS,n,2,299.83,2.07,D,0
31.04373,74.81911,331.15,0.46,0.39,2023-11-01,750,N,VIIRS,n,2,299.61,3.67,D,0
31.04571,75.76917,333.49,0.43,0.38,2023-11-01,750,N,VIIRS,n,2,299.55,2.16,D,0
31.04757,74.96295,354.74,0.46,0.39,2023-11-01,750,N,VIIRS,n,2,305.52,32.25,D,0
31.04844,74.9677,332.06,0.46,0.39,2023-11-01,750,N,VIIRS,n,2,297.59,3.73,D,0
31.04854,75.35073,334.26,0.44,0.39,2023-11-01,750,N,VIIRS,n,2,301.44,6.82,D,0
31.04859,74.70163,330.38,0.47,0.4,2023-11-01,750,N,VIIRS,n,2,298.28,2.28,D,0
31.04864,74.68126,337.43,0.47,0.4,2023-11-01,750,N,VIIRS,n,2,302.02,10.96,D,0
31.05023,75.21542,345.28,0.45,0.39,2023-11-01,750,N,VIIRS,n,2,301.01,5.59,D,0
31.05106,76.17384,336.78,0.42,0.37,2023-11-01,750,N,VIIRS,n,2,302.91,3.59,D,0
31.05136,74.67549,332.74,0.47,0.4,2023-11-01,750,N,VIIRS,n,2,301.13,10.57,D,0
31.05167,76.55035,347.78,0.41,0.37,2023-11-01,750,N,VIIRS,n,2,304.14,7.2,D,0
31.05169,74.84225,346.24,0.46,0.39,2023-11-01,750,N,VIIRS,n,2,299.78,9.2,D,0
31.05205,75.34989,337.08,0.44,0.39,2023-11-01,750,N,VIIRS,n,2,302.28,6.82,D,0
31.05219,74.70074,333.1,0.47,0.4,2023-11-01,750,N,VIIRS,n,2,298.86,2.28,D,0
31.05294,75.20991,347.01,0.45,0.39,2023-11-01,750,N,VIIRS,n,2,304.16,16.71,D,0
31.05396,75.68946,331.68,0.43,0.38,2023-11-01,750,N,VIIRS,n,2,299.11,2.16,D,0
31.05505,76.54958,348.17,0.41,0.37,2023-11-01,750,N,VIIRS,n,2,302.75,7.2,D,0
31.06041,74.89017,332.54,0.46,0.39,2023-11-01,750,N,VIIRS,n,2,298.95,3.71,D,0
31.06588,75.02277,332.19,0.45,0.39,2023-11-01,750,N,VIIRS,n,2,298.79,4.19,D,0
31.06797,75.72801,332.42,0.43,0.38,2023-11-01,750,N,VIIRS,n,2,300.61,3.61,D,0
31.07209,75.83337,331.9,0.43,0.38,2023-11-01,750,N,VIIRS,n,2,300.33,1.64,D,0
31.07501,75.76807,345.63,0.43,0.38,2023-11-01,750,N,VIIRS,n,2,301.44,5.01,D,0
31.07546,75.9004,330.17,0.42,0.38,2023-11-01,750,N,VIIRS,l,2,300.97,1.55,D,0
31.07753,75.00514,334.6,0.46,0.39,2023-11-01,750,N,VIIRS,n,2,298.99,3.35,D,0
31.07805,75.93643,343.04,0.42,0.38,2023-11-01,750,N,VIIRS,n,2,301.74,4.22,D,0
31.0784,75.62299,336.14,0.43,0.38,2023-11-01,750,N,VIIRS,n,2,300.6,5.23,D,0
31.08019,75.99068,345.97,0.42,0.38,2023-11-01,750,N,VIIRS,n,2,301.51,4.95,D,0
31.08061,75.88195,336.59,0.42,0.38,2023-11-01,750,N,VIIRS,n,2,300.94,3.22,D,0
31.08358,74.89449,330.87,0.46,0.39,2023-11-01,750,N,VIIRS,n,2,299.15,3.27,D,0
31.08372,75.71502,334.3,0.43,0.38,2023-11-01,750,N,VIIRS,n,2,301.29,7.08,D,0
31.08392,74.83434,330.21,0.46,0.39,2023-11-01,750,N,VIIRS,n,2,299.77,6.01,D,0
31.08479,74.83916,332.54,0.46,0.39,2023-11-01,750,N,VIIRS,n,2,298.86,7.79,D,0
31.08696,76.19705,333.74,0.42,0.37,2023-11-01,750,N,VIIRS,n,2,303.47,2.38,D,0
31.08718,75.7142,338.66,0.43,0.38,2023-11-01,750,N,VIIRS,n,2,301.04,7.08,D,0
31.09033,74.80767,341.27,0.46,0.39,2023-11-01,750,N,VIIRS,n,2,300.61,4.52,D,0
31.09321,75.66622,336.42,0.43,0.38,2023-11-01,750,N,VIIRS,n,2,301.1,7.6,D,0
31.0982,74.58414,338.95,0.47,0.4,2023-11-01,750,N,VIIRS,n,2,300.01,8.95,D,0
31.09974,75.86829,341.53,0.42,0.38,2023-11-01,750,N,VIIRS,n,2,301.71,4.1,D,0
31.10086,75.52367,334.14,0.44,0.38,2023-11-01,750,N,VIIRS,n,2,299.97,4.84,D,0
31.1021,75.03859,346.03,0.45,0.39,2023-11-01,750,N,VIIRS,n,2,299.27,6.94,D,0
31.10226,75.01886,337.01,0.45,0.39,2023-11-01,750,N,VIIRS,n,2,300.28,4.99,D,0
31.10402,76.19312,344.08,0.42,0.37,2023-11-01,750,N,VIIRS,n,2,302.86,3.76,D,0
31.10904,75.05656,340.25,0.45,0.39,2023-11-01,750,N,VIIRS,n,2,302.8,12.15,D,0
31.10905,74.56093,342.43,0.47,0.4,2023-11-01,750,N,VIIRS,n,2,299.3,12.89,D,0
31.11007,75.86588,334.17,0.42,0.38,2023-11-01,750,N,VIIRS,n,2,301.63,2.68,D,0
31.11045,75.62009,348.27,0.43,0.38,2023-11-01,750,N,VIIRS,n,2,302.58,6.51,D,0
31.11267,74.56004,348.11,0.47,0.4,2023-11-01,750,N,VIIRS,n,2,300.81,12.89,D,0
31.11376,75.72188,339.34,0.43,0.38,2023-11-01,750,N,VIIRS,n,2,301.4,4.71,D,0
31.1181,74.56898,341.71,0.47,0.4,2023-11-01,750,N,VIIRS,n,2,298.49,4.09,D,0
31.12003,75.01453,345.18,0.45,0.39,2023-11-01,750,N,VIIRS,n,2,298.7,6.83,D,0
31.12035,76.18486,330.4,0.42,0.37,2023-11-01,750,N,VIIRS,l,2,304.55,1.15,D,0
31.1207,76.58388,335.27,0.41,0.37,2023-11-01,750,N,VIIRS,n,2,304.7,3.75,D,0
31.12166,75.29162,336.93,0.44,0.39,2023-11-01,750,N,VIIRS,n,2,301.56,4.95,D,0
31.12716,74.53583,338.81,0.48,0.4,2023-11-01,750,N,VIIRS,n,2,299.39,7.01,D,0
31.12805,74.58194,330.57,0.47,0.4,2023-11-01,750,N,VIIRS,n,2,299.15,2.67,D,0
31.12879,74.70929,342.49,0.47,0.4,2023-11-01,750,N,VIIRS,n,2,306.73,38.86,D,0
31.12949,75.99843,330.25,0.42,0.38,2023-11-01,750,N,VIIRS,n,2,300.43,2.14,D,0
31.12956,75.75062,331.72,0.43,0.38,2023-11-01,750,N,VIIRS,n,2,300.68,2.84,D,0
31.12994,75.09071,334.76,0.45,0.39,2023-11-01,750,N,VIIRS,n,2,300.13,2.25,D,0
31.13341,74.63181,349.23,0.47,0.4,2023-11-01,750,N,VIIRS,n,2,300.25,10.28,D,0
31.13349,74.54972,347.26,0.47,0.4,2023-11-01,750,N,VIIRS,n,2,305.78,32.56,D,0
31.13822,76.17268,329.64,0.42,0.37,2023-11-01,750,N,VIIRS,n,2,301.48,1.81,D,0
31.1384,75.82244,330.22,0.43,0.38,2023-11-01,750,N,VIIRS,n,2,300.38,2.42,D,0
31.14239,75.24327,332.94,0.45,0.39,2023-11-01,750,N,VIIRS,n,2,301.4,6.7,D,0
31.1457,75.80229,333.61,0.43,0.38,2023-11-01,750,N,VIIRS,n,2,301.65,3.16,D,0
31.14672,75.95343,333.79,0.42,0.38,2023-11-01,750,N,VIIRS,n,2,303.41,3.1,D,0
31.14823,75.19347,347.57,0.45,0.39,2023-11-01,750,N,VIIRS,n,2,306.41,28.69,D,0
31.14858,75.50436,348.99,0.44,0.38,2023-11-01,750,N,VIIRS,n,2,301.96,9.25,D,0
31.14869,74.92026,333.41,0.46,0.39,2023-11-01,750,N,VIIRS,n,2,300.28,4.54,D,0
31.14982,74.51468,332.0,0.48,0.4,2023-11-01,750,N,VIIRS,n,2,298.31,5.68,D,0
31.15072,74.51962,332.91,0.48,0.4,2023-11-01,750,N,VIIRS,n,2,298.42,7.03,D,0
31.15085,74.82991,336.82,0.46,0.39,2023-11-01,750,N,VIIRS,n,2,299.58,3.42,D,0
31.15128,74.93451,331.55,0.46,0.39,2023-11-01,750,N,VIIRS,n,2,299.37,3.03,D,0
31.1541,75.85098,344.63,0.42,0.38,2023-11-01,750,N,VIIRS,n,2,301.17,4.24,D,0
31.15863,74.64603,343.94,0.47,0.4,2023-11-01,750,N,VIIRS,n,2,299.63,6.68,D,0
31.16065,75.67496,334.8,0.43,0.38,2023-11-01,750,N,VIIRS,n,2,304.32,7.06,D,0
31.16223,74.64513,340.47,0.47,0.4,2023-11-01,750,N,VIIRS,n,2,298.65,5.93,D,0
31.16227,75.33469,338.93,0.44,0.38,2023-11-01,750,N,VIIRS,n,2,302.41,3.39,D,0
31.16233,74.60421,333.25,0.47,0.4,2023-11-01,750,N,VIIRS,n,2,299.84,3.06,D,0
31.16376,75.59014,335.34,0.43,0.38,2023-11-01,750,N,VIIRS,n,2,302.14,4.35,D,0
31.16388,74.69558,333.47,0.47,0.4,2023-11-01,750,N,VIIRS,n,2,300.39,13.68,D,0
31.16698,74.54654,334.54,0.47,0.4,2023-11-01,750,N,VIIRS,n,2,298.9,5.1,D,0
31.16753,75.82483,332.27,0.43,0.38,2023-11-01,750,N,VIIRS,n,2,300.71,1.69,D,0
31.16885,77.7132,353.21,0.39,0.36,2023-11-01,750,N,VIIRS,n,2,306.98,8.12,D,0
31.16933,75.89787,333.78,0.42,0.38,2023-11-01,750,N,VIIRS,l,2,305.04,4.77,D,0
31.16991,74.54388,352.24,0.47,0.4,2023-11-01,750,N,VIIRS,n,2,300.09,10.07,D,0
31.1706,74.54563,346.79,0.47,0.4,2023-11-01,750,N,VIIRS,n,2,299.92,5.1,D,0
31.17115,75.44691,347.87,0.44,0.38,2023-11-01,750,N,VIIRS,n,2,302.84,6.48,D,0
31.17135,74.83991,341.1,0.46,0.39,2023-11-01,750,N,VIIRS,n,2,299.89,5.12,D,0
31.17196,74.69865,335.37,0.47,0.4,2023-11-01,750,N,VIIRS,n,2,300.81,7.02,D,0
31.17198,75.32757,347.14,0.44,0.38,2023-11-01,750,N,VIIRS,n,2,304.01,7.01,D,0
31.17461,74.89901,335.87,0.46,0.39,2023-11-01,750,N,VIIRS,n,2,299.76,5.0,D,0
31.1759,74.59572,336.01,0.47,0.4,2023-11-01,750,N,VIIRS,n,2,300.75,9.08,D,0
31.17636,74.59877,333.81,0.47,0.4,2023-11-01,750,N,VIIRS,n,2,299.66,6.72,D,0
31.17945,75.47337,339.36,0.44,0.38,2023-11-01,750,N,VIIRS,n,2,304.02,6.63,D,0
31.17978,75.1729,333.61,0.45,0.39,2023-11-01,750,N,VIIRS,n,2,300.6,2.97,D,0
31.18082,74.72687,332.63,0.47,0.39,2023-11-01,750,N,VIIRS,n,2,299.34,1.77,D,0
31.18393,74.82684,336.72,0.46,0.39,2023-11-01,750,N,VIIRS,n,2,300.09,3.47,D,0
31.18745,75.62198,331.74,0.43,0.38,2023-11-01,750,N,VIIRS,n,2,299.8,2.54,D,0
31.18877,75.83492,346.98,0.42,0.38,2023-11-01,750,N,VIIRS,n,2,304.51,5.32,D,0
31.19035,74.94486,337.3,0.46,0.39,2023-11-01,750,N,VIIRS,n,2,298.63,2.19,D,0
31.19053,74.75988,336.37,0.46,0.39,2023-11-01,750,N,VIIRS,n,2,299.3,3.42,D,0
31.1926,74.58451,334.24,0.47,0.4,2023-11-01,750,N,VIIRS,n,2,300.59,11.0,D,0
31.19266,74.68849,341.38,0.47,0.4,2023-11-01,750,N,VIIRS,n,2,300.28,5.15,D,0
31.19267,74.68648,340.23,0.47,0.4,2023-11-01,750,N,VIIRS,n,2,300.26,7.31,D,0
31.19622,75.20285,330.3,0.45,0.39,2023-11-01,750,N,VIIRS,n,2,300.01,1.6,D,0
31.19626,74.68762,335.74,0.47,0.4,2023-11-01,750,N,VIIRS,n,2,299.85,5.15,D,0
31.20345,75.18174,332.09,0.45,0.39,2023-11-01,750,N,VIIRS,n,2,300.43,4.11,D,0
31.20428,75.18638,345.02,0.45,0.39,2023-11-01,750,N,VIIRS,n,2,304.72,23.41,D,0
31.20436,74.62763,337.19,0.47,0.4,2023-11-01,750,N,VIIRS,n,2,299.63,3.19,D,0
31.2044,74.83684,333.56,0.46,0.39,2023-11-01,750,N,VIIRS,n,2,299.8,1.79,D,0
31.20797,74.62674,343.64,0.47,0.4,2023-11-01,750,N,VIIRS,n,2,299.61,4.9,D,0
31.20815,74.94052,330.51,0.46,0.39,2023-11-01,750,N,VIIRS,n,2,300.15,2.41,D,0
31.21194,74.77478,334.49,0.46,0.39,2023-11-01,750,N,VIIRS,n,2,299.42,3.51,D,0
31.21235,74.77261,337.21,0.46,0.39,2023-11-01,750,N,VIIRS,n,2,300.02,6.19,D,0
31.21399,74.86949,346.59,0.46,0.39,2023-11-01,750,N,VIIRS,n,2,300.78,6.93,D,0
31.2159,75.33285,336.07,0.44,0.38,2023-11-01,750,N,VIIRS,n,2,302.51,5.39,D,0
31.21608,74.54788,332.96,0.47,0.4,2023-11-01,750,N,VIIRS,n,2,299.46,2.15,D,0
31.21674,74.81671,334.0,0.46,0.39,2023-11-01,750,N,VIIRS,n,2,299.3,5.37,D,0
31.21697,74.94828,334.26,0.46,0.39,2023-11-01,750,N,VIIRS,n,2,300.54,5.15,D,0
31.21967,74.64935,332.16,0.47,0.4,2023-11-01,750,N,VIIRS,n,2,298.52,2.48,D,0
31.21968,74.62896,332.82,0.47,0.4,2023-11-01,750,N,VIIRS,n,2,298.14,3.05,D,0
31.22189,74.99648,332.5,0.45,0.39,2023-11-01,750,N,VIIRS,n,2,301.06,7.15,D,0
31.22239,75.04062,336.05,0.45,0.39,2023-11-01,750,N,VIIRS,n,2,301.71,4.07,D,0
31.22407,75.05,339.43,0.45,0.39,2023-11-01,750,N,VIIRS,n,2,305.84,18.26,D,0
31.22867,74.6573,334.18,0.47,0.4,2023-11-01,750,N,VIIRS,n,2,299.05,4.69,D,0
31.23134,74.67188,341.47,0.47,0.4,2023-11-01,750,N,VIIRS,n,2,299.86,6.15,D,0
31.23153,75.00891,343.5,0.45,0.39,2023-11-01,750,N,VIIRS,n,2,301.39,5.26,D,0
31.23187,74.83803,334.49,0.46,0.39,2023-11-01,750,N,VIIRS,n,2,300.6,7.33,D,0
31.23365,75.30943,334.29,0.44,0.38,2023-11-01,750,N,VIIRS,n,2,302.24,2.73,D,0
31.23392,75.12579,344.66,0.45,0.39,2023-11-01,750,N,VIIRS,n,2,305.56,11.92,D,0
31.23405,74.66613,333.11,0.47,0.4,2023-11-01,750,N,VIIRS,n,2,298.35,6.15,D,0
31.23425,75.70408,337.36,0.43,0.38,2023-11-01,750,N,VIIRS,n,2,301.57,4.05,D,0
31.23494,74.67099,334.49,0.47,0.4,2023-11-01,750,N,VIIRS,n,2,299.51,6.15,D,0
31.23556,74.79707,330.13,0.46,0.39,2023-11-01,750,N,VIIRS,n,2,299.23,2.0,D,0
31.23734,75.72191,335.37,0.43,0.38,2023-11-01,750,N,VIIRS,n,2,301.19,3.03,D,0
31.23746,75.12492,346.87,0.45,0.39,2023-11-01,750,N,VIIRS,n,2,302.72,11.92,D,0
31.23857,74.64977,337.59,0.47,0.4,2023-11-01,750,N,VIIRS,n,2,298.95,3.7,D,0
31.2389,75.89658,346.53,0.42,0.38,2023-11-01,750,N,VIIRS,n,2,305.13,7.66,D,0
31.23967,74.9009,338.67,0.46,0.39,2023-11-01,750,N,VIIRS,n,2,301.31,5.74,D,0
31.24233,75.89577,347.43,0.42,0.38,2023-11-01,750,N,VIIRS,n,2,303.82,7.66,D,0
31.24505,74.88965,335.29,0.46,0.39,2023-11-01,750,N,VIIRS,n,2,300.74,5.65,D,0
31.24592,74.8944,330.6,0.46,0.39,2023-11-01,750,N,VIIRS,n,2,298.46,2.49,D,0
31.247,75.05424,331.18,0.45,0.39,2023-11-01,750,N,VIIRS,n,2,300.41,2.31,D,0
31.24759,74.99515,333.78,0.45,0.39,2023-11-01,750,N,VIIRS,n,2,300.93,4.08,D,0
31.24901,74.99261,333.08,0.45,0.39,2023-11-01,750,N,VIIRS,n,2,301.0,3.9,D,0
31.24971,75.13169,332.52,0.45,0.39,2023-11-01,750,N,VIIRS,n,2,300.41,6.57,D,0
31.25075,75.03372,333.35,0.45,0.39,2023-11-01,750,N,VIIRS,n,2,301.07,1.87,D,0
31.25233,75.03114,337.15,0.45,0.39,2023-11-01,750,N,VIIRS,n,2,301.43,6.51,D,0
31.25319,75.03584,344.27,0.45,0.39,2023-11-01,750,N,VIIRS,n,2,300.99,6.51,D,0
31.25346,75.02815,330.89,0.45,0.39,2023-11-01,750,N,VIIRS,n,2,300.34,7.41,D,0
31.25429,75.03286,347.78,0.45,0.39,2023-11-01,750,N,VIIRS,n,2,302.17,7.41,D,0
31.25497,74.53307,336.32,0.47,0.4,2023-11-01,750,N,VIIRS,n,2,301.92,33.31,D,0
31.25553,74.7014,331.24,0.47,0.39,2023-11-01,750,N,VIIRS,n,2,298.2,3.62,D,0
31.25588,75.03027,338.15,0.45,0.39,2023-11-01,750,N,VIIRS,n,2,300.26,6.51,D,0
31.25655,75.14948,338.51,0.45,0.39,2023-11-01,750,N,VIIRS,n,2,304.17,21.26,D,0
31.25794,74.98059,331.42,0.45,0.39,2023-11-01,750,N,VIIRS,n,2,298.39,2.48,D,0
31.2587,74.82144,342.32,0.46,0.39,2023-11-01,750,N,VIIRS,n,2,299.89,6.83,D,0
31.25926,75.28886,335.28,0.44,0.39,2023-11-01,750,N,VIIRS,n,2,303.74,7.42,D,0
31.2593,75.04905,339.76,0.45,0.39,2023-11-01,750,N,VIIRS,n,2,300.95,6.65,D,0
31.26008,75.29347,332.56,0.44,0.39,2023-11-01,750,N,VIIRS,n,2,299.41,7.42,D,0
31.26034,75.04611,331.57,0.45,0.39,2023-11-01,750,N,VIIRS,n,2,300.23,3.75,D,0
31.26062,75.91891,344.0,0.42,0.38,2023-11-01,750,N,VIIRS,n,2,306.45,18.65,D,0
31.26117,75.05081,336.29,0.45,0.39,2023-11-01,750,N,VIIRS,n,2,301.29,3.75,D,0
31.26191,74.90043,337.45,0.46,0.39,2023-11-01,750,N,VIIRS,n,2,303.39,9.42,D,0
31.26565,74.61246,331.65,0.47,0.4,2023-11-01,750,N,VIIRS,n,2,297.79,1.64,D,0
31.26903,74.89869,340.01,0.46,0.39,2023-11-01,750,N,VIIRS,n,2,300.7,6.73,D,0
31.26975,74.73832,330.05,0.46,0.39,2023-11-01,750,N,VIIRS,n,2,299.32,2.61,D,0
31.27034,75.78812,338.65,0.43,0.38,2023-11-01,750,N,VIIRS,n,2,305.36,6.87,D,0
31.27212,74.54422,330.09,0.47,0.4,2023-11-01,750,N,VIIRS,n,2,299.47,2.29,D,0
31.27313,75.16003,335.29,0.45,0.39,2023-11-01,750,N,VIIRS,n,2,301.04,2.75,D,0
31.2736,75.02597,336.47,0.45,0.39,2023-11-01,750,N,VIIRS,n,2,300.55,3.45,D,0
31.27502,75.14986,335.08,0.45,0.39,2023-11-01,750,N,VIIRS,n,2,304.56,16.04,D,0
31.27527,75.15726,340.14,0.45,0.39,2023-11-01,750,N,VIIRS,n,2,301.4,9.51,D,0
31.27542,74.54555,332.83,0.47,0.4,2023-11-01,750,N,VIIRS,n,2,298.1,6.28,D,0
31.27574,74.54333,334.67,0.47,0.4,2023-11-01,750,N,VIIRS,n,2,297.97,5.8,D,0
31.27666,75.15918,333.43,0.45,0.39,2023-11-01,750,N,VIIRS,n,2,299.74,2.64,D,0
31.27713,74.8818,338.24,0.46,0.39,2023-11-01,750,N,VIIRS,n,2,300.55,4.23,D,0
31.27796,75.15176,345.03,0.45,0.39,2023-11-01,750,N,VIIRS,n,2,301.4,9.51,D,0
31.2809,74.57495,337.62,0.47,0.4,2023-11-01,750,N,VIIRS,n,2,297.75,5.99,D,0
31.28197,74.5777,334.49,0.47,0.4,2023-11-01,750,N,VIIRS,n,2,298.38,6.96,D,0
31.28753,75.164,332.61,0.45,0.39,2023-11-01,750,N,VIIRS,n,2,299.24,1.51,D,0
31.28777,75.02251,341.25,0.45,0.39,2023-11-01,750,N,VIIRS,n,2,304.39,22.66,D,0
31.28839,75.39181,332.91,0.44,0.38,2023-11-01,750,N,VIIRS,n,2,301.68,2.22,D,0
31.28868,74.88393,337.41,0.46,0.39,2023-11-01,750,N,VIIRS,n,2,300.35,4.1,D,0
31.29245,74.98696,342.81,0.45,0.39,2023-11-01,750,N,VIIRS,n,2,301.54,9.65,D,0
31.29285,75.25444,342.82,0.44,0.39,2023-11-01,750,N,VIIRS,n,2,305.51,17.93,D,0
31.29381,75.25651,333.11,0.44,0.39,2023-11-01,750,N,VIIRS,n,2,301.85,17.64,D,0
31.29705,74.64037,333.69,0.47,0.4,2023-11-01,750,N,VIIRS,n,2,298.8,2.4,D,0
31.29725,75.05453,337.73,0.45,0.39,2023-11-01,750,N,VIIRS,n,2,301.01,3.14,D,0
31.29986,74.57538,349.59,0.47,0.4,2023-11-01,750,N,VIIRS,n,2,299.09,8.5,D,0
31.29991,74.63662,332.69,0.47,0.4,2023-11-01,750,N,VIIRS,n,2,298.17,3.32,D,0
31.30347,74.57449,339.57,0.47,0.4,2023-11-01,750,N,VIIRS,n,2,296.98,8.5,D,0
31.3042,75.87321,335.37,0.42,0.38,2023-11-01,750,N,VIIRS,n,2,301.4,3.49,D,0
31.30554,76.38952,332.39,0.41,0.37,2023-11-01,750,N,VIIRS,n,2,300.23,4.63,D,0
31.30708,74.92411,335.43,0.46,0.39,2023-11-01,750,N,VIIRS,n,2,299.18,2.19,D,0
31.30747,75.19308,332.71,0.45,0.39,2023-11-01,750,N,VIIRS,n,2,300.64,2.51,D,0
31.30799,74.66002,337.49,0.47,0.39,2023-11-01,750,N,VIIRS,n,2,298.12,3.44,D,0
31.31151,74.76019,332.28,0.46,0.39,2023-11-01,750,N,VIIRS,n,2,299.21,4.61,D,0
31.31168,74.76325,336.75,0.46,0.39,2023-11-01,750,N,VIIRS,n,2,299.23,4.71,D,0
31.31218,74.82831,337.82,0.46,0.39,2023-11-01,750,N,VIIRS,n,2,301.65,9.43,D,0
31.3126,75.99335,330.43,0.42,0.38,2023-11-01,750,N,VIIRS,n,2,301.38,1.19,D,0
31.3161,74.64278,334.42,0.47,0.4,2023-11-01,750,N,VIIRS,n,2,298.82,4.58,D,0
31.31878,74.65736,336.24,0.47,0.39,2023-11-01,750,N,VIIRS,n,2,299.36,4.13,D,0
31.3188,74.57581,350.15,0.47,0.4,2023-11-01,750,N,VIIRS,n,2,301.62,14.53,D,0
31.3188,74.61666,336.01,0.47,0.4,2023-11-01,750,N,VIIRS,n,2,300.28,5.43,D,0
31.32231,74.9055,333.41,0.46,0.39,2023-11-01,750,N,VIIRS,n,2,301.4,5.1,D,0
31.32238,74.65647,335.28,0.47,0.39,2023-11-01,750,N,VIIRS,n,2,298.55,6.9,D,0
31.3224,74.61577,335.71,0.47,0.4,2023-11-01,750,N,VIIRS,n,2,299.11,8.82,D,0
31.32241,74.57491,339.53,0.47,0.4,2023-11-01,750,N,VIIRS,n,2,297.36,6.47,D,0
31.32316,74.91026,338.08,0.46,0.39,2023-11-01,750,N,VIIRS,n,2,300.52,5.1,D,0
31.32424,75.26612,331.18,0.44,0.39,2023-11-01,750,N,VIIRS,n,2,300.29,2.27,D,0
31.32506,75.18882,336.27,0.45,0.39,2023-11-01,750,N,VIIRS,n,2,300.78,4.48,D,0
31.32512,74.58958,331.72,0.47,0.4,2023-11-01,750,N,VIIRS,n,2,298.03,7.22,D,0
31.33128,75.18248,330.76,0.45,0.39,2023-11-01,750,N,VIIRS,l,2,302.09,4.45,D,0
31.33268,75.29287,341.22,0.44,0.38,2023-11-01,750,N,VIIRS,n,2,303.17,9.44,D,0
31.33323,74.57223,331.67,0.47,0.4,2023-11-01,750,N,VIIRS,n,2,299.25,4.87,D,0
31.33329,75.07022,342.26,0.45,0.39,2023-11-01,750,N,VIIRS,n,2,300.63,4.82,D,0
31.33393,75.09445,332.66,0.45,0.39,2023-11-01,750,N,VIIRS,n,2,300.57,4.24,D,0
31.33479,75.18163,332.53,0.45,0.39,2023-11-01,750,N,VIIRS,n,2,299.74,4.45,D,0
31.33569,74.74921,330.01,0.46,0.39,2023-11-01,750,N,VIIRS,n,2,298.73,1.98,D,0
31.33736,75.7134,336.25,0.43,0.38,2023-11-01,750,N,VIIRS,n,2,301.53,3.34,D,0
31.33747,75.0936,333.02,0.45,0.39,2023-11-01,750,N,VIIRS,n,2,300.72,4.48,D,0
31.33808,74.93137,335.62,0.46,0.39,2023-11-01,750,N,VIIRS,n,2,299.51,3.49,D,0
31.34267,75.10209,344.24,0.45,0.39,2023-11-01,750,N,VIIRS,n,2,300.63,4.81,D,0
31.34349,74.83248,331.61,0.46,0.39,2023-11-01,750,N,VIIRS,n,2,300.37,4.95,D,0
31.34436,74.83727,332.12,0.46,0.39,2023-11-01,750,N,VIIRS,n,2,300.71,4.95,D,0
31.34544,74.78198,356.31,0.46,0.39,2023-11-01,750,N,VIIRS,n,2,300.61,11.39,D,0
31.34579,74.92633,337.89,0.45,0.39,2023-11-01,750,N,VIIRS,n,2,300.01,3.73,D,0
31.34973,75.10037,337.03,0.45,0.39,2023-11-01,750,N,VIIRS,n,2,302.17,3.28,D,0
31.36236,74.79285,334.77,0.46,0.39,2023-11-01,750,N,VIIRS,n,2,299.52,2.76,D,0
31.36236,75.15076,345.94,0.45,0.39,2023-11-01,750,N,VIIRS,n,2,302.2,10.81,D,0
31.36437,75.20347,335.16,0.44,0.39,2023-11-01,750,N,VIIRS,n,2,301.08,3.07,D,0
31.36648,75.17397,332.21,0.45,0.39,2023-11-01,750,N,VIIRS,n,2,300.39,3.02,D,0
31.36759,74.82157,341.25,0.46,0.39,2023-11-01,750,N,VIIRS,n,2,299.77,6.02,D,0
31.36999,75.17312,333.9,0.45,0.39,2023-11-01,750,N,VIIRS,n,2,300.69,3.02,D,0
31.37519,74.9043,331.86,0.46,0.39,2023-11-01,750,N,VIIRS,n,2,299.5,2.2,D,0
31.37679,75.1908,332.73,0.44,0.39,2023-11-01,750,N,VIIRS,n,2,300.63,1.91,D,0
31.37682,74.74912,334.17,0.46,0.39,2023-11-01,750,N,VIIRS,n,2,299.19,2.64,D,0
31.37743,74.81416,332.08,0.46,0.39,2023-11-01,750,N,VIIRS,n,2,300.12,2.56,D,0
31.37944,74.76356,347.2,0.46,0.39,2023-11-01,750,N,VIIRS,n,2,301.02,6.92,D,0
31.38153,75.69121,332.63,0.43,0.38,2023-11-01,750,N,VIIRS,n,2,301.61,3.1,D,0
31.38577,75.24167,330.88,0.44,0.39,2023-11-01,750,N,VIIRS,n,2,300.67,1.64,D,0
31.38627,74.6152,334.34,0.47,0.4,2023-11-01,750,N,VIIRS,n,2,299.23,2.79,D,0
31.38796,74.6453,333.4,0.47,0.39,2023-11-01,750,N,VIIRS,n,2,299.9,9.37,D,0
31.3893,74.92065,346.6,0.45,0.39,2023-11-01,750,N,VIIRS,n,2,301.08,9.94,D,0
31.38972,74.65501,333.22,0.47,0.39,2023-11-01,750,N,VIIRS,n,2,299.62,4.16,D,0
31.38979,75.20215,338.72,0.44,0.39,2023-11-01,750,N,VIIRS,n,2,301.06,5.7,D,0
31.39527,74.80976,344.77,0.46,0.39,2023-11-01,750,N,VIIRS,n,2,302.23,12.12,D,0
31.39837,74.88869,347.47,0.46,0.39,2023-11-01,750,N,VIIRS,n,2,300.02,7.53,D,0
31.39861,74.84887,336.41,0.46,0.39,2023-11-01,750,N,VIIRS,n,2,299.85,3.11,D,0
31.40028,75.20599,336.96,0.44,0.39,2023-11-01,750,N,VIIRS,n,2,306.68,23.06,D,0
31.40099,75.12847,331.56,0.45,0.39,2023-11-01,750,N,VIIRS,n,2,301.99,2.85,D,0
31.40229,74.82802,333.9,0.46,0.39,2023-11-01,750,N,VIIRS,n,2,301.92,4.56,D,0
31.40316,74.83279,334.17,0.46,0.39,2023-11-01,750,N,VIIRS,n,2,300.83,4.56,D,0
31.4038,75.20515,347.05,0.44,0.39,2023-11-01,750,N,VIIRS,n,2,301.65,23.06,D,0
31.40458,74.73725,337.43,0.46,0.39,2023-11-01,750,N,VIIRS,n,2,299.49,4.05,D,0
31.40493,75.30898,342.77,0.44,0.38,2023-11-01,750,N,VIIRS,n,2,300.94,2.81,D,0
31.40534,75.02992,332.21,0.45,0.39,2023-11-01,750,N,VIIRS,n,2,300.36,1.54,D,0
31.40843,75.30814,332.51,0.44,0.38,2023-11-01,750,N,VIIRS,n,2,300.31,2.81,D,0
31.41305,74.61592,332.34,0.47,0.4,2023-11-01,750,N,VIIRS,n,2,299.71,2.54,D,0
31.41356,75.7715,336.17,0.42,0.38,2023-11-01,750,N,VIIRS,n,2,302.19,3.07,D,0
31.4151,75.02265,330.9,0.45,0.39,2023-11-01,750,N,VIIRS,n,2,299.34,1.99,D,0
31.41965,75.00682,337.78,0.45,0.39,2023-11-01,750,N,VIIRS,n,2,300.72,5.24,D,0
31.42298,74.92229,332.35,0.45,0.39,2023-11-01,750,N,VIIRS,n,2,299.93,2.25,D,0
31.42342,75.17148,338.56,0.44,0.39,2023-11-01,750,N,VIIRS,n,2,300.44,4.37,D,0
31.43128,75.1744,334.4,0.44,0.39,2023-11-01,750,N,VIIRS,n,2,301.32,3.85,D,0
31.44018,75.16261,337.23,0.44,0.39,2023-11-01,750,N,VIIRS,n,2,300.96,4.47,D,0
31.44917,74.96521,332.2,0.45,0.39,2023-11-01,750,N,VIIRS,n,2,299.74,2.58,D,0
31.44934,74.83344,336.26,0.46,0.39,2023-11-01,750,N,VIIRS,n,2,301.3,3.82,D,0
31.45756,75.01228,335.34,0.45,0.39,2023-11-01,750,N,VIIRS,n,2,300.01,3.47,D,0
31.45769,74.73634,332.7,0.46,0.39,2023-11-01,750,N,VIIRS,n,2,299.42,3.18,D,0
31.46148,74.65468,345.13,0.46,0.39,2023-11-01,750,N,VIIRS,n,2,301.49,10.13,D,0
31.4694,75.34743,332.79,0.44,0.38,2023-11-01,750,N,VIIRS,n,2,300.45,3.42,D,0
31.47529,75.64703,333.41,0.43,0.38,2023-11-01,750,N,VIIRS,n,2,302.39,2.22,D,0
31.48089,74.74065,333.11,0.46,0.39,2023-11-01,750,N,VIIRS,n,2,299.55,3.0,D,0
31.48104,74.70036,335.86,0.46,0.39,2023-11-01,750,N,VIIRS,n,2,300.01,3.69,D,0
31.48245,75.52389,336.06,0.43,0.38,2023-11-01,750,N,VIIRS,n,2,302.07,2.78,D,0
31.48836,74.65813,338.5,0.46,0.39,2023-11-01,750,N,VIIRS,n,2,300.18,9.68,D,0
31.49592,74.92614,336.76,0.45,0.39,2023-11-01,750,N,VIIRS,n,2,298.94,5.44,D,0
31.49605,74.90633,333.87,0.45,0.39,2023-11-01,750,N,VIIRS,n,2,301.61,2.99,D,0
31.50029,75.19149,334.53,0.44,0.39,2023-11-01,750,N,VIIRS,n,2,300.7,4.28,D,0
31.50766,75.4614,331.8,0.43,0.38,2023-11-01,750,N,VIIRS,n,2,299.86,1.51,D,0
31.50815,75.48484,335.29,0.43,0.38,2023-11-01,750,N,VIIRS,n,2,300.58,3.2,D,0
31.51337,74.67214,332.85,0.46,0.39,2023-11-01,750,N,VIIRS,n,2,299.77,5.01,D,0
31.51398,74.67394,335.91,0.46,0.39,2023-11-01,750,N,VIIRS,n,2,299.54,4.8,D,0
31.51422,75.37467,332.03,0.44,0.38,2023-11-01,750,N,VIIRS,n,2,301.08,2.2,D,0
31.51449,75.23309,334.99,0.44,0.38,2023-11-01,750,N,VIIRS,n,2,302.29,5.55,D,0
31.5281,74.75406,332.33,0.46,0.39,2023-11-01,750,N,VIIRS,n,2,299.85,3.49,D,0
31.52819,74.75089,334.29,0.46,0.39,2023-11-01,750,N,VIIRS,n,2,299.9,3.57,D,0
31.53215,75.3941,332.64,0.44,0.38,2023-11-01,750,N,VIIRS,n,2,301.92,7.49,D,0
31.53311,75.44116,340.01,0.43,0.38,2023-11-01,750,N,VIIRS,n,2,301.58,4.54,D,0
31.53559,75.37114,342.52,0.44,0.38,2023-11-01,750,N,VIIRS,n,2,303.07,12.31,D,0
31.53595,75.37421,337.75,0.44,0.38,2023-11-01,750,N,VIIRS,n,2,303.2,12.13,D,0
31.53756,75.11652,336.56,0.45,0.39,2023-11-01,750,N,VIIRS,n,2,303.48,9.92,D,0
31.54268,75.28854,331.85,0.44,0.38,2023-11-01,750,N,VIIRS,n,2,301.91,1.96,D,0
31.54424,75.44002,332.39,0.43,0.38,2023-11-01,750,N,VIIRS,n,2,300.93,1.43,D,0
31.54433,75.44318,332.81,0.43,0.38,2023-11-01,750,N,VIIRS,n,2,301.39,2.26,D,0
31.54891,74.66023,340.52,0.46,0.39,2023-11-01,750,N,VIIRS,n,2,299.23,7.08,D,0
31.55011,75.00138,339.49,0.45,0.39,2023-11-01,750,N,VIIRS,n,2,302.15,5.07,D,0
31.55185,75.50729,336.5,0.43,0.38,2023-11-01,750,N,VIIRS,n,2,302.74,2.64,D,0
31.56059,74.64216,331.49,0.46,0.39,2023-11-01,750,N,VIIRS,n,2,298.94,2.7,D,0
31.56779,75.42966,333.76,0.43,0.38,2023-11-01,750,N,VIIRS,n,2,300.78,4.49,D,0
31.56939,75.43872,332.06,0.43,0.38,2023-11-01,750,N,VIIRS,n,2,300.96,2.43,D,0
31.5696,74.87521,332.83,0.45,0.39,2023-11-01,750,N,VIIRS,n,2,300.92,3.88,D,0
31.57977,75.49741,344.55,0.43,0.38,2023-11-01,750,N,VIIRS,n,2,304.11,6.31,D,0
31.58044,74.58648,332.71,0.47,0.39,2023-11-01,750,N,VIIRS,n,2,300.54,4.01,D,0
31.58086,75.48307,339.54,0.43,0.38,2023-11-01,750,N,VIIRS,n,2,302.62,8.19,D,0
31.5815,75.03282,333.69,0.45,0.39,2023-11-01,750,N,VIIRS,n,2,303.53,7.38,D,0
31.58285,75.02927,344.11,0.45,0.39,2023-11-01,750,N,VIIRS,n,2,301.79,7.79,D,0
31.58294,74.867,348.57,0.45,0.39,2023-11-01,750,N,VIIRS,n,2,305.94,28.89,D,0
31.58325,75.49659,345.75,0.43,0.38,2023-11-01,750,N,VIIRS,n,2,301.9,7.18,D,0
31.58474,74.65133,333.62,0.46,0.39,2023-11-01,750,N,VIIRS,n,2,302.4,4.7,D,0
31.58598,75.43003,331.04,0.43,0.38,2023-11-01,750,N,VIIRS,n,2,299.82,2.06,D,0
31.58649,74.86612,332.72,0.45,0.39,2023-11-01,750,N,VIIRS,n,2,298.77,6.31,D,0
31.59729,75.30878,345.56,0.44,0.38,2023-11-01,750,N,VIIRS,n,2,300.91,6.12,D,0
31.5989,75.25583,339.17,0.44,0.38,2023-11-01,750,N,VIIRS,n,2,306.2,6.6,D,0
31.59968,75.54889,331.05,0.43,0.38,2023-11-01,750,N,VIIRS,n,2,300.26,2.8,D,0
31.59969,74.71314,336.1,0.46,0.39,2023-11-01,750,N,VIIRS,n,2,300.32,3.82,D,0
31.6005,75.02497,333.47,0.45,0.39,2023-11-01,750,N,VIIRS,n,2,301.63,4.16,D,0
31.60094,75.57661,335.35,0.43,0.38,2023-11-01,750,N,VIIRS,n,2,301.87,3.64,D,0
31.60278,75.46372,334.4,0.43,0.38,2023-11-01,750,N,VIIRS,n,2,301.47,2.33,D,0
31.60387,75.44933,336.33,0.43,0.38,2023-11-01,750,N,VIIRS,n,2,302.09,3.58,D,0
31.6048,75.20642,341.77,0.44,0.38,2023-11-01,750,N,VIIRS,n,2,302.56,4.53,D,0
31.60833,75.59816,335.83,0.43,0.38,2023-11-01,750,N,VIIRS,n,2,303.97,4.78,D,0
31.60911,74.59968,330.37,0.47,0.39,2023-11-01,750,N,VIIRS,n,2,299.66,2.05,D,0
31.61024,74.60248,330.55,0.46,0.39,2023-11-01,750,N,VIIRS,n,2,299.14,1.89,D,0
31.6107,75.34363,332.41,0.44,0.38,2023-11-01,750,N,VIIRS,n,2,300.85,2.49,D,0
31.61179,75.59733,337.02,0.43,0.38,2023-11-01,750,N,VIIRS,n,2,300.81,4.78,D,0
31.61331,74.66444,332.77,0.46,0.39,2023-11-01,750,N,VIIRS,n,2,299.58,3.19,D,0
31.61399,75.46574,337.05,0.43,0.38,2023-11-01,750,N,VIIRS,n,2,301.9,4.99,D,0
31.61629,75.3755,341.48,0.44,0.38,2023-11-01,750,N,VIIRS,n,2,301.83,4.06,D,0
31.62015,75.45956,339.74,0.43,0.38,2023-11-01,750,N,VIIRS,n,2,301.78,4.52,D,0
31.62784,75.56552,333.07,0.43,0.38,2023-11-01,750,N,VIIRS,n,2,299.66,2.48,D,0
31.62836,75.4858,330.02,0.43,0.38,2023-11-01,750,N,VIIRS,n,2,300.63,2.65,D,0
31.62914,75.49031,336.93,0.43,0.38,2023-11-01,750,N,VIIRS,n,2,301.49,3.56,D,0
31.63509,75.54511,344.58,0.43,0.38,2023-11-01,750,N,VIIRS,n,2,301.82,4.11,D,0
31.6374,75.20966,330.98,0.44,0.38,2023-11-01,750,N,VIIRS,n,2,302.85,2.32,D,0
31.63856,75.54428,335.11,0.43,0.38,2023-11-01,750,N,VIIRS,n,2,301.23,4.11,D,0
31.63934,75.54877,340.99,0.43,0.38,2023-11-01,750,N,VIIRS,n,2,301.52,4.11,D,0
31.64202,75.54346,330.14,0.43,0.38,2023-11-01,750,N,VIIRS,n,2,300.87,2.75,D,0
31.6428,75.54794,340.84,0.43,0.38,2023-11-01,750,N,VIIRS,n,2,301.61,2.75,D,0
31.64584,75.2364,334.36,0.44,0.38,2023-11-01,750,N,VIIRS,n,2,304.8,6.53,D,0
31.64626,75.54712,333.24,0.43,0.38,2023-11-01,750,N,VIIRS,n,2,300.96,2.75,D,0
31.67288,78.02913,335.63,0.38,0.36,2023-11-01,750,N,VIIRS,n,2,289.13,7.86,D,0
31.69324,75.27753,333.26,0.44,0.38,2023-11-01,750,N,VIIRS,n,2,301.58,3.39,D,0
31.69815,75.0984,337.86,0.44,0.39,2023-11-01,750,N,VIIRS,n,2,304.13,4.94,D,0
31.69828,74.52959,333.81,0.47,0.4,2023-11-01,750,N,VIIRS,n,2,299.89,4.65,D,0
31.7006,75.09556,332.78,0.44,0.39,2023-11-01,750,N,VIIRS,n,2,301.58,2.66,D,0
31.70143,75.1002,330.89,0.44,0.39,2023-11-01,750,N,VIIRS,n,2,301.38,2.66,D,0
31.70498,75.4265,338.68,0.43,0.38,2023-11-01,750,N,VIIRS,n,2,302.45,4.24,D,0
31.7051,75.07991,339.09,0.44,0.39,2023-11-01,750,N,VIIRS,n,2,304.79,7.91,D,0
31.70835,74.70927,336.86,0.46,0.39,2023-11-01,750,N,VIIRS,n,2,299.69,6.22,D,0
31.70862,75.07906,335.73,0.44,0.39,2023-11-01,750,N,VIIRS,n,2,301.07,7.91,D,0
31.71009,74.71886,334.07,0.46,0.39,2023-11-01,750,N,VIIRS,n,2,300.54,6.5,D,0
31.71106,74.70357,340.14,0.46,0.39,2023-11-01,750,N,VIIRS,n,2,300.74,9.88,D,0
31.71205,74.56379,330.26,0.47,0.39,2023-11-01,750,N,VIIRS,n,2,298.82,2.66,D,0
31.71245,75.55129,332.69,0.43,0.38,2023-11-01,750,N,VIIRS,n,2,301.13,5.17,D,0
31.71741,75.29077,333.46,0.44,0.38,2023-11-01,750,N,VIIRS,n,2,303.12,1.42,D,0
31.72218,74.78579,331.1,0.46,0.39,2023-11-01,750,N,VIIRS,n,2,299.78,3.97,D,0
31.72331,75.30363,335.53,0.44,0.38,2023-11-01,750,N,VIIRS,n,2,301.93,3.4,D,0
31.72401,74.77538,330.38,0.46,0.39,2023-11-01,750,N,VIIRS,n,2,298.64,3.62,D,0
31.72467,75.26993,337.6,0.44,0.38,2023-11-01,750,N,VIIRS,n,2,306.23,8.42,D,0
31.72583,74.59901,332.32,0.46,0.39,2023-11-01,750,N,VIIRS,n,2,299.68,2.32,D,0
31.72641,74.60079,334.11,0.46,0.39,2023-11-01,750,N,VIIRS,n,2,299.69,6.06,D,0
31.72816,75.26908,337.83,0.44,0.38,2023-11-01,750,N,VIIRS,n,2,303.5,8.42,D,0
31.73109,75.20384,333.8,0.44,0.38,2023-11-01,750,N,VIIRS,n,2,303.38,5.49,D,0
31.73948,74.71656,332.48,0.46,0.39,2023-11-01,750,N,VIIRS,n,2,300.06,4.35,D,0
31.74238,74.81561,334.28,0.45,0.39,2023-11-01,750,N,VIIRS,n,2,300.81,2.91,D,0
31.7524,75.53244,334.97,0.43,0.38,2023-11-01,750,N,VIIRS,n,2,302.29,3.3,D,0
31.75439,75.56461,332.63,0.43,0.38,2023-11-01,750,N,VIIRS,n,2,301.64,4.23,D,0
31.75506,74.59364,337.71,0.46,0.39,2023-11-01,750,N,VIIRS,n,2,299.15,3.15,D,0
31.75704,75.14464,333.72,0.44,0.38,2023-11-01,750,N,VIIRS,n,2,303.34,2.78,D,0
31.75783,74.20298,330.99,0.48,0.4,2023-11-01,750,N,VIIRS,n,2,298.39,2.66,D,0
31.76876,75.1899,336.76,0.44,0.38,2023-11-01,750,N,VIIRS,n,2,303.43,5.32,D,0
31.76984,75.01061,330.83,0.45,0.39,2023-11-01,750,N,VIIRS,n,2,300.89,2.81,D,0
31.78531,74.65678,333.9,0.46,0.39,2023-11-01,750,N,VIIRS,n,2,300.95,2.81,D,0
31.78565,74.29021,330.28,0.48,0.4,2023-11-01,750,N,VIIRS,n,2,298.65,2.18,D,0
31.78614,75.12308,330.17,0.44,0.39,2023-11-01,750,N,VIIRS,n,2,302.17,1.57,D,0
31.80087,75.06138,337.22,0.44,0.39,2023-11-01,750,N,VIIRS,n,2,301.13,2.98,D,0
31.81264,74.49783,330.1,0.47,0.39,2023-11-01,750,N,VIIRS,n,2,296.69,3.51,D,0
31.81416,75.04023,341.63,0.44,0.39,2023-11-01,750,N,VIIRS,n,2,301.54,6.29,D,0
31.8179,74.48341,332.96,0.47,0.4,2023-11-01,750,N,VIIRS,n,2,297.82,5.44,D,0
31.82416,75.3387,338.04,0.43,0.38,2023-11-01,750,N,VIIRS,n,2,302.99,2.93,D,0
31.82622,74.01562,334.1,0.49,0.4,2023-11-01,750,N,VIIRS,n,2,298.44,7.04,D,0
31.827,74.01255,338.23,0.49,0.4,2023-11-01,750,N,VIIRS,n,2,300.72,8.9,D,0
31.82717,74.02074,339.53,0.49,0.4,2023-11-01,750,N,VIIRS,n,2,298.27,8.94,D,0
31.82797,74.01766,354.52,0.49,0.4,2023-11-01,750,N,VIIRS,n,2,299.03,8.9,D,0
31.82894,74.02277,336.6,0.49,0.4,2023-11-01,750,N,VIIRS,n,2,297.79,4.56,D,0
31.82989,74.01468,355.75,0.49,0.4,2023-11-01,750,N,VIIRS,n,2,298.39,7.04,D,0
31.83098,74.62019,345.66,0.46,0.39,2023-11-01,750,N,VIIRS,n,2,300.93,12.13,D,0
31.83206,75.09887,332.46,0.44,0.39,2023-11-01,750,N,VIIRS,n,2,300.62,2.32,D,0
31.83409,74.48956,330.53,0.47,0.39,2023-11-01,750,N,VIIRS,n,2,298.97,1.88,D,0
31.83737,74.88288,330.56,0.45,0.39,2023-11-01,750,N,VIIRS,n,2,299.2,1.8,D,0
31.84716,75.16265,340.82,0.44,0.38,2023-11-01,750,N,VIIRS,n,2,303.18,3.59,D,0
31.84742,75.34729,334.15,0.43,0.38,2023-11-01,750,N,VIIRS,n,2,302.51,2.95,D,0
31.849,74.10821,338.21,0.48,0.4,2023-11-01,750,N,VIIRS,n,2,300.0,3.59,D,0
31.85139,74.1105,332.91,0.48,0.4,2023-11-01,750,N,VIIRS,n,2,299.24,3.58,D,0
31.85473,74.41776,335.81,0.47,0.4,2023-11-01,750,N,VIIRS,n,2,299.38,4.23,D,0
31.86192,74.51828,330.25,0.47,0.39,2023-11-01,750,N,VIIRS,n,2,297.92,3.39,D,0
31.86864,74.73829,334.62,0.46,0.39,2023-11-01,750,N,VIIRS,n,2,300.87,3.4,D,0
31.87409,74.81945,336.19,0.45,0.39,2023-11-01,750,N,VIIRS,n,2,300.11,2.08,D,0
31.87419,74.66688,333.4,0.46,0.39,2023-11-01,750,N,VIIRS,n,2,300.66,3.12,D,0
31.87498,75.09321,332.92,0.44,0.39,2023-11-01,750,N,VIIRS,n,2,303.54,2.81,D,0
31.88341,74.81905,333.8,0.45,0.39,2023-11-01,750,N,VIIRS,n,2,300.06,3.65,D,0
31.88704,74.79835,344.53,0.45,0.39,2023-11-01,750,N,VIIRS,n,2,303.82,11.97,D,0
31.89289,75.13227,334.22,0.44,0.38,2023-11-01,750,N,VIIRS,n,2,303.69,3.17,D,0
31.90136,75.22139,333.01,0.44,0.38,2023-11-01,750,N,VIIRS,n,2,301.7,2.52,D,0
31.90315,74.76457,337.69,0.45,0.39,2023-11-01,750,N,VIIRS,n,2,300.64,3.38,D,0
31.90803,75.17665,332.99,0.44,0.38,2023-11-01,750,N,VIIRS,n,2,302.64,3.14,D,0
31.9183,74.27445,333.68,0.48,0.4,2023-11-01,750,N,VIIRS,n,2,296.11,1.87,D,0
31.92197,75.359,332.04,0.43,0.38,2023-11-01,750,N,VIIRS,n,2,300.86,1.62,D,0
31.92574,75.07282,332.4,0.44,0.39,2023-11-01,750,N,VIIRS,n,2,301.38,2.27,D,0
31.93043,75.67442,331.82,0.42,0.38,2023-11-01,750,N,VIIRS,n,2,303.43,3.52,D,0
31.93093,74.8567,331.48,0.45,0.39,2023-11-01,750,N,VIIRS,n,2,299.87,2.0,D,0
31.93771,74.89439,332.73,0.45,0.39,2023-11-01,750,N,VIIRS,n,2,301.56,5.32,D,0
31.9421,75.28777,333.6,0.43,0.38,2023-11-01,750,N,VIIRS,n,2,304.03,2.51,D,0
31.94284,74.30464,330.42,0.47,0.4,2023-11-01,750,N,VIIRS,n,2,298.15,2.1,D,0
31.94376,75.23495,330.07,0.44,0.38,2023-11-01,750,N,VIIRS,n,2,300.31,2.45,D,0
31.9496,74.8373,333.08,0.45,0.39,2023-11-01,750,N,VIIRS,n,2,300.54,2.67,D,0
31.95288,75.47379,342.14,0.43,0.38,2023-11-01,750,N,VIIRS,n,2,302.94,8.75,D,0
31.95523,75.48727,336.14,0.43,0.38,2023-11-01,750,N,VIIRS,n,2,300.71,2.77,D,0
31.95941,74.93318,336.75,0.45,0.39,2023-11-01,750,N,VIIRS,n,2,302.66,4.67,D,0
31.96108,74.94255,345.23,0.45,0.39,2023-11-01,750,N,VIIRS,n,2,303.37,7.58,D,0
31.96175,74.86388,332.81,0.45,0.39,2023-11-01,750,N,VIIRS,n,2,300.48,1.49,D,0
31.96914,74.92588,332.6,0.45,0.39,2023-11-01,750,N,VIIRS,n,2,301.58,3.14,D,0
31.97201,74.90067,332.24,0.45,0.39,2023-11-01,750,N,VIIRS,n,2,301.34,3.01,D,0
31.97505,74.85565,333.57,0.45,0.39,2023-11-01,750,N,VIIRS,n,2,301.0,3.54,D,0
31.97768,74.95312,332.19,0.45,0.39,2023-11-01,750,N,VIIRS,n,2,303.02,2.01,D,0
31.98715,74.34003,340.67,0.47,0.4,2023-11-01,750,N,VIIRS,n,2,300.25,5.1,D,0
31.98757,74.87391,341.91,0.45,0.39,2023-11-01,750,N,VIIRS,n,2,300.99,8.43,D,0
31.989,74.87189,346.09,0.45,0.39,2023-11-01,750,N,VIIRS,n,2,300.91,9.04,D,0
31.99645,74.86189,340.73,0.45,0.39,2023-11-01,750,N,VIIRS,n,2,302.97,11.22,D,0
32.01703,75.1132,330.11,0.44,0.38,2023-11-01,750,N,VIIRS,l,2,302.01,4.0,D,0
32.01784,74.95947,336.38,0.45,0.39,2023-11-01,750,N,VIIRS,n,2,302.03,3.83,D,0
32.03912,75.15586,332.35,0.44,0.38,2023-11-01,750,N,VIIRS,n,2,301.18,2.58,D,0
32.04849,75.23012,332.4,0.44,0.38,2023-11-01,750,N,VIIRS,n,2,300.77,2.18,D,0
32.04995,74.08585,341.35,0.48,0.4,2023-11-01,750,N,VIIRS,n,2,299.21,6.25,D,0
32.0694,74.77467,331.49,0.45,0.39,2023-11-01,750,N,VIIRS,n,2,300.18,3.08,D,0
32.11079,74.74651,330.65,0.45,0.39,2023-11-01,750,N,VIIRS,n,2,298.85,1.66,D,0
32.24441,74.46674,334.53,0.46,0.39,2023-11-01,750,N,VIIRS,n,2,302.39,3.07,D,0
32.24743,75.36932,332.55,0.43,0.38,2023-11-01,750,N,VIIRS,n,2,300.66,4.51,D,0
32.37569,74.38465,331.17,0.46,0.39,2023-11-01,750,N,VIIRS,n,2,301.12,1.65,D,0
32.3833,74.80164,338.72,0.45,0.39,2023-11-01,750,N,VIIRS,n,2,300.64,3.35,D,0
32.43409,74.78576,330.27,0.45,0.39,2023-11-01,750,N,VIIRS,n,2,299.18,2.0,D,0
32.45034,74.85527,328.97,0.44,0.39,2023-11-01,750,N,VIIRS,n,2,300.35,2.23,D,0
32.4001,74.04884,331.14,0.48,0.4,2023-11-01,751,N,VIIRS,n,2,298.22,1.72,D,0
28.77206,76.94732,300.78,0.37,0.58,2023-11-02,1955,N,VIIRS,n,2,288.9,0.71,N,0
29.70658,75.92796,303.47,0.44,0.62,2023-11-02,1955,N,VIIRS,n,2,286.84,0.71,N,0
27.88334,77.77324,299.94,0.32,0.55,2023-11-02,1956,N,VIIRS,n,2,289.87,0.47,N,0
29.46066,76.87026,297.63,0.63,0.72,2023-11-02,2136,N,VIIRS,n,2,287.51,1.04,N,0
29.91044,74.95391,299.13,0.48,0.65,2023-11-02,2136,N,VIIRS,n,2,288.31,0.6,N,2
27.01843,77.58755,336.38,0.43,0.62,2023-11-03,711,N,VIIRS,n,2,300.28,2.81,D,0
29.46541,76.51938,333.64,0.44,0.62,2023-11-03,712,N,VIIRS,n,2,295.05,2.71,D,0
29.75701,75.95645,349.0,0.47,0.64,2023-11-03,712,N,VIIRS,n,2,295.36,7.23,D,0
29.85274,75.926,337.99,0.47,0.64,2023-11-03,712,N,VIIRS,n,2,293.03,4.34,D,0
29.87782,75.90223,334.15,0.47,0.64,2023-11-03,712,N,VIIRS,n,2,293.89,3.56,D,0
29.90076,75.99236,340.19,0.46,0.64,2023-11-03,712,N,VIIRS,n,2,293.13,5.49,D,0
29.90606,76.84598,334.01,0.41,0.61,2023-11-03,712,N,VIIRS,n,2,296.75,4.78,D,0
29.92389,75.72374,330.59,0.48,0.64,2023-11-03,712,N,VIIRS,n,2,289.23,3.97,D,0
29.93036,76.1091,338.02,0.45,0.63,2023-11-03,712,N,VIIRS,n,2,294.52,4.45,D,0
29.94741,75.66814,330.55,0.48,0.65,2023-11-03,712,N,VIIRS,n,2,290.47,3.02,D,0
29.95036,75.70429,329.75,0.48,0.64,2023-11-03,712,N,VIIRS,n,2,291.13,5.27,D,0
29.95654,75.87508,335.09,0.47,0.64,2023-11-03,712,N,VIIRS,n,2,290.2,3.44,D,0
29.97806,75.76362,341.78,0.47,0.64,2023-11-03,712,N,VIIRS,n,2,287.25,6.17,D,0
29.98002,75.75888,331.01,0.47,0.64,2023-11-03,712,N,VIIRS,n,2,289.73,5.3,D,0
29.98128,75.76371,342.11,0.47,0.64,2023-11-03,712,N,VIIRS,n,2,286.53,5.3,D,0
29.98384,75.7617,336.69,0.47,0.64,2023-11-03,712,N,VIIRS,n,2,287.61,4.31,D,0
29.99888,75.94341,334.12,0.46,0.64,2023-11-03,712,N,VIIRS,n,2,293.86,3.34,D,0
30.00487,75.96696,334.23,0.46,0.63,2023-11-03,712,N,VIIRS,n,2,293.11,3.53,D,0
30.01244,75.92352,337.82,0.46,0.64,2023-11-03,712,N,VIIRS,n,2,293.07,6.78,D,0
30.04107,75.94572,329.8,0.46,0.63,2023-11-03,712,N,VIIRS,n,2,293.17,2.59,D,0
30.04603,75.95837,337.84,0.46,0.63,2023-11-03,712,N,VIIRS,n,2,294.47,2.78,D,0
30.04753,75.10448,337.28,0.51,0.66,2023-11-03,712,N,VIIRS,n,2,289.69,8.66,D,0
30.05058,75.7407,353.83,0.47,0.64,2023-11-03,712,N,VIIRS,n,2,292.84,7.22,D,0
30.06474,75.56252,334.65,0.48,0.65,2023-11-03,712,N,VIIRS,n,2,291.15,6.44,D,0
30.0673,75.55973,350.48,0.48,0.65,2023-11-03,712,N,VIIRS,n,2,290.19,8.48,D,0
30.07085,75.94102,345.3,0.46,0.63,2023-11-03,712,N,VIIRS,n,2,293.83,4.68,D,0
30.07453,76.14517,331.58,0.45,0.63,2023-11-03,712,N,VIIRS,n,2,293.3,6.61,D,0
30.07683,76.06039,338.28,0.45,0.63,2023-11-03,712,N,VIIRS,n,2,293.59,2.89,D,0
30.07868,76.0639,330.06,0.45,0.63,2023-11-03,712,N,VIIRS,n,2,293.92,4.19,D,0
30.08022,75.78316,337.06,0.47,0.64,2023-11-03,712,N,VIIRS,n,2,285.75,3.54,D,0
30.09844,75.7159,330.08,0.47,0.64,2023-11-03,712,N,VIIRS,n,2,292.36,2.61,D,0
30.1026,76.01673,339.03,0.45,0.63,2023-11-03,712,N,VIIRS,n,2,293.7,7.21,D,0
30.10616,76.03066,356.66,0.45,0.63,2023-11-03,712,N,VIIRS,l,2,294.52,12.31,D,0
30.10734,76.0353,351.74,0.45,0.63,2023-11-03,712,N,VIIRS,n,2,293.89,15.02,D,0
30.10814,75.89279,340.13,0.46,0.64,2023-11-03,712,N,VIIRS,n,2,291.2,4.93,D,0
30.10934,75.89753,336.95,0.46,0.64,2023-11-03,712,N,VIIRS,n,2,291.89,4.93,D,0
30.13494,76.07129,350.08,0.45,0.63,2023-11-03,712,N,VIIRS,n,2,295.04,5.43,D,0
30.13838,75.67622,330.23,0.47,0.64,2023-11-03,712,N,VIIRS,n,2,293.06,2.22,D,0
30.14276,75.26967,330.61,0.5,0.66,2023-11-03,712,N,VIIRS,n,2,293.11,3.64,D,0
30.1484,75.78799,367.0,0.47,0.64,2023-11-03,712,N,VIIRS,h,2,295.9,14.9,D,0
30.14898,75.98242,367.0,0.45,0.63,2023-11-03,712,N,VIIRS,h,2,295.46,10.79,D,0
30.14906,75.98113,337.96,0.46,0.63,2023-11-03,712,N,VIIRS,n,2,293.33,5.23,D,0
30.15023,75.98579,340.36,0.45,0.63,2023-11-03,712,N,VIIRS,n,2,293.57,5.23,D,0
30.15035,75.91599,344.09,0.46,0.63,2023-11-03,712,N,VIIRS,n,2,292.66,12.18,D,0
30.15156,75.92068,367.0,0.46,0.63,2023-11-03,712,N,VIIRS,h,2,296.6,21.82,D,0
30.15198,75.91918,367.0,0.46,0.63,2023-11-03,712,N,VIIRS,h,2,298.46,33.58,D,0
30.15226,75.97124,342.27,0.46,0.63,2023-11-03,712,N,VIIRS,n,2,292.92,8.58,D,0
30.1524,75.9699,354.07,0.46,0.63,2023-11-03,712,N,VIIRS,n,2,293.5,8.71,D,0
30.15605,75.91409,333.09,0.46,0.63,2023-11-03,712,N,VIIRS,n,2,291.23,6.47,D,0
30.15727,75.91879,355.47,0.46,0.63,2023-11-03,712,N,VIIRS,n,2,291.47,14.14,D,0
30.15768,75.91727,333.18,0.46,0.63,2023-11-03,712,N,VIIRS,n,2,291.16,7.11,D,0
30.16239,76.10707,336.32,0.45,0.63,2023-11-03,712,N,VIIRS,n,2,293.58,3.7,D,0
30.16746,75.91029,334.55,0.46,0.63,2023-11-03,712,N,VIIRS,n,2,289.61,5.33,D,0
30.16868,75.91499,331.72,0.46,0.63,2023-11-03,712,N,VIIRS,n,2,287.89,5.2,D,0
30.17142,75.70724,329.68,0.47,0.64,2023-11-03,712,N,VIIRS,n,2,293.56,2.69,D,0
30.19008,76.38535,331.83,0.43,0.62,2023-11-03,712,N,VIIRS,n,2,295.43,2.24,D,0
30.19583,75.54668,335.68,0.48,0.65,2023-11-03,712,N,VIIRS,n,2,292.22,3.35,D,0
30.19655,75.27915,348.87,0.5,0.66,2023-11-03,712,N,VIIRS,n,2,293.82,7.05,D,0
30.19797,75.27817,347.64,0.5,0.66,2023-11-03,712,N,VIIRS,n,2,293.71,5.01,D,0
30.20261,75.87814,334.22,0.46,0.64,2023-11-03,712,N,VIIRS,n,2,293.5,2.94,D,0
30.20278,75.59767,332.79,0.48,0.64,2023-11-03,712,N,VIIRS,n,2,293.3,2.71,D,0
30.2074,75.79938,367.0,0.46,0.64,2023-11-03,712,N,VIIRS,h,2,295.65,12.61,D,0
30.20967,75.33006,352.17,0.49,0.65,2023-11-03,712,N,VIIRS,n,2,294.42,7.92,D,0
30.21138,75.32887,351.01,0.49,0.65,2023-11-03,712,N,VIIRS,n,2,294.54,6.6,D,0
30.21816,76.05994,367.0,0.45,0.63,2023-11-03,712,N,VIIRS,h,2,297.01,14.98,D,0
30.222,74.43237,331.54,0.55,0.68,2023-11-03,712,N,VIIRS,n,2,290.83,5.78,D,0
30.22593,74.43451,331.48,0.55,0.68,2023-11-03,712,N,VIIRS,n,2,290.48,4.86,D,0
30.22601,75.38428,333.34,0.49,0.65,2023-11-03,712,N,VIIRS,n,2,293.5,5.2,D,0
30.22717,75.92606,341.28,0.46,0.63,2023-11-03,712,N,VIIRS,n,2,295.29,4.27,D,0
30.22916,76.17878,329.53,0.44,0.62,2023-11-03,712,N,VIIRS,n,2,295.77,2.33,D,0
30.22983,75.38365,334.01,0.49,0.65,2023-11-03,712,N,VIIRS,n,2,293.29,3.17,D,0
30.23034,76.17951,340.51,0.44,0.62,2023-11-03,712,N,VIIRS,n,2,295.53,3.36,D,0
30.23273,74.79881,350.53,0.53,0.67,2023-11-03,712,N,VIIRS,n,2,292.39,7.01,D,0
30.23471,75.88889,343.1,0.46,0.63,2023-11-03,712,N,VIIRS,n,2,294.3,4.55,D,0
30.23594,75.88748,339.77,0.46,0.63,2023-11-03,712,N,VIIRS,n,2,294.65,3.38,D,0
30.23798,76.1377,367.0,0.44,0.63,2023-11-03,712,N,VIIRS,h,2,295.86,7.13,D,0
30.23914,75.73798,334.01,0.47,0.64,2023-11-03,712,N,VIIRS,n,2,293.74,3.22,D,0
30.2403,75.54774,346.23,0.48,0.65,2023-11-03,712,N,VIIRS,n,2,294.26,6.26,D,0
30.24118,75.72169,353.67,0.47,0.64,2023-11-03,712,N,VIIRS,n,2,294.54,6.24,D,0
30.26882,74.44432,340.73,0.55,0.68,2023-11-03,712,N,VIIRS,n,2,290.55,12.45,D,0
30.26958,76.14202,367.0,0.44,0.63,2023-11-03,712,N,VIIRS,h,2,299.03,14.76,D,0
30.27062,76.12198,346.54,0.44,0.63,2023-11-03,712,N,VIIRS,n,2,294.89,4.6,D,0
30.28243,76.33674,351.11,0.43,0.62,2023-11-03,712,N,VIIRS,n,2,296.5,7.46,D,0
30.29403,77.33852,333.22,0.38,0.59,2023-11-03,712,N,VIIRS,n,2,299.05,2.55,D,0
30.29709,75.6715,338.28,0.47,0.64,2023-11-03,712,N,VIIRS,n,2,294.74,4.36,D,0
30.30079,75.66931,343.48,0.47,0.64,2023-11-03,712,N,VIIRS,n,2,295.16,6.49,D,0
30.30812,75.71485,330.53,0.47,0.64,2023-11-03,712,N,VIIRS,n,2,295.15,3.16,D,0
30.30825,75.81318,340.13,0.46,0.64,2023-11-03,712,N,VIIRS,n,2,294.8,4.4,D,0
30.30901,76.15351,342.86,0.44,0.62,2023-11-03,712,N,VIIRS,n,2,296.39,3.79,D,0
30.30937,76.15399,342.98,0.44,0.62,2023-11-03,712,N,VIIRS,n,2,296.24,4.89,D,0
30.31213,76.53883,329.64,0.42,0.61,2023-11-03,712,N,VIIRS,n,2,295.28,1.69,D,0
30.31217,75.85292,334.84,0.46,0.63,2023-11-03,712,N,VIIRS,n,2,295.26,2.32,D,0
30.31331,75.71732,338.15,0.47,0.64,2023-11-03,712,N,VIIRS,n,2,295.47,5.73,D,0
30.31507,75.7177,339.31,0.47,0.64,2023-11-03,712,N,VIIRS,n,2,295.12,3.72,D,0
30.31927,76.12128,333.24,0.44,0.63,2023-11-03,712,N,VIIRS,n,2,296.34,2.62,D,0
30.31998,75.83495,330.78,0.46,0.63,2023-11-03,712,N,VIIRS,n,2,295.24,2.25,D,0
30.3222,76.06105,367.0,0.45,0.63,2023-11-03,712,N,VIIRS,h,2,297.43,10.58,D,0
30.32294,76.01598,367.0,0.45,0.63,2023-11-03,712,N,VIIRS,h,2,299.36,20.2,D,0
30.33146,76.29182,353.6,0.43,0.62,2023-11-03,712,N,VIIRS,n,2,296.52,6.06,D,0
30.33393,75.77263,330.23,0.46,0.64,2023-11-03,712,N,VIIRS,n,2,295.15,3.11,D,0
30.33533,75.77312,331.41,0.46,0.64,2023-11-03,712,N,VIIRS,n,2,294.86,4.46,D,0
30.33542,76.01678,341.09,0.45,0.63,2023-11-03,712,N,VIIRS,n,2,295.83,10.99,D,0
30.33659,76.02139,367.0,0.45,0.63,2023-11-03,712,N,VIIRS,h,2,298.02,19.11,D,0
30.3383,76.10018,346.26,0.44,0.63,2023-11-03,712,N,VIIRS,n,2,296.67,5.6,D,0
30.33885,75.79157,343.8,0.46,0.64,2023-11-03,712,N,VIIRS,n,2,296.11,4.84,D,0
30.33926,75.81709,346.43,0.46,0.64,2023-11-03,712,N,VIIRS,n,2,296.55,6.12,D,0
30.34014,75.79214,338.91,0.46,0.64,2023-11-03,712,N,VIIRS,n,2,295.92,7.17,D,0
30.34042,75.81779,353.82,0.46,0.64,2023-11-03,712,N,VIIRS,n,2,297.12,9.65,D,0
30.34114,75.3122,348.36,0.49,0.65,2023-11-03,712,N,VIIRS,n,2,293.64,6.52,D,0
30.34285,75.31348,339.66,0.49,0.65,2023-11-03,712,N,VIIRS,n,2,292.68,7.05,D,0
30.34393,76.0983,337.78,0.44,0.63,2023-11-03,712,N,VIIRS,n,2,294.98,5.6,D,0
30.34654,75.70101,330.72,0.47,0.64,2023-11-03,712,N,VIIRS,n,2,294.29,3.0,D,0
30.34849,75.94729,345.57,0.45,0.63,2023-11-03,712,N,VIIRS,n,2,296.18,4.92,D,0
30.35588,76.02496,338.58,0.45,0.63,2023-11-03,712,N,VIIRS,n,2,296.24,5.88,D,0
30.35846,75.79532,355.85,0.46,0.64,2023-11-03,712,N,VIIRS,n,2,295.95,7.16,D,0
30.3646,75.20101,330.36,0.5,0.66,2023-11-03,712,N,VIIRS,n,2,292.84,2.24,D,0
30.3678,75.97475,334.3,0.45,0.63,2023-11-03,712,N,VIIRS,n,2,297.09,4.24,D,0
30.37614,76.00697,353.61,0.45,0.63,2023-11-03,712,N,VIIRS,n,2,296.73,5.89,D,0
30.37615,76.00822,347.24,0.45,0.63,2023-11-03,712,N,VIIRS,n,2,296.48,5.69,D,0
30.37906,74.44557,336.96,0.55,0.68,2023-11-03,712,N,VIIRS,n,2,290.0,6.33,D,0
30.38091,75.93023,330.58,0.45,0.63,2023-11-03,712,N,VIIRS,n,2,295.72,2.41,D,0
30.38202,75.83863,342.26,0.46,0.63,2023-11-03,712,N,VIIRS,n,2,296.43,5.13,D,0
30.39831,75.00563,337.44,0.51,0.66,2023-11-03,712,N,VIIRS,n,2,291.33,4.67,D,0
30.39992,76.54328,332.3,0.42,0.61,2023-11-03,712,N,VIIRS,n,2,297.71,1.62,D,0
30.40399,75.68166,340.93,0.47,0.64,2023-11-03,712,N,VIIRS,n,2,294.61,3.18,D,0
30.40414,75.9727,345.37,0.45,0.63,2023-11-03,712,N,VIIRS,n,2,296.4,7.13,D,0
30.40571,75.81025,347.93,0.46,0.63,2023-11-03,712,N,VIIRS,n,2,295.32,7.9,D,0
30.40774,75.68166,335.91,0.47,0.64,2023-11-03,712,N,VIIRS,n,2,294.28,5.11,D,0
30.41231,75.88445,332.29,0.45,0.63,2023-11-03,712,N,VIIRS,n,2,295.23,2.17,D,0
30.41441,76.81603,329.9,0.4,0.6,2023-11-03,712,N,VIIRS,n,2,297.42,2.16,D,0
30.41467,76.48247,336.26,0.42,0.61,2023-11-03,712,N,VIIRS,n,2,297.56,2.96,D,0
30.41706,76.48201,340.29,0.42,0.61,2023-11-03,712,N,VIIRS,n,2,296.58,2.86,D,0
30.42416,75.63821,329.18,0.47,0.64,2023-11-03,712,N,VIIRS,n,2,293.68,2.6,D,0
30.44259,74.92939,328.64,0.51,0.66,2023-11-03,712,N,VIIRS,n,2,290.38,2.29,D,0
30.44608,75.39274,337.19,0.48,0.65,2023-11-03,712,N,VIIRS,n,2,293.22,2.78,D,0
30.4493,75.39354,332.37,0.48,0.65,2023-11-03,712,N,VIIRS,n,2,292.96,5.08,D,0
30.45021,76.44777,338.22,0.42,0.61,2023-11-03,712,N,VIIRS,n,2,296.3,3.21,D,0
30.45674,75.27663,337.47,0.49,0.65,2023-11-03,712,N,VIIRS,n,2,291.72,5.5,D,0
30.45908,76.04398,331.86,0.44,0.63,2023-11-03,712,N,VIIRS,n,2,295.76,3.03,D,0
30.46288,75.53175,356.43,0.47,0.64,2023-11-03,712,N,VIIRS,n,2,291.74,8.94,D,0
30.46307,75.8227,341.59,0.46,0.63,2023-11-03,712,N,VIIRS,n,2,296.44,4.78,D,0
30.46417,75.82121,333.31,0.46,0.63,2023-11-03,712,N,VIIRS,n,2,295.88,4.97,D,0
30.49188,76.47153,336.93,0.42,0.61,2023-11-03,712,N,VIIRS,n,2,296.68,3.03,D,0
30.4981,75.98214,340.9,0.45,0.63,2023-11-03,712,N,VIIRS,n,2,296.25,4.22,D,0
30.49825,75.98122,337.74,0.45,0.63,2023-11-03,712,N,VIIRS,n,2,296.71,4.66,D,0
30.49903,76.20187,367.0,0.43,0.62,2023-11-03,712,N,VIIRS,h,2,299.18,10.81,D,0
30.49952,76.01064,346.42,0.44,0.63,2023-11-03,712,N,VIIRS,n,2,296.57,5.15,D,0
30.49952,76.01142,347.59,0.44,0.63,2023-11-03,712,N,VIIRS,n,2,296.45,5.54,D,0
30.50246,76.38199,331.66,0.42,0.61,2023-11-03,712,N,VIIRS,n,2,297.09,3.03,D,0
30.5098,76.42349,330.67,0.42,0.61,2023-11-03,712,N,VIIRS,n,2,296.25,1.96,D,0
30.51314,75.63042,333.47,0.47,0.64,2023-11-03,712,N,VIIRS,n,2,292.88,3.47,D,0
30.5246,75.51241,353.13,0.47,0.64,2023-11-03,712,N,VIIRS,n,2,285.41,7.81,D,0
30.56966,76.30827,350.53,0.43,0.62,2023-11-03,712,N,VIIRS,n,2,296.26,5.34,D,0
30.57341,76.30656,355.95,0.43,0.62,2023-11-03,712,N,VIIRS,n,2,296.57,7.51,D,0
30.58201,75.85368,331.85,0.45,0.63,2023-11-03,712,N,VIIRS,n,2,295.43,3.46,D,0
30.5822,75.85488,338.33,0.45,0.63,2023-11-03,712,N,VIIRS,n,2,295.53,3.75,D,0
30.58743,75.65885,339.38,0.46,0.64,2023-11-03,712,N,VIIRS,n,2,294.82,4.4,D,0
30.59023,76.10423,336.22,0.44,0.62,2023-11-03,712,N,VIIRS,n,2,295.79,7.16,D,0
30.61112,75.89549,335.56,0.45,0.63,2023-11-03,712,N,VIIRS,n,2,295.23,3.6,D,0
30.62459,76.5374,342.47,0.41,0.61,2023-11-03,712,N,VIIRS,n,2,297.4,3.75,D,0
30.62775,76.53659,351.48,0.41,0.61,2023-11-03,712,N,VIIRS,n,2,297.33,8.56,D,0
30.63005,76.5356,330.95,0.41,0.61,2023-11-03,712,N,VIIRS,n,2,296.12,3.98,D,0
30.68484,76.48097,356.23,0.41,0.61,2023-11-03,712,N,VIIRS,n,2,297.07,7.59,D,0
30.69308,76.38111,333.6,0.42,0.61,2023-11-03,712,N,VIIRS,n,2,296.06,2.86,D,0
30.71287,76.38858,339.01,0.42,0.61,2023-11-03,712,N,VIIRS,n,2,297.15,2.95,D,0
30.71503,76.38734,330.91,0.42,0.61,2023-11-03,712,N,VIIRS,n,2,296.57,2.82,D,0
30.72572,75.96149,338.29,0.44,0.63,2023-11-03,712,N,VIIRS,n,2,296.91,2.54,D,0
30.72601,75.96223,340.33,0.44,0.62,2023-11-03,712,N,VIIRS,n,2,296.45,3.71,D,0
30.74657,76.4748,349.23,0.41,0.61,2023-11-03,712,N,VIIRS,n,2,296.41,6.49,D,0
30.74938,76.29677,335.12,0.42,0.61,2023-11-03,712,N,VIIRS,n,2,297.11,3.39,D,0
30.75047,76.30113,336.3,0.42,0.61,2023-11-03,712,N,VIIRS,n,2,296.53,3.39,D,0
30.81116,75.88892,329.91,0.44,0.63,2023-11-03,712,N,VIIRS,n,2,296.63,1.99,D,0
30.83206,76.30727,332.63,0.42,0.61,2023-11-03,712,N,VIIRS,n,2,295.76,3.0,D,0
30.84876,76.13542,331.57,0.43,0.62,2023-11-03,712,N,VIIRS,n,2,296.4,5.89,D,0
30.8543,76.13354,349.89,0.43,0.62,2023-11-03,712,N,VIIRS,n,2,296.74,5.89,D,0
30.56115,74.57301,334.6,0.53,0.67,2023-11-03,713,N,VIIRS,n,2,290.73,4.08,D,0
30.56439,74.70033,338.0,0.52,0.67,2023-11-03,713,N,VIIRS,n,2,290.82,6.79,D,0
30.63251,74.90917,329.5,0.51,0.66,2023-11-03,713,N,VIIRS,n,2,291.08,5.1,D,0
30.72864,75.12544,334.56,0.49,0.65,2023-11-03,713,N,VIIRS,n,2,289.91,4.16,D,0
30.74737,74.82774,333.06,0.51,0.66,2023-11-03,713,N,VIIRS,n,2,288.66,6.03,D,0
30.75233,74.82345,341.89,0.51,0.66,2023-11-03,713,N,VIIRS,n,2,291.4,11.2,D,0
30.77273,74.70297,348.35,0.52,0.67,2023-11-03,713,N,VIIRS,n,2,291.4,7.85,D,0
30.84095,74.38017,330.81,0.54,0.68,2023-11-03,713,N,VIIRS,n,2,286.44,4.01,D,0
30.85053,76.13326,367.0,0.43,0.62,2023-11-03,713,N,VIIRS,h,2,299.86,12.99,D,0
30.85199,74.75639,332.72,0.51,0.66,2023-11-03,713,N,VIIRS,n,2,291.37,4.1,D,0
30.86887,74.82178,334.55,0.51,0.66,2023-11-03,713,N,VIIRS,n,2,290.63,7.65,D,0
30.86992,74.82509,345.52,0.51,0.66,2023-11-03,713,N,VIIRS,n,2,291.44,7.36,D,0
30.89683,76.03071,343.29,0.43,0.62,2023-11-03,713,N,VIIRS,n,2,299.01,5.67,D,0
30.90053,76.14038,338.42,0.43,0.62,2023-11-03,713,N,VIIRS,n,2,296.09,3.36,D,0
30.9082,76.09939,328.88,0.43,0.62,2023-11-03,713,N,VIIRS,n,2,296.1,1.73,D,0
30.94559,74.89168,346.54,0.5,0.66,2023-11-03,713,N,VIIRS,n,2,292.14,7.34,D,0
30.94595,76.10582,329.52,0.43,0.62,2023-11-03,713,N,VIIRS,n,2,295.49,2.0,D,0
30.95307,76.10397,333.21,0.43,0.62,2023-11-03,713,N,VIIRS,n,2,296.12,2.81,D,0
30.95539,75.9481,340.0,0.44,0.62,2023-11-03,713,N,VIIRS,n,2,296.89,5.16,D,0
30.95585,75.02813,339.1,0.49,0.65,2023-11-03,713,N,VIIRS,n,2,289.1,4.2,D,0
30.95654,75.95261,349.91,0.44,0.62,2023-11-03,713,N,VIIRS,n,2,297.4,8.49,D,0
30.98102,76.26968,328.91,0.42,0.61,2023-11-03,713,N,VIIRS,n,2,296.04,2.2,D,0
30.98232,74.88439,340.68,0.5,0.66,2023-11-03,713,N,VIIRS,n,2,292.18,5.92,D,0
30.98415,74.88611,332.63,0.5,0.66,2023-11-03,713,N,VIIRS,n,2,292.22,4.64,D,0
30.9929,75.68726,338.69,0.45,0.63,2023-11-03,713,N,VIIRS,n,2,293.97,3.14,D,0
31.01758,74.81773,329.64,0.5,0.66,2023-11-03,713,N,VIIRS,n,2,291.62,4.98,D,0
31.02006,74.95541,329.78,0.5,0.65,2023-11-03,713,N,VIIRS,n,2,291.56,2.21,D,0
31.0255,75.57404,348.49,0.46,0.63,2023-11-03,713,N,VIIRS,n,2,295.25,6.48,D,0
31.03028,75.11776,330.67,0.48,0.65,2023-11-03,713,N,VIIRS,n,2,291.98,3.89,D,0
31.03341,75.11871,330.24,0.48,0.65,2023-11-03,713,N,VIIRS,n,2,291.75,4.73,D,0
31.04894,75.2628,329.49,0.48,0.64,2023-11-03,713,N,VIIRS,n,2,293.27,1.71,D,0
31.0503,74.79482,330.45,0.5,0.66,2023-11-03,713,N,VIIRS,n,2,290.96,7.99,D,0
31.05163,74.79917,329.93,0.5,0.66,2023-11-03,713,N,VIIRS,n,2,290.71,5.52,D,0
31.05664,75.93449,336.33,0.44,0.62,2023-11-03,713,N,VIIRS,n,2,297.28,2.93,D,0
31.06704,75.71258,329.42,0.45,0.63,2023-11-03,713,N,VIIRS,n,2,293.26,1.78,D,0
31.07805,75.80392,342.91,0.44,0.63,2023-11-03,713,N,VIIRS,n,2,296.52,4.75,D,0
31.08,74.98135,330.07,0.49,0.65,2023-11-03,713,N,VIIRS,n,2,292.09,2.16,D,0
31.09182,75.64429,367.0,0.45,0.63,2023-11-03,713,N,VIIRS,h,2,296.45,13.83,D,0
31.13147,75.91885,330.34,0.43,0.62,2023-11-03,713,N,VIIRS,n,2,298.46,2.62,D,0
31.13243,75.91911,331.07,0.43,0.62,2023-11-03,713,N,VIIRS,n,2,298.18,3.41,D,0
31.13639,76.17641,327.62,0.42,0.61,2023-11-03,713,N,VIIRS,n,2,294.57,1.93,D,0
31.14359,75.91534,332.8,0.43,0.62,2023-11-03,713,N,VIIRS,n,2,297.37,2.57,D,0
31.15377,75.69384,332.65,0.45,0.63,2023-11-03,713,N,VIIRS,n,2,294.72,5.03,D,0
31.15495,75.69846,346.57,0.45,0.63,2023-11-03,713,N,VIIRS,n,2,295.2,7.88,D,0
31.16504,75.68996,349.82,0.45,0.63,2023-11-03,713,N,VIIRS,n,2,295.22,7.84,D,0
31.17068,75.68801,339.84,0.45,0.63,2023-11-03,713,N,VIIRS,n,2,293.9,7.84,D,0
31.1831,75.20718,332.43,0.48,0.64,2023-11-03,713,N,VIIRS,n,2,292.53,2.72,D,0
31.18419,75.97921,332.54,0.43,0.62,2023-11-03,713,N,VIIRS,n,2,296.83,3.25,D,0
31.1868,75.21012,332.98,0.47,0.64,2023-11-03,713,N,VIIRS,n,2,293.09,4.19,D,0
31.19014,75.21007,328.94,0.47,0.64,2023-11-03,713,N,VIIRS,n,2,292.6,2.52,D,0
31.20421,74.9058,331.91,0.49,0.65,2023-11-03,713,N,VIIRS,n,2,289.72,5.1,D,0
31.20902,74.90752,331.5,0.49,0.65,2023-11-03,713,N,VIIRS,n,2,291.07,3.73,D,0
31.21378,75.31251,328.28,0.47,0.64,2023-11-03,713,N,VIIRS,n,2,287.91,2.31,D,0
31.22125,74.84944,331.64,0.5,0.65,2023-11-03,713,N,VIIRS,n,2,291.95,2.52,D,0
31.22944,74.88021,337.79,0.49,0.65,2023-11-03,713,N,VIIRS,n,2,292.14,4.43,D,0
31.23028,74.5448,332.27,0.52,0.66,2023-11-03,713,N,VIIRS,n,2,288.96,4.45,D,0
31.24117,74.87609,328.69,0.49,0.65,2023-11-03,713,N,VIIRS,n,2,291.45,4.0,D,0
31.26262,75.06499,333.29,0.48,0.65,2023-11-03,713,N,VIIRS,n,2,292.92,5.04,D,0
31.26462,75.06084,350.73,0.48,0.65,2023-11-03,713,N,VIIRS,n,2,293.05,9.55,D,0
31.26715,75.058,337.76,0.48,0.65,2023-11-03,713,N,VIIRS,n,2,292.72,5.04,D,0
31.27276,74.75222,331.33,0.5,0.66,2023-11-03,713,N,VIIRS,n,2,292.6,3.26,D,0
31.28631,74.99865,328.14,0.49,0.65,2023-11-03,713,N,VIIRS,n,2,292.45,4.14,D,0
31.28766,75.2194,342.14,0.47,0.64,2023-11-03,713,N,VIIRS,n,2,292.69,5.82,D,0
31.28928,75.21717,345.66,0.47,0.64,2023-11-03,713,N,VIIRS,n,2,292.73,4.96,D,0
31.3094,74.71859,328.75,0.5,0.66,2023-11-03,713,N,VIIRS,n,2,289.24,2.83,D,0
31.39215,74.5885,332.89,0.51,0.66,2023-11-03,713,N,VIIRS,n,2,291.99,8.14,D,0
31.39949,74.59167,342.58,0.51,0.66,2023-11-03,713,N,VIIRS,n,2,292.39,9.62,D,0
31.49026,74.61596,329.17,0.5,0.66,2023-11-03,713,N,VIIRS,n,2,291.37,4.98,D,0
31.54386,74.95971,327.96,0.48,0.65,2023-11-03,713,N,VIIRS,n,2,292.32,4.41,D,0
31.54771,74.95943,331.25,0.48,0.65,2023-11-03,713,N,VIIRS,n,2,292.28,3.62,D,0
31.59671,75.62785,341.47,0.44,0.62,2023-11-03,713,N,VIIRS,n,2,295.27,4.31,D,0
31.59815,74.5799,332.73,0.5,0.66,2023-11-03,713,N,VIIRS,n,2,291.91,5.6,D,0
31.63229,75.5014,330.58,0.45,0.63,2023-11-03,713,N,VIIRS,n,2,283.71,5.4,D,0
31.68523,75.32877,335.99,0.45,0.63,2023-11-03,713,N,VIIRS,n,2,280.88,3.05,D,0
31.70327,75.08654,329.75,0.47,0.64,2023-11-03,713,N,VIIRS,n,2,290.68,3.71,D,0
31.75137,74.6687,333.14,0.49,0.65,2023-11-03,713,N,VIIRS,n,2,293.06,3.65,D,0
31.88965,75.09796,329.23,0.46,0.64,2023-11-03,713,N,VIIRS,n,2,293.14,2.56,D,0
31.89083,74.84743,333.63,0.48,0.65,2023-11-03,713,N,VIIRS,n,2,294.16,2.58,D,0
31.91686,74.67475,335.62,0.49,0.65,2023-11-03,713,N,VIIRS,n,2,294.63,4.16,D,0
31.95642,75.236,337.78,0.45,0.63,2023-11-03,713,N,VIIRS,n,2,293.59,2.79,D,0
31.9565,75.2374,330.34,0.45,0.63,2023-11-03,713,N,VIIRS,n,2,293.38,3.31,D,0
31.96078,75.27702,329.04,0.45,0.63,2023-11-03,713,N,VIIRS,n,2,293.35,3.44,D,0
31.96169,75.28048,337.21,0.45,0.63,2023-11-03,713,N,VIIRS,n,2,293.73,4.87,D,0
32.22356,74.05151,331.89,0.52,0.67,2023-11-03,713,N,VIIRS,n,2,296.65,3.6,D,0
29.16391,75.96946,336.55,0.51,0.66,2023-11-03,852,N,VIIRS,n,2,291.6,4.02,D,0
29.38608,74.02831,356.19,0.39,0.6,2023-11-03,853,N,VIIRS,n,2,297.25,8.09,D,0
29.38666,74.03665,331.1,0.4,0.6,2023-11-03,853,N,VIIRS,n,2,296.06,3.27,D,0
29.49807,74.12449,367.0,0.4,0.6,2023-11-03,853,N,VIIRS,h,2,295.04,8.23,D,0
29.70317,75.31532,329.98,0.47,0.64,2023-11-03,853,N,VIIRS,n,2,292.04,3.07,D,0
29.73754,77.26542,327.59,0.62,0.71,2023-11-03,853,N,VIIRS,n,2,292.4,3.86,D,0
29.76192,75.68074,331.97,0.5,0.66,2023-11-03,853,N,VIIRS,n,2,290.24,5.4,D,0
29.77093,75.52674,334.26,0.49,0.65,2023-11-03,853,N,VIIRS,n,2,292.72,4.04,D,0
29.77342,76.09277,329.65,0.53,0.67,2023-11-03,853,N,VIIRS,n,2,289.22,7.87,D,0
29.79987,75.70225,333.47,0.5,0.66,2023-11-03,853,N,VIIRS,n,2,291.08,5.51,D,0
29.80007,75.50377,334.12,0.49,0.65,2023-11-03,853,N,VIIRS,n,2,292.17,5.57,D,0
29.80046,75.7049,330.59,0.5,0.66,2023-11-03,853,N,VIIRS,n,2,290.65,5.17,D,0
29.80072,75.50089,348.79,0.49,0.65,2023-11-03,853,N,VIIRS,n,2,293.52,9.56,D,0
29.83097,76.16084,330.07,0.53,0.67,2023-11-03,853,N,VIIRS,n,2,288.46,3.33,D,0
29.83799,75.61407,334.45,0.5,0.65,2023-11-03,853,N,VIIRS,n,2,291.43,4.43,D,0
29.83849,75.51906,341.01,0.49,0.65,2023-11-03,853,N,VIIRS,n,2,291.81,4.32,D,0
29.83965,76.08611,333.27,0.53,0.67,2023-11-03,853,N,VIIRS,n,2,289.63,7.78,D,0
29.84631,75.65074,335.46,0.5,0.66,2023-11-03,853,N,VIIRS,n,2,288.72,9.39,D,0
29.85472,75.05713,328.68,0.46,0.64,2023-11-03,853,N,VIIRS,n,2,292.81,2.3,D,0
29.85607,75.92779,353.99,0.52,0.67,2023-11-03,853,N,VIIRS,n,2,291.03,9.84,D,0
29.85938,75.76831,330.31,0.51,0.66,2023-11-03,853,N,VIIRS,n,2,286.9,6.17,D,0
29.86906,75.82763,333.63,0.51,0.66,2023-11-03,853,N,VIIRS,n,2,289.99,4.46,D,0
29.87013,75.95464,351.03,0.52,0.67,2023-11-03,853,N,VIIRS,n,2,291.04,10.41,D,0
29.8737,74.97736,341.85,0.46,0.63,2023-11-03,853,N,VIIRS,n,2,294.01,6.48,D,0
29.87778,75.08913,335.36,0.46,0.64,2023-11-03,853,N,VIIRS,n,2,293.08,4.75,D,0
29.88026,75.08474,331.3,0.46,0.64,2023-11-03,853,N,VIIRS,n,2,293.17,3.71,D,0
29.88465,74.51074,334.24,0.43,0.62,2023-11-03,853,N,VIIRS,n,2,292.61,3.84,D,0
29.89661,76.08801,330.09,0.53,0.67,2023-11-03,853,N,VIIRS,n,2,289.92,5.91,D,0
29.90983,76.81669,338.75,0.59,0.7,2023-11-03,853,N,VIIRS,n,2,294.96,3.72,D,0
29.91216,75.73914,343.13,0.51,0.66,2023-11-03,853,N,VIIRS,n,2,290.41,5.0,D,0
29.91337,75.73753,347.68,0.5,0.66,2023-11-03,853,N,VIIRS,n,2,291.38,8.83,D,0
29.91365,75.76621,352.55,0.51,0.66,2023-11-03,853,N,VIIRS,n,2,290.69,14.67,D,0
29.91437,75.75374,347.48,0.51,0.66,2023-11-03,853,N,VIIRS,n,2,291.52,8.63,D,0
29.9147,75.75915,332.86,0.51,0.66,2023-11-03,853,N,VIIRS,n,2,290.73,7.83,D,0
29.91504,75.76456,348.76,0.51,0.66,2023-11-03,853,N,VIIRS,n,2,291.47,7.83,D,0
29.92179,75.68987,346.63,0.5,0.66,2023-11-03,853,N,VIIRS,n,2,292.14,9.01,D,0
29.92451,75.7383,341.87,0.51,0.66,2023-11-03,853,N,VIIRS,n,2,291.24,7.4,D,0
29.92916,75.71088,338.49,0.5,0.66,2023-11-03,853,N,VIIRS,n,2,290.37,6.65,D,0
29.9387,75.76996,344.14,0.51,0.66,2023-11-03,853,N,VIIRS,n,2,292.07,5.82,D,0
29.94227,75.94611,331.85,0.52,0.67,2023-11-03,853,N,VIIRS,n,2,291.36,4.76,D,0
29.94423,75.86829,343.55,0.51,0.66,2023-11-03,853,N,VIIRS,n,2,292.78,9.77,D,0
29.95049,75.24937,346.54,0.47,0.64,2023-11-03,853,N,VIIRS,n,2,293.52,4.82,D,0
29.95102,75.66096,343.91,0.5,0.66,2023-11-03,853,N,VIIRS,n,2,286.16,8.79,D,0
29.9568,75.44915,344.03,0.49,0.65,2023-11-03,853,N,VIIRS,n,2,289.8,7.12,D,0
29.96497,76.13132,367.0,0.53,0.67,2023-11-03,853,N,VIIRS,h,2,293.65,9.8,D,0
29.96535,75.59055,330.72,0.5,0.65,2023-11-03,853,N,VIIRS,n,2,290.41,6.58,D,0
29.96864,75.21232,367.0,0.47,0.64,2023-11-03,853,N,VIIRS,h,2,294.68,7.56,D,0
29.97087,75.47942,347.43,0.49,0.65,2023-11-03,853,N,VIIRS,n,2,291.33,6.66,D,0
29.97162,75.47928,355.13,0.49,0.65,2023-11-03,853,N,VIIRS,n,2,292.4,8.3,D,0
29.97187,75.02366,333.2,0.46,0.63,2023-11-03,853,N,VIIRS,n,2,293.31,5.66,D,0
29.97226,75.21246,356.76,0.47,0.64,2023-11-03,853,N,VIIRS,n,2,293.66,7.94,D,0
29.97342,75.42197,331.64,0.48,0.65,2023-11-03,853,N,VIIRS,n,2,290.31,5.02,D,0
29.97451,75.0081,329.78,0.46,0.63,2023-11-03,853,N,VIIRS,n,2,292.31,3.0,D,0
29.97452,75.42171,342.73,0.48,0.65,2023-11-03,853,N,VIIRS,n,2,291.37,8.46,D,0
29.9754,75.02273,367.0,0.46,0.63,2023-11-03,853,N,VIIRS,h,2,294.62,13.17,D,0
29.9778,75.02322,346.14,0.46,0.63,2023-11-03,853,N,VIIRS,n,2,292.74,5.66,D,0
29.99048,75.30755,338.43,0.48,0.64,2023-11-03,853,N,VIIRS,n,2,292.03,3.48,D,0
29.99227,75.30699,338.7,0.48,0.64,2023-11-03,853,N,VIIRS,n,2,291.91,4.99,D,0
29.99255,75.24635,337.52,0.47,0.64,2023-11-03,853,N,VIIRS,n,2,292.68,4.74,D,0
29.99472,75.24575,330.41,0.47,0.64,2023-11-03,853,N,VIIRS,n,2,291.99,3.67,D,0
30.00362,75.51389,354.97,0.49,0.65,2023-11-03,853,N,VIIRS,n,2,292.43,7.77,D,0
30.00415,75.51369,356.17,0.49,0.65,2023-11-03,853,N,VIIRS,n,2,292.32,12.12,D,0
30.00575,75.76552,331.39,0.51,0.66,2023-11-03,853,N,VIIRS,n,2,292.06,2.05,D,0
30.00677,75.7653,329.06,0.51,0.66,2023-11-03,853,N,VIIRS,n,2,292.13,5.63,D,0
30.00757,75.577,367.0,0.49,0.65,2023-11-03,853,N,VIIRS,h,2,292.98,15.42,D,0
30.00772,75.57687,367.0,0.5,0.65,2023-11-03,853,N,VIIRS,h,2,292.88,20.67,D,0
30.00806,75.48733,338.81,0.49,0.65,2023-11-03,853,N,VIIRS,n,2,292.0,6.93,D,0
30.00823,75.58759,332.41,0.5,0.65,2023-11-03,853,N,VIIRS,n,2,290.69,15.59,D,0
30.00831,75.58749,331.93,0.5,0.65,2023-11-03,853,N,VIIRS,n,2,290.88,4.06,D,0
30.00875,75.48708,340.96,0.49,0.65,2023-11-03,853,N,VIIRS,n,2,292.46,4.36,D,0
30.00899,75.82556,343.42,0.51,0.66,2023-11-03,853,N,VIIRS,n,2,291.43,7.01,D,0
30.01038,75.82531,338.5,0.51,0.66,2023-11-03,853,N,VIIRS,n,2,291.59,6.22,D,0
30.0134,75.90826,344.22,0.52,0.67,2023-11-03,853,N,VIIRS,n,2,292.52,6.13,D,0
30.01527,75.08878,333.86,0.46,0.64,2023-11-03,853,N,VIIRS,n,2,293.3,2.86,D,0
30.0153,75.90788,336.36,0.52,0.67,2023-11-03,853,N,VIIRS,n,2,292.18,4.59,D,0
30.0155,75.8306,353.69,0.51,0.66,2023-11-03,853,N,VIIRS,n,2,293.36,7.83,D,0
30.01692,75.83037,349.96,0.51,0.66,2023-11-03,853,N,VIIRS,n,2,292.91,13.46,D,0
30.01697,75.85806,347.9,0.51,0.66,2023-11-03,853,N,VIIRS,n,2,293.72,7.65,D,0
30.01857,75.85779,350.12,0.51,0.66,2023-11-03,853,N,VIIRS,n,2,293.89,5.39,D,0
30.02147,75.60255,354.45,0.5,0.66,2023-11-03,853,N,VIIRS,n,2,292.76,9.12,D,0
30.02155,75.49667,333.94,0.49,0.65,2023-11-03,853,N,VIIRS,n,2,291.86,3.08,D,0
30.02166,74.90707,337.8,0.45,0.63,2023-11-03,853,N,VIIRS,n,2,294.32,4.44,D,0
30.02201,75.83566,333.23,0.51,0.66,2023-11-03,853,N,VIIRS,n,2,292.59,11.69,D,0
30.02467,75.75321,330.43,0.51,0.66,2023-11-03,853,N,VIIRS,n,2,291.57,4.19,D,0
30.02579,75.57028,329.15,0.49,0.65,2023-11-03,853,N,VIIRS,n,2,291.64,4.01,D,0
30.02614,76.03093,348.8,0.53,0.67,2023-11-03,853,N,VIIRS,n,2,294.63,7.77,D,0
30.0281,75.72044,338.57,0.51,0.66,2023-11-03,853,N,VIIRS,n,2,290.08,5.72,D,0
30.02881,76.03033,337.83,0.53,0.67,2023-11-03,853,N,VIIRS,n,2,294.27,6.16,D,0
30.02914,76.03599,340.51,0.53,0.67,2023-11-03,853,N,VIIRS,n,2,294.41,6.16,D,0
30.03003,75.64471,331.15,0.5,0.66,2023-11-03,853,N,VIIRS,n,2,291.86,6.19,D,0
30.03347,74.99861,337.22,0.46,0.63,2023-11-03,853,N,VIIRS,n,2,293.02,5.74,D,0
30.03465,75.61764,332.39,0.5,0.66,2023-11-03,853,N,VIIRS,n,2,292.2,6.35,D,0
30.03557,75.6336,336.25,0.5,0.66,2023-11-03,853,N,VIIRS,n,2,292.44,4.35,D,0
30.03761,75.77965,328.92,0.51,0.66,2023-11-03,853,N,VIIRS,n,2,292.09,11.26,D,0
30.04198,75.97345,335.82,0.52,0.67,2023-11-03,853,N,VIIRS,n,2,292.08,3.56,D,0
30.0432,75.76835,354.19,0.51,0.66,2023-11-03,853,N,VIIRS,n,2,293.47,20.26,D,0
30.0435,75.77378,356.82,0.51,0.66,2023-11-03,853,N,VIIRS,l,2,293.45,20.26,D,0
30.04651,74.74734,335.53,0.44,0.62,2023-11-03,853,N,VIIRS,n,2,293.06,7.82,D,0
30.04755,75.73537,331.91,0.51,0.66,2023-11-03,853,N,VIIRS,n,2,292.14,5.61,D,0
30.04936,75.34898,352.24,0.48,0.65,2023-11-03,853,N,VIIRS,n,2,292.54,17.05,D,0
30.05094,75.68634,339.93,0.5,0.66,2023-11-03,853,N,VIIRS,n,2,292.18,4.08,D,0
30.05688,75.47313,335.54,0.49,0.65,2023-11-03,853,N,VIIRS,n,2,292.17,5.71,D,0
30.05828,75.59996,331.99,0.5,0.66,2023-11-03,853,N,VIIRS,n,2,292.54,4.97,D,0
30.05859,75.60528,332.88,0.5,0.66,2023-11-03,853,N,VIIRS,n,2,292.64,7.38,D,0
30.06053,75.8551,334.67,0.51,0.66,2023-11-03,853,N,VIIRS,n,2,293.01,5.72,D,0
30.06078,75.64259,351.87,0.5,0.66,2023-11-03,853,N,VIIRS,n,2,293.15,7.47,D,0
30.06084,75.86061,341.37,0.52,0.66,2023-11-03,853,N,VIIRS,n,2,293.37,5.72,D,0
30.06644,75.84916,331.14,0.51,0.66,2023-11-03,853,N,VIIRS,n,2,292.9,2.44,D,0
30.06924,75.89887,333.36,0.52,0.67,2023-11-03,853,N,VIIRS,n,2,292.86,3.6,D,0
30.06989,74.40379,340.92,0.42,0.61,2023-11-03,853,N,VIIRS,n,2,293.22,5.59,D,0
30.07043,76.03362,329.59,0.53,0.67,2023-11-03,853,N,VIIRS,n,2,292.71,3.55,D,0
30.0729,75.7445,353.13,0.51,0.66,2023-11-03,853,N,VIIRS,n,2,294.14,6.77,D,0
30.07497,75.67389,329.03,0.5,0.66,2023-11-03,853,N,VIIRS,n,2,292.65,2.93,D,0
30.07664,74.97166,331.89,0.46,0.63,2023-11-03,853,N,VIIRS,n,2,293.26,2.85,D,0
30.07699,75.81535,344.0,0.51,0.66,2023-11-03,853,N,VIIRS,n,2,293.3,4.4,D,0
30.07922,75.6413,331.35,0.5,0.66,2023-11-03,853,N,VIIRS,n,2,292.48,7.96,D,0
30.07952,75.85935,330.53,0.52,0.66,2023-11-03,853,N,VIIRS,n,2,293.09,4.28,D,0
30.07983,75.86487,339.16,0.52,0.66,2023-11-03,853,N,VIIRS,n,2,293.14,10.73,D,0
30.08035,75.7658,334.21,0.51,0.66,2023-11-03,853,N,VIIRS,n,2,292.88,4.28,D,0
30.08049,75.66271,335.35,0.5,0.66,2023-11-03,853,N,VIIRS,n,2,293.37,3.48,D,0
30.08479,75.84241,351.92,0.51,0.66,2023-11-03,853,N,VIIRS,n,2,293.99,6.98,D,0
30.08526,74.37547,331.63,0.42,0.61,2023-11-03,853,N,VIIRS,n,2,292.18,3.82,D,0
30.08669,75.87549,335.36,0.52,0.67,2023-11-03,853,N,VIIRS,n,2,292.68,6.96,D,0
30.08697,75.57285,353.7,0.5,0.65,2023-11-03,853,N,VIIRS,n,2,293.23,9.48,D,0
30.08734,75.5713,344.0,0.5,0.65,2023-11-03,853,N,VIIRS,n,2,292.31,9.5,D,0
30.0905,75.72697,367.0,0.51,0.66,2023-11-03,853,N,VIIRS,h,2,294.59,9.14,D,0
30.09071,74.45649,337.24,0.43,0.62,2023-11-03,853,N,VIIRS,n,2,292.69,5.06,D,0
30.09203,75.78327,335.28,0.51,0.66,2023-11-03,853,N,VIIRS,n,2,292.95,5.0,D,0
30.09209,75.97011,334.35,0.52,0.67,2023-11-03,853,N,VIIRS,n,2,292.9,2.59,D,0
30.0926,75.86954,336.44,0.52,0.67,2023-11-03,853,N,VIIRS,n,2,293.22,5.29,D,0
30.09395,75.19298,330.17,0.47,0.64,2023-11-03,853,N,VIIRS,n,2,291.21,5.06,D,0
30.09505,75.72294,349.23,0.51,0.66,2023-11-03,853,N,VIIRS,n,2,293.64,12.27,D,0
30.09534,75.72838,348.6,0.51,0.66,2023-11-03,853,N,VIIRS,n,2,293.48,12.27,D,0
30.0956,75.18879,332.9,0.47,0.64,2023-11-03,853,N,VIIRS,n,2,291.22,6.23,D,0
30.09668,75.72657,367.0,0.51,0.66,2023-11-03,853,N,VIIRS,h,2,293.83,10.72,D,0
30.09676,74.46056,330.72,0.43,0.62,2023-11-03,853,N,VIIRS,n,2,292.63,3.82,D,0
30.0999,74.86787,355.06,0.45,0.63,2023-11-03,853,N,VIIRS,n,2,294.54,9.25,D,0
30.10692,76.07332,349.88,0.53,0.67,2023-11-03,853,N,VIIRS,n,2,294.61,8.47,D,0
30.10772,75.80782,331.41,0.51,0.66,2023-11-03,853,N,VIIRS,n,2,292.44,4.13,D,0
30.10805,75.81329,330.75,0.51,0.66,2023-11-03,853,N,VIIRS,n,2,292.5,4.13,D,0
30.10847,76.03685,335.25,0.53,0.67,2023-11-03,853,N,VIIRS,n,2,293.11,3.66,D,0
30.10936,75.11745,330.18,0.47,0.64,2023-11-03,853,N,VIIRS,n,2,291.37,3.37,D,0
30.11041,76.07089,329.7,0.53,0.67,2023-11-03,853,N,VIIRS,n,2,293.31,6.15,D,0
30.11073,76.07658,345.31,0.53,0.67,2023-11-03,853,N,VIIRS,n,2,294.09,12.58,D,0
30.11209,75.80933,341.12,0.51,0.66,2023-11-03,853,N,VIIRS,n,2,292.59,7.99,D,0
30.11259,75.89042,331.23,0.52,0.67,2023-11-03,853,N,VIIRS,n,2,293.02,2.7,D,0
30.1182,75.58128,332.53,0.5,0.66,2023-11-03,853,N,VIIRS,n,2,292.46,3.18,D,0
30.12183,75.87502,342.38,0.52,0.67,2023-11-03,853,N,VIIRS,n,2,293.46,7.09,D,0
30.12441,75.87852,329.09,0.52,0.67,2023-11-03,853,N,VIIRS,n,2,292.91,6.92,D,0
30.12558,75.69207,333.54,0.5,0.66,2023-11-03,853,N,VIIRS,n,2,292.59,2.99,D,0
30.12619,75.19661,344.19,0.47,0.64,2023-11-03,853,N,VIIRS,n,2,291.77,6.89,D,0
30.12716,74.8321,336.32,0.45,0.63,2023-11-03,853,N,VIIRS,n,2,292.75,3.5,D,0
30.12901,75.44838,333.12,0.49,0.65,2023-11-03,853,N,VIIRS,n,2,291.42,3.02,D,0
30.13235,75.40118,330.21,0.48,0.65,2023-11-03,853,N,VIIRS,n,2,291.42,3.76,D,0
30.1331,75.96935,344.89,0.52,0.67,2023-11-03,853,N,VIIRS,n,2,293.97,4.96,D,0
30.13573,75.78571,336.53,0.51,0.66,2023-11-03,853,N,VIIRS,n,2,292.59,6.23,D,0
30.13594,75.96722,329.92,0.52,0.67,2023-11-03,853,N,VIIRS,n,2,293.26,3.79,D,0
30.13634,75.1656,331.78,0.47,0.64,2023-11-03,853,N,VIIRS,n,2,290.54,4.56,D,0
30.13891,74.83118,334.74,0.45,0.63,2023-11-03,853,N,VIIRS,n,2,292.06,3.32,D,0
30.14133,75.77433,335.6,0.51,0.66,2023-11-03,853,N,VIIRS,n,2,293.28,6.03,D,0
30.14623,75.97974,328.86,0.52,0.67,2023-11-03,853,N,VIIRS,n,2,294.48,3.14,D,0
30.14624,74.50681,341.08,0.43,0.62,2023-11-03,853,N,VIIRS,n,2,292.54,4.26,D,0
30.14639,75.64361,342.85,0.5,0.66,2023-11-03,853,N,VIIRS,n,2,292.81,6.81,D,0
30.14654,76.04009,332.91,0.53,0.67,2023-11-03,853,N,VIIRS,n,2,293.67,5.98,D,0
30.1467,75.64898,330.76,0.5,0.66,2023-11-03,853,N,VIIRS,n,2,292.94,6.81,D,0
30.14706,74.5079,351.54,0.43,0.62,2023-11-03,853,N,VIIRS,n,2,292.99,5.17,D,0
30.14954,76.04191,346.18,0.53,0.67,2023-11-03,853,N,VIIRS,n,2,293.99,6.09,D,0
30.14956,74.36668,338.05,0.42,0.61,2023-11-03,853,N,VIIRS,n,2,292.68,3.17,D,0
30.15147,75.02493,338.77,0.46,0.64,2023-11-03,853,N,VIIRS,n,2,291.48,6.77,D,0
30.15224,75.63782,331.5,0.5,0.66,2023-11-03,853,N,VIIRS,n,2,292.41,3.36,D,0
30.15495,75.79536,333.4,0.51,0.66,2023-11-03,853,N,VIIRS,n,2,292.34,5.57,D,0
30.15776,75.2196,345.03,0.47,0.64,2023-11-03,853,N,VIIRS,n,2,292.08,4.62,D,0
30.15847,75.97327,334.45,0.52,0.67,2023-11-03,853,N,VIIRS,n,2,293.13,11.61,D,0
30.15878,75.9789,367.0,0.52,0.67,2023-11-03,853,N,VIIRS,h,2,295.91,11.61,D,0
30.16024,75.77852,367.0,0.51,0.66,2023-11-03,853,N,VIIRS,h,2,294.01,12.4,D,0
30.16239,75.81687,332.43,0.51,0.66,2023-11-03,853,N,VIIRS,n,2,292.64,2.97,D,0
30.16273,76.05241,336.63,0.53,0.67,2023-11-03,853,N,VIIRS,n,2,294.34,5.48,D,0
30.16373,75.31614,341.42,0.48,0.65,2023-11-03,853,N,VIIRS,n,2,292.47,7.24,D,0
30.17016,75.84399,344.15,0.52,0.66,2023-11-03,853,N,VIIRS,n,2,292.54,4.34,D,0
30.17295,75.89388,343.1,0.52,0.67,2023-11-03,853,N,VIIRS,n,2,293.94,7.35,D,0
30.17644,75.4241,334.66,0.49,0.65,2023-11-03,853,N,VIIRS,n,2,290.88,3.64,D,0
30.17748,75.42648,330.43,0.49,0.65,2023-11-03,853,N,VIIRS,n,2,290.93,4.28,D,0
30.18056,75.49204,337.3,0.49,0.65,2023-11-03,853,N,VIIRS,n,2,290.75,4.48,D,0
30.18179,75.21783,338.82,0.47,0.64,2023-11-03,853,N,VIIRS,n,2,291.44,6.48,D,0
30.18211,75.22289,343.81,0.47,0.64,2023-11-03,853,N,VIIRS,n,2,291.77,9.33,D,0
30.18222,75.08405,335.54,0.46,0.64,2023-11-03,853,N,VIIRS,n,2,291.73,4.64,D,0
30.18264,75.13709,339.78,0.47,0.64,2023-11-03,853,N,VIIRS,n,2,291.4,5.48,D,0
30.18404,74.72422,335.6,0.44,0.63,2023-11-03,853,N,VIIRS,n,2,291.78,3.62,D,0
30.1841,75.21978,337.67,0.47,0.64,2023-11-03,853,N,VIIRS,n,2,291.03,8.41,D,0
30.18506,75.08197,331.0,0.46,0.64,2023-11-03,853,N,VIIRS,n,2,291.39,4.54,D,0
30.18694,75.80972,354.35,0.51,0.66,2023-11-03,853,N,VIIRS,n,2,292.76,13.31,D,0
30.18725,75.81521,351.06,0.51,0.66,2023-11-03,853,N,VIIRS,n,2,292.53,15.5,D,0
30.18884,75.62993,335.52,0.5,0.66,2023-11-03,853,N,VIIRS,n,2,292.48,3.44,D,0
30.19021,74.37233,329.37,0.42,0.61,2023-11-03,853,N,VIIRS,n,2,291.69,4.25,D,0
30.19458,75.72696,335.31,0.51,0.66,2023-11-03,853,N,VIIRS,n,2,293.02,3.62,D,0
30.19474,75.83681,334.31,0.51,0.66,2023-11-03,853,N,VIIRS,n,2,292.43,5.0,D,0
30.19623,74.55004,355.12,0.43,0.62,2023-11-03,853,N,VIIRS,n,2,292.65,7.59,D,0
30.19777,76.35332,342.05,0.55,0.68,2023-11-03,853,N,VIIRS,n,2,297.13,6.83,D,0
30.1992,75.59973,346.34,0.5,0.66,2023-11-03,853,N,VIIRS,n,2,292.91,8.87,D,0
30.19953,75.60235,342.11,0.5,0.66,2023-11-03,853,N,VIIRS,n,2,292.27,6.62,D,0
30.19967,75.72408,336.1,0.51,0.66,2023-11-03,853,N,VIIRS,n,2,292.11,4.62,D,0
30.20173,75.74287,331.19,0.51,0.66,2023-11-03,853,N,VIIRS,n,2,292.19,2.07,D,0
30.20225,75.77313,344.96,0.51,0.66,2023-11-03,853,N,VIIRS,n,2,292.74,7.98,D,0
30.2025,75.1225,340.21,0.47,0.64,2023-11-03,853,N,VIIRS,n,2,291.12,5.69,D,0
30.20333,75.77013,354.31,0.51,0.66,2023-11-03,853,N,VIIRS,n,2,293.68,10.55,D,0
30.20474,74.59106,353.76,0.43,0.62,2023-11-03,853,N,VIIRS,n,2,292.61,10.22,D,0
30.20556,75.71821,332.16,0.51,0.66,2023-11-03,853,N,VIIRS,n,2,292.21,4.83,D,0
30.20679,75.62605,336.7,0.5,0.66,2023-11-03,853,N,VIIRS,n,2,292.47,2.18,D,0
30.2081,74.55371,341.16,0.43,0.62,2023-11-03,853,N,VIIRS,n,2,291.6,5.32,D,0
30.20817,75.11707,332.43,0.47,0.64,2023-11-03,853,N,VIIRS,n,2,290.82,3.05,D,0
30.20945,75.46368,335.97,0.49,0.65,2023-11-03,853,N,VIIRS,n,2,292.08,4.98,D,0
30.20977,75.46891,338.78,0.49,0.65,2023-11-03,853,N,VIIRS,n,2,291.79,7.98,D,0
30.2099,75.80013,339.4,0.51,0.66,2023-11-03,853,N,VIIRS,n,2,292.84,4.45,D,0
30.21025,75.46607,344.77,0.49,0.65,2023-11-03,853,N,VIIRS,n,2,292.06,7.28,D,0
30.21048,75.81114,345.31,0.51,0.66,2023-11-03,853,N,VIIRS,n,2,293.17,9.53,D,0
30.21147,75.80257,341.66,0.51,0.66,2023-11-03,853,N,VIIRS,n,2,292.16,9.66,D,0
30.21628,76.17342,367.0,0.54,0.68,2023-11-03,853,N,VIIRS,h,2,298.13,13.86,D,0
30.21845,76.03172,337.64,0.53,0.67,2023-11-03,853,N,VIIRS,n,2,293.8,3.6,D,0
30.21982,75.53165,332.76,0.49,0.65,2023-11-03,853,N,VIIRS,n,2,292.05,3.56,D,0
30.21984,76.16962,356.64,0.54,0.68,2023-11-03,853,N,VIIRS,n,2,296.45,17.69,D,0
30.22014,75.53691,329.08,0.49,0.65,2023-11-03,853,N,VIIRS,n,2,291.44,3.56,D,0
30.22017,76.17542,352.42,0.54,0.68,2023-11-03,853,N,VIIRS,n,2,296.01,21.57,D,0
30.2202,75.53411,332.58,0.49,0.65,2023-11-03,853,N,VIIRS,n,2,292.4,5.32,D,0
30.2205,75.53938,336.32,0.49,0.65,2023-11-03,853,N,VIIRS,n,2,291.95,5.32,D,0
30.22071,76.07155,343.98,0.53,0.67,2023-11-03,853,N,VIIRS,n,2,295.41,6.23,D,0
30.22204,76.03483,329.1,0.53,0.67,2023-11-03,853,N,VIIRS,n,2,294.68,5.84,D,0
30.22262,76.17299,356.2,0.54,0.68,2023-11-03,853,N,VIIRS,n,2,295.51,13.86,D,0
30.22408,75.28321,356.15,0.48,0.65,2023-11-03,853,N,VIIRS,n,2,292.09,10.99,D,0
30.22419,75.91282,333.54,0.52,0.67,2023-11-03,853,N,VIIRS,n,2,294.24,7.54,D,0
30.22571,75.98347,345.62,0.53,0.67,2023-11-03,853,N,VIIRS,n,2,295.52,7.61,D,0
30.22657,76.41131,328.02,0.56,0.69,2023-11-03,853,N,VIIRS,n,2,295.71,2.69,D,0
30.22842,75.98569,349.82,0.53,0.67,2023-11-03,853,N,VIIRS,n,2,295.91,8.2,D,0
30.22848,75.91566,336.53,0.52,0.67,2023-11-03,853,N,VIIRS,n,2,294.12,5.69,D,0
30.22852,75.68394,338.15,0.5,0.66,2023-11-03,853,N,VIIRS,n,2,292.67,5.9,D,0
30.22905,75.68115,343.63,0.5,0.66,2023-11-03,853,N,VIIRS,n,2,292.48,6.91,D,0
30.22909,76.22147,349.56,0.54,0.68,2023-11-03,853,N,VIIRS,n,2,296.87,7.35,D,0
30.22928,76.11117,353.42,0.53,0.67,2023-11-03,853,N,VIIRS,n,2,295.76,8.71,D,0
30.22941,76.22729,341.07,0.54,0.68,2023-11-03,853,N,VIIRS,n,2,297.09,7.35,D,0
30.2296,76.11691,329.66,0.54,0.67,2023-11-03,853,N,VIIRS,n,2,294.95,8.75,D,0
30.22965,74.52908,329.52,0.43,0.62,2023-11-03,853,N,VIIRS,n,2,291.23,2.08,D,0
30.23149,75.85406,328.9,0.52,0.67,2023-11-03,853,N,VIIRS,n,2,292.99,3.4,D,0
30.23156,76.22497,367.0,0.54,0.68,2023-11-03,853,N,VIIRS,h,2,298.14,12.85,D,0
30.23211,76.10869,328.83,0.54,0.67,2023-11-03,853,N,VIIRS,n,2,295.23,6.53,D,0
30.2324,76.11442,353.24,0.54,0.68,2023-11-03,853,N,VIIRS,n,2,296.17,6.53,D,0
30.23253,76.16884,335.85,0.54,0.68,2023-11-03,853,N,VIIRS,n,2,296.27,5.98,D,0
30.23501,76.16634,344.66,0.54,0.68,2023-11-03,853,N,VIIRS,n,2,296.32,6.16,D,0
30.23555,76.33913,330.68,0.55,0.68,2023-11-03,853,N,VIIRS,n,2,296.27,5.41,D,0
30.23889,75.32846,328.7,0.48,0.65,2023-11-03,853,N,VIIRS,n,2,291.28,4.81,D,0
30.2392,75.3336,340.95,0.48,0.65,2023-11-03,853,N,VIIRS,n,2,292.11,7.96,D,0
30.24039,75.90366,367.0,0.52,0.67,2023-11-03,853,N,VIIRS,h,2,297.33,12.81,D,0
30.24069,76.55604,333.77,0.57,0.69,2023-11-03,853,N,VIIRS,n,2,296.55,3.94,D,0
30.24089,76.55406,333.2,0.57,0.69,2023-11-03,853,N,VIIRS,n,2,296.21,2.58,D,0
30.24129,75.58064,337.8,0.5,0.66,2023-11-03,853,N,VIIRS,n,2,291.39,3.96,D,0
30.24228,75.90047,367.0,0.52,0.67,2023-11-03,853,N,VIIRS,h,2,294.18,12.68,D,0
30.24261,75.90604,351.96,0.52,0.67,2023-11-03,853,N,VIIRS,n,2,294.05,12.68,D,0
30.24325,76.36243,340.94,0.55,0.68,2023-11-03,853,N,VIIRS,n,2,297.26,6.05,D,0
30.24488,76.16225,351.48,0.54,0.68,2023-11-03,853,N,VIIRS,n,2,297.52,10.04,D,0
30.24664,75.90324,328.44,0.52,0.67,2023-11-03,853,N,VIIRS,n,2,292.83,12.81,D,0
30.2477,76.16551,340.48,0.54,0.68,2023-11-03,853,N,VIIRS,n,2,296.0,9.34,D,0
30.24785,74.54146,339.1,0.43,0.62,2023-11-03,853,N,VIIRS,n,2,291.58,3.46,D,0
30.24796,74.54127,338.62,0.43,0.62,2023-11-03,853,N,VIIRS,n,2,291.49,3.79,D,0
30.25334,76.40755,329.83,0.56,0.69,2023-11-03,853,N,VIIRS,n,2,296.07,1.92,D,0
30.25456,76.1096,341.92,0.53,0.67,2023-11-03,853,N,VIIRS,n,2,295.31,7.55,D,0
30.25739,76.10701,347.82,0.54,0.67,2023-11-03,853,N,VIIRS,n,2,295.56,9.11,D,0
30.2577,75.99268,335.09,0.53,0.67,2023-11-03,853,N,VIIRS,n,2,294.82,4.4,D,0
30.26334,75.09879,328.73,0.47,0.64,2023-11-03,853,N,VIIRS,n,2,290.55,3.79,D,0
30.26366,74.86172,335.64,0.45,0.63,2023-11-03,853,N,VIIRS,n,2,291.39,11.8,D,0
30.267,75.09765,330.8,0.47,0.64,2023-11-03,853,N,VIIRS,n,2,290.89,3.23,D,0
30.2674,74.86197,356.06,0.45,0.63,2023-11-03,853,N,VIIRS,n,2,292.1,11.17,D,0
30.2697,74.90066,334.68,0.45,0.63,2023-11-03,853,N,VIIRS,n,2,292.51,4.16,D,0
30.27045,74.7178,332.04,0.44,0.63,2023-11-03,853,N,VIIRS,n,2,290.74,4.39,D,0
30.27211,74.89992,330.24,0.45,0.63,2023-11-03,853,N,VIIRS,n,2,292.11,4.78,D,0
30.27238,74.04309,346.46,0.4,0.6,2023-11-03,853,N,VIIRS,n,2,291.37,5.23,D,0
30.27394,75.30532,331.3,0.48,0.65,2023-11-03,853,N,VIIRS,n,2,290.98,3.7,D,0
30.27473,76.58476,335.37,0.57,0.69,2023-11-03,853,N,VIIRS,n,2,295.11,5.11,D,0
30.27727,75.88998,335.11,0.52,0.67,2023-11-03,853,N,VIIRS,n,2,293.05,8.07,D,0
30.27758,75.89557,356.6,0.52,0.67,2023-11-03,853,N,VIIRS,n,2,293.98,8.07,D,0
30.28152,75.42947,332.27,0.49,0.65,2023-11-03,853,N,VIIRS,n,2,291.77,3.39,D,0
30.28474,76.52073,348.74,0.57,0.69,2023-11-03,853,N,VIIRS,n,2,297.21,8.5,D,0
30.28803,76.58801,367.0,0.57,0.69,2023-11-03,853,N,VIIRS,h,2,296.92,9.26,D,0
30.29212,74.33236,335.92,0.42,0.61,2023-11-03,853,N,VIIRS,n,2,291.44,3.59,D,0
30.29432,75.34005,357.06,0.48,0.65,2023-11-03,853,N,VIIRS,l,2,293.89,8.04,D,0
30.29486,75.33598,328.38,0.48,0.65,2023-11-03,853,N,VIIRS,n,2,290.99,6.92,D,0
30.29515,75.34115,357.31,0.48,0.65,2023-11-03,853,N,VIIRS,n,2,292.53,12.62,D,0
30.29727,76.02417,351.5,0.53,0.67,2023-11-03,853,N,VIIRS,n,2,295.58,9.17,D,0
30.29845,76.66816,332.06,0.58,0.7,2023-11-03,853,N,VIIRS,n,2,293.64,4.06,D,0
30.29994,75.21224,338.05,0.47,0.64,2023-11-03,853,N,VIIRS,n,2,291.44,4.2,D,0
30.30038,75.33962,332.9,0.48,0.65,2023-11-03,853,N,VIIRS,n,2,290.61,8.04,D,0
30.30322,74.58812,329.85,0.44,0.62,2023-11-03,853,N,VIIRS,n,2,290.85,2.2,D,0
30.30434,75.21102,335.14,0.47,0.64,2023-11-03,853,N,VIIRS,n,2,291.01,3.92,D,0
30.30809,75.69091,346.36,0.51,0.66,2023-11-03,853,N,VIIRS,n,2,290.93,7.68,D,0
30.30831,75.2525,328.27,0.48,0.64,2023-11-03,853,N,VIIRS,n,2,291.31,2.45,D,0
30.30941,75.68928,330.46,0.51,0.66,2023-11-03,853,N,VIIRS,n,2,289.38,7.91,D,0
30.30994,75.80434,333.6,0.51,0.66,2023-11-03,853,N,VIIRS,n,2,292.47,4.39,D,0
30.31144,76.05182,337.26,0.53,0.67,2023-11-03,853,N,VIIRS,n,2,295.92,10.37,D,0
30.31207,76.06324,335.12,0.53,0.67,2023-11-03,853,N,VIIRS,n,2,296.02,5.04,D,0
30.31296,74.64825,338.53,0.44,0.62,2023-11-03,853,N,VIIRS,n,2,291.12,5.6,D,0
30.31298,75.78378,367.0,0.51,0.66,2023-11-03,853,N,VIIRS,h,2,292.92,10.09,D,0
30.31315,75.55566,333.32,0.5,0.66,2023-11-03,853,N,VIIRS,n,2,290.14,3.22,D,0
30.3133,74.56403,333.14,0.43,0.62,2023-11-03,853,N,VIIRS,n,2,290.68,3.12,D,0
30.31333,76.20219,367.0,0.54,0.68,2023-11-03,853,N,VIIRS,h,2,295.15,15.5,D,0
30.31397,75.55957,336.6,0.5,0.66,2023-11-03,853,N,VIIRS,n,2,288.01,5.56,D,0
30.31487,75.78195,346.51,0.51,0.66,2023-11-03,853,N,VIIRS,n,2,290.68,8.73,D,0
30.3152,75.78743,332.52,0.51,0.66,2023-11-03,853,N,VIIRS,n,2,290.94,10.63,D,0
30.32383,75.41721,343.43,0.49,0.65,2023-11-03,853,N,VIIRS,n,2,291.76,4.3,D,0
30.32736,76.06438,342.18,0.53,0.67,2023-11-03,853,N,VIIRS,n,2,296.05,5.05,D,0
30.33659,76.91336,338.64,0.6,0.7,2023-11-03,853,N,VIIRS,n,2,296.66,4.09,D,0
30.33876,75.25539,328.11,0.48,0.64,2023-11-03,853,N,VIIRS,n,2,290.18,4.15,D,0
30.33938,74.60771,330.69,0.44,0.62,2023-11-03,853,N,VIIRS,n,2,290.29,2.55,D,0
30.33959,74.60863,328.56,0.44,0.62,2023-11-03,853,N,VIIRS,n,2,290.41,2.38,D,0
30.34039,75.08302,338.61,0.47,0.64,2023-11-03,853,N,VIIRS,n,2,291.33,10.84,D,0
30.34081,75.50042,329.16,0.49,0.65,2023-11-03,853,N,VIIRS,n,2,292.14,2.02,D,0
30.34209,75.41589,338.4,0.49,0.65,2023-11-03,853,N,VIIRS,n,2,291.63,5.98,D,0
30.35602,74.8886,344.72,0.45,0.63,2023-11-03,853,N,VIIRS,n,2,292.09,5.51,D,0
30.35801,74.88906,344.19,0.45,0.63,2023-11-03,853,N,VIIRS,n,2,291.64,4.85,D,0
30.35928,75.00197,331.0,0.46,0.64,2023-11-03,853,N,VIIRS,n,2,290.08,5.66,D,0
30.36984,75.47189,331.12,0.49,0.65,2023-11-03,853,N,VIIRS,n,2,293.33,3.96,D,0
30.39237,74.80324,334.56,0.45,0.63,2023-11-03,853,N,VIIRS,n,2,291.08,2.74,D,0
30.39649,76.55363,330.37,0.57,0.69,2023-11-03,853,N,VIIRS,n,2,294.41,5.68,D,0
30.39938,76.22836,342.13,0.55,0.68,2023-11-03,853,N,VIIRS,n,2,294.98,6.33,D,0
30.40478,75.2145,334.32,0.48,0.64,2023-11-03,853,N,VIIRS,n,2,291.81,4.83,D,0
30.40886,75.21455,351.91,0.47,0.64,2023-11-03,853,N,VIIRS,n,2,292.17,10.52,D,0
30.41081,75.21404,337.68,0.48,0.64,2023-11-03,853,N,VIIRS,n,2,290.39,5.67,D,0
30.41533,76.41231,329.44,0.56,0.69,2023-11-03,853,N,VIIRS,n,2,296.56,4.39,D,0
30.41594,75.19835,353.7,0.47,0.64,2023-11-03,853,N,VIIRS,n,2,292.48,5.95,D,0
30.41829,75.36353,351.54,0.48,0.65,2023-11-03,853,N,VIIRS,n,2,292.86,7.4,D,0
30.41932,75.36324,352.33,0.49,0.65,2023-11-03,853,N,VIIRS,n,2,293.38,5.85,D,0
30.42166,75.19283,344.42,0.47,0.64,2023-11-03,853,N,VIIRS,n,2,292.67,7.05,D,0
30.42609,76.20989,335.74,0.54,0.68,2023-11-03,853,N,VIIRS,n,2,295.45,4.78,D,0
30.44852,75.03943,332.44,0.46,0.64,2023-11-03,853,N,VIIRS,n,2,291.06,4.57,D,0
30.45187,76.61849,338.31,0.58,0.69,2023-11-03,853,N,VIIRS,n,2,295.99,5.15,D,0
30.45495,74.41769,328.04,0.43,0.62,2023-11-03,853,N,VIIRS,n,2,290.47,2.96,D,0
30.45541,74.41785,332.11,0.43,0.62,2023-11-03,853,N,VIIRS,n,2,289.08,3.17,D,0
30.45813,76.61939,345.13,0.58,0.69,2023-11-03,853,N,VIIRS,n,2,295.49,9.85,D,0
30.45837,76.61813,351.45,0.58,0.69,2023-11-03,853,N,VIIRS,n,2,294.68,9.1,D,0
30.45877,74.86191,367.0,0.45,0.63,2023-11-03,853,N,VIIRS,h,2,293.26,11.38,D,0
30.46112,74.86104,352.8,0.45,0.63,2023-11-03,853,N,VIIRS,n,2,292.64,10.48,D,0
30.46399,75.5024,348.21,0.49,0.65,2023-11-03,853,N,VIIRS,n,2,289.9,9.85,D,0
30.47712,74.05001,343.2,0.41,0.6,2023-11-03,853,N,VIIRS,n,2,291.23,4.98,D,0
30.4805,74.97744,339.42,0.46,0.64,2023-11-03,853,N,VIIRS,n,2,290.96,7.06,D,0
30.48336,74.97802,344.81,0.46,0.64,2023-11-03,853,N,VIIRS,n,2,286.78,6.55,D,0
30.48518,74.77683,338.52,0.45,0.63,2023-11-03,853,N,VIIRS,n,2,290.78,3.0,D,0
30.48925,74.77707,353.86,0.45,0.63,2023-11-03,853,N,VIIRS,n,2,292.05,8.29,D,0
30.48989,74.15419,348.17,0.41,0.61,2023-11-03,853,N,VIIRS,n,2,291.67,6.38,D,0
30.53148,74.518,332.6,0.43,0.62,2023-11-03,853,N,VIIRS,n,2,290.48,3.85,D,0
30.53179,74.52264,328.33,0.43,0.62,2023-11-03,853,N,VIIRS,n,2,290.25,5.41,D,0
30.54413,76.3873,342.87,0.56,0.69,2023-11-03,853,N,VIIRS,n,2,295.95,4.99,D,0
30.54472,76.39013,333.78,0.56,0.69,2023-11-03,853,N,VIIRS,n,2,295.43,6.96,D,0
30.56815,76.34034,338.6,0.56,0.68,2023-11-03,853,N,VIIRS,n,2,295.3,4.85,D,0
30.56965,75.98848,341.26,0.53,0.67,2023-11-03,853,N,VIIRS,n,2,292.22,5.53,D,0
30.57305,76.44297,347.06,0.56,0.69,2023-11-03,853,N,VIIRS,n,2,296.42,7.4,D,0
30.5731,76.44627,336.23,0.56,0.69,2023-11-03,853,N,VIIRS,n,2,295.7,6.89,D,0
30.5751,75.41129,337.23,0.49,0.65,2023-11-03,853,N,VIIRS,n,2,290.39,4.54,D,0
30.5754,75.41653,329.7,0.49,0.65,2023-11-03,853,N,VIIRS,n,2,290.42,4.54,D,0
30.58297,74.76515,345.53,0.45,0.63,2023-11-03,853,N,VIIRS,n,2,290.95,6.34,D,0
30.58329,74.76994,339.67,0.45,0.63,2023-11-03,853,N,VIIRS,n,2,291.0,6.34,D,0
30.59471,74.6889,333.79,0.44,0.63,2023-11-03,853,N,VIIRS,n,2,289.49,5.38,D,0
30.595,74.69366,327.91,0.44,0.63,2023-11-03,853,N,VIIRS,n,2,289.73,5.38,D,0
30.60173,74.70751,339.71,0.45,0.63,2023-11-03,853,N,VIIRS,n,2,290.91,4.79,D,0
30.60672,75.53155,329.02,0.5,0.66,2023-11-03,853,N,VIIRS,n,2,288.79,3.78,D,0
30.60981,76.53279,335.04,0.57,0.69,2023-11-03,853,N,VIIRS,n,2,295.42,3.24,D,0
30.61254,75.12913,337.89,0.47,0.64,2023-11-03,853,N,VIIRS,n,2,291.64,5.26,D,0
30.61333,74.42935,329.58,0.43,0.62,2023-11-03,853,N,VIIRS,n,2,290.9,3.09,D,0
30.6147,75.1258,336.45,0.47,0.64,2023-11-03,853,N,VIIRS,n,2,292.0,3.02,D,0
30.62744,76.49477,331.83,0.57,0.69,2023-11-03,853,N,VIIRS,n,2,295.94,6.03,D,0
30.63395,74.39089,348.62,0.43,0.62,2023-11-03,853,N,VIIRS,n,2,291.61,7.63,D,0
30.63417,74.662,353.09,0.44,0.63,2023-11-03,853,N,VIIRS,n,2,291.43,6.92,D,0
30.63425,74.39545,333.23,0.43,0.62,2023-11-03,853,N,VIIRS,n,2,291.04,10.87,D,0
30.63767,75.74219,328.14,0.51,0.66,2023-11-03,853,N,VIIRS,n,2,291.71,3.39,D,0
30.64341,74.62326,332.33,0.44,0.62,2023-11-03,853,N,VIIRS,n,2,290.68,2.75,D,0
30.64457,74.46399,330.45,0.43,0.62,2023-11-03,853,N,VIIRS,n,2,290.95,2.12,D,0
30.64461,74.46384,329.19,0.43,0.62,2023-11-03,853,N,VIIRS,n,2,290.85,2.43,D,0
30.64625,76.48138,355.89,0.57,0.69,2023-11-03,853,N,VIIRS,n,2,297.31,8.2,D,0
30.64654,76.47928,352.72,0.57,0.69,2023-11-03,853,N,VIIRS,n,2,296.69,10.08,D,0
30.6471,74.58991,332.56,0.44,0.62,2023-11-03,853,N,VIIRS,n,2,290.36,3.68,D,0
30.6581,74.49545,340.83,0.43,0.62,2023-11-03,853,N,VIIRS,n,2,290.81,4.87,D,0
30.65834,74.49526,338.65,0.43,0.62,2023-11-03,853,N,VIIRS,n,2,290.74,5.17,D,0
30.65856,75.69382,332.26,0.51,0.66,2023-11-03,853,N,VIIRS,n,2,292.08,3.04,D,0
30.65885,75.26113,338.71,0.48,0.65,2023-11-03,853,N,VIIRS,n,2,291.62,5.75,D,0
30.66248,76.41943,329.0,0.56,0.69,2023-11-03,853,N,VIIRS,n,2,295.01,3.22,D,0
30.66375,76.44371,329.43,0.56,0.69,2023-11-03,853,N,VIIRS,n,2,294.63,5.44,D,0
30.66426,76.44149,332.46,0.56,0.69,2023-11-03,853,N,VIIRS,n,2,295.1,6.07,D,0
30.66542,75.48174,356.28,0.5,0.65,2023-11-03,853,N,VIIRS,n,2,286.59,11.28,D,0
30.66647,74.44361,335.68,0.43,0.62,2023-11-03,853,N,VIIRS,n,2,291.32,4.03,D,0
30.66656,74.44367,336.97,0.43,0.62,2023-11-03,853,N,VIIRS,n,2,291.36,4.41,D,0
30.66901,76.4046,328.99,0.56,0.69,2023-11-03,853,N,VIIRS,n,2,296.19,4.8,D,0
30.6709,74.23794,346.46,0.42,0.61,2023-11-03,853,N,VIIRS,n,2,291.44,7.03,D,0
30.67099,74.42477,350.78,0.43,0.62,2023-11-03,853,N,VIIRS,n,2,291.77,11.21,D,0
30.6711,74.51776,332.19,0.43,0.62,2023-11-03,853,N,VIIRS,n,2,290.55,3.78,D,0
30.67119,74.4248,357.28,0.43,0.62,2023-11-03,853,N,VIIRS,l,2,292.95,15.88,D,0
30.6713,74.42937,356.96,0.43,0.62,2023-11-03,853,N,VIIRS,l,2,292.26,15.29,D,0
30.67147,74.42939,357.19,0.43,0.62,2023-11-03,853,N,VIIRS,l,2,291.37,18.43,D,0
30.67149,74.51756,330.53,0.43,0.62,2023-11-03,853,N,VIIRS,n,2,290.38,2.65,D,0
30.67397,75.86548,334.53,0.52,0.67,2023-11-03,853,N,VIIRS,n,2,290.08,5.02,D,0
30.67559,74.89193,327.97,0.46,0.63,2023-11-03,853,N,VIIRS,n,2,291.5,2.39,D,0
30.67695,74.42431,342.41,0.43,0.62,2023-11-03,853,N,VIIRS,n,2,289.9,7.42,D,0
30.67724,74.42891,334.72,0.43,0.62,2023-11-03,853,N,VIIRS,n,2,289.68,9.52,D,0
30.68053,75.87067,332.35,0.52,0.67,2023-11-03,853,N,VIIRS,n,2,290.0,3.23,D,0
30.69918,76.3603,333.7,0.56,0.69,2023-11-03,853,N,VIIRS,n,2,295.7,7.49,D,0
30.70032,74.42706,350.68,0.43,0.62,2023-11-03,853,N,VIIRS,n,2,288.44,7.84,D,0
30.70918,76.4327,342.02,0.56,0.69,2023-11-03,853,N,VIIRS,n,2,296.72,4.63,D,0
30.71745,74.24765,355.04,0.42,0.61,2023-11-03,853,N,VIIRS,n,2,290.31,6.53,D,0
30.72764,76.41327,337.22,0.56,0.69,2023-11-03,853,N,VIIRS,n,2,296.95,4.65,D,0
30.72882,74.69331,339.26,0.45,0.63,2023-11-03,853,N,VIIRS,n,2,291.25,3.93,D,0
30.73182,75.03712,332.88,0.47,0.64,2023-11-03,853,N,VIIRS,n,2,290.34,5.92,D,0
30.75035,74.75433,367.0,0.45,0.63,2023-11-03,853,N,VIIRS,h,2,292.64,10.68,D,0
30.75172,74.87138,344.65,0.46,0.63,2023-11-03,853,N,VIIRS,n,2,290.39,7.11,D,0
30.75235,75.28679,343.53,0.48,0.65,2023-11-03,853,N,VIIRS,n,2,290.2,5.99,D,0
30.75286,75.51475,331.15,0.5,0.66,2023-11-03,853,N,VIIRS,n,2,291.42,3.93,D,0
30.75308,74.34924,335.89,0.42,0.61,2023-11-03,853,N,VIIRS,n,2,291.53,4.3,D,0
30.75379,74.44599,339.54,0.43,0.62,2023-11-03,853,N,VIIRS,n,2,290.88,4.7,D,0
30.7541,74.4506,334.82,0.43,0.62,2023-11-03,853,N,VIIRS,n,2,290.43,9.34,D,0
30.75434,74.44726,367.0,0.43,0.62,2023-11-03,853,N,VIIRS,h,2,292.34,8.23,D,0
30.75864,74.43172,367.0,0.43,0.62,2023-11-03,853,N,VIIRS,h,2,291.54,9.39,D,0
30.759,74.42832,338.68,0.43,0.62,2023-11-03,853,N,VIIRS,n,2,291.23,5.19,D,0
30.75928,74.43295,337.1,0.43,0.62,2023-11-03,853,N,VIIRS,n,2,288.85,6.54,D,0
30.75966,75.10091,333.99,0.47,0.64,2023-11-03,853,N,VIIRS,n,2,291.93,5.15,D,0
30.76599,75.31197,328.83,0.49,0.65,2023-11-03,853,N,VIIRS,n,2,291.1,2.97,D,0
30.76689,75.32763,340.82,0.49,0.65,2023-11-03,853,N,VIIRS,n,2,291.99,4.91,D,0
30.77063,74.33527,331.79,0.42,0.61,2023-11-03,853,N,VIIRS,n,2,286.11,2.75,D,0
30.77246,74.8571,340.97,0.46,0.63,2023-11-03,853,N,VIIRS,n,2,292.54,7.58,D,0
30.77425,74.49097,338.35,0.43,0.62,2023-11-03,853,N,VIIRS,n,2,290.45,3.15,D,0
30.77448,74.85503,335.0,0.46,0.63,2023-11-03,853,N,VIIRS,n,2,292.01,6.11,D,0
30.77452,74.49225,337.55,0.43,0.62,2023-11-03,853,N,VIIRS,n,2,290.58,3.75,D,0
30.77479,74.85992,344.68,0.46,0.63,2023-11-03,853,N,VIIRS,n,2,292.74,9.49,D,0
30.78401,74.85129,332.99,0.46,0.63,2023-11-03,853,N,VIIRS,n,2,291.98,3.53,D,0
30.78643,74.40294,334.22,0.43,0.62,2023-11-03,853,N,VIIRS,n,2,291.09,3.97,D,0
30.78672,74.40753,335.92,0.43,0.62,2023-11-03,853,N,VIIRS,n,2,290.36,3.97,D,0
30.78725,74.86885,330.45,0.46,0.63,2023-11-03,853,N,VIIRS,n,2,291.3,5.39,D,0
30.78757,74.32928,367.0,0.42,0.61,2023-11-03,853,N,VIIRS,h,2,292.98,11.9,D,0
30.78793,76.33097,351.47,0.56,0.69,2023-11-03,853,N,VIIRS,n,2,297.09,6.0,D,0
30.78838,76.32735,332.1,0.56,0.69,2023-11-03,853,N,VIIRS,n,2,295.37,8.3,D,0
30.79046,74.46761,330.29,0.43,0.62,2023-11-03,853,N,VIIRS,n,2,288.16,2.54,D,0
30.79106,74.87045,367.0,0.46,0.63,2023-11-03,853,N,VIIRS,h,2,293.08,9.97,D,0
30.7919,74.39787,344.68,0.43,0.62,2023-11-03,853,N,VIIRS,n,2,291.63,7.5,D,0
30.79219,74.40247,356.45,0.43,0.62,2023-11-03,853,N,VIIRS,l,2,292.24,10.53,D,0
30.79248,74.40707,340.42,0.43,0.62,2023-11-03,853,N,VIIRS,n,2,291.14,10.53,D,0
30.79317,74.86842,338.15,0.46,0.63,2023-11-03,853,N,VIIRS,n,2,291.29,5.39,D,0
30.79595,74.55638,328.52,0.44,0.62,2023-11-03,853,N,VIIRS,n,2,290.52,2.86,D,0
30.80048,74.72808,341.11,0.45,0.63,2023-11-03,853,N,VIIRS,n,2,292.42,4.54,D,0
30.80375,74.68444,367.0,0.45,0.63,2023-11-03,853,N,VIIRS,h,2,293.77,10.96,D,0
30.80546,76.03063,328.21,0.54,0.67,2023-11-03,853,N,VIIRS,n,2,291.63,4.2,D,0
30.80838,74.76138,338.09,0.45,0.63,2023-11-03,853,N,VIIRS,n,2,291.15,7.39,D,0
30.80929,74.48946,338.57,0.43,0.62,2023-11-03,853,N,VIIRS,n,2,290.3,4.66,D,0
30.80959,74.49412,336.15,0.43,0.62,2023-11-03,853,N,VIIRS,n,2,290.2,7.2,D,0
30.80962,74.68398,340.12,0.45,0.63,2023-11-03,853,N,VIIRS,n,2,291.28,5.25,D,0
30.81097,74.42412,335.37,0.43,0.62,2023-11-03,853,N,VIIRS,n,2,288.01,7.65,D,0
30.81151,76.40493,353.17,0.56,0.69,2023-11-03,853,N,VIIRS,n,2,299.14,22.61,D,0
30.81172,74.34567,334.62,0.43,0.62,2023-11-03,853,N,VIIRS,n,2,291.06,3.87,D,0
30.8118,76.411,367.0,0.56,0.69,2023-11-03,853,N,VIIRS,h,2,298.11,28.82,D,0
30.81332,74.46114,330.72,0.43,0.62,2023-11-03,853,N,VIIRS,n,2,290.56,4.84,D,0
30.81431,74.66439,328.71,0.44,0.63,2023-11-03,853,N,VIIRS,n,2,291.39,2.24,D,0
30.81467,74.39142,333.87,0.43,0.62,2023-11-03,853,N,VIIRS,n,2,291.18,4.31,D,0
30.81487,74.57856,330.24,0.44,0.62,2023-11-03,853,N,VIIRS,n,2,291.26,3.2,D,0
30.81497,74.39601,340.29,0.43,0.62,2023-11-03,853,N,VIIRS,n,2,291.67,4.31,D,0
30.81573,74.78519,328.75,0.45,0.63,2023-11-03,853,N,VIIRS,n,2,290.61,3.45,D,0
30.81836,74.35891,335.43,0.43,0.62,2023-11-03,853,N,VIIRS,n,2,291.56,3.59,D,0
30.81911,74.46068,341.57,0.43,0.62,2023-11-03,853,N,VIIRS,n,2,290.97,5.61,D,0
30.82506,74.94224,335.5,0.46,0.64,2023-11-03,853,N,VIIRS,n,2,290.94,3.57,D,0
30.82593,74.5682,330.01,0.44,0.62,2023-11-03,853,N,VIIRS,n,2,291.07,3.46,D,0
30.83728,74.56259,341.57,0.44,0.62,2023-11-03,853,N,VIIRS,n,2,291.15,6.01,D,0
30.84892,74.56169,355.03,0.44,0.62,2023-11-03,853,N,VIIRS,n,2,291.42,11.02,D,0
30.84923,74.56641,351.12,0.44,0.62,2023-11-03,853,N,VIIRS,n,2,291.37,15.56,D,0
30.85155,76.18017,353.56,0.55,0.68,2023-11-03,853,N,VIIRS,n,2,295.92,12.57,D,0
30.85315,76.17198,331.16,0.55,0.68,2023-11-03,853,N,VIIRS,n,2,294.59,12.36,D,0
30.85343,76.1779,367.0,0.55,0.68,2023-11-03,853,N,VIIRS,h,2,298.3,12.36,D,0
30.85761,76.17391,351.42,0.55,0.68,2023-11-03,853,N,VIIRS,n,2,295.67,16.2,D,0
30.85792,76.17982,343.34,0.55,0.68,2023-11-03,853,N,VIIRS,n,2,294.02,12.57,D,0
30.8655,74.91935,334.09,0.46,0.64,2023-11-03,853,N,VIIRS,n,2,291.7,2.9,D,0
30.86675,74.48305,356.11,0.43,0.62,2023-11-03,853,N,VIIRS,n,2,292.31,10.3,D,0
30.86726,74.48491,339.36,0.43,0.62,2023-11-03,853,N,VIIRS,n,2,291.16,12.48,D,0
30.87283,74.48726,367.0,0.43,0.62,2023-11-03,853,N,VIIRS,h,2,292.61,10.3,D,0
30.87311,74.49192,340.8,0.43,0.62,2023-11-03,853,N,VIIRS,n,2,290.84,13.52,D,0
30.87337,74.48913,367.0,0.43,0.62,2023-11-03,853,N,VIIRS,h,2,294.33,20.89,D,0
30.88708,74.43468,350.0,0.43,0.62,2023-11-03,853,N,VIIRS,n,2,292.18,6.96,D,0
30.89318,75.49188,352.53,0.5,0.66,2023-11-03,853,N,VIIRS,n,2,293.9,9.79,D,0
30.89424,74.99725,367.0,0.47,0.64,2023-11-03,853,N,VIIRS,h,2,294.24,14.22,D,0
30.89596,75.43269,341.56,0.49,0.65,2023-11-03,853,N,VIIRS,n,2,293.46,6.34,D,0
30.89645,74.99557,367.0,0.47,0.64,2023-11-03,853,N,VIIRS,h,2,294.91,16.59,D,0
30.89836,74.42912,367.0,0.43,0.62,2023-11-03,853,N,VIIRS,h,2,294.31,13.09,D,0
30.89839,74.71885,348.34,0.45,0.63,2023-11-03,853,N,VIIRS,n,2,291.89,6.99,D,0
30.89902,74.83105,333.14,0.46,0.63,2023-11-03,853,N,VIIRS,n,2,291.4,2.5,D,0
30.90039,74.72057,340.57,0.45,0.63,2023-11-03,853,N,VIIRS,n,2,291.32,6.25,D,0
30.90504,76.18671,339.41,0.55,0.68,2023-11-03,853,N,VIIRS,n,2,297.39,3.63,D,0
30.90879,74.5032,334.53,0.44,0.62,2023-11-03,853,N,VIIRS,n,2,291.37,3.06,D,0
30.90992,74.42819,367.0,0.43,0.62,2023-11-03,853,N,VIIRS,h,2,292.93,14.08,D,0
30.9146,74.50275,329.44,0.44,0.62,2023-11-03,853,N,VIIRS,n,2,290.43,4.13,D,0
30.91548,74.51679,333.79,0.44,0.62,2023-11-03,853,N,VIIRS,n,2,290.93,4.78,D,0
30.91747,74.74165,330.25,0.45,0.63,2023-11-03,853,N,VIIRS,n,2,290.39,14.32,D,0
30.92905,76.15581,330.81,0.55,0.68,2023-11-03,853,N,VIIRS,n,2,295.06,3.4,D,0
30.93541,74.84308,334.69,0.46,0.63,2023-11-03,853,N,VIIRS,n,2,291.58,6.83,D,0
30.93956,74.81329,330.67,0.45,0.63,2023-11-03,853,N,VIIRS,n,2,288.95,2.45,D,0
30.93972,75.01762,346.01,0.47,0.64,2023-11-03,853,N,VIIRS,n,2,292.1,11.1,D,0
30.94001,75.02264,343.58,0.47,0.64,2023-11-03,853,N,VIIRS,n,2,292.31,13.56,D,0
30.94217,74.95702,334.88,0.46,0.64,2023-11-03,853,N,VIIRS,n,2,291.73,3.08,D,0
30.94844,74.86189,356.62,0.46,0.63,2023-11-03,853,N,VIIRS,n,2,292.07,9.74,D,0
30.94874,74.86683,350.57,0.46,0.63,2023-11-03,853,N,VIIRS,n,2,292.03,9.74,D,0
30.94989,74.78799,367.0,0.45,0.63,2023-11-03,853,N,VIIRS,h,2,292.87,13.24,D,0
30.95352,76.10086,336.71,0.54,0.68,2023-11-03,853,N,VIIRS,n,2,293.5,7.82,D,0
30.9567,74.80219,338.78,0.45,0.63,2023-11-03,853,N,VIIRS,n,2,291.2,4.62,D,0
30.96294,75.21072,331.86,0.48,0.65,2023-11-03,853,N,VIIRS,n,2,291.38,2.7,D,0
30.96752,75.39996,329.81,0.49,0.65,2023-11-03,853,N,VIIRS,n,2,290.94,2.82,D,0
30.97259,74.77161,331.56,0.45,0.63,2023-11-03,853,N,VIIRS,n,2,290.6,5.36,D,0
30.9729,74.77647,344.02,0.45,0.63,2023-11-03,853,N,VIIRS,n,2,291.22,5.36,D,0
30.97611,74.92451,347.04,0.46,0.64,2023-11-03,853,N,VIIRS,n,2,292.84,4.72,D,0
30.98206,74.92409,335.76,0.46,0.64,2023-11-03,853,N,VIIRS,n,2,290.63,4.72,D,0
30.98526,74.71389,367.0,0.45,0.63,2023-11-03,853,N,VIIRS,h,2,293.21,7.59,D,0
30.98554,74.71873,327.83,0.45,0.63,2023-11-03,853,N,VIIRS,n,2,290.57,7.59,D,0
30.98657,74.71213,337.43,0.45,0.63,2023-11-03,853,N,VIIRS,n,2,291.13,7.06,D,0
30.98688,74.71697,367.0,0.45,0.63,2023-11-03,853,N,VIIRS,h,2,292.32,7.06,D,0
30.98778,74.7576,329.82,0.45,0.63,2023-11-03,853,N,VIIRS,n,2,291.28,3.15,D,0
30.99118,74.87861,328.17,0.46,0.63,2023-11-03,853,N,VIIRS,n,2,291.79,2.52,D,0
30.99137,74.61694,338.38,0.44,0.63,2023-11-03,853,N,VIIRS,n,2,291.9,4.85,D,0
30.99166,74.6217,339.96,0.44,0.63,2023-11-03,853,N,VIIRS,n,2,292.53,4.85,D,0
30.99239,74.62015,356.88,0.44,0.63,2023-11-03,853,N,VIIRS,n,2,293.7,7.79,D,0
30.99336,74.85553,346.56,0.46,0.63,2023-11-03,853,N,VIIRS,n,2,292.76,4.91,D,0
30.99448,74.8753,334.45,0.46,0.63,2023-11-03,853,N,VIIRS,n,2,291.94,3.93,D,0
30.99557,74.85351,329.04,0.46,0.63,2023-11-03,853,N,VIIRS,n,2,291.37,3.73,D,0
30.99588,74.85844,328.88,0.46,0.63,2023-11-03,853,N,VIIRS,n,2,291.23,8.39,D,0
31.00013,74.64835,331.97,0.44,0.63,2023-11-03,853,N,VIIRS,n,2,291.5,1.86,D,0
31.00148,74.68839,333.76,0.45,0.63,2023-11-03,853,N,VIIRS,n,2,290.92,4.99,D,0
31.00243,74.86787,353.21,0.46,0.63,2023-11-03,853,N,VIIRS,n,2,292.56,8.63,D,0
31.00264,74.68674,352.07,0.45,0.63,2023-11-03,853,N,VIIRS,n,2,291.74,5.61,D,0
31.00296,74.81532,343.81,0.46,0.63,2023-11-03,853,N,VIIRS,n,2,292.01,5.06,D,0
31.00518,74.75135,332.84,0.45,0.63,2023-11-03,853,N,VIIRS,n,2,291.12,5.17,D,0
31.00523,74.8183,339.74,0.46,0.63,2023-11-03,853,N,VIIRS,n,2,292.03,6.55,D,0
31.00579,74.86452,338.14,0.46,0.63,2023-11-03,853,N,VIIRS,n,2,291.2,5.58,D,0
31.00704,74.75442,343.23,0.45,0.63,2023-11-03,853,N,VIIRS,n,2,291.64,6.98,D,0
31.00736,74.7593,328.01,0.45,0.63,2023-11-03,853,N,VIIRS,n,2,290.76,5.12,D,0
31.01115,74.85421,330.9,0.46,0.63,2023-11-03,853,N,VIIRS,n,2,291.23,4.94,D,0
31.01136,74.75579,330.54,0.45,0.63,2023-11-03,853,N,VIIRS,n,2,290.94,3.58,D,0
31.01144,74.85915,339.93,0.46,0.63,2023-11-03,853,N,VIIRS,n,2,291.69,5.58,D,0
31.01367,74.85718,355.29,0.46,0.63,2023-11-03,853,N,VIIRS,n,2,292.15,9.34,D,0
31.01485,74.9187,367.0,0.46,0.64,2023-11-03,853,N,VIIRS,h,2,293.93,12.39,D,0
31.01514,74.92368,341.55,0.46,0.64,2023-11-03,853,N,VIIRS,n,2,290.0,12.39,D,0
31.01582,75.18113,357.11,0.48,0.65,2023-11-03,853,N,VIIRS,l,2,288.95,9.91,D,0
31.01596,78.0202,325.7,0.71,0.75,2023-11-03,853,N,VIIRS,n,2,294.46,7.42,D,0
31.01729,75.17819,367.0,0.48,0.65,2023-11-03,853,N,VIIRS,h,2,292.79,14.94,D,0
31.01737,74.8587,332.16,0.46,0.63,2023-11-03,853,N,VIIRS,n,2,291.56,3.14,D,0
31.01739,75.85962,367.0,0.52,0.67,2023-11-03,853,N,VIIRS,h,2,293.09,10.94,D,0
31.01746,74.91659,332.44,0.46,0.64,2023-11-03,853,N,VIIRS,n,2,291.34,11.98,D,0
31.01778,74.92156,367.0,0.46,0.64,2023-11-03,853,N,VIIRS,h,2,295.11,11.98,D,0
31.01795,74.66779,331.4,0.45,0.63,2023-11-03,853,N,VIIRS,n,2,291.0,2.92,D,0
31.02026,74.70634,337.23,0.45,0.63,2023-11-03,853,N,VIIRS,n,2,291.81,5.98,D,0
31.02186,75.18073,329.97,0.48,0.65,2023-11-03,853,N,VIIRS,n,2,287.65,9.91,D,0
31.02417,74.87312,338.49,0.46,0.63,2023-11-03,853,N,VIIRS,n,2,291.72,4.34,D,0
31.02417,75.64037,331.3,0.51,0.66,2023-11-03,853,N,VIIRS,n,2,287.66,2.69,D,0
31.02673,74.71556,334.08,0.45,0.63,2023-11-03,853,N,VIIRS,n,2,291.81,6.3,D,0
31.02909,75.17216,341.52,0.48,0.65,2023-11-03,853,N,VIIRS,n,2,292.31,5.68,D,0
31.03138,74.79349,328.15,0.45,0.63,2023-11-03,853,N,VIIRS,n,2,291.0,2.55,D,0
31.03281,75.02312,336.13,0.47,0.64,2023-11-03,853,N,VIIRS,n,2,292.37,3.34,D,0
31.03331,75.1696,329.82,0.48,0.65,2023-11-03,853,N,VIIRS,n,2,291.83,7.01,D,0
31.03702,74.69051,332.12,0.45,0.63,2023-11-03,853,N,VIIRS,n,2,291.38,3.47,D,0
31.03706,75.31811,329.42,0.49,0.65,2023-11-03,853,N,VIIRS,n,2,288.84,3.84,D,0
31.03763,75.00248,330.22,0.47,0.64,2023-11-03,853,N,VIIRS,n,2,292.08,4.41,D,0
31.04315,74.89163,339.19,0.46,0.64,2023-11-03,853,N,VIIRS,n,2,292.17,18.93,D,0
31.04594,75.80674,344.32,0.52,0.67,2023-11-03,853,N,VIIRS,n,2,291.87,6.42,D,0
31.04669,74.65594,343.92,0.45,0.63,2023-11-03,853,N,VIIRS,n,2,291.94,4.82,D,0
31.04725,74.96142,329.24,0.47,0.64,2023-11-03,853,N,VIIRS,n,2,292.76,2.67,D,0
31.04851,74.88124,367.0,0.46,0.64,2023-11-03,853,N,VIIRS,h,2,294.22,15.42,D,0
31.04985,75.80409,351.17,0.52,0.67,2023-11-03,853,N,VIIRS,n,2,291.84,6.62,D,0
31.05267,74.85112,367.0,0.46,0.63,2023-11-03,853,N,VIIRS,h,2,294.07,9.43,D,0
31.05355,74.86594,337.91,0.46,0.63,2023-11-03,853,N,VIIRS,n,2,292.33,4.02,D,0
31.05585,74.70849,367.0,0.45,0.63,2023-11-03,853,N,VIIRS,h,2,293.16,12.92,D,0
31.05646,75.22742,330.02,0.48,0.65,2023-11-03,853,N,VIIRS,n,2,292.23,3.3,D,0
31.05733,75.24303,330.38,0.48,0.65,2023-11-03,853,N,VIIRS,n,2,292.44,4.81,D,0
31.05741,74.93057,332.89,0.46,0.64,2023-11-03,853,N,VIIRS,n,2,292.72,5.6,D,0
31.05751,75.83183,327.52,0.52,0.67,2023-11-03,853,N,VIIRS,n,2,291.83,2.93,D,0
31.06245,75.0159,331.02,0.47,0.64,2023-11-03,853,N,VIIRS,n,2,289.88,2.4,D,0
31.06248,74.91516,330.05,0.46,0.64,2023-11-03,853,N,VIIRS,n,2,292.04,5.88,D,0
31.06446,75.91374,334.48,0.53,0.67,2023-11-03,853,N,VIIRS,n,2,292.04,5.24,D,0
31.06701,74.69793,343.53,0.45,0.63,2023-11-03,853,N,VIIRS,n,2,291.68,5.76,D,0
31.06895,74.82518,346.56,0.46,0.63,2023-11-03,853,N,VIIRS,n,2,292.84,6.6,D,0
31.06946,75.2422,343.34,0.48,0.65,2023-11-03,853,N,VIIRS,n,2,292.6,5.43,D,0
31.06963,74.93468,350.85,0.46,0.64,2023-11-03,853,N,VIIRS,n,2,292.06,7.73,D,0
31.07045,75.36892,342.52,0.49,0.65,2023-11-03,853,N,VIIRS,n,2,288.12,8.34,D,0
31.07434,75.22099,335.99,0.48,0.65,2023-11-03,853,N,VIIRS,n,2,292.82,2.76,D,0
31.07553,75.24178,338.07,0.48,0.65,2023-11-03,853,N,VIIRS,n,2,292.18,4.18,D,0
31.07582,75.24699,328.19,0.48,0.65,2023-11-03,853,N,VIIRS,n,2,291.87,4.18,D,0
31.08403,75.85861,335.29,0.53,0.67,2023-11-03,853,N,VIIRS,n,2,292.64,5.97,D,0
31.08944,75.0649,335.49,0.47,0.64,2023-11-03,853,N,VIIRS,n,2,292.94,4.33,D,0
31.0913,75.19898,346.67,0.48,0.65,2023-11-03,853,N,VIIRS,n,2,292.32,8.5,D,0
31.09141,74.80383,329.01,0.46,0.63,2023-11-03,853,N,VIIRS,n,2,290.92,3.29,D,0
31.09214,74.86408,349.0,0.46,0.64,2023-11-03,853,N,VIIRS,n,2,292.48,10.93,D,0
31.09241,74.86903,367.0,0.46,0.64,2023-11-03,853,N,VIIRS,h,2,292.91,10.93,D,0
31.09542,74.86787,367.0,0.46,0.63,2023-11-03,853,N,VIIRS,h,2,295.95,21.32,D,0
31.09967,75.11159,330.21,0.48,0.64,2023-11-03,853,N,VIIRS,n,2,289.16,2.24,D,0
31.10128,75.37205,340.37,0.49,0.65,2023-11-03,853,N,VIIRS,n,2,293.6,3.44,D,0
31.10917,74.89684,331.02,0.46,0.64,2023-11-03,853,N,VIIRS,n,2,290.41,3.09,D,0
31.10934,75.62675,328.82,0.51,0.66,2023-11-03,853,N,VIIRS,n,2,289.28,3.57,D,0
31.11024,75.10963,336.17,0.47,0.64,2023-11-03,853,N,VIIRS,n,2,292.18,3.53,D,0
31.11161,75.2341,342.16,0.48,0.65,2023-11-03,853,N,VIIRS,n,2,292.84,3.89,D,0
31.11172,75.11073,330.69,0.48,0.64,2023-11-03,853,N,VIIRS,n,2,291.74,4.11,D,0
31.11193,74.89752,338.47,0.46,0.64,2023-11-03,853,N,VIIRS,n,2,291.58,3.75,D,0
31.11233,75.23546,332.11,0.48,0.65,2023-11-03,853,N,VIIRS,n,2,291.25,4.88,D,0
31.11253,75.24975,327.69,0.48,0.65,2023-11-03,853,N,VIIRS,n,2,292.22,2.6,D,0
31.11672,74.98272,340.16,0.47,0.64,2023-11-03,853,N,VIIRS,n,2,291.91,6.06,D,0
31.1181,75.90803,328.38,0.53,0.67,2023-11-03,853,N,VIIRS,n,2,292.12,4.99,D,0
31.11869,75.01807,367.0,0.47,0.64,2023-11-03,853,N,VIIRS,h,2,293.83,11.97,D,0
31.12077,75.28602,333.74,0.49,0.65,2023-11-03,853,N,VIIRS,n,2,293.14,2.99,D,0
31.12118,75.28743,327.7,0.49,0.65,2023-11-03,853,N,VIIRS,n,2,292.78,4.82,D,0
31.12212,74.8668,367.0,0.46,0.64,2023-11-03,853,N,VIIRS,h,2,295.06,21.54,D,0
31.12232,75.31229,339.23,0.49,0.65,2023-11-03,853,N,VIIRS,n,2,291.9,6.58,D,0
31.1224,74.87177,328.84,0.46,0.64,2023-11-03,853,N,VIIRS,n,2,288.18,19.11,D,0
31.12257,75.31378,328.84,0.49,0.65,2023-11-03,853,N,VIIRS,n,2,291.14,3.54,D,0
31.12264,75.01673,349.14,0.47,0.64,2023-11-03,853,N,VIIRS,n,2,291.85,8.06,D,0
31.12296,75.02179,345.14,0.47,0.64,2023-11-03,853,N,VIIRS,n,2,292.54,12.27,D,0
31.12468,75.01763,344.49,0.47,0.64,2023-11-03,853,N,VIIRS,n,2,291.08,11.97,D,0
31.12478,75.356,334.86,0.49,0.65,2023-11-03,853,N,VIIRS,n,2,292.61,4.48,D,0
31.1251,75.35975,330.84,0.49,0.65,2023-11-03,853,N,VIIRS,n,2,292.14,4.46,D,0
31.12792,75.20166,334.61,0.48,0.65,2023-11-03,853,N,VIIRS,n,2,291.92,3.2,D,0
31.13007,74.90118,336.84,0.46,0.64,2023-11-03,853,N,VIIRS,n,2,287.4,4.45,D,0
31.13198,75.74438,327.88,0.52,0.67,2023-11-03,853,N,VIIRS,n,2,291.04,2.92,D,0
31.14331,74.72218,346.62,0.45,0.63,2023-11-03,853,N,VIIRS,n,2,292.58,5.82,D,0
31.14413,74.5434,357.28,0.44,0.62,2023-11-03,853,N,VIIRS,n,2,293.31,19.08,D,0
31.14443,74.54816,367.0,0.44,0.62,2023-11-03,853,N,VIIRS,h,2,294.59,29.75,D,0
31.14612,75.07742,327.66,0.47,0.64,2023-11-03,853,N,VIIRS,n,2,292.36,5.8,D,0
31.14653,75.65948,327.38,0.51,0.66,2023-11-03,853,N,VIIRS,n,2,291.75,3.08,D,0
31.1484,75.65746,332.77,0.51,0.66,2023-11-03,853,N,VIIRS,n,2,290.86,6.58,D,0
31.14975,74.63412,348.73,0.45,0.63,2023-11-03,853,N,VIIRS,n,2,293.29,6.85,D,0
31.14989,75.57454,327.6,0.51,0.66,2023-11-03,853,N,VIIRS,n,2,291.32,2.23,D,0
31.1548,74.71642,337.11,0.45,0.63,2023-11-03,853,N,VIIRS,n,2,292.1,2.54,D,0
31.16193,74.54681,331.88,0.44,0.62,2023-11-03,853,N,VIIRS,n,2,292.91,5.74,D,0
31.1662,75.75148,333.6,0.52,0.67,2023-11-03,853,N,VIIRS,n,2,292.36,3.78,D,0
31.16667,74.91354,367.0,0.46,0.64,2023-11-03,853,N,VIIRS,h,2,295.12,17.36,D,0
31.16776,74.54638,353.63,0.44,0.62,2023-11-03,853,N,VIIRS,n,2,292.48,5.74,D,0
31.16957,74.76428,328.81,0.45,0.63,2023-11-03,853,N,VIIRS,n,2,291.24,3.26,D,0
31.17262,74.91309,335.5,0.46,0.64,2023-11-03,853,N,VIIRS,n,2,292.21,2.6,D,0
31.17788,75.66306,337.34,0.51,0.66,2023-11-03,853,N,VIIRS,n,2,291.25,3.33,D,0
31.17806,74.70981,327.75,0.45,0.63,2023-11-03,853,N,VIIRS,n,2,292.29,4.11,D,0
31.18068,74.94753,348.21,0.47,0.64,2023-11-03,853,N,VIIRS,n,2,292.35,7.51,D,0
31.18158,74.96262,331.59,0.47,0.64,2023-11-03,853,N,VIIRS,n,2,291.99,4.91,D,0
31.18939,75.19869,345.86,0.48,0.65,2023-11-03,853,N,VIIRS,n,2,292.7,4.61,D,0
31.19018,75.31965,337.13,0.49,0.65,2023-11-03,853,N,VIIRS,n,2,293.46,5.11,D,0
31.1914,74.92661,349.09,0.46,0.64,2023-11-03,853,N,VIIRS,n,2,293.03,6.8,D,0
31.19308,75.83685,331.18,0.53,0.67,2023-11-03,853,N,VIIRS,n,2,292.55,3.73,D,0
31.19544,75.19829,336.98,0.48,0.65,2023-11-03,853,N,VIIRS,n,2,290.91,4.61,D,0
31.19647,74.54587,331.81,0.44,0.62,2023-11-03,853,N,VIIRS,n,2,292.57,3.22,D,0
31.19693,74.54419,334.9,0.44,0.62,2023-11-03,853,N,VIIRS,n,2,292.35,3.65,D,0
31.19849,74.56796,327.78,0.44,0.62,2023-11-03,853,N,VIIRS,n,2,293.0,1.72,D,0
31.19998,75.17188,367.0,0.48,0.65,2023-11-03,853,N,VIIRS,h,2,292.92,9.73,D,0
31.20124,74.62715,347.2,0.45,0.63,2023-11-03,853,N,VIIRS,n,2,293.75,5.04,D,0
31.20145,75.0941,337.56,0.47,0.64,2023-11-03,853,N,VIIRS,n,2,292.8,4.5,D,0
31.20179,74.90073,334.38,0.46,0.64,2023-11-03,853,N,VIIRS,n,2,292.81,2.71,D,0
31.20191,74.71274,327.88,0.45,0.63,2023-11-03,853,N,VIIRS,n,2,292.52,1.95,D,0
31.20221,74.62538,330.55,0.45,0.63,2023-11-03,853,N,VIIRS,n,2,292.46,3.62,D,0
31.20252,74.63019,328.23,0.45,0.63,2023-11-03,853,N,VIIRS,n,2,292.75,5.08,D,0
31.20848,74.85736,330.04,0.46,0.64,2023-11-03,853,N,VIIRS,n,2,292.41,2.45,D,0
31.20956,75.2104,330.17,0.48,0.65,2023-11-03,853,N,VIIRS,n,2,291.33,2.41,D,0
31.21012,75.10629,327.78,0.48,0.64,2023-11-03,853,N,VIIRS,n,2,291.92,5.46,D,0
31.21341,74.53499,329.14,0.44,0.62,2023-11-03,853,N,VIIRS,n,2,292.1,2.93,D,0
31.21779,74.91679,339.31,0.46,0.64,2023-11-03,853,N,VIIRS,n,2,293.27,4.72,D,0
31.22262,75.14434,367.0,0.48,0.65,2023-11-03,853,N,VIIRS,h,2,294.51,9.52,D,0
31.22412,75.14156,338.17,0.48,0.65,2023-11-03,853,N,VIIRS,n,2,292.62,12.49,D,0
31.22441,75.14673,367.0,0.48,0.65,2023-11-03,853,N,VIIRS,h,2,295.34,12.49,D,0
31.22465,74.97982,338.28,0.47,0.64,2023-11-03,853,N,VIIRS,n,2,292.47,2.78,D,0
31.22555,74.63977,336.13,0.45,0.63,2023-11-03,853,N,VIIRS,n,2,293.31,3.18,D,0
31.22743,74.98183,333.37,0.47,0.64,2023-11-03,853,N,VIIRS,n,2,292.14,4.72,D,0
31.22866,75.14391,367.0,0.48,0.65,2023-11-03,853,N,VIIRS,h,2,292.16,9.52,D,0
31.22871,74.69298,344.46,0.45,0.63,2023-11-03,853,N,VIIRS,n,2,293.09,7.24,D,0
31.2296,75.15944,333.37,0.48,0.65,2023-11-03,853,N,VIIRS,n,2,291.85,4.47,D,0
31.23142,74.63931,329.16,0.45,0.63,2023-11-03,853,N,VIIRS,n,2,291.95,3.18,D,0
31.23488,74.69736,353.27,0.45,0.63,2023-11-03,853,N,VIIRS,n,2,293.82,14.12,D,0
31.23597,75.02705,333.61,0.47,0.64,2023-11-03,853,N,VIIRS,n,2,292.82,3.69,D,0
31.2371,74.94058,339.66,0.47,0.64,2023-11-03,853,N,VIIRS,n,2,293.16,4.07,D,0
31.23816,74.65334,354.68,0.45,0.63,2023-11-03,853,N,VIIRS,n,2,294.58,10.92,D,0
31.23845,74.65816,367.0,0.45,0.63,2023-11-03,853,N,VIIRS,h,2,296.21,20.47,D,0
31.24035,75.23714,328.23,0.48,0.65,2023-11-03,853,N,VIIRS,n,2,291.83,3.66,D,0
31.24128,75.2344,335.95,0.48,0.65,2023-11-03,853,N,VIIRS,n,2,291.93,4.32,D,0
31.24164,74.91506,346.15,0.46,0.64,2023-11-03,853,N,VIIRS,n,2,294.0,8.69,D,0
31.24197,75.02661,334.79,0.47,0.64,2023-11-03,853,N,VIIRS,n,2,292.01,3.69,D,0
31.24465,75.91784,338.82,0.53,0.67,2023-11-03,853,N,VIIRS,n,2,293.06,4.68,D,0
31.24799,75.13464,354.94,0.48,0.65,2023-11-03,853,N,VIIRS,n,2,293.41,8.39,D,0
31.25137,74.67663,367.0,0.45,0.63,2023-11-03,853,N,VIIRS,h,2,294.97,8.78,D,0
31.25455,75.03591,334.64,0.47,0.64,2023-11-03,853,N,VIIRS,n,2,291.4,5.86,D,0
31.25484,75.04103,341.87,0.47,0.64,2023-11-03,853,N,VIIRS,n,2,292.08,5.86,D,0
31.25489,75.14973,329.52,0.48,0.65,2023-11-03,853,N,VIIRS,n,2,292.0,2.62,D,0
31.25637,74.66166,330.21,0.45,0.63,2023-11-03,853,N,VIIRS,n,2,293.66,3.53,D,0
31.26672,75.25371,339.87,0.49,0.65,2023-11-03,853,N,VIIRS,n,2,292.22,4.7,D,0
31.27285,75.03972,332.84,0.47,0.64,2023-11-03,853,N,VIIRS,n,2,292.31,7.3,D,0
31.27917,75.25812,341.78,0.49,0.65,2023-11-03,853,N,VIIRS,n,2,292.27,5.86,D,0
31.28099,74.97283,328.67,0.47,0.64,2023-11-03,853,N,VIIRS,n,2,291.43,3.68,D,0
31.28564,74.69205,353.96,0.45,0.63,2023-11-03,853,N,VIIRS,n,2,294.94,8.27,D,0
31.28788,74.69342,343.71,0.45,0.63,2023-11-03,853,N,VIIRS,n,2,293.97,6.93,D,0
31.28877,75.00282,339.61,0.47,0.64,2023-11-03,853,N,VIIRS,n,2,292.28,7.0,D,0
31.28907,75.00791,350.19,0.47,0.64,2023-11-03,853,N,VIIRS,n,2,293.2,7.0,D,0
31.29027,74.7753,329.25,0.46,0.63,2023-11-03,853,N,VIIRS,n,2,292.78,8.42,D,0
31.29042,74.63971,330.79,0.45,0.63,2023-11-03,853,N,VIIRS,n,2,293.15,1.7,D,0
31.29085,74.93667,335.31,0.47,0.64,2023-11-03,853,N,VIIRS,n,2,292.33,5.71,D,0
31.29305,74.77657,350.26,0.46,0.63,2023-11-03,853,N,VIIRS,n,2,293.64,4.81,D,0
31.29658,75.03292,332.04,0.47,0.64,2023-11-03,853,N,VIIRS,n,2,292.29,5.55,D,0
31.29873,74.92969,329.21,0.47,0.64,2023-11-03,853,N,VIIRS,n,2,292.39,3.48,D,0
31.3023,75.23541,328.25,0.49,0.65,2023-11-03,853,N,VIIRS,n,2,291.8,1.6,D,0
31.3036,74.9091,330.44,0.46,0.64,2023-11-03,853,N,VIIRS,n,2,292.04,3.08,D,0
31.30361,74.59348,328.0,0.44,0.63,2023-11-03,853,N,VIIRS,n,2,293.35,5.55,D,0
31.30387,74.91412,333.82,0.46,0.64,2023-11-03,853,N,VIIRS,n,2,292.24,6.75,D,0
31.30493,74.59027,336.43,0.44,0.63,2023-11-03,853,N,VIIRS,n,2,293.5,6.03,D,0
31.30723,74.91027,336.37,0.46,0.64,2023-11-03,853,N,VIIRS,n,2,292.03,4.93,D,0
31.30754,74.91528,337.06,0.46,0.64,2023-11-03,853,N,VIIRS,n,2,291.87,4.93,D,0
31.30784,74.9203,330.28,0.46,0.64,2023-11-03,853,N,VIIRS,n,2,291.79,5.92,D,0
31.31012,74.91872,353.09,0.47,0.64,2023-11-03,853,N,VIIRS,n,2,293.06,8.68,D,0
31.31048,74.58504,350.51,0.44,0.63,2023-11-03,853,N,VIIRS,n,2,293.93,6.03,D,0
31.31227,74.64118,343.16,0.45,0.63,2023-11-03,853,N,VIIRS,n,2,294.06,8.45,D,0
31.3123,75.30354,332.26,0.49,0.65,2023-11-03,853,N,VIIRS,n,2,291.35,7.42,D,0
31.3139,74.63792,336.74,0.45,0.63,2023-11-03,853,N,VIIRS,n,2,292.9,4.78,D,0
31.31476,74.58298,340.57,0.44,0.63,2023-11-03,853,N,VIIRS,n,2,292.76,8.26,D,0
31.31504,74.58778,367.0,0.44,0.63,2023-11-03,853,N,VIIRS,h,2,293.7,12.49,D,0
31.31808,75.29683,347.51,0.49,0.65,2023-11-03,853,N,VIIRS,n,2,292.31,6.81,D,0
31.31809,75.29783,343.08,0.49,0.65,2023-11-03,853,N,VIIRS,n,2,292.2,5.83,D,0
31.32306,75.07218,330.55,0.47,0.64,2023-11-03,853,N,VIIRS,n,2,292.01,3.59,D,0
31.32442,75.07076,332.29,0.47,0.64,2023-11-03,853,N,VIIRS,n,2,291.88,3.2,D,0
31.32939,75.07691,337.78,0.47,0.64,2023-11-03,853,N,VIIRS,n,2,291.51,3.59,D,0
31.32998,74.95267,341.88,0.47,0.64,2023-11-03,853,N,VIIRS,n,2,292.45,5.45,D,0
31.331,75.08062,331.5,0.48,0.64,2023-11-03,853,N,VIIRS,n,2,291.49,6.75,D,0
31.33193,75.21114,338.86,0.48,0.65,2023-11-03,853,N,VIIRS,n,2,292.17,4.19,D,0
31.35477,74.96609,332.73,0.47,0.64,2023-11-03,853,N,VIIRS,n,2,291.87,2.19,D,0
31.37373,74.77896,344.26,0.46,0.63,2023-11-03,853,N,VIIRS,n,2,292.96,7.02,D,0
31.3818,75.76596,351.15,0.52,0.67,2023-11-03,853,N,VIIRS,n,2,293.87,6.28,D,0
31.38427,74.66013,328.34,0.45,0.63,2023-11-03,853,N,VIIRS,n,2,291.37,2.62,D,0
31.38518,75.76505,341.09,0.52,0.67,2023-11-03,853,N,VIIRS,n,2,292.06,8.51,D,0
31.39007,75.27055,337.43,0.49,0.65,2023-11-03,853,N,VIIRS,n,2,291.79,6.72,D,0
31.41738,77.66125,349.49,0.68,0.74,2023-11-03,853,N,VIIRS,n,2,294.23,11.44,D,0
31.41825,77.6593,335.17,0.68,0.74,2023-11-03,853,N,VIIRS,n,2,293.32,10.16,D,0
31.43514,75.41779,334.36,0.5,0.66,2023-11-03,853,N,VIIRS,n,2,292.19,5.11,D,0
31.45338,74.75513,336.5,0.46,0.63,2023-11-03,853,N,VIIRS,n,2,293.19,3.8,D,0
31.45888,75.17298,340.25,0.48,0.65,2023-11-03,853,N,VIIRS,n,2,292.94,5.69,D,0
31.50023,74.84145,335.79,0.46,0.64,2023-11-03,853,N,VIIRS,n,2,293.17,3.94,D,0
31.50292,74.84226,330.53,0.46,0.64,2023-11-03,853,N,VIIRS,n,2,292.82,2.79,D,0
31.51184,75.24853,329.68,0.49,0.65,2023-11-03,853,N,VIIRS,n,2,292.35,5.07,D,0
31.51517,74.89077,336.9,0.46,0.64,2023-11-03,853,N,VIIRS,n,2,293.6,4.38,D,0
31.51746,74.83021,328.12,0.46,0.64,2023-11-03,853,N,VIIRS,n,2,293.27,4.83,D,0
31.52023,74.83095,334.37,0.46,0.64,2023-11-03,853,N,VIIRS,n,2,293.04,5.02,D,0
31.53957,74.99603,327.63,0.47,0.64,2023-11-03,853,N,VIIRS,n,2,293.4,1.89,D,0
31.54133,74.99699,330.75,0.47,0.64,2023-11-03,853,N,VIIRS,n,2,293.5,2.48,D,0
31.5445,74.63105,330.94,0.45,0.63,2023-11-03,853,N,VIIRS,n,2,292.53,3.24,D,0
31.57567,74.65813,331.92,0.45,0.63,2023-11-03,853,N,VIIRS,n,2,293.6,3.81,D,0
31.5878,75.18128,334.08,0.48,0.65,2023-11-03,853,N,VIIRS,n,2,293.93,3.3,D,0
31.58995,75.45022,338.2,0.5,0.66,2023-11-03,853,N,VIIRS,n,2,292.03,4.12,D,0
31.60199,75.44395,340.42,0.5,0.66,2023-11-03,853,N,VIIRS,n,2,292.45,7.67,D,0
31.60625,74.70695,330.76,0.45,0.63,2023-11-03,853,N,VIIRS,n,2,293.82,4.16,D,0
31.60847,74.70992,330.04,0.45,0.63,2023-11-03,853,N,VIIRS,n,2,294.07,3.38,D,0
31.63286,75.55795,330.38,0.51,0.66,2023-11-03,853,N,VIIRS,n,2,292.2,6.77,D,0
31.64304,75.18809,329.0,0.49,0.65,2023-11-03,853,N,VIIRS,n,2,294.34,4.96,D,0
31.64359,75.54916,328.5,0.51,0.66,2023-11-03,853,N,VIIRS,n,2,292.2,4.34,D,0
31.64386,75.18518,339.34,0.49,0.65,2023-11-03,853,N,VIIRS,n,2,294.86,4.34,D,0
31.67373,74.54509,329.09,0.45,0.63,2023-11-03,853,N,VIIRS,n,2,293.6,2.29,D,0
31.70244,74.5333,334.61,0.44,0.63,2023-11-03,853,N,VIIRS,n,2,294.86,3.0,D,0
31.70663,74.53123,349.65,0.44,0.63,2023-11-03,853,N,VIIRS,n,2,295.98,4.46,D,0
31.72088,75.60007,331.18,0.51,0.66,2023-11-03,853,N,VIIRS,n,2,292.75,4.01,D,0
31.75529,75.43083,330.99,0.5,0.66,2023-11-03,853,N,VIIRS,n,2,293.09,2.03,D,0
31.78061,74.30126,344.27,0.43,0.62,2023-11-03,853,N,VIIRS,n,2,295.41,5.2,D,0
31.80584,74.64294,336.17,0.45,0.63,2023-11-03,853,N,VIIRS,n,2,296.37,3.89,D,0
31.81257,74.346,340.22,0.43,0.62,2023-11-03,853,N,VIIRS,n,2,296.09,5.22,D,0
31.81272,74.34733,333.51,0.43,0.62,2023-11-03,853,N,VIIRS,n,2,295.68,4.58,D,0
31.82238,74.41325,344.26,0.44,0.62,2023-11-03,853,N,VIIRS,n,2,295.27,4.86,D,0
31.82265,74.41188,335.81,0.44,0.62,2023-11-03,853,N,VIIRS,n,2,294.89,5.01,D,0
31.82654,74.69592,332.89,0.46,0.63,2023-11-03,853,N,VIIRS,n,2,295.19,3.01,D,0
31.82857,74.69394,330.02,0.46,0.63,2023-11-03,853,N,VIIRS,n,2,295.0,3.35,D,0
31.82875,74.99818,350.52,0.47,0.64,2023-11-03,853,N,VIIRS,n,2,297.9,6.43,D,0
31.83056,74.99519,331.07,0.47,0.64,2023-11-03,853,N,VIIRS,n,2,296.08,4.41,D,0
31.83096,74.36012,338.9,0.44,0.62,2023-11-03,853,N,VIIRS,n,2,295.08,3.27,D,0
31.86189,74.48718,343.17,0.44,0.63,2023-11-03,853,N,VIIRS,n,2,295.38,6.51,D,0
31.89876,74.91814,335.42,0.47,0.64,2023-11-03,853,N,VIIRS,n,2,295.37,4.05,D,0
31.95076,74.78218,343.03,0.46,0.64,2023-11-03,853,N,VIIRS,n,2,295.05,5.27,D,0
31.95345,74.78294,330.25,0.46,0.64,2023-11-03,853,N,VIIRS,n,2,294.33,5.46,D,0
31.95597,74.86807,338.93,0.47,0.64,2023-11-03,853,N,VIIRS,n,2,295.6,4.14,D,0
31.95813,74.86897,328.99,0.47,0.64,2023-11-03,853,N,VIIRS,n,2,294.8,3.54,D,0
31.99433,74.87154,331.87,0.47,0.64,2023-11-03,853,N,VIIRS,n,2,294.32,2.23,D,0
32.02111,74.75993,330.44,0.46,0.64,2023-11-03,853,N,VIIRS,n,2,294.14,3.91,D,0
32.02372,74.75769,330.69,0.46,0.64,2023-11-03,853,N,VIIRS,n,2,294.09,1.7,D,0
32.04357,74.69096,330.46,0.46,0.63,2023-11-03,853,N,VIIRS,n,2,294.4,2.63,D,0
32.04672,74.94511,341.38,0.47,0.64,2023-11-03,853,N,VIIRS,n,2,296.22,5.68,D,0
32.04679,74.17565,350.59,0.43,0.62,2023-11-03,853,N,VIIRS,n,2,298.18,8.25,D,0
32.19631,75.31698,367.0,0.5,0.66,2023-11-03,853,N,VIIRS,h,2,297.22,12.31,D,0
31.29306,77.33755,301.43,0.33,0.55,2023-11-03,2116,N,VIIRS,n,2,284.97,0.55,N,0
31.61733,74.37372,303.03,0.44,0.46,2023-11-03,2116,N,VIIRS,n,2,289.57,0.85,N,2
31.61921,74.42784,300.0,0.44,0.46,2023-11-03,2116,N,VIIRS,n,2,289.14,0.68,N,2
27.66796,76.1292,300.82,0.34,0.56,2023-11-03,2117,N,VIIRS,n,2,290.15,1.1,N,2
29.12272,75.77993,301.36,0.6,0.53,2023-11-03,2117,N,VIIRS,n,2,289.23,0.81,N,2
30.30079,76.73702,331.15,0.75,0.77,2023-11-04,654,N,VIIRS,n,2,295.14,4.16,D,0
30.30351,76.73454,325.52,0.75,0.77,2023-11-04,654,N,VIIRS,n,2,295.05,5.05,D,0
30.66913,76.47324,330.74,0.76,0.77,2023-11-04,654,N,VIIRS,n,2,294.97,5.14,D,0
31.33932,75.78156,338.44,0.8,0.78,2023-11-04,654,N,VIIRS,n,2,294.72,6.82,D,0
31.33994,75.78013,333.98,0.79,0.78,2023-11-04,654,N,VIIRS,n,2,293.97,4.67,D,0
27.4871,78.46188,332.5,0.36,0.57,2023-11-04,833,N,VIIRS,n,2,295.19,3.67,D,0
27.48954,78.45907,331.27,0.36,0.57,2023-11-04,833,N,VIIRS,n,2,295.21,3.79,D,0
29.44064,76.39739,334.61,0.57,0.52,2023-11-04,834,N,VIIRS,n,2,295.65,4.33,D,0
29.4419,76.39826,330.48,0.57,0.52,2023-11-04,834,N,VIIRS,n,2,295.65,3.75,D,0
29.44727,74.05875,333.75,0.41,0.45,2023-11-04,834,N,VIIRS,n,2,299.22,2.28,D,0
29.45994,76.867,331.95,0.61,0.53,2023-11-04,834,N,VIIRS,n,2,291.78,2.96,D,2
29.46043,76.86642,331.71,0.61,0.53,2023-11-04,834,N,VIIRS,n,2,292.37,2.48,D,2
29.47739,74.02409,341.49,0.41,0.45,2023-11-04,834,N,VIIRS,n,2,300.81,6.24,D,0
29.50294,74.18361,340.26,0.42,0.45,2023-11-04,834,N,VIIRS,n,2,299.57,3.05,D,0
29.50711,74.14308,353.16,0.42,0.45,2023-11-04,834,N,VIIRS,n,2,303.41,22.39,D,0
29.53698,74.50663,339.71,0.44,0.46,2023-11-04,834,N,VIIRS,n,2,300.18,3.4,D,0
29.55002,76.10603,343.26,0.55,0.51,2023-11-04,834,N,VIIRS,n,2,297.07,5.63,D,0
29.56056,74.50037,344.51,0.44,0.46,2023-11-04,834,N,VIIRS,n,2,307.32,25.04,D,0
29.56222,74.49868,349.19,0.44,0.46,2023-11-04,834,N,VIIRS,n,2,309.21,55.84,D,0
29.56485,74.4998,345.97,0.44,0.46,2023-11-04,834,N,VIIRS,n,2,302.18,25.04,D,0
29.56651,74.49813,335.96,0.44,0.46,2023-11-04,834,N,VIIRS,n,2,298.81,4.64,D,0
29.57842,74.25071,343.44,0.43,0.46,2023-11-04,834,N,VIIRS,n,2,300.13,5.77,D,0
29.5944,74.49124,341.32,0.44,0.46,2023-11-04,834,N,VIIRS,n,2,299.75,8.97,D,0
29.59785,74.43977,332.42,0.44,0.46,2023-11-04,834,N,VIIRS,n,2,299.19,7.58,D,0
29.59831,74.44433,340.7,0.44,0.46,2023-11-04,834,N,VIIRS,n,2,300.64,7.58,D,0
29.61273,75.63629,346.21,0.51,0.5,2023-11-04,834,N,VIIRS,n,2,298.74,10.7,D,0
29.63231,75.19881,334.37,0.48,0.48,2023-11-04,834,N,VIIRS,n,2,295.92,3.8,D,0
29.63865,76.4068,330.01,0.57,0.52,2023-11-04,834,N,VIIRS,n,2,296.07,2.65,D,0
29.64375,75.92078,334.56,0.53,0.5,2023-11-04,834,N,VIIRS,n,2,297.77,4.87,D,0
29.66138,75.70699,346.95,0.52,0.5,2023-11-04,834,N,VIIRS,n,2,299.63,10.42,D,0
29.66196,75.81199,332.91,0.53,0.5,2023-11-04,834,N,VIIRS,n,2,298.36,2.13,D,0
29.67185,76.0719,347.99,0.55,0.51,2023-11-04,834,N,VIIRS,n,2,296.63,7.61,D,0
29.67244,76.40298,336.58,0.57,0.52,2023-11-04,834,N,VIIRS,n,2,296.69,5.94,D,0
29.68163,75.82085,331.4,0.53,0.5,2023-11-04,834,N,VIIRS,n,2,298.75,4.93,D,0
29.6937,75.76699,342.21,0.52,0.5,2023-11-04,834,N,VIIRS,n,2,301.11,20.21,D,0
29.69494,75.76369,342.5,0.52,0.5,2023-11-04,834,N,VIIRS,n,2,300.85,11.93,D,0
29.69636,75.34628,340.05,0.49,0.49,2023-11-04,834,N,VIIRS,n,2,297.57,6.05,D,0
29.7114,75.70409,340.98,0.52,0.5,2023-11-04,834,N,VIIRS,n,2,301.0,16.92,D,0
29.71345,75.24017,341.16,0.49,0.48,2023-11-04,834,N,VIIRS,n,2,299.56,10.25,D,0
29.7159,75.45468,346.62,0.5,0.49,2023-11-04,834,N,VIIRS,n,2,298.5,12.91,D,0
29.72097,75.96636,341.86,0.54,0.51,2023-11-04,834,N,VIIRS,n,2,297.4,13.23,D,0
29.72516,75.96017,334.45,0.54,0.51,2023-11-04,834,N,VIIRS,n,2,295.76,5.32,D,0
29.72567,75.96581,336.73,0.54,0.51,2023-11-04,834,N,VIIRS,n,2,295.61,5.32,D,0
29.72653,75.37405,341.53,0.5,0.49,2023-11-04,834,N,VIIRS,n,2,298.14,9.6,D,0
29.72781,75.72971,340.38,0.52,0.5,2023-11-04,834,N,VIIRS,n,2,297.38,4.05,D,0
29.72959,74.43372,331.46,0.44,0.46,2023-11-04,834,N,VIIRS,n,2,297.42,2.8,D,0
29.73072,76.02258,334.75,0.54,0.51,2023-11-04,834,N,VIIRS,n,2,297.45,5.54,D,0
29.73453,75.31544,337.0,0.49,0.49,2023-11-04,834,N,VIIRS,n,2,298.15,6.08,D,0
29.74202,75.88442,342.68,0.53,0.5,2023-11-04,834,N,VIIRS,n,2,298.68,8.2,D,0
29.74253,75.89001,341.2,0.53,0.5,2023-11-04,834,N,VIIRS,n,2,299.21,10.6,D,0
29.74568,75.38223,331.28,0.5,0.49,2023-11-04,834,N,VIIRS,n,2,296.89,3.11,D,0
29.75124,75.39211,343.97,0.5,0.49,2023-11-04,834,N,VIIRS,n,2,298.24,6.19,D,0
29.7515,75.39027,342.01,0.5,0.49,2023-11-04,834,N,VIIRS,n,2,298.52,10.93,D,0
29.75465,75.33389,330.73,0.49,0.49,2023-11-04,834,N,VIIRS,n,2,297.37,2.83,D,0
29.75528,75.33195,334.7,0.49,0.49,2023-11-04,834,N,VIIRS,n,2,298.04,4.43,D,0
29.75577,75.39156,332.57,0.5,0.49,2023-11-04,834,N,VIIRS,n,2,296.12,4.27,D,0
29.75812,75.90516,342.87,0.53,0.5,2023-11-04,834,N,VIIRS,n,2,298.72,8.45,D,0
29.76991,75.39511,341.52,0.5,0.49,2023-11-04,834,N,VIIRS,n,2,297.01,5.67,D,0
29.77013,75.39326,341.01,0.5,0.49,2023-11-04,834,N,VIIRS,n,2,297.93,4.14,D,0
29.77634,76.00003,341.81,0.54,0.51,2023-11-04,834,N,VIIRS,n,2,297.28,8.24,D,0
29.78472,76.03941,330.71,0.54,0.51,2023-11-04,834,N,VIIRS,n,2,296.13,2.51,D,0
29.79451,75.3114,348.39,0.49,0.49,2023-11-04,834,N,VIIRS,n,2,301.48,8.9,D,0
29.795,75.31657,341.32,0.49,0.49,2023-11-04,834,N,VIIRS,n,2,298.87,8.9,D,0
29.79549,75.32174,337.3,0.49,0.49,2023-11-04,834,N,VIIRS,n,2,298.68,7.13,D,0
29.79784,76.02636,350.78,0.54,0.51,2023-11-04,834,N,VIIRS,n,2,298.05,11.2,D,0
29.798,75.69773,332.44,0.52,0.5,2023-11-04,834,N,VIIRS,n,2,295.55,2.98,D,0
29.7985,75.70319,330.15,0.52,0.5,2023-11-04,834,N,VIIRS,n,2,296.34,2.98,D,0
29.80035,75.70455,343.77,0.52,0.5,2023-11-04,834,N,VIIRS,n,2,296.18,7.64,D,0
29.80313,75.70264,332.04,0.52,0.5,2023-11-04,834,N,VIIRS,n,2,294.8,2.98,D,0
29.80759,75.75197,344.65,0.52,0.5,2023-11-04,834,N,VIIRS,n,2,298.47,8.41,D,0
29.80841,75.65799,338.08,0.52,0.5,2023-11-04,834,N,VIIRS,n,2,297.03,3.61,D,0
29.80877,75.51121,340.44,0.51,0.49,2023-11-04,834,N,VIIRS,n,2,299.18,12.77,D,0
29.80942,76.04814,342.8,0.55,0.51,2023-11-04,834,N,VIIRS,n,2,296.0,6.63,D,0
29.80996,76.04682,341.14,0.55,0.51,2023-11-04,834,N,VIIRS,n,2,295.77,7.72,D,0
29.81016,75.5759,334.27,0.51,0.49,2023-11-04,834,N,VIIRS,n,2,297.63,2.52,D,0
29.81223,75.75141,344.52,0.52,0.5,2023-11-04,834,N,VIIRS,n,2,299.47,14.23,D,0
29.8125,75.40399,342.29,0.5,0.49,2023-11-04,834,N,VIIRS,n,2,298.96,7.82,D,0
29.81303,75.65744,350.11,0.52,0.5,2023-11-04,834,N,VIIRS,n,2,297.33,8.63,D,0
29.81335,75.51065,341.16,0.51,0.49,2023-11-04,834,N,VIIRS,n,2,298.17,12.77,D,0
29.81376,75.56462,340.72,0.51,0.49,2023-11-04,834,N,VIIRS,n,2,299.39,9.87,D,0
29.81683,76.07626,342.11,0.55,0.51,2023-11-04,834,N,VIIRS,n,2,296.71,7.74,D,0
29.81718,76.07499,344.8,0.55,0.51,2023-11-04,834,N,VIIRS,n,2,296.32,8.82,D,0
29.81757,75.12769,343.74,0.48,0.48,2023-11-04,834,N,VIIRS,n,2,299.72,5.07,D,0
29.82309,75.41862,332.2,0.5,0.49,2023-11-04,834,N,VIIRS,n,2,297.93,5.62,D,0
29.82416,75.7278,336.74,0.52,0.5,2023-11-04,834,N,VIIRS,n,2,298.07,4.41,D,0
29.82463,75.38661,335.12,0.5,0.49,2023-11-04,834,N,VIIRS,n,2,297.53,6.18,D,0
29.82555,75.16251,339.01,0.48,0.48,2023-11-04,834,N,VIIRS,n,2,299.24,4.9,D,0
29.82562,75.25542,349.8,0.49,0.49,2023-11-04,834,N,VIIRS,n,2,300.78,13.27,D,0
29.82939,75.68295,344.94,0.52,0.5,2023-11-04,834,N,VIIRS,n,2,303.05,28.15,D,0
29.83005,75.58981,331.35,0.51,0.5,2023-11-04,834,N,VIIRS,n,2,296.97,4.69,D,0
29.83007,75.84447,336.07,0.53,0.5,2023-11-04,834,N,VIIRS,n,2,296.43,9.91,D,0
29.83373,75.83279,330.63,0.53,0.5,2023-11-04,834,N,VIIRS,n,2,296.46,4.17,D,0
29.83474,75.84393,367.0,0.53,0.5,2023-11-04,834,N,VIIRS,h,2,299.9,9.91,D,0
29.83524,75.8495,336.2,0.53,0.5,2023-11-04,834,N,VIIRS,n,2,296.46,10.89,D,0
29.83673,75.36929,343.76,0.5,0.49,2023-11-04,834,N,VIIRS,n,2,300.7,13.83,D,0
29.83866,75.13251,332.19,0.48,0.48,2023-11-04,834,N,VIIRS,n,2,298.58,3.51,D,0
29.84175,75.66498,341.84,0.52,0.5,2023-11-04,834,N,VIIRS,n,2,296.85,6.9,D,0
29.84793,75.58221,331.12,0.51,0.5,2023-11-04,834,N,VIIRS,n,2,296.22,5.88,D,0
29.84946,75.54948,330.47,0.51,0.49,2023-11-04,834,N,VIIRS,n,2,299.57,3.87,D,0
29.85029,75.85902,339.89,0.53,0.5,2023-11-04,834,N,VIIRS,n,2,296.36,7.25,D,0
29.85239,76.25957,341.71,0.56,0.52,2023-11-04,834,N,VIIRS,n,2,297.0,4.45,D,0
29.85328,76.26056,337.66,0.56,0.52,2023-11-04,834,N,VIIRS,n,2,296.83,7.3,D,0
29.85458,75.60321,337.31,0.51,0.5,2023-11-04,834,N,VIIRS,n,2,297.73,6.96,D,0
29.85913,75.85235,331.62,0.53,0.5,2023-11-04,834,N,VIIRS,n,2,295.65,6.94,D,0
29.86119,75.87473,336.03,0.53,0.5,2023-11-04,834,N,VIIRS,n,2,296.23,4.4,D,0
29.8638,75.8518,333.2,0.53,0.5,2023-11-04,834,N,VIIRS,n,2,295.43,6.94,D,0
29.86888,75.32327,331.26,0.5,0.49,2023-11-04,834,N,VIIRS,n,2,297.96,2.64,D,0
29.86984,75.32048,334.82,0.5,0.49,2023-11-04,834,N,VIIRS,n,2,297.83,3.94,D,0
29.87159,75.3968,340.91,0.5,0.49,2023-11-04,834,N,VIIRS,n,2,298.38,5.46,D,0
29.87207,75.39413,352.63,0.5,0.49,2023-11-04,834,N,VIIRS,n,2,298.67,9.71,D,0
29.87613,75.39624,335.07,0.5,0.49,2023-11-04,834,N,VIIRS,n,2,296.9,5.46,D,0
29.87679,75.839,347.83,0.53,0.5,2023-11-04,834,N,VIIRS,n,2,297.3,7.79,D,0
29.87873,75.36681,341.78,0.5,0.49,2023-11-04,834,N,VIIRS,n,2,298.85,6.06,D,0
29.87929,75.71573,353.0,0.52,0.5,2023-11-04,834,N,VIIRS,n,2,297.77,10.08,D,0
29.87988,76.02715,337.84,0.55,0.51,2023-11-04,834,N,VIIRS,n,2,296.56,6.82,D,0
29.88146,75.83846,342.65,0.53,0.5,2023-11-04,834,N,VIIRS,n,2,295.92,7.79,D,0
29.88425,75.37673,341.18,0.5,0.49,2023-11-04,834,N,VIIRS,n,2,299.29,6.69,D,0
29.88461,76.0266,332.59,0.55,0.51,2023-11-04,834,N,VIIRS,n,2,296.34,10.99,D,0
29.88875,75.86584,336.52,0.53,0.5,2023-11-04,834,N,VIIRS,n,2,296.29,8.35,D,0
29.88879,75.37617,343.44,0.5,0.49,2023-11-04,834,N,VIIRS,n,2,296.95,6.69,D,0
29.88986,76.03178,338.26,0.55,0.51,2023-11-04,834,N,VIIRS,n,2,299.32,10.99,D,0
29.89022,75.78127,341.57,0.53,0.5,2023-11-04,834,N,VIIRS,n,2,296.42,10.58,D,0
29.89038,76.03751,341.77,0.55,0.51,2023-11-04,834,N,VIIRS,n,2,296.01,17.48,D,0
29.89319,75.5743,332.78,0.51,0.5,2023-11-04,834,N,VIIRS,n,2,297.01,5.68,D,0
29.89344,75.86531,339.7,0.53,0.5,2023-11-04,834,N,VIIRS,n,2,296.21,8.35,D,0
29.89354,76.07203,344.02,0.55,0.51,2023-11-04,834,N,VIIRS,n,2,297.66,20.88,D,0
29.89368,75.57968,341.0,0.51,0.5,2023-11-04,834,N,VIIRS,n,2,297.58,10.07,D,0
29.89382,75.76964,340.24,0.53,0.5,2023-11-04,834,N,VIIRS,n,2,296.89,3.57,D,0
29.89391,75.57672,345.51,0.51,0.5,2023-11-04,834,N,VIIRS,n,2,298.11,13.58,D,0
29.89396,75.87092,341.0,0.53,0.5,2023-11-04,834,N,VIIRS,n,2,295.74,8.35,D,0
29.89532,75.73603,332.91,0.52,0.5,2023-11-04,834,N,VIIRS,n,2,297.15,3.38,D,0
29.89759,75.85917,351.08,0.53,0.5,2023-11-04,834,N,VIIRS,n,2,296.86,13.24,D,0
29.89818,75.91588,344.38,0.54,0.51,2023-11-04,834,N,VIIRS,n,2,298.38,17.15,D,0
29.89857,75.28549,345.08,0.49,0.49,2023-11-04,834,N,VIIRS,n,2,297.57,5.98,D,0
29.89892,75.79472,332.01,0.53,0.5,2023-11-04,834,N,VIIRS,n,2,296.1,6.95,D,0
29.89965,75.85669,340.72,0.53,0.5,2023-11-04,834,N,VIIRS,n,2,295.29,8.47,D,0
29.90059,75.79127,335.31,0.53,0.5,2023-11-04,834,N,VIIRS,n,2,295.97,3.16,D,0
29.90267,75.47581,334.72,0.51,0.49,2023-11-04,834,N,VIIRS,n,2,296.83,6.19,D,0
29.90765,75.96627,335.38,0.54,0.51,2023-11-04,834,N,VIIRS,n,2,296.09,4.85,D,0
29.90961,75.8861,355.04,0.54,0.5,2023-11-04,834,N,VIIRS,n,2,303.25,32.43,D,0
29.91149,75.88364,331.89,0.54,0.5,2023-11-04,834,N,VIIRS,n,2,300.66,24.66,D,0
29.91163,75.85754,334.92,0.53,0.5,2023-11-04,834,N,VIIRS,n,2,296.3,4.74,D,0
29.91198,75.88927,343.17,0.54,0.51,2023-11-04,834,N,VIIRS,n,2,298.76,34.0,D,0
29.9127,75.10281,341.49,0.48,0.48,2023-11-04,834,N,VIIRS,n,2,300.87,6.62,D,0
29.9143,75.88556,347.4,0.54,0.5,2023-11-04,834,N,VIIRS,n,2,295.89,32.43,D,0
29.91647,75.42594,337.99,0.5,0.49,2023-11-04,834,N,VIIRS,n,2,298.31,6.05,D,0
29.91716,75.10224,335.76,0.48,0.48,2023-11-04,834,N,VIIRS,n,2,297.85,6.62,D,0
29.91725,75.73663,342.93,0.52,0.5,2023-11-04,834,N,VIIRS,n,2,296.94,7.07,D,0
29.91867,75.59851,333.16,0.51,0.5,2023-11-04,834,N,VIIRS,n,2,297.12,7.88,D,0
29.91931,76.03999,333.82,0.55,0.51,2023-11-04,834,N,VIIRS,n,2,295.91,3.82,D,0
29.92067,76.04352,336.74,0.55,0.51,2023-11-04,834,N,VIIRS,n,2,295.66,7.76,D,0
29.92153,75.86205,343.04,0.53,0.5,2023-11-04,834,N,VIIRS,n,2,297.55,6.75,D,0
29.9226,75.87326,330.61,0.53,0.5,2023-11-04,834,N,VIIRS,n,2,296.43,4.19,D,0
29.92278,75.59255,350.77,0.51,0.5,2023-11-04,834,N,VIIRS,n,2,299.95,20.42,D,0
29.92305,75.85391,332.16,0.53,0.5,2023-11-04,834,N,VIIRS,n,2,296.27,5.37,D,0
29.92314,75.87888,330.12,0.53,0.5,2023-11-04,834,N,VIIRS,n,2,296.11,4.19,D,0
29.92355,75.85952,333.1,0.53,0.5,2023-11-04,834,N,VIIRS,n,2,296.22,5.37,D,0
29.92378,75.60337,343.63,0.52,0.5,2023-11-04,834,N,VIIRS,n,2,300.75,17.21,D,0
29.92405,75.86513,333.05,0.53,0.5,2023-11-04,834,N,VIIRS,n,2,297.0,6.29,D,0
29.92505,75.87637,333.95,0.54,0.5,2023-11-04,834,N,VIIRS,n,2,295.98,6.91,D,0
29.92716,75.34503,340.81,0.5,0.49,2023-11-04,834,N,VIIRS,n,2,299.19,7.75,D,0
29.92723,75.84776,340.49,0.53,0.5,2023-11-04,834,N,VIIRS,n,2,296.23,9.79,D,0
29.92766,75.35026,339.81,0.5,0.49,2023-11-04,834,N,VIIRS,n,2,297.94,8.99,D,0
29.92804,75.75209,348.49,0.53,0.5,2023-11-04,834,N,VIIRS,n,2,298.31,17.55,D,0
29.9304,75.6245,345.49,0.52,0.5,2023-11-04,834,N,VIIRS,n,2,298.59,8.05,D,0
29.93241,75.85281,341.21,0.53,0.5,2023-11-04,834,N,VIIRS,n,2,298.23,14.59,D,0
29.93392,75.66258,341.82,0.52,0.5,2023-11-04,834,N,VIIRS,n,2,297.2,6.45,D,0
29.93822,75.27016,332.92,0.49,0.49,2023-11-04,834,N,VIIRS,n,2,297.88,3.36,D,0
29.93854,75.66203,332.31,0.52,0.5,2023-11-04,834,N,VIIRS,n,2,295.3,4.8,D,0
29.93872,75.27532,332.4,0.49,0.49,2023-11-04,834,N,VIIRS,n,2,298.22,4.96,D,0
29.93911,75.8747,344.11,0.54,0.5,2023-11-04,834,N,VIIRS,n,2,296.19,8.82,D,0
29.94272,75.60656,340.39,0.52,0.5,2023-11-04,834,N,VIIRS,n,2,297.09,8.34,D,0
29.94485,74.53936,339.02,0.45,0.47,2023-11-04,834,N,VIIRS,n,2,298.45,5.98,D,0
29.94528,75.02255,346.11,0.48,0.48,2023-11-04,834,N,VIIRS,n,2,299.28,7.16,D,0
29.94637,76.06383,331.9,0.55,0.51,2023-11-04,834,N,VIIRS,n,2,296.4,3.8,D,0
29.94756,75.01893,335.14,0.48,0.48,2023-11-04,834,N,VIIRS,n,2,298.08,5.05,D,0
29.94804,75.02393,339.39,0.48,0.48,2023-11-04,834,N,VIIRS,n,2,297.87,5.05,D,0
29.94875,75.72178,342.55,0.52,0.5,2023-11-04,834,N,VIIRS,n,2,298.29,11.29,D,0
29.94979,75.29493,330.16,0.49,0.49,2023-11-04,834,N,VIIRS,n,2,297.89,2.68,D,0
29.9502,75.78867,340.01,0.53,0.5,2023-11-04,834,N,VIIRS,n,2,296.93,4.04,D,0
29.95062,75.845,337.98,0.53,0.5,2023-11-04,834,N,VIIRS,n,2,296.92,6.2,D,0
29.9521,75.18011,355.63,0.49,0.48,2023-11-04,834,N,VIIRS,n,2,300.74,13.76,D,0
29.95233,75.32088,339.27,0.5,0.49,2023-11-04,834,N,VIIRS,n,2,298.08,5.08,D,0
29.95289,75.71573,348.47,0.52,0.5,2023-11-04,834,N,VIIRS,n,2,298.54,11.11,D,0
29.95297,75.56709,339.35,0.51,0.5,2023-11-04,834,N,VIIRS,n,2,297.2,6.97,D,0
29.95334,75.7715,340.42,0.53,0.5,2023-11-04,834,N,VIIRS,n,2,298.1,5.53,D,0
29.95336,75.1767,340.92,0.49,0.48,2023-11-04,834,N,VIIRS,n,2,297.89,6.13,D,0
29.95348,75.57248,341.62,0.51,0.5,2023-11-04,834,N,VIIRS,n,2,298.4,12.95,D,0
29.95384,75.18181,340.86,0.49,0.48,2023-11-04,834,N,VIIRS,n,2,298.25,8.24,D,0
29.95447,75.43739,349.72,0.5,0.49,2023-11-04,834,N,VIIRS,n,2,299.83,14.7,D,0
29.95487,75.78812,336.68,0.53,0.5,2023-11-04,834,N,VIIRS,n,2,294.64,4.04,D,0
29.95602,75.50168,338.5,0.51,0.49,2023-11-04,834,N,VIIRS,n,2,297.04,5.13,D,0
29.95698,75.41571,341.84,0.5,0.49,2023-11-04,834,N,VIIRS,n,2,298.65,5.3,D,0
29.95909,75.53377,340.43,0.51,0.49,2023-11-04,834,N,VIIRS,n,2,299.48,3.69,D,0
29.95909,75.68169,339.17,0.52,0.5,2023-11-04,834,N,VIIRS,n,2,295.19,5.13,D,0
29.95961,75.68718,341.37,0.52,0.5,2023-11-04,834,N,VIIRS,n,2,294.89,5.13,D,0
29.96009,75.49578,344.31,0.51,0.49,2023-11-04,834,N,VIIRS,n,2,297.45,6.63,D,0
29.96108,75.17902,341.8,0.49,0.48,2023-11-04,834,N,VIIRS,n,2,300.99,7.49,D,0
29.96115,75.65382,332.02,0.52,0.5,2023-11-04,834,N,VIIRS,n,2,296.36,2.49,D,0
29.96234,75.17558,340.85,0.49,0.48,2023-11-04,834,N,VIIRS,n,2,300.8,8.18,D,0
29.96238,75.97499,331.75,0.54,0.51,2023-11-04,834,N,VIIRS,n,2,294.78,3.33,D,0
29.96312,75.82656,344.62,0.53,0.5,2023-11-04,834,N,VIIRS,n,2,299.97,26.53,D,0
29.96368,75.53321,332.46,0.51,0.49,2023-11-04,834,N,VIIRS,n,2,297.5,2.27,D,0
29.96378,75.04729,341.0,0.48,0.48,2023-11-04,834,N,VIIRS,n,2,297.73,11.17,D,0
29.96535,75.01669,331.3,0.48,0.48,2023-11-04,834,N,VIIRS,n,2,298.02,15.19,D,0
29.96583,75.02169,342.31,0.48,0.48,2023-11-04,834,N,VIIRS,n,2,302.96,15.19,D,0
29.96621,75.86017,341.28,0.53,0.5,2023-11-04,834,N,VIIRS,n,2,295.85,7.28,D,0
29.96677,75.4221,333.47,0.5,0.49,2023-11-04,834,N,VIIRS,n,2,297.04,8.29,D,0
29.96681,75.66418,341.37,0.52,0.5,2023-11-04,834,N,VIIRS,n,2,296.47,9.62,D,0
29.96709,75.97444,340.23,0.54,0.51,2023-11-04,834,N,VIIRS,n,2,295.05,11.65,D,0
29.96761,75.98016,346.43,0.54,0.51,2023-11-04,834,N,VIIRS,n,2,296.94,11.65,D,0
29.97018,76.00875,334.88,0.55,0.51,2023-11-04,834,N,VIIRS,n,2,295.62,4.81,D,0
29.972,74.90038,333.91,0.47,0.48,2023-11-04,834,N,VIIRS,n,2,298.28,3.25,D,0
29.97247,75.82547,331.24,0.53,0.5,2023-11-04,834,N,VIIRS,n,2,295.25,6.13,D,0
29.97298,75.83106,340.79,0.53,0.5,2023-11-04,834,N,VIIRS,n,2,296.13,6.13,D,0
29.97394,75.94488,339.69,0.54,0.51,2023-11-04,834,N,VIIRS,n,2,295.59,9.55,D,0
29.97521,75.02558,333.87,0.48,0.48,2023-11-04,834,N,VIIRS,n,2,298.01,2.97,D,0
29.9753,75.46166,336.66,0.51,0.49,2023-11-04,834,N,VIIRS,n,2,297.63,5.63,D,0
29.97624,75.42406,333.51,0.5,0.49,2023-11-04,834,N,VIIRS,n,2,297.2,4.53,D,0
29.97637,75.42627,342.2,0.5,0.49,2023-11-04,834,N,VIIRS,n,2,297.34,6.27,D,0
29.97676,75.42934,332.69,0.5,0.49,2023-11-04,834,N,VIIRS,n,2,297.69,7.51,D,0
29.97856,75.59134,331.94,0.51,0.5,2023-11-04,834,N,VIIRS,n,2,296.91,5.72,D,0
29.97857,75.50131,335.4,0.51,0.49,2023-11-04,834,N,VIIRS,n,2,298.24,4.89,D,0
29.97893,75.49892,339.13,0.51,0.49,2023-11-04,834,N,VIIRS,n,2,298.57,5.83,D,0
29.9808,74.50626,332.91,0.45,0.47,2023-11-04,834,N,VIIRS,n,2,297.69,3.82,D,0
29.98168,75.62385,330.63,0.52,0.5,2023-11-04,834,N,VIIRS,n,2,295.71,10.64,D,0
29.98234,75.82998,336.1,0.53,0.5,2023-11-04,834,N,VIIRS,n,2,295.62,4.97,D,0
29.98438,75.75102,355.32,0.53,0.5,2023-11-04,834,N,VIIRS,n,2,295.89,11.8,D,0
29.98536,75.3242,332.44,0.5,0.49,2023-11-04,834,N,VIIRS,n,2,298.11,3.68,D,0
29.98539,75.13147,337.53,0.48,0.48,2023-11-04,834,N,VIIRS,n,2,298.07,4.12,D,0
29.98577,75.61788,336.79,0.52,0.5,2023-11-04,834,N,VIIRS,n,2,298.48,4.88,D,0
29.98772,75.20351,332.7,0.49,0.49,2023-11-04,834,N,VIIRS,n,2,297.17,3.32,D,0
29.98807,75.01891,336.12,0.48,0.48,2023-11-04,834,N,VIIRS,n,2,297.61,6.23,D,0
29.98923,75.62001,351.89,0.52,0.5,2023-11-04,834,N,VIIRS,n,2,297.95,10.45,D,0
29.98964,75.90868,335.73,0.54,0.51,2023-11-04,834,N,VIIRS,n,2,295.21,3.64,D,0
29.98972,75.62545,330.43,0.52,0.5,2023-11-04,834,N,VIIRS,n,2,297.36,5.81,D,0
29.98989,75.32365,330.72,0.5,0.49,2023-11-04,834,N,VIIRS,n,2,297.26,3.68,D,0
29.99117,75.82329,334.85,0.53,0.5,2023-11-04,834,N,VIIRS,n,2,295.29,4.23,D,0
29.99162,74.91784,345.2,0.47,0.48,2023-11-04,834,N,VIIRS,n,2,299.95,7.22,D,0
29.99377,76.11108,339.12,0.55,0.51,2023-11-04,834,N,VIIRS,n,2,297.54,8.06,D,0
29.99602,75.29128,348.68,0.5,0.49,2023-11-04,834,N,VIIRS,n,2,298.3,8.36,D,0
29.99631,74.60115,345.32,0.45,0.47,2023-11-04,834,N,VIIRS,n,2,297.98,6.57,D,0
29.99697,76.04054,340.31,0.55,0.51,2023-11-04,834,N,VIIRS,n,2,296.28,7.29,D,0
29.99789,75.79432,331.04,0.53,0.5,2023-11-04,834,N,VIIRS,n,2,294.01,3.33,D,0
29.99868,75.65491,342.02,0.52,0.5,2023-11-04,834,N,VIIRS,n,2,297.21,4.98,D,0
29.99883,75.37022,333.65,0.5,0.49,2023-11-04,834,N,VIIRS,n,2,298.65,2.31,D,0
29.9992,74.59902,333.06,0.45,0.47,2023-11-04,834,N,VIIRS,n,2,297.03,7.57,D,0
30.00012,76.07516,330.1,0.55,0.51,2023-11-04,834,N,VIIRS,n,2,296.48,3.44,D,0
30.0002,75.79684,334.48,0.53,0.5,2023-11-04,834,N,VIIRS,n,2,294.62,4.06,D,0
30.00141,75.65162,341.88,0.52,0.5,2023-11-04,834,N,VIIRS,n,2,297.07,6.41,D,0
30.00168,75.70705,333.5,0.52,0.5,2023-11-04,834,N,VIIRS,n,2,291.63,3.29,D,0
30.00291,74.98671,340.68,0.48,0.48,2023-11-04,834,N,VIIRS,n,2,299.72,4.19,D,0
30.00374,75.18078,340.15,0.49,0.48,2023-11-04,834,N,VIIRS,n,2,297.19,4.41,D,0
30.00735,74.98615,341.79,0.48,0.48,2023-11-04,834,N,VIIRS,n,2,298.7,7.82,D,0
30.01077,75.44892,333.81,0.51,0.49,2023-11-04,834,N,VIIRS,n,2,297.18,2.75,D,0
30.01114,75.25796,337.11,0.49,0.49,2023-11-04,834,N,VIIRS,n,2,299.71,3.57,D,0
30.01252,75.8491,355.18,0.53,0.5,2023-11-04,834,N,VIIRS,n,2,297.23,27.09,D,0
30.01398,75.84612,337.7,0.53,0.5,2023-11-04,834,N,VIIRS,n,2,294.72,31.22,D,0
30.01628,75.66087,343.07,0.52,0.5,2023-11-04,834,N,VIIRS,n,2,299.24,8.97,D,0
30.01652,75.36273,332.4,0.5,0.49,2023-11-04,834,N,VIIRS,n,2,298.06,4.69,D,0
30.01683,75.46432,334.79,0.51,0.49,2023-11-04,834,N,VIIRS,n,2,298.29,5.14,D,0
30.01694,75.61669,341.64,0.52,0.5,2023-11-04,834,N,VIIRS,n,2,299.8,16.11,D,0
30.01708,75.79771,334.79,0.53,0.5,2023-11-04,834,N,VIIRS,n,2,296.87,6.06,D,0
30.01807,75.57815,333.81,0.51,0.5,2023-11-04,834,N,VIIRS,n,2,297.76,2.66,D,0
30.02006,75.59985,333.35,0.52,0.5,2023-11-04,834,N,VIIRS,n,2,297.71,4.3,D,0
30.02155,75.61614,330.7,0.52,0.5,2023-11-04,834,N,VIIRS,n,2,297.45,4.3,D,0
30.02188,75.84801,343.82,0.53,0.5,2023-11-04,834,N,VIIRS,n,2,293.64,11.8,D,0
30.02305,75.63248,337.07,0.52,0.5,2023-11-04,834,N,VIIRS,n,2,297.05,8.01,D,0
30.02316,75.28794,341.48,0.5,0.49,2023-11-04,834,N,VIIRS,n,2,299.38,6.46,D,0
30.02354,75.79408,342.88,0.53,0.5,2023-11-04,834,N,VIIRS,n,2,298.8,11.98,D,0
30.02385,75.85065,341.95,0.53,0.5,2023-11-04,834,N,VIIRS,n,2,294.83,18.64,D,0
30.02478,75.97935,342.69,0.54,0.51,2023-11-04,834,N,VIIRS,n,2,298.03,10.66,D,0
30.02511,75.35637,335.72,0.5,0.49,2023-11-04,834,N,VIIRS,n,2,298.2,5.83,D,0
30.02521,75.93322,348.39,0.54,0.51,2023-11-04,834,N,VIIRS,n,2,297.23,9.93,D,0
30.02538,75.97653,340.41,0.54,0.51,2023-11-04,834,N,VIIRS,n,2,296.65,7.41,D,0
30.02548,75.45788,330.43,0.51,0.49,2023-11-04,834,N,VIIRS,n,2,297.61,2.78,D,0
30.02612,75.93034,339.79,0.54,0.51,2023-11-04,834,N,VIIRS,n,2,296.89,5.91,D,0
30.02769,75.28738,343.25,0.5,0.49,2023-11-04,834,N,VIIRS,n,2,300.03,17.09,D,0
30.02772,75.78794,342.76,0.53,0.5,2023-11-04,834,N,VIIRS,n,2,299.1,12.24,D,0
30.02803,75.68721,339.83,0.52,0.5,2023-11-04,834,N,VIIRS,n,2,294.39,6.56,D,0
30.02855,75.44139,333.72,0.51,0.49,2023-11-04,834,N,VIIRS,n,2,297.16,6.03,D,0
30.02897,75.49521,333.33,0.51,0.49,2023-11-04,834,N,VIIRS,n,2,296.6,2.22,D,0
30.02915,75.35057,342.17,0.5,0.49,2023-11-04,834,N,VIIRS,n,2,299.67,5.83,D,0
30.02924,75.87557,341.64,0.54,0.51,2023-11-04,834,N,VIIRS,n,2,293.02,6.55,D,0
30.03017,75.65923,341.76,0.52,0.5,2023-11-04,834,N,VIIRS,n,2,297.43,9.49,D,0
30.03103,75.87826,330.35,0.54,0.51,2023-11-04,834,N,VIIRS,n,2,292.85,3.55,D,0
30.03116,75.37156,332.05,0.5,0.49,2023-11-04,834,N,VIIRS,n,2,296.16,4.18,D,0
30.03453,75.91788,334.97,0.54,0.51,2023-11-04,834,N,VIIRS,n,2,296.72,3.67,D,0
30.03522,75.22365,342.56,0.49,0.49,2023-11-04,834,N,VIIRS,n,2,297.99,5.59,D,0
30.03522,75.87206,335.46,0.54,0.51,2023-11-04,834,N,VIIRS,n,2,295.48,6.33,D,0
30.03572,75.87771,335.6,0.54,0.51,2023-11-04,834,N,VIIRS,n,2,294.49,8.4,D,0
30.03576,74.78049,330.12,0.46,0.47,2023-11-04,834,N,VIIRS,n,2,298.14,3.72,D,0
30.036,75.57052,341.94,0.51,0.5,2023-11-04,834,N,VIIRS,n,2,299.22,10.43,D,0
30.03714,75.10452,331.0,0.48,0.48,2023-11-04,834,N,VIIRS,n,2,299.48,16.98,D,0
30.03757,76.06504,348.55,0.55,0.51,2023-11-04,834,N,VIIRS,n,2,297.28,8.71,D,0
30.03761,76.06239,340.19,0.55,0.51,2023-11-04,834,N,VIIRS,n,2,297.53,11.41,D,0
30.03764,75.10959,342.29,0.48,0.48,2023-11-04,834,N,VIIRS,n,2,301.03,25.41,D,0
30.04041,75.87716,353.59,0.54,0.51,2023-11-04,834,N,VIIRS,n,2,296.75,8.4,D,0
30.04092,75.8828,341.29,0.54,0.51,2023-11-04,834,N,VIIRS,n,2,295.47,8.4,D,0
30.04158,75.8372,332.42,0.53,0.5,2023-11-04,834,N,VIIRS,n,2,295.74,2.19,D,0
30.04172,75.48286,336.84,0.51,0.49,2023-11-04,834,N,VIIRS,n,2,297.47,3.88,D,0
30.04355,75.65211,340.46,0.52,0.5,2023-11-04,834,N,VIIRS,n,2,297.67,7.62,D,0
30.04558,75.67402,349.39,0.52,0.5,2023-11-04,834,N,VIIRS,n,2,297.42,8.25,D,0
30.0475,75.74628,354.22,0.53,0.5,2023-11-04,834,N,VIIRS,n,2,297.52,19.76,D,0
30.04899,75.97376,335.15,0.54,0.51,2023-11-04,834,N,VIIRS,n,2,296.71,6.9,D,0
30.05054,75.77962,350.32,0.53,0.5,2023-11-04,834,N,VIIRS,n,2,298.25,17.7,D,0
30.05449,74.0701,330.08,0.42,0.45,2023-11-04,834,N,VIIRS,n,2,297.56,2.98,D,0
30.05642,75.63953,333.98,0.52,0.5,2023-11-04,834,N,VIIRS,n,2,296.71,3.47,D,0
30.05897,75.66689,343.07,0.52,0.5,2023-11-04,834,N,VIIRS,n,2,298.21,24.65,D,0
30.06039,75.78408,345.44,0.53,0.5,2023-11-04,834,N,VIIRS,n,2,296.56,8.32,D,0
30.06192,75.80083,340.43,0.53,0.5,2023-11-04,834,N,VIIRS,n,2,296.12,4.3,D,0
30.0634,74.15982,340.96,0.43,0.46,2023-11-04,834,N,VIIRS,n,2,299.15,7.74,D,0
30.06388,75.26984,337.96,0.49,0.49,2023-11-04,834,N,VIIRS,n,2,299.38,5.13,D,0
30.06402,74.15889,348.39,0.43,0.46,2023-11-04,834,N,VIIRS,n,2,298.65,7.56,D,0
30.06687,75.26684,332.33,0.49,0.49,2023-11-04,834,N,VIIRS,n,2,298.69,4.85,D,0
30.06718,74.47766,343.6,0.44,0.46,2023-11-04,834,N,VIIRS,n,2,302.66,22.64,D,0
30.06738,75.27203,341.0,0.49,0.49,2023-11-04,834,N,VIIRS,n,2,299.58,7.47,D,0
30.06841,75.26929,336.69,0.49,0.49,2023-11-04,834,N,VIIRS,n,2,298.94,5.07,D,0
30.07149,74.47711,335.69,0.44,0.46,2023-11-04,834,N,VIIRS,n,2,297.01,5.65,D,0
30.07336,75.77129,343.81,0.53,0.5,2023-11-04,834,N,VIIRS,n,2,297.58,8.84,D,0
30.07338,75.72084,342.17,0.53,0.5,2023-11-04,834,N,VIIRS,n,2,295.8,4.45,D,0
30.07538,75.39571,333.0,0.5,0.49,2023-11-04,834,N,VIIRS,n,2,297.68,2.65,D,0
30.07714,76.07541,340.09,0.55,0.51,2023-11-04,834,N,VIIRS,n,2,296.96,5.34,D,0
30.07745,75.86713,344.19,0.54,0.51,2023-11-04,834,N,VIIRS,n,2,296.96,6.75,D,0
30.07848,75.57641,339.86,0.52,0.5,2023-11-04,834,N,VIIRS,n,2,297.25,6.99,D,0
30.07852,75.82718,342.97,0.53,0.5,2023-11-04,834,N,VIIRS,n,2,297.07,9.21,D,0
30.08069,75.20498,332.92,0.49,0.49,2023-11-04,834,N,VIIRS,n,2,297.68,2.24,D,0
30.08146,75.11684,336.38,0.48,0.48,2023-11-04,834,N,VIIRS,n,2,299.14,4.67,D,0
30.08162,75.86095,341.61,0.54,0.51,2023-11-04,834,N,VIIRS,n,2,299.81,16.3,D,0
30.08216,75.71422,333.57,0.53,0.5,2023-11-04,834,N,VIIRS,n,2,295.83,4.43,D,0
30.08269,75.7702,330.22,0.53,0.5,2023-11-04,834,N,VIIRS,n,2,296.25,3.75,D,0
30.08314,77.14912,331.71,0.32,0.55,2023-11-04,834,N,VIIRS,n,2,300.46,1.82,D,0
30.08638,75.4183,330.74,0.5,0.49,2023-11-04,834,N,VIIRS,n,2,298.38,2.52,D,0
30.08643,75.41577,330.81,0.5,0.49,2023-11-04,834,N,VIIRS,n,2,298.08,2.87,D,0
30.08681,75.71367,341.63,0.53,0.5,2023-11-04,834,N,VIIRS,n,2,295.27,7.54,D,0
30.08735,75.87168,348.89,0.54,0.51,2023-11-04,834,N,VIIRS,n,2,299.45,13.38,D,0
30.08839,75.88298,336.21,0.54,0.51,2023-11-04,834,N,VIIRS,n,2,296.0,4.69,D,0
30.08892,75.83734,341.78,0.53,0.5,2023-11-04,834,N,VIIRS,n,2,299.25,11.03,D,0
30.08922,75.19871,339.9,0.49,0.49,2023-11-04,834,N,VIIRS,n,2,299.25,6.54,D,0
30.0897,75.20386,340.57,0.49,0.49,2023-11-04,834,N,VIIRS,n,2,299.39,6.54,D,0
30.09254,75.77467,367.0,0.53,0.5,2023-11-04,834,N,VIIRS,h,2,298.93,10.13,D,0
30.09358,75.99178,332.42,0.55,0.51,2023-11-04,834,N,VIIRS,n,2,297.65,3.52,D,0
30.09397,74.29301,334.02,0.43,0.46,2023-11-04,834,N,VIIRS,n,2,297.14,2.06,D,0
30.09515,75.80258,339.91,0.53,0.5,2023-11-04,834,N,VIIRS,n,2,292.38,6.74,D,0
30.09517,75.95685,344.6,0.54,0.51,2023-11-04,834,N,VIIRS,n,2,297.36,5.67,D,0
30.09558,75.70706,341.79,0.52,0.5,2023-11-04,834,N,VIIRS,n,2,296.56,4.74,D,0
30.09611,75.71258,335.07,0.53,0.5,2023-11-04,834,N,VIIRS,n,2,296.56,9.47,D,0
30.0972,75.77413,343.38,0.53,0.5,2023-11-04,834,N,VIIRS,n,2,295.96,10.13,D,0
30.09773,75.77971,339.05,0.53,0.5,2023-11-04,834,N,VIIRS,n,2,296.89,9.8,D,0
30.09982,75.80203,344.88,0.53,0.5,2023-11-04,834,N,VIIRS,n,2,292.37,6.74,D,0
30.09988,75.90453,345.26,0.54,0.51,2023-11-04,834,N,VIIRS,n,2,297.57,7.12,D,0
30.10159,75.43003,344.51,0.51,0.49,2023-11-04,834,N,VIIRS,n,2,297.54,8.8,D,0
30.103,75.29665,341.16,0.5,0.49,2023-11-04,834,N,VIIRS,n,2,297.51,10.08,D,0
30.10469,75.41354,332.25,0.5,0.49,2023-11-04,834,N,VIIRS,n,2,298.13,5.42,D,0
30.10508,75.8582,340.96,0.54,0.51,2023-11-04,834,N,VIIRS,n,2,298.73,13.95,D,0
30.10618,75.68678,341.56,0.52,0.5,2023-11-04,834,N,VIIRS,n,2,296.26,6.08,D,0
30.10667,75.69231,341.23,0.52,0.5,2023-11-04,834,N,VIIRS,n,2,296.52,6.57,D,0
30.10692,75.74828,337.17,0.53,0.5,2023-11-04,834,N,VIIRS,n,2,296.61,4.68,D,0
30.10794,75.68887,347.99,0.52,0.5,2023-11-04,834,N,VIIRS,n,2,296.23,11.04,D,0
30.10829,75.9959,333.11,0.55,0.51,2023-11-04,834,N,VIIRS,n,2,295.27,3.58,D,0
30.10858,75.6089,332.2,0.52,0.5,2023-11-04,834,N,VIIRS,n,2,297.92,2.81,D,0
30.10871,75.8464,341.01,0.54,0.5,2023-11-04,834,N,VIIRS,n,2,295.89,8.83,D,0
30.10892,75.02636,331.15,0.48,0.48,2023-11-04,834,N,VIIRS,n,2,295.09,3.68,D,0
30.10909,75.75025,343.31,0.53,0.5,2023-11-04,834,N,VIIRS,n,2,296.98,7.09,D,0
30.10982,75.61115,331.86,0.52,0.5,2023-11-04,834,N,VIIRS,n,2,297.4,3.35,D,0
30.11146,76.03048,336.76,0.55,0.51,2023-11-04,834,N,VIIRS,n,2,296.88,5.55,D,0
30.11158,75.74772,331.7,0.53,0.5,2023-11-04,834,N,VIIRS,n,2,296.11,3.76,D,0
30.11175,74.17149,367.0,0.43,0.46,2023-11-04,834,N,VIIRS,h,2,299.6,10.37,D,0
30.11355,75.31123,339.73,0.5,0.49,2023-11-04,834,N,VIIRS,n,2,297.34,7.43,D,0
30.11363,75.26373,341.71,0.49,0.49,2023-11-04,834,N,VIIRS,n,2,299.16,16.42,D,0
30.11525,75.18509,340.45,0.49,0.49,2023-11-04,834,N,VIIRS,n,2,298.77,6.22,D,0
30.11552,75.5313,333.65,0.51,0.5,2023-11-04,834,N,VIIRS,n,2,297.07,3.12,D,0
30.11587,74.42529,341.9,0.44,0.46,2023-11-04,834,N,VIIRS,n,2,297.89,15.07,D,0
30.12093,74.30331,356.54,0.44,0.46,2023-11-04,834,N,VIIRS,n,2,301.69,23.24,D,0
30.12194,75.60178,336.4,0.52,0.5,2023-11-04,834,N,VIIRS,n,2,298.43,5.71,D,0
30.1234,75.90179,340.91,0.54,0.51,2023-11-04,834,N,VIIRS,n,2,295.08,6.63,D,0
30.12415,75.94568,332.94,0.54,0.51,2023-11-04,834,N,VIIRS,n,2,296.07,3.66,D,0
30.12447,75.91315,331.9,0.54,0.51,2023-11-04,834,N,VIIRS,n,2,292.7,3.52,D,0
30.12589,75.9109,334.56,0.54,0.51,2023-11-04,834,N,VIIRS,n,2,292.61,6.5,D,0
30.12675,76.04042,341.74,0.55,0.51,2023-11-04,834,N,VIIRS,n,2,299.92,22.59,D,0
30.12734,76.03836,337.14,0.55,0.51,2023-11-04,834,N,VIIRS,n,2,296.59,8.0,D,0
30.12784,76.04417,341.21,0.55,0.51,2023-11-04,834,N,VIIRS,n,2,299.24,14.63,D,0
30.12837,75.9394,332.46,0.54,0.51,2023-11-04,834,N,VIIRS,n,2,297.25,4.81,D,0
30.13131,75.93536,335.25,0.54,0.51,2023-11-04,834,N,VIIRS,n,2,295.92,7.03,D,0
30.13526,75.20345,341.32,0.49,0.49,2023-11-04,834,N,VIIRS,n,2,299.25,10.4,D,0
30.13584,76.02566,331.19,0.55,0.51,2023-11-04,834,N,VIIRS,n,2,296.89,5.09,D,0
30.13802,75.88648,338.1,0.54,0.51,2023-11-04,834,N,VIIRS,n,2,293.99,4.04,D,0
30.13977,75.2029,334.67,0.49,0.49,2023-11-04,834,N,VIIRS,n,2,296.5,10.4,D,0
30.13991,76.02722,342.15,0.55,0.51,2023-11-04,834,N,VIIRS,n,2,297.29,6.27,D,0
30.14182,75.66586,330.62,0.52,0.5,2023-11-04,834,N,VIIRS,n,2,295.74,3.87,D,0
30.14228,75.22875,340.96,0.49,0.49,2023-11-04,834,N,VIIRS,n,2,297.39,5.76,D,0
30.14376,74.57365,343.9,0.45,0.47,2023-11-04,834,N,VIIRS,n,2,304.53,28.35,D,0
30.14506,75.98005,332.64,0.55,0.51,2023-11-04,834,N,VIIRS,n,2,296.84,3.71,D,0
30.1463,75.27026,330.7,0.5,0.49,2023-11-04,834,N,VIIRS,n,2,296.69,4.34,D,0
30.14878,75.2018,352.68,0.49,0.49,2023-11-04,834,N,VIIRS,n,2,303.33,30.15,D,0
30.14904,74.58257,348.56,0.45,0.47,2023-11-04,834,N,VIIRS,n,2,298.54,8.16,D,0
30.15,76.45938,340.23,0.58,0.52,2023-11-04,834,N,VIIRS,n,2,298.95,16.81,D,0
30.15034,75.408,340.33,0.5,0.49,2023-11-04,834,N,VIIRS,n,2,296.99,3.92,D,0
30.15216,76.48399,330.61,0.58,0.52,2023-11-04,834,N,VIIRS,n,2,299.18,3.2,D,0
30.15236,75.333,332.61,0.5,0.49,2023-11-04,834,N,VIIRS,n,2,297.72,3.07,D,0
30.15265,76.37886,332.99,0.58,0.52,2023-11-04,834,N,VIIRS,n,2,299.08,3.08,D,0
30.1532,75.63675,336.92,0.52,0.5,2023-11-04,834,N,VIIRS,n,2,296.89,4.33,D,0
30.15329,75.20124,334.92,0.49,0.49,2023-11-04,834,N,VIIRS,n,2,296.71,6.36,D,0
30.15347,75.95381,345.27,0.54,0.51,2023-11-04,834,N,VIIRS,n,2,302.16,30.39,D,0
30.1537,75.64222,341.31,0.52,0.5,2023-11-04,834,N,VIIRS,n,2,296.22,10.83,D,0
30.1544,75.40215,331.2,0.5,0.49,2023-11-04,834,N,VIIRS,n,2,296.13,2.9,D,0
30.15583,76.37679,331.57,0.58,0.52,2023-11-04,834,N,VIIRS,n,2,298.69,4.91,D,0
30.15691,75.33244,356.29,0.5,0.49,2023-11-04,834,N,VIIRS,n,2,305.65,32.78,D,0
30.15949,74.8704,344.56,0.47,0.48,2023-11-04,834,N,VIIRS,n,2,298.98,9.11,D,0
30.16225,75.78683,356.15,0.53,0.5,2023-11-04,834,N,VIIRS,n,2,295.62,18.83,D,0
30.16247,75.34241,333.43,0.5,0.49,2023-11-04,834,N,VIIRS,n,2,297.44,8.16,D,0
30.16343,75.95845,338.05,0.54,0.51,2023-11-04,834,N,VIIRS,n,2,295.83,6.96,D,0
30.16453,75.60771,336.44,0.52,0.5,2023-11-04,834,N,VIIRS,n,2,297.28,3.46,D,0
30.16764,75.95217,330.38,0.54,0.51,2023-11-04,834,N,VIIRS,n,2,296.73,4.11,D,0
30.16871,75.06165,340.75,0.48,0.48,2023-11-04,834,N,VIIRS,n,2,298.78,6.05,D,0
30.17042,75.87697,331.31,0.54,0.51,2023-11-04,834,N,VIIRS,n,2,294.03,7.26,D,0
30.17179,76.59475,334.24,0.59,0.53,2023-11-04,834,N,VIIRS,n,2,296.8,3.65,D,0
30.17196,75.89402,330.91,0.54,0.51,2023-11-04,834,N,VIIRS,n,2,295.73,2.85,D,0
30.1721,74.68127,339.81,0.46,0.47,2023-11-04,834,N,VIIRS,n,2,298.52,6.42,D,0
30.17316,75.30621,331.38,0.5,0.49,2023-11-04,834,N,VIIRS,n,2,297.22,5.23,D,0
30.17397,75.27213,340.9,0.5,0.49,2023-11-04,834,N,VIIRS,n,2,299.43,5.4,D,0
30.17435,75.26902,343.17,0.5,0.49,2023-11-04,834,N,VIIRS,n,2,302.08,14.73,D,0
30.17476,75.46983,335.28,0.51,0.49,2023-11-04,834,N,VIIRS,n,2,297.67,5.1,D,0
30.17706,75.30347,340.24,0.5,0.49,2023-11-04,834,N,VIIRS,n,2,297.56,10.1,D,0
30.1777,75.30566,337.72,0.5,0.49,2023-11-04,834,N,VIIRS,n,2,296.68,4.53,D,0
30.178,76.01491,345.75,0.55,0.51,2023-11-04,834,N,VIIRS,n,2,296.59,7.9,D,0
30.1785,75.27158,341.24,0.5,0.49,2023-11-04,834,N,VIIRS,n,2,299.32,9.8,D,0
30.17956,75.2263,339.32,0.49,0.49,2023-11-04,834,N,VIIRS,n,2,298.05,4.43,D,0
30.18129,75.94481,336.04,0.54,0.51,2023-11-04,834,N,VIIRS,n,2,296.28,5.61,D,0
30.18213,75.05997,330.9,0.48,0.48,2023-11-04,834,N,VIIRS,n,2,298.35,6.93,D,0
30.18264,76.06718,333.93,0.55,0.51,2023-11-04,834,N,VIIRS,n,2,297.18,4.57,D,0
30.18511,75.72778,341.01,0.53,0.5,2023-11-04,834,N,VIIRS,n,2,294.88,4.74,D,0
30.1854,75.39008,333.74,0.5,0.49,2023-11-04,834,N,VIIRS,n,2,296.95,4.65,D,0
30.18583,75.393,333.56,0.5,0.49,2023-11-04,834,N,VIIRS,n,2,297.16,2.4,D,0
30.18659,75.05942,343.54,0.48,0.48,2023-11-04,834,N,VIIRS,n,2,297.62,6.93,D,0
30.18739,76.06664,339.8,0.55,0.51,2023-11-04,834,N,VIIRS,n,2,296.24,5.71,D,0
30.18978,75.77795,340.65,0.53,0.5,2023-11-04,834,N,VIIRS,n,2,296.15,11.21,D,0
30.18995,76.31789,339.96,0.57,0.52,2023-11-04,834,N,VIIRS,n,2,298.61,3.43,D,0
30.19039,74.42963,352.62,0.44,0.46,2023-11-04,834,N,VIIRS,n,2,291.64,8.67,D,0
30.1923,74.42746,340.38,0.44,0.46,2023-11-04,834,N,VIIRS,n,2,290.7,10.65,D,0
30.19235,75.70451,340.44,0.53,0.5,2023-11-04,834,N,VIIRS,n,2,291.95,5.01,D,0
30.19254,76.34816,335.95,0.57,0.52,2023-11-04,834,N,VIIRS,n,2,299.75,3.77,D,0
30.19339,74.54327,334.43,0.45,0.47,2023-11-04,834,N,VIIRS,n,2,297.46,2.54,D,0
30.19374,76.30526,336.8,0.57,0.52,2023-11-04,834,N,VIIRS,n,2,298.83,4.45,D,0
30.19391,75.72112,331.57,0.53,0.5,2023-11-04,834,N,VIIRS,n,2,292.67,5.27,D,0
30.19393,74.63474,342.78,0.46,0.47,2023-11-04,834,N,VIIRS,n,2,297.07,6.61,D,0
30.19547,75.39722,342.82,0.5,0.49,2023-11-04,834,N,VIIRS,n,2,297.31,6.02,D,0
30.19563,75.01222,335.83,0.48,0.48,2023-11-04,834,N,VIIRS,n,2,298.56,3.71,D,0
30.19653,75.51322,330.15,0.51,0.5,2023-11-04,834,N,VIIRS,n,2,296.9,4.45,D,0
30.19673,75.50521,337.46,0.51,0.49,2023-11-04,834,N,VIIRS,n,2,297.3,3.68,D,0
30.19787,75.1302,335.26,0.49,0.48,2023-11-04,834,N,VIIRS,n,2,298.39,3.0,D,0
30.19853,76.03011,330.09,0.55,0.51,2023-11-04,834,N,VIIRS,n,2,296.66,1.72,D,0
30.19857,75.97758,345.13,0.55,0.51,2023-11-04,834,N,VIIRS,n,2,300.96,22.86,D,0
30.19962,75.98909,340.41,0.55,0.51,2023-11-04,834,N,VIIRS,n,2,297.19,7.37,D,0
30.20068,75.20796,349.08,0.49,0.49,2023-11-04,834,N,VIIRS,n,2,297.86,8.37,D,0
30.20075,74.79056,344.15,0.47,0.47,2023-11-04,834,N,VIIRS,n,2,301.42,22.95,D,0
30.20275,75.76512,335.74,0.53,0.5,2023-11-04,834,N,VIIRS,n,2,294.26,3.32,D,0
30.20284,75.32915,340.67,0.5,0.49,2023-11-04,834,N,VIIRS,n,2,299.11,7.08,D,0
30.20328,76.02957,336.62,0.55,0.51,2023-11-04,834,N,VIIRS,n,2,295.97,3.19,D,0
30.20738,75.3286,330.51,0.5,0.49,2023-11-04,834,N,VIIRS,n,2,297.0,2.74,D,0
30.20795,76.13525,342.47,0.56,0.51,2023-11-04,834,N,VIIRS,n,2,298.83,7.55,D,0
30.20906,74.78456,337.15,0.47,0.47,2023-11-04,834,N,VIIRS,n,2,297.62,5.71,D,0
30.20909,75.93582,330.97,0.54,0.51,2023-11-04,834,N,VIIRS,n,2,297.28,2.99,D,0
30.20909,75.98801,341.06,0.55,0.51,2023-11-04,834,N,VIIRS,n,2,296.36,6.08,D,0
30.20961,75.99377,333.38,0.55,0.51,2023-11-04,834,N,VIIRS,n,2,295.2,6.08,D,0
30.21001,75.45718,332.55,0.51,0.49,2023-11-04,834,N,VIIRS,n,2,296.52,5.4,D,0
30.21066,76.00531,341.09,0.55,0.51,2023-11-04,834,N,VIIRS,n,2,295.71,6.42,D,0
30.2147,75.21147,341.04,0.49,0.49,2023-11-04,834,N,VIIRS,n,2,298.47,7.54,D,0
30.21492,75.511,340.38,0.51,0.5,2023-11-04,834,N,VIIRS,n,2,298.51,10.27,D,0
30.21573,75.41866,335.54,0.51,0.49,2023-11-04,834,N,VIIRS,n,2,297.26,5.08,D,0
30.21647,76.06921,334.64,0.55,0.51,2023-11-04,834,N,VIIRS,n,2,297.52,4.77,D,0
30.21803,76.14004,341.56,0.56,0.51,2023-11-04,834,N,VIIRS,n,2,297.81,10.72,D,0
30.21998,77.21893,345.22,0.32,0.55,2023-11-04,834,N,VIIRS,n,2,303.34,2.09,D,0
30.22488,76.00369,342.03,0.55,0.51,2023-11-04,834,N,VIIRS,n,2,297.66,10.35,D,0
30.22528,75.17879,343.59,0.49,0.49,2023-11-04,834,N,VIIRS,n,2,300.01,11.39,D,0
30.22584,75.91078,333.62,0.54,0.51,2023-11-04,834,N,VIIRS,n,2,296.27,15.72,D,0
30.22637,75.91649,342.53,0.54,0.51,2023-11-04,834,N,VIIRS,n,2,298.82,24.41,D,0
30.22643,75.9686,332.83,0.55,0.51,2023-11-04,834,N,VIIRS,n,2,295.25,5.8,D,0
30.22712,75.91372,351.6,0.54,0.51,2023-11-04,834,N,VIIRS,n,2,299.76,32.1,D,0
30.22733,75.97169,343.97,0.55,0.51,2023-11-04,834,N,VIIRS,n,2,296.08,9.18,D,0
30.22788,74.75088,330.1,0.46,0.47,2023-11-04,834,N,VIIRS,n,2,297.69,2.22,D,0
30.22845,75.40635,333.68,0.51,0.49,2023-11-04,834,N,VIIRS,n,2,297.19,2.67,D,0
30.22865,76.15074,340.71,0.56,0.51,2023-11-04,834,N,VIIRS,n,2,297.52,12.05,D,0
30.23069,75.53095,332.55,0.51,0.5,2023-11-04,834,N,VIIRS,n,2,295.4,7.43,D,0
30.23084,75.90176,335.48,0.54,0.51,2023-11-04,834,N,VIIRS,n,2,293.22,3.49,D,0
30.23228,76.02955,355.9,0.55,0.51,2023-11-04,834,N,VIIRS,n,2,297.88,15.38,D,0
30.23229,76.0321,341.04,0.55,0.51,2023-11-04,834,N,VIIRS,n,2,297.76,11.14,D,0
30.23302,75.4058,340.45,0.51,0.49,2023-11-04,834,N,VIIRS,n,2,296.42,7.78,D,0
30.23386,74.72226,330.7,0.46,0.47,2023-11-04,834,N,VIIRS,n,2,294.57,3.29,D,0
30.23387,74.72058,330.06,0.46,0.47,2023-11-04,834,N,VIIRS,n,2,292.56,3.04,D,0
30.23431,75.51958,339.41,0.51,0.5,2023-11-04,834,N,VIIRS,n,2,297.34,5.74,D,0
30.23473,75.90401,335.04,0.54,0.51,2023-11-04,834,N,VIIRS,n,2,292.17,8.53,D,0
30.23601,75.43779,339.87,0.51,0.49,2023-11-04,834,N,VIIRS,n,2,296.36,11.26,D,0
30.2368,75.54667,339.5,0.52,0.5,2023-11-04,834,N,VIIRS,n,2,296.99,5.62,D,0
30.23686,75.70204,342.61,0.53,0.5,2023-11-04,834,N,VIIRS,n,2,286.44,10.7,D,0
30.23735,74.75626,332.14,0.46,0.47,2023-11-04,834,N,VIIRS,n,2,297.92,4.23,D,0
30.2376,74.7595,336.46,0.46,0.47,2023-11-04,834,N,VIIRS,n,2,297.42,3.05,D,0
30.23768,75.76392,330.47,0.53,0.5,2023-11-04,834,N,VIIRS,n,2,290.54,2.95,D,0
30.23921,75.32471,335.37,0.5,0.49,2023-11-04,834,N,VIIRS,n,2,298.3,2.98,D,0
30.24009,75.4319,340.41,0.51,0.49,2023-11-04,834,N,VIIRS,n,2,297.95,7.86,D,0
30.24037,74.51618,337.32,0.45,0.47,2023-11-04,834,N,VIIRS,n,2,297.4,4.4,D,0
30.24213,75.93202,330.48,0.54,0.51,2023-11-04,834,N,VIIRS,n,2,294.93,2.73,D,0
30.24322,75.36696,341.33,0.5,0.49,2023-11-04,834,N,VIIRS,n,2,298.16,7.1,D,0
30.24427,76.05756,338.57,0.55,0.51,2023-11-04,834,N,VIIRS,n,2,297.81,5.79,D,0
30.24448,76.06013,337.42,0.55,0.51,2023-11-04,834,N,VIIRS,n,2,297.54,5.06,D,0
30.24491,75.58424,335.76,0.52,0.5,2023-11-04,834,N,VIIRS,n,2,297.06,2.92,D,0
30.24499,76.1226,334.49,0.56,0.51,2023-11-04,834,N,VIIRS,n,2,295.82,4.7,D,0
30.24524,76.39143,337.2,0.58,0.52,2023-11-04,834,N,VIIRS,n,2,299.02,5.84,D,0
30.24563,76.12503,334.41,0.56,0.51,2023-11-04,834,N,VIIRS,n,2,296.15,4.06,D,0
30.24573,75.06233,342.32,0.48,0.48,2023-11-04,834,N,VIIRS,n,2,299.96,8.89,D,0
30.24583,74.89303,352.45,0.47,0.48,2023-11-04,834,N,VIIRS,n,2,300.85,7.89,D,0
30.24653,75.75722,340.35,0.53,0.5,2023-11-04,834,N,VIIRS,n,2,291.77,10.87,D,0
30.24695,74.89443,341.35,0.47,0.48,2023-11-04,834,N,VIIRS,n,2,300.4,5.79,D,0
30.24948,76.55307,338.69,0.59,0.53,2023-11-04,834,N,VIIRS,n,2,299.65,4.53,D,0
30.24958,74.47682,340.64,0.45,0.47,2023-11-04,834,N,VIIRS,n,2,298.45,6.36,D,0
30.25119,75.75665,340.54,0.53,0.5,2023-11-04,834,N,VIIRS,n,2,290.31,10.87,D,0
30.25417,75.05613,334.52,0.48,0.48,2023-11-04,834,N,VIIRS,n,2,297.68,5.07,D,0
30.25429,75.14919,339.58,0.49,0.48,2023-11-04,834,N,VIIRS,n,2,302.62,29.99,D,0
30.25541,75.91043,335.79,0.54,0.51,2023-11-04,834,N,VIIRS,n,2,292.65,3.93,D,0
30.25572,76.30823,340.54,0.57,0.52,2023-11-04,834,N,VIIRS,n,2,300.23,10.84,D,0
30.25644,75.05443,341.82,0.48,0.48,2023-11-04,834,N,VIIRS,n,2,298.73,9.02,D,0
30.25685,75.46238,340.49,0.51,0.49,2023-11-04,834,N,VIIRS,n,2,299.25,5.95,D,0
30.25695,74.6394,341.52,0.46,0.47,2023-11-04,834,N,VIIRS,n,2,297.53,19.89,D,0
30.25726,75.56624,341.3,0.52,0.5,2023-11-04,834,N,VIIRS,n,2,299.6,16.47,D,0
30.25727,75.13323,337.9,0.49,0.48,2023-11-04,834,N,VIIRS,n,2,298.67,2.75,D,0
30.25759,76.31034,345.55,0.57,0.52,2023-11-04,834,N,VIIRS,n,2,298.01,7.89,D,0
30.2584,75.2852,339.5,0.5,0.49,2023-11-04,834,N,VIIRS,n,2,297.89,5.39,D,0
30.25892,75.3383,347.78,0.5,0.49,2023-11-04,834,N,VIIRS,n,2,296.03,9.53,D,0
30.25997,75.04371,340.83,0.48,0.48,2023-11-04,834,N,VIIRS,n,2,298.2,8.16,D,0
30.26294,75.28465,340.62,0.5,0.49,2023-11-04,834,N,VIIRS,n,2,297.35,5.39,D,0
30.26438,76.18012,335.54,0.56,0.52,2023-11-04,834,N,VIIRS,n,2,295.7,2.59,D,0
30.26528,76.5073,331.21,0.59,0.53,2023-11-04,834,N,VIIRS,n,2,299.49,9.42,D,0
30.26541,76.18248,334.09,0.56,0.52,2023-11-04,834,N,VIIRS,n,2,296.34,4.71,D,0
30.26582,76.51351,342.61,0.59,0.53,2023-11-04,834,N,VIIRS,n,2,302.41,21.8,D,0
30.2688,74.40794,335.24,0.44,0.46,2023-11-04,834,N,VIIRS,n,2,296.71,5.26,D,0
30.27024,75.12644,340.81,0.49,0.48,2023-11-04,834,N,VIIRS,n,2,298.54,7.49,D,0
30.27307,77.01287,332.43,0.63,0.54,2023-11-04,834,N,VIIRS,n,2,299.99,1.38,D,0
30.27418,76.27805,340.46,0.57,0.52,2023-11-04,834,N,VIIRS,n,2,298.01,8.31,D,0
30.27529,75.06236,351.1,0.48,0.48,2023-11-04,834,N,VIIRS,n,2,297.17,7.65,D,0
30.27568,75.4168,336.73,0.51,0.49,2023-11-04,834,N,VIIRS,n,2,296.11,12.68,D,0
30.2762,75.42214,340.9,0.51,0.49,2023-11-04,834,N,VIIRS,n,2,295.64,19.16,D,0
30.27654,75.12427,341.5,0.49,0.48,2023-11-04,834,N,VIIRS,n,2,297.85,9.45,D,0
30.27784,76.28133,342.16,0.57,0.52,2023-11-04,834,N,VIIRS,n,2,299.68,10.95,D,0
30.27899,76.27753,337.47,0.57,0.52,2023-11-04,834,N,VIIRS,n,2,297.26,8.31,D,0
30.27997,76.13646,340.82,0.56,0.51,2023-11-04,834,N,VIIRS,n,2,294.52,5.88,D,0
30.28124,74.44416,340.09,0.45,0.47,2023-11-04,834,N,VIIRS,n,2,298.63,6.3,D,0
30.28124,74.53002,352.95,0.45,0.47,2023-11-04,834,N,VIIRS,n,2,296.97,9.03,D,0
30.28145,74.79848,336.43,0.47,0.48,2023-11-04,834,N,VIIRS,n,2,297.58,4.05,D,0
30.28152,75.12884,342.47,0.49,0.48,2023-11-04,834,N,VIIRS,n,2,298.76,11.94,D,0
30.28202,76.16014,340.06,0.56,0.52,2023-11-04,834,N,VIIRS,n,2,291.63,4.94,D,0
30.2823,75.78701,341.16,0.53,0.5,2023-11-04,834,N,VIIRS,n,2,294.07,5.67,D,0
30.28235,75.48653,342.37,0.51,0.49,2023-11-04,834,N,VIIRS,n,2,297.91,7.32,D,0
30.28258,75.94784,336.59,0.55,0.51,2023-11-04,834,N,VIIRS,n,2,294.86,7.5,D,0
30.28271,75.34612,336.87,0.5,0.49,2023-11-04,834,N,VIIRS,n,2,296.52,7.89,D,0
30.28308,75.34494,331.25,0.5,0.49,2023-11-04,834,N,VIIRS,n,2,295.6,3.05,D,0
30.28319,74.90843,342.54,0.47,0.48,2023-11-04,834,N,VIIRS,n,2,307.74,51.6,D,0
30.28387,76.07071,340.81,0.55,0.51,2023-11-04,834,N,VIIRS,n,2,289.67,11.01,D,0
30.28578,74.84281,340.68,0.47,0.48,2023-11-04,834,N,VIIRS,n,2,298.13,4.94,D,0
30.28655,74.17419,340.18,0.43,0.46,2023-11-04,834,N,VIIRS,n,2,296.02,6.49,D,0
30.28679,75.94154,340.75,0.54,0.51,2023-11-04,834,N,VIIRS,n,2,295.34,6.61,D,0
30.28754,75.64017,339.87,0.52,0.5,2023-11-04,834,N,VIIRS,n,2,297.87,6.95,D,0
30.28836,76.1774,331.27,0.56,0.52,2023-11-04,834,N,VIIRS,n,2,294.52,4.13,D,0
30.28908,77.08388,330.79,0.32,0.54,2023-11-04,834,N,VIIRS,n,2,301.64,1.69,D,0
30.2902,74.84225,341.22,0.47,0.48,2023-11-04,834,N,VIIRS,n,2,297.31,4.94,D,0
30.29064,75.67327,338.59,0.53,0.5,2023-11-04,834,N,VIIRS,n,2,292.8,4.92,D,0
30.29077,75.43013,334.89,0.51,0.49,2023-11-04,834,N,VIIRS,n,2,294.9,3.83,D,0
30.29096,75.43118,337.97,0.51,0.49,2023-11-04,834,N,VIIRS,n,2,295.19,3.78,D,0
30.29149,76.58009,351.35,0.59,0.53,2023-11-04,834,N,VIIRS,n,2,299.65,10.53,D,0
30.29219,75.63963,330.0,0.52,0.5,2023-11-04,834,N,VIIRS,n,2,296.43,4.6,D,0
30.29269,76.57783,340.19,0.59,0.53,2023-11-04,834,N,VIIRS,n,2,297.59,7.38,D,0
30.29281,74.64451,340.74,0.46,0.47,2023-11-04,834,N,VIIRS,n,2,295.02,4.41,D,0
30.29315,76.17686,341.18,0.56,0.52,2023-11-04,834,N,VIIRS,n,2,295.06,12.15,D,0
30.2932,76.58411,331.83,0.6,0.53,2023-11-04,834,N,VIIRS,n,2,299.08,7.38,D,0
30.29323,75.75171,341.94,0.53,0.5,2023-11-04,834,N,VIIRS,n,2,290.85,8.84,D,0
30.29473,75.87128,341.06,0.54,0.51,2023-11-04,834,N,VIIRS,n,2,293.72,7.59,D,0
30.29541,76.31594,335.12,0.57,0.52,2023-11-04,834,N,VIIRS,n,2,295.98,4.94,D,0
30.29922,75.22083,340.9,0.49,0.49,2023-11-04,834,N,VIIRS,n,2,297.35,5.72,D,0
30.29971,75.22604,344.15,0.49,0.49,2023-11-04,834,N,VIIRS,n,2,297.1,5.72,D,0
30.29998,75.77357,333.84,0.53,0.5,2023-11-04,834,N,VIIRS,n,2,291.06,4.75,D,0
30.3007,76.6151,330.31,0.6,0.53,2023-11-04,834,N,VIIRS,n,2,298.08,4.48,D,0
30.30139,75.44512,347.29,0.51,0.49,2023-11-04,834,N,VIIRS,n,2,295.81,9.45,D,0
30.30168,75.44616,341.92,0.51,0.49,2023-11-04,834,N,VIIRS,n,2,295.79,9.83,D,0
30.30399,75.12605,335.02,0.49,0.48,2023-11-04,834,N,VIIRS,n,2,296.13,4.74,D,0
30.30411,75.71659,331.15,0.53,0.5,2023-11-04,834,N,VIIRS,n,2,288.3,2.67,D,0
30.30589,74.86532,340.54,0.47,0.48,2023-11-04,834,N,VIIRS,n,2,298.58,4.86,D,0
30.30638,74.87028,334.11,0.47,0.48,2023-11-04,834,N,VIIRS,n,2,298.53,5.54,D,0
30.30722,76.00921,331.98,0.55,0.51,2023-11-04,834,N,VIIRS,n,2,291.39,4.71,D,0
30.30774,76.01501,340.92,0.55,0.51,2023-11-04,834,N,VIIRS,n,2,290.8,7.92,D,0
30.30919,74.31454,339.17,0.44,0.46,2023-11-04,834,N,VIIRS,n,2,293.78,2.56,D,0
30.30942,75.58669,342.3,0.52,0.5,2023-11-04,834,N,VIIRS,n,2,298.93,11.33,D,0
30.30991,75.59218,340.74,0.52,0.5,2023-11-04,834,N,VIIRS,n,2,298.07,11.33,D,0
30.31066,75.58749,345.93,0.52,0.5,2023-11-04,834,N,VIIRS,n,2,300.0,14.01,D,0
30.31081,75.68771,340.58,0.53,0.5,2023-11-04,834,N,VIIRS,n,2,295.82,6.93,D,0
30.31299,75.12494,343.43,0.49,0.48,2023-11-04,834,N,VIIRS,n,2,301.25,10.95,D,0
30.31356,75.68654,340.38,0.53,0.5,2023-11-04,834,N,VIIRS,n,2,294.11,13.15,D,0
30.31748,75.12437,338.18,0.49,0.48,2023-11-04,834,N,VIIRS,n,2,295.21,10.95,D,0
30.31919,75.69711,348.56,0.53,0.5,2023-11-04,834,N,VIIRS,n,2,297.06,9.54,D,0
30.31987,75.93771,339.18,0.54,0.51,2023-11-04,834,N,VIIRS,n,2,294.75,6.42,D,0
30.32117,75.69772,345.51,0.53,0.5,2023-11-04,834,N,VIIRS,n,2,296.64,7.91,D,0
30.32146,76.00758,333.45,0.55,0.51,2023-11-04,834,N,VIIRS,n,2,291.7,4.21,D,0
30.32231,75.57407,331.96,0.52,0.5,2023-11-04,834,N,VIIRS,n,2,296.07,3.33,D,0
30.32281,75.22845,367.0,0.5,0.49,2023-11-04,834,N,VIIRS,h,2,298.6,9.44,D,0
30.32331,75.23367,336.61,0.5,0.49,2023-11-04,834,N,VIIRS,n,2,297.04,9.44,D,0
30.32617,75.31292,331.21,0.5,0.49,2023-11-04,834,N,VIIRS,n,2,295.72,4.03,D,0
30.33048,75.69664,331.77,0.53,0.5,2023-11-04,834,N,VIIRS,n,2,296.72,3.53,D,0
30.33411,76.31162,343.95,0.57,0.52,2023-11-04,834,N,VIIRS,n,2,302.83,26.48,D,0
30.33434,75.50108,336.24,0.51,0.5,2023-11-04,834,N,VIIRS,n,2,297.74,2.32,D,0
30.33449,75.01897,355.62,0.48,0.48,2023-11-04,834,N,VIIRS,n,2,298.38,17.46,D,0
30.33543,75.77434,354.64,0.53,0.5,2023-11-04,834,N,VIIRS,n,2,294.33,15.11,D,0
30.33596,75.46813,342.7,0.51,0.49,2023-11-04,834,N,VIIRS,n,2,300.39,26.27,D,0
30.33751,75.63891,340.79,0.52,0.5,2023-11-04,834,N,VIIRS,n,2,298.77,12.72,D,0
30.33793,75.77483,347.59,0.53,0.5,2023-11-04,834,N,VIIRS,n,2,294.13,16.96,D,0
30.33797,75.05457,341.95,0.48,0.48,2023-11-04,834,N,VIIRS,n,2,297.05,4.67,D,0
30.33941,75.92905,339.15,0.54,0.51,2023-11-04,834,N,VIIRS,n,2,286.38,8.68,D,0
30.34007,75.79735,344.15,0.53,0.5,2023-11-04,834,N,VIIRS,n,2,295.5,7.31,D,0
30.34039,75.83083,330.27,0.54,0.51,2023-11-04,834,N,VIIRS,n,2,290.67,4.18,D,0
30.34081,75.72836,333.1,0.53,0.5,2023-11-04,834,N,VIIRS,n,2,294.76,4.05,D,0
30.3421,75.79633,343.54,0.54,0.5,2023-11-04,834,N,VIIRS,n,2,296.33,8.3,D,0
30.3426,75.80197,331.89,0.54,0.5,2023-11-04,834,N,VIIRS,n,2,294.71,8.3,D,0
30.34365,75.45089,331.33,0.51,0.49,2023-11-04,834,N,VIIRS,n,2,296.1,5.41,D,0
30.34421,77.03056,331.29,0.63,0.54,2023-11-04,834,N,VIIRS,n,2,299.2,3.77,D,0
30.34602,77.0322,331.24,0.63,0.54,2023-11-04,834,N,VIIRS,n,2,299.65,4.42,D,0
30.34641,74.88206,342.58,0.47,0.48,2023-11-04,834,N,VIIRS,n,2,302.39,9.57,D,0
30.34772,74.88017,330.97,0.47,0.48,2023-11-04,834,N,VIIRS,n,2,298.67,6.03,D,0
30.34808,75.86442,341.36,0.54,0.51,2023-11-04,834,N,VIIRS,n,2,289.83,6.16,D,0
30.34821,74.88514,341.75,0.47,0.48,2023-11-04,834,N,VIIRS,n,2,300.66,12.88,D,0
30.34879,76.65463,341.1,0.6,0.53,2023-11-04,834,N,VIIRS,n,2,301.04,14.35,D,0
30.35055,75.57622,339.17,0.52,0.5,2023-11-04,834,N,VIIRS,n,2,293.86,5.39,D,0
30.35147,75.79521,352.62,0.54,0.5,2023-11-04,834,N,VIIRS,n,2,295.66,25.96,D,0
30.35289,75.40095,342.53,0.51,0.49,2023-11-04,834,N,VIIRS,n,2,297.99,4.3,D,0
30.35563,76.06207,332.7,0.55,0.51,2023-11-04,834,N,VIIRS,n,2,289.82,4.13,D,0
30.35578,76.23585,340.77,0.57,0.52,2023-11-04,834,N,VIIRS,n,2,298.88,8.62,D,0
30.35645,75.38973,330.98,0.51,0.49,2023-11-04,834,N,VIIRS,n,2,296.73,4.93,D,0
30.35663,76.23605,341.04,0.57,0.52,2023-11-04,834,N,VIIRS,n,2,298.75,6.69,D,0
30.35691,75.44382,341.53,0.51,0.49,2023-11-04,834,N,VIIRS,n,2,296.93,10.2,D,0
30.3585,75.87471,330.69,0.54,0.51,2023-11-04,834,N,VIIRS,n,2,292.62,2.46,D,0
30.36034,75.78845,339.87,0.53,0.5,2023-11-04,834,N,VIIRS,n,2,289.18,3.97,D,0
30.36149,75.74855,340.46,0.53,0.5,2023-11-04,834,N,VIIRS,n,2,291.83,7.62,D,0
30.36182,75.59705,340.39,0.52,0.5,2023-11-04,834,N,VIIRS,n,2,297.31,4.84,D,0
30.36319,74.86986,330.86,0.47,0.48,2023-11-04,834,N,VIIRS,n,2,298.46,2.72,D,0
30.36469,74.4773,342.29,0.45,0.47,2023-11-04,834,N,VIIRS,n,2,295.87,10.71,D,0
30.36637,75.64664,341.43,0.52,0.5,2023-11-04,834,N,VIIRS,n,2,298.54,7.78,D,0
30.36661,75.00154,333.37,0.48,0.48,2023-11-04,834,N,VIIRS,n,2,297.77,6.35,D,0
30.36688,75.65218,342.3,0.52,0.5,2023-11-04,834,N,VIIRS,n,2,298.54,7.78,D,0
30.36738,75.65771,340.56,0.53,0.5,2023-11-04,834,N,VIIRS,n,2,298.02,10.68,D,0
30.36758,74.46261,342.64,0.45,0.47,2023-11-04,834,N,VIIRS,n,2,291.33,6.76,D,0
30.36802,75.1756,337.51,0.49,0.49,2023-11-04,834,N,VIIRS,n,2,292.4,6.15,D,0
30.3686,75.98986,336.48,0.55,0.51,2023-11-04,834,N,VIIRS,n,2,291.46,4.58,D,0
30.36877,75.17242,339.54,0.49,0.49,2023-11-04,834,N,VIIRS,n,2,292.17,5.49,D,0
30.36925,75.17761,337.73,0.49,0.49,2023-11-04,834,N,VIIRS,n,2,292.99,5.49,D,0
30.37102,75.6461,348.03,0.52,0.5,2023-11-04,834,N,VIIRS,n,2,300.81,32.81,D,0
30.37135,75.75307,350.66,0.53,0.5,2023-11-04,834,N,VIIRS,n,2,297.07,13.0,D,0
30.37222,74.59674,332.32,0.46,0.47,2023-11-04,834,N,VIIRS,n,2,293.75,5.3,D,0
30.37298,76.53106,340.64,0.59,0.53,2023-11-04,834,N,VIIRS,n,2,299.72,7.25,D,0
30.37362,75.62347,336.77,0.52,0.5,2023-11-04,834,N,VIIRS,n,2,296.41,15.61,D,0
30.37413,75.62898,342.44,0.52,0.5,2023-11-04,834,N,VIIRS,n,2,299.39,15.61,D,0
30.37429,74.48561,344.83,0.45,0.47,2023-11-04,834,N,VIIRS,n,2,295.95,7.8,D,0
30.37523,74.94934,356.31,0.48,0.48,2023-11-04,834,N,VIIRS,n,2,300.34,12.82,D,0
30.37575,74.45677,341.58,0.45,0.47,2023-11-04,834,N,VIIRS,n,2,291.75,4.06,D,0
30.38007,74.45621,349.36,0.45,0.47,2023-11-04,834,N,VIIRS,n,2,295.29,18.56,D,0
30.38081,75.35448,339.0,0.5,0.49,2023-11-04,834,N,VIIRS,n,2,298.55,3.62,D,0
30.38377,75.78574,332.47,0.53,0.5,2023-11-04,834,N,VIIRS,n,2,296.98,3.18,D,0
30.38393,75.6334,332.53,0.52,0.5,2023-11-04,834,N,VIIRS,n,2,297.21,4.14,D,0
30.3889,74.8114,347.76,0.47,0.48,2023-11-04,834,N,VIIRS,n,2,297.32,8.22,D,0
30.38906,74.95269,338.8,0.48,0.48,2023-11-04,834,N,VIIRS,n,2,299.32,5.11,D,0
30.39159,74.48335,367.0,0.45,0.47,2023-11-04,834,N,VIIRS,h,2,296.25,16.67,D,0
30.39383,75.39847,339.56,0.51,0.49,2023-11-04,834,N,VIIRS,n,2,298.37,8.98,D,0
30.39431,75.40382,341.28,0.51,0.49,2023-11-04,834,N,VIIRS,n,2,299.49,13.11,D,0
30.39457,75.40133,356.51,0.51,0.49,2023-11-04,834,N,VIIRS,n,2,300.85,21.07,D,0
30.39494,74.14732,342.41,0.43,0.46,2023-11-04,834,N,VIIRS,n,2,298.19,5.26,D,0
30.39654,76.63024,331.29,0.6,0.53,2023-11-04,834,N,VIIRS,n,2,298.75,2.44,D,0
30.39699,76.49689,336.48,0.59,0.53,2023-11-04,834,N,VIIRS,n,2,299.76,3.36,D,0
30.39837,75.29575,342.55,0.5,0.49,2023-11-04,834,N,VIIRS,n,2,301.34,16.05,D,0
30.39844,75.2988,341.27,0.5,0.49,2023-11-04,834,N,VIIRS,n,2,300.9,16.09,D,0
30.39962,76.49668,342.55,0.59,0.53,2023-11-04,834,N,VIIRS,n,2,300.26,8.69,D,0
30.4,74.92589,340.43,0.48,0.48,2023-11-04,834,N,VIIRS,n,2,299.14,9.27,D,0
30.40189,76.49636,331.48,0.59,0.53,2023-11-04,834,N,VIIRS,n,2,298.68,3.36,D,0
30.40821,75.89785,340.69,0.54,0.51,2023-11-04,834,N,VIIRS,n,2,295.21,8.67,D,0
30.41099,74.76373,340.69,0.47,0.47,2023-11-04,834,N,VIIRS,n,2,294.49,3.71,D,0
30.41428,75.36893,340.84,0.51,0.49,2023-11-04,834,N,VIIRS,n,2,298.52,5.34,D,0
30.41606,76.48853,339.0,0.59,0.53,2023-11-04,834,N,VIIRS,n,2,299.21,5.24,D,0
30.41829,74.47207,335.03,0.45,0.47,2023-11-04,834,N,VIIRS,n,2,293.9,3.04,D,0
30.41977,74.89804,337.03,0.47,0.48,2023-11-04,834,N,VIIRS,n,2,296.61,3.56,D,0
30.42043,76.48176,338.04,0.59,0.53,2023-11-04,834,N,VIIRS,n,2,298.49,5.24,D,0
30.42048,75.13984,333.89,0.49,0.49,2023-11-04,834,N,VIIRS,n,2,291.66,8.5,D,0
30.42098,75.70486,338.84,0.53,0.5,2023-11-04,834,N,VIIRS,n,2,297.15,3.63,D,0
30.42099,75.59827,354.87,0.52,0.5,2023-11-04,834,N,VIIRS,n,2,299.63,19.06,D,0
30.42139,74.47471,333.42,0.45,0.47,2023-11-04,834,N,VIIRS,n,2,293.33,3.15,D,0
30.42195,75.35186,339.08,0.5,0.49,2023-11-04,834,N,VIIRS,n,2,297.82,5.47,D,0
30.42255,75.5954,336.77,0.52,0.5,2023-11-04,834,N,VIIRS,n,2,297.3,13.74,D,0
30.42277,75.41121,342.93,0.51,0.49,2023-11-04,834,N,VIIRS,n,2,301.51,10.13,D,0
30.42307,75.60091,341.25,0.52,0.5,2023-11-04,834,N,VIIRS,n,2,298.99,13.74,D,0
30.42378,75.70732,330.78,0.53,0.5,2023-11-04,834,N,VIIRS,n,2,297.31,2.33,D,0
30.42406,75.47645,345.7,0.51,0.5,2023-11-04,834,N,VIIRS,n,2,298.32,6.09,D,0
30.42515,74.99935,331.68,0.48,0.48,2023-11-04,834,N,VIIRS,n,2,297.93,4.77,D,0
30.42653,75.83801,336.06,0.54,0.51,2023-11-04,834,N,VIIRS,n,2,297.72,6.05,D,0
30.42747,75.74652,340.39,0.53,0.5,2023-11-04,834,N,VIIRS,n,2,298.2,4.24,D,0
30.42754,75.83521,340.17,0.54,0.51,2023-11-04,834,N,VIIRS,n,2,297.34,6.02,D,0
30.42957,75.74919,341.74,0.53,0.5,2023-11-04,834,N,VIIRS,n,2,298.07,7.29,D,0
30.42981,75.43753,330.44,0.51,0.49,2023-11-04,834,N,VIIRS,n,2,297.88,4.92,D,0
30.43162,75.50847,339.83,0.52,0.5,2023-11-04,834,N,VIIRS,n,2,297.96,8.07,D,0
30.43359,74.90137,341.12,0.48,0.48,2023-11-04,834,N,VIIRS,n,2,299.5,6.05,D,0
30.43525,75.2966,336.54,0.5,0.49,2023-11-04,834,N,VIIRS,n,2,297.2,2.57,D,0
30.43542,75.20102,343.11,0.49,0.49,2023-11-04,834,N,VIIRS,n,2,298.72,7.83,D,0
30.43552,75.9354,345.22,0.55,0.51,2023-11-04,834,N,VIIRS,n,2,296.44,15.98,D,0
30.4359,75.93276,340.35,0.55,0.51,2023-11-04,834,N,VIIRS,n,2,296.35,9.18,D,0
30.43736,76.44852,341.99,0.59,0.53,2023-11-04,834,N,VIIRS,n,2,298.92,4.78,D,0
30.43803,74.90081,341.1,0.48,0.48,2023-11-04,834,N,VIIRS,n,2,295.24,6.05,D,0
30.44034,75.50192,340.64,0.52,0.5,2023-11-04,834,N,VIIRS,n,2,298.46,4.49,D,0
30.44151,74.93594,332.31,0.48,0.48,2023-11-04,834,N,VIIRS,n,2,298.38,4.87,D,0
30.44596,74.93538,341.86,0.48,0.48,2023-11-04,834,N,VIIRS,n,2,299.71,10.87,D,0
30.44884,75.97223,334.97,0.55,0.51,2023-11-04,834,N,VIIRS,n,2,297.16,4.94,D,0
30.44917,75.44611,356.35,0.51,0.49,2023-11-04,834,N,VIIRS,n,2,296.86,10.87,D,0
30.44972,74.39171,336.11,0.44,0.46,2023-11-04,834,N,VIIRS,n,2,297.53,4.55,D,0
30.45019,74.39639,339.03,0.44,0.46,2023-11-04,834,N,VIIRS,n,2,298.11,6.19,D,0
30.45058,75.841,334.29,0.54,0.51,2023-11-04,834,N,VIIRS,n,2,296.92,4.67,D,0
30.45064,75.66753,339.88,0.53,0.5,2023-11-04,834,N,VIIRS,n,2,298.65,6.7,D,0
30.45085,74.89414,338.79,0.47,0.48,2023-11-04,834,N,VIIRS,n,2,297.22,9.26,D,0
30.45135,74.89915,341.64,0.48,0.48,2023-11-04,834,N,VIIRS,n,2,298.3,9.26,D,0
30.45376,75.44555,354.01,0.51,0.49,2023-11-04,834,N,VIIRS,n,2,292.96,10.87,D,0
30.45393,75.59992,342.84,0.52,0.5,2023-11-04,834,N,VIIRS,n,2,298.52,5.4,D,0
30.45424,74.89604,353.29,0.48,0.48,2023-11-04,834,N,VIIRS,n,2,300.17,24.93,D,0
30.45529,74.89359,335.28,0.47,0.48,2023-11-04,834,N,VIIRS,n,2,297.02,9.26,D,0
30.45931,74.93373,348.23,0.48,0.48,2023-11-04,834,N,VIIRS,n,2,300.47,9.66,D,0
30.45954,75.2139,335.41,0.5,0.49,2023-11-04,834,N,VIIRS,n,2,297.25,8.1,D,0
30.46105,76.61047,336.94,0.6,0.53,2023-11-04,834,N,VIIRS,n,2,298.29,4.96,D,0
30.46198,74.93066,341.21,0.48,0.48,2023-11-04,834,N,VIIRS,n,2,300.2,8.24,D,0
30.46209,75.63811,342.85,0.53,0.5,2023-11-04,834,N,VIIRS,n,2,300.05,6.38,D,0
30.46407,75.21335,354.87,0.5,0.49,2023-11-04,834,N,VIIRS,n,2,299.52,21.09,D,0
30.46429,74.71934,332.85,0.46,0.47,2023-11-04,834,N,VIIRS,n,2,287.93,4.09,D,0
30.46547,75.47149,331.09,0.51,0.5,2023-11-04,834,N,VIIRS,n,2,293.25,4.47,D,0
30.46951,75.51495,343.07,0.52,0.5,2023-11-04,834,N,VIIRS,n,2,294.94,8.81,D,0
30.47256,75.80698,341.59,0.54,0.51,2023-11-04,834,N,VIIRS,n,2,297.92,6.42,D,0
30.47556,74.17795,332.03,0.43,0.46,2023-11-04,834,N,VIIRS,n,2,294.77,5.03,D,0
30.4757,75.28634,340.3,0.5,0.49,2023-11-04,834,N,VIIRS,n,2,299.45,10.59,D,0
30.47603,75.63645,345.3,0.53,0.5,2023-11-04,834,N,VIIRS,n,2,305.42,20.84,D,0
30.47641,74.75255,343.7,0.47,0.47,2023-11-04,834,N,VIIRS,n,2,291.74,6.63,D,0
30.47654,75.64201,341.46,0.53,0.5,2023-11-04,834,N,VIIRS,n,2,298.59,20.84,D,0
30.47791,74.15919,336.19,0.43,0.46,2023-11-04,834,N,VIIRS,n,2,294.65,5.15,D,0
30.48173,75.25362,348.7,0.5,0.49,2023-11-04,834,N,VIIRS,n,2,298.89,7.04,D,0
30.48232,75.25103,340.18,0.5,0.49,2023-11-04,834,N,VIIRS,n,2,299.42,5.79,D,0
30.48482,75.62981,336.0,0.52,0.5,2023-11-04,834,N,VIIRS,n,2,298.22,4.45,D,0
30.48677,74.90717,330.75,0.48,0.48,2023-11-04,834,N,VIIRS,n,2,297.43,3.48,D,0
30.48854,74.97332,349.25,0.48,0.48,2023-11-04,834,N,VIIRS,n,2,299.76,19.24,D,0
30.48891,75.67427,331.9,0.53,0.5,2023-11-04,834,N,VIIRS,n,2,297.15,2.74,D,0
30.49089,76.41531,334.95,0.58,0.52,2023-11-04,834,N,VIIRS,n,2,298.1,3.52,D,0
30.49121,74.90661,332.03,0.48,0.48,2023-11-04,834,N,VIIRS,n,2,296.54,3.48,D,0
30.49281,75.36778,336.39,0.51,0.49,2023-11-04,834,N,VIIRS,n,2,298.14,4.01,D,0
30.49296,75.77026,353.13,0.54,0.5,2023-11-04,834,N,VIIRS,n,2,299.85,18.23,D,0
30.49299,75.37023,341.55,0.51,0.49,2023-11-04,834,N,VIIRS,n,2,297.65,7.47,D,0
30.49425,75.38388,341.61,0.51,0.49,2023-11-04,834,N,VIIRS,n,2,298.55,7.48,D,0
30.49454,75.38628,342.4,0.51,0.49,2023-11-04,834,N,VIIRS,n,2,297.34,7.93,D,0
30.49668,75.50623,342.25,0.52,0.5,2023-11-04,834,N,VIIRS,n,2,296.44,9.3,D,0
30.5,74.95138,330.57,0.48,0.48,2023-11-04,834,N,VIIRS,n,2,298.55,4.47,D,0
30.50026,75.49479,332.32,0.52,0.5,2023-11-04,834,N,VIIRS,n,2,294.85,3.23,D,0
30.5016,74.06532,336.6,0.43,0.46,2023-11-04,834,N,VIIRS,n,2,296.38,9.91,D,0
30.50206,74.06982,340.74,0.43,0.46,2023-11-04,834,N,VIIRS,n,2,293.43,9.91,D,0
30.50446,74.95082,341.81,0.48,0.48,2023-11-04,834,N,VIIRS,n,2,298.19,4.47,D,0
30.50482,75.50289,337.85,0.52,0.5,2023-11-04,834,N,VIIRS,n,2,295.26,3.31,D,0
30.50533,75.90723,343.1,0.55,0.51,2023-11-04,834,N,VIIRS,n,2,297.84,7.75,D,0
30.50539,75.49968,333.52,0.52,0.5,2023-11-04,834,N,VIIRS,n,2,294.66,4.75,D,0
30.50545,75.80319,344.46,0.54,0.51,2023-11-04,834,N,VIIRS,n,2,299.96,13.17,D,0
30.50806,75.77997,341.53,0.54,0.51,2023-11-04,834,N,VIIRS,n,2,299.87,13.55,D,0
30.51014,75.80265,343.11,0.54,0.51,2023-11-04,834,N,VIIRS,n,2,298.88,8.37,D,0
30.51132,75.31702,341.15,0.5,0.49,2023-11-04,834,N,VIIRS,n,2,299.32,8.28,D,0
30.51266,74.13245,352.62,0.43,0.46,2023-11-04,834,N,VIIRS,n,2,311.5,45.11,D,0
30.5128,74.99082,339.88,0.48,0.48,2023-11-04,834,N,VIIRS,n,2,299.4,8.98,D,0
30.51306,74.80787,348.7,0.47,0.48,2023-11-04,834,N,VIIRS,n,2,296.6,28.55,D,0
30.51308,75.49087,341.56,0.52,0.5,2023-11-04,834,N,VIIRS,n,2,295.82,5.45,D,0
30.51319,75.04239,338.3,0.49,0.48,2023-11-04,834,N,VIIRS,n,2,293.8,5.1,D,0
30.51329,74.99591,340.51,0.48,0.48,2023-11-04,834,N,VIIRS,n,2,297.66,8.98,D,0
30.51408,75.49313,338.84,0.52,0.5,2023-11-04,834,N,VIIRS,n,2,294.91,5.5,D,0
30.51442,74.91386,349.84,0.48,0.48,2023-11-04,834,N,VIIRS,n,2,299.44,5.6,D,0
30.51449,75.61286,339.94,0.52,0.5,2023-11-04,834,N,VIIRS,n,2,296.8,6.29,D,0
30.5163,75.61488,338.77,0.52,0.5,2023-11-04,834,N,VIIRS,n,2,296.4,4.56,D,0
30.51683,75.98203,332.42,0.55,0.51,2023-11-04,834,N,VIIRS,n,2,296.81,2.31,D,0
30.51685,75.32708,341.67,0.5,0.49,2023-11-04,834,N,VIIRS,n,2,302.19,16.3,D,0
30.51691,74.13189,330.52,0.43,0.46,2023-11-04,834,N,VIIRS,n,2,292.88,3.52,D,0
30.51727,74.99026,339.43,0.48,0.48,2023-11-04,834,N,VIIRS,n,2,298.15,8.98,D,0
30.51887,74.91329,330.03,0.48,0.48,2023-11-04,834,N,VIIRS,n,2,297.01,5.6,D,0
30.52069,75.02593,346.41,0.48,0.48,2023-11-04,834,N,VIIRS,n,2,299.62,12.65,D,0
30.52109,75.76701,334.23,0.54,0.5,2023-11-04,834,N,VIIRS,n,2,297.75,3.18,D,0
30.52121,75.47032,331.35,0.51,0.5,2023-11-04,834,N,VIIRS,n,2,296.3,2.51,D,0
30.52174,74.9897,341.27,0.48,0.48,2023-11-04,834,N,VIIRS,n,2,299.24,7.67,D,0
30.52419,75.01517,337.24,0.48,0.48,2023-11-04,834,N,VIIRS,n,2,297.3,6.91,D,0
30.52621,74.98914,342.66,0.48,0.48,2023-11-04,834,N,VIIRS,n,2,299.22,7.67,D,0
30.5267,74.99422,335.06,0.48,0.48,2023-11-04,834,N,VIIRS,n,2,296.68,7.67,D,0
30.52886,75.51102,332.34,0.52,0.5,2023-11-04,834,N,VIIRS,n,2,297.12,3.07,D,0
30.53068,74.98859,336.43,0.48,0.48,2023-11-04,834,N,VIIRS,n,2,295.79,7.89,D,0
30.5315,76.14703,342.2,0.56,0.52,2023-11-04,834,N,VIIRS,n,2,302.21,12.19,D,0
30.53216,75.00385,331.28,0.48,0.48,2023-11-04,834,N,VIIRS,n,2,298.09,3.15,D,0
30.53265,75.00895,334.82,0.48,0.48,2023-11-04,834,N,VIIRS,n,2,298.19,5.11,D,0
30.54202,75.39983,330.01,0.51,0.49,2023-11-04,834,N,VIIRS,n,2,298.07,3.49,D,0
30.54561,75.38852,339.84,0.51,0.49,2023-11-04,834,N,VIIRS,n,2,298.69,7.96,D,0
30.54863,74.63111,341.29,0.46,0.47,2023-11-04,834,N,VIIRS,n,2,295.54,7.0,D,0
30.54993,74.11827,340.67,0.43,0.46,2023-11-04,834,N,VIIRS,n,2,287.12,6.2,D,0
30.55054,75.1002,342.92,0.49,0.49,2023-11-04,834,N,VIIRS,n,2,297.46,6.89,D,0
30.55477,74.77753,336.41,0.47,0.48,2023-11-04,834,N,VIIRS,n,2,282.65,4.45,D,0
30.55505,75.09965,341.88,0.49,0.49,2023-11-04,834,N,VIIRS,n,2,294.5,6.89,D,0
30.55831,75.86049,333.03,0.54,0.51,2023-11-04,834,N,VIIRS,n,2,297.32,4.44,D,0
30.56054,75.20425,339.78,0.5,0.49,2023-11-04,834,N,VIIRS,n,2,295.26,4.69,D,0
30.56125,75.82337,332.46,0.54,0.51,2023-11-04,834,N,VIIRS,n,2,297.7,6.46,D,0
30.56136,75.40839,342.42,0.51,0.49,2023-11-04,834,N,VIIRS,n,2,299.93,14.64,D,0
30.56255,75.22523,337.93,0.5,0.49,2023-11-04,834,N,VIIRS,n,2,300.18,7.12,D,0
30.56286,74.9027,340.32,0.48,0.48,2023-11-04,834,N,VIIRS,n,2,300.02,7.37,D,0
30.56355,76.34504,340.61,0.58,0.52,2023-11-04,834,N,VIIRS,n,2,299.9,8.98,D,0
30.56403,74.21342,344.51,0.44,0.46,2023-11-04,834,N,VIIRS,n,2,293.56,5.07,D,0
30.56545,75.65741,335.86,0.53,0.5,2023-11-04,834,N,VIIRS,n,2,298.03,3.13,D,0
30.56554,74.90416,346.37,0.48,0.48,2023-11-04,834,N,VIIRS,n,2,298.69,7.86,D,0
30.56658,75.61786,340.53,0.53,0.5,2023-11-04,834,N,VIIRS,n,2,298.27,6.62,D,0
30.5674,74.6879,336.75,0.46,0.47,2023-11-04,834,N,VIIRS,n,2,292.76,3.26,D,0
30.56902,75.05622,344.79,0.49,0.48,2023-11-04,834,N,VIIRS,n,2,298.34,8.24,D,0
30.56998,75.45108,345.66,0.51,0.5,2023-11-04,834,N,VIIRS,n,2,298.29,8.71,D,0
30.5711,76.4315,340.46,0.59,0.53,2023-11-04,834,N,VIIRS,n,2,298.44,8.06,D,0
30.57219,76.3876,341.23,0.58,0.52,2023-11-04,834,N,VIIRS,n,2,300.46,8.64,D,0
30.57274,76.39379,341.16,0.58,0.52,2023-11-04,834,N,VIIRS,n,2,298.91,10.22,D,0
30.57436,76.41235,353.31,0.59,0.52,2023-11-04,834,N,VIIRS,n,2,300.08,18.1,D,0
30.58085,75.7236,338.68,0.53,0.5,2023-11-04,834,N,VIIRS,n,2,297.95,5.13,D,0
30.58219,76.41619,333.5,0.59,0.53,2023-11-04,834,N,VIIRS,n,2,298.04,3.06,D,0
30.58467,76.41748,336.77,0.59,0.53,2023-11-04,834,N,VIIRS,n,2,297.75,5.51,D,0
30.5863,75.52631,338.01,0.52,0.5,2023-11-04,834,N,VIIRS,n,2,298.43,5.18,D,0
30.58902,74.12935,354.99,0.43,0.46,2023-11-04,834,N,VIIRS,n,2,299.18,11.42,D,0
30.58938,75.50932,331.32,0.52,0.5,2023-11-04,834,N,VIIRS,n,2,297.78,2.65,D,0
30.59002,74.13132,340.56,0.43,0.46,2023-11-04,834,N,VIIRS,n,2,298.41,12.03,D,0
30.59072,75.72814,351.75,0.53,0.5,2023-11-04,834,N,VIIRS,n,2,300.1,11.6,D,0
30.59092,75.52576,340.79,0.52,0.5,2023-11-04,834,N,VIIRS,n,2,298.03,12.51,D,0
30.59122,75.73379,337.03,0.53,0.5,2023-11-04,834,N,VIIRS,n,2,297.44,11.6,D,0
30.59294,75.91262,331.68,0.55,0.51,2023-11-04,834,N,VIIRS,n,2,298.43,3.22,D,0
30.59519,74.69924,338.02,0.46,0.47,2023-11-04,834,N,VIIRS,n,2,296.57,8.17,D,0
30.59567,74.70415,339.95,0.47,0.47,2023-11-04,834,N,VIIRS,n,2,298.3,8.17,D,0
30.59709,75.54169,330.44,0.52,0.5,2023-11-04,834,N,VIIRS,n,2,298.03,3.51,D,0
30.59865,76.37683,335.73,0.58,0.52,2023-11-04,834,N,VIIRS,n,2,298.41,2.79,D,0
30.59893,76.03574,340.6,0.56,0.51,2023-11-04,834,N,VIIRS,n,2,298.55,5.08,D,0
30.60042,76.42831,330.14,0.59,0.53,2023-11-04,834,N,VIIRS,n,2,299.18,3.67,D,0
30.6012,75.58579,330.11,0.52,0.5,2023-11-04,834,N,VIIRS,n,2,297.2,2.69,D,0
30.60221,75.49673,338.83,0.52,0.5,2023-11-04,834,N,VIIRS,n,2,296.68,4.54,D,0
30.60739,75.65247,336.27,0.53,0.5,2023-11-04,834,N,VIIRS,n,2,296.97,4.41,D,0
30.60764,75.41628,334.78,0.51,0.49,2023-11-04,834,N,VIIRS,n,2,297.44,3.55,D,0
30.60765,75.3131,334.24,0.5,0.49,2023-11-04,834,N,VIIRS,n,2,298.24,4.7,D,0
30.6088,75.41908,333.09,0.51,0.49,2023-11-04,834,N,VIIRS,n,2,297.13,3.34,D,0
30.61045,75.53455,335.18,0.52,0.5,2023-11-04,834,N,VIIRS,n,2,297.96,4.14,D,0
30.61084,74.67743,336.18,0.46,0.47,2023-11-04,834,N,VIIRS,n,2,292.23,3.97,D,0
30.61144,75.49564,338.34,0.52,0.5,2023-11-04,834,N,VIIRS,n,2,297.56,4.11,D,0
30.61488,75.49791,341.43,0.52,0.5,2023-11-04,834,N,VIIRS,n,2,297.5,8.99,D,0
30.61637,76.4124,336.97,0.59,0.53,2023-11-04,834,N,VIIRS,n,2,299.65,2.72,D,0
30.6188,75.77634,339.63,0.54,0.51,2023-11-04,834,N,VIIRS,n,2,295.52,10.37,D,0
30.61912,74.71609,336.53,0.47,0.47,2023-11-04,834,N,VIIRS,n,2,296.94,3.94,D,0
30.61999,74.46151,332.48,0.45,0.47,2023-11-04,834,N,VIIRS,n,2,292.75,3.35,D,0
30.62174,76.02126,330.31,0.56,0.51,2023-11-04,834,N,VIIRS,n,2,297.26,2.9,D,0
30.62281,76.43053,330.61,0.59,0.53,2023-11-04,834,N,VIIRS,n,2,299.96,4.63,D,0
30.62597,74.69534,344.53,0.46,0.47,2023-11-04,834,N,VIIRS,n,2,292.65,8.52,D,0
30.62761,75.97912,338.7,0.55,0.51,2023-11-04,834,N,VIIRS,n,2,298.96,3.74,D,0
30.62814,75.04047,336.68,0.49,0.48,2023-11-04,834,N,VIIRS,n,2,298.08,11.19,D,0
30.62863,75.04561,340.69,0.49,0.48,2023-11-04,834,N,VIIRS,n,2,298.51,11.19,D,0
30.63083,76.46745,349.43,0.59,0.53,2023-11-04,834,N,VIIRS,n,2,300.69,19.1,D,0
30.63184,74.79952,341.38,0.47,0.48,2023-11-04,834,N,VIIRS,n,2,300.1,11.08,D,0
30.6323,74.66975,340.79,0.46,0.47,2023-11-04,834,N,VIIRS,n,2,295.95,5.49,D,0
30.6323,74.89575,333.47,0.48,0.48,2023-11-04,834,N,VIIRS,n,2,297.76,4.14,D,0
30.63331,74.72423,355.62,0.47,0.47,2023-11-04,834,N,VIIRS,n,2,293.98,10.53,D,0
30.63713,74.62964,331.29,0.46,0.47,2023-11-04,834,N,VIIRS,n,2,297.88,8.01,D,0
30.63721,74.62793,345.6,0.46,0.47,2023-11-04,834,N,VIIRS,n,2,298.38,7.02,D,0
30.63911,75.73965,332.45,0.53,0.5,2023-11-04,834,N,VIIRS,n,2,298.82,7.17,D,0
30.63988,74.52662,347.18,0.45,0.47,2023-11-04,834,N,VIIRS,n,2,300.61,20.37,D,0
30.64047,75.73678,342.82,0.54,0.5,2023-11-04,834,N,VIIRS,n,2,300.55,15.58,D,0
30.64062,74.52472,338.6,0.45,0.47,2023-11-04,834,N,VIIRS,n,2,297.76,10.24,D,0
30.64108,74.52952,340.83,0.46,0.47,2023-11-04,834,N,VIIRS,n,2,296.6,13.41,D,0
30.64295,75.65683,334.53,0.53,0.5,2023-11-04,834,N,VIIRS,n,2,297.59,7.99,D,0
30.64343,75.66243,340.67,0.53,0.5,2023-11-04,834,N,VIIRS,n,2,298.01,7.99,D,0
30.64346,75.15387,331.29,0.49,0.49,2023-11-04,834,N,VIIRS,n,2,299.19,4.24,D,0
30.6438,75.73911,341.03,0.53,0.5,2023-11-04,834,N,VIIRS,n,2,297.76,7.17,D,0
30.64439,75.41183,334.39,0.51,0.49,2023-11-04,834,N,VIIRS,n,2,298.3,5.17,D,0
30.64489,75.41725,335.77,0.51,0.5,2023-11-04,834,N,VIIRS,n,2,298.06,5.17,D,0
30.64497,74.52415,338.67,0.45,0.47,2023-11-04,834,N,VIIRS,n,2,297.1,8.69,D,0
30.64543,74.52895,341.38,0.46,0.47,2023-11-04,834,N,VIIRS,n,2,298.9,15.13,D,0
30.64573,75.6593,350.72,0.53,0.5,2023-11-04,834,N,VIIRS,n,2,299.21,11.27,D,0
30.65449,75.90553,330.07,0.55,0.51,2023-11-04,834,N,VIIRS,n,2,297.52,3.07,D,0
30.65477,75.90289,330.3,0.55,0.51,2023-11-04,834,N,VIIRS,n,2,297.32,2.47,D,0
30.65676,74.4645,344.86,0.45,0.47,2023-11-04,834,N,VIIRS,n,2,298.21,5.33,D,0
30.65756,74.96951,352.95,0.48,0.48,2023-11-04,834,N,VIIRS,n,2,297.44,7.81,D,0
30.66716,74.80361,335.32,0.47,0.48,2023-11-04,834,N,VIIRS,n,2,293.87,5.73,D,0
30.66824,74.80504,340.55,0.47,0.48,2023-11-04,834,N,VIIRS,n,2,295.47,4.66,D,0
30.66825,76.55872,338.02,0.6,0.53,2023-11-04,834,N,VIIRS,n,2,298.73,5.12,D,0
30.67098,74.96785,330.65,0.48,0.48,2023-11-04,834,N,VIIRS,n,2,298.04,2.17,D,0
30.67307,75.32135,336.17,0.51,0.49,2023-11-04,834,N,VIIRS,n,2,299.5,3.82,D,0
30.67346,74.82302,340.63,0.47,0.48,2023-11-04,834,N,VIIRS,n,2,294.61,5.37,D,0
30.67615,74.61797,355.31,0.46,0.47,2023-11-04,834,N,VIIRS,n,2,294.11,26.81,D,0
30.67662,76.3682,331.64,0.58,0.52,2023-11-04,834,N,VIIRS,n,2,298.79,3.28,D,0
30.67692,75.51266,332.9,0.52,0.5,2023-11-04,834,N,VIIRS,n,2,297.56,4.67,D,0
30.67811,75.37502,332.43,0.51,0.49,2023-11-04,834,N,VIIRS,n,2,297.93,2.55,D,0
30.68357,75.53413,337.95,0.52,0.5,2023-11-04,834,N,VIIRS,n,2,297.76,4.2,D,0
30.68551,75.98182,339.45,0.55,0.51,2023-11-04,834,N,VIIRS,n,2,298.68,6.33,D,0
30.69018,76.52443,333.84,0.6,0.53,2023-11-04,834,N,VIIRS,n,2,298.95,4.99,D,0
30.69034,75.35722,330.8,0.51,0.49,2023-11-04,834,N,VIIRS,n,2,297.89,5.73,D,0
30.69085,75.36261,341.58,0.51,0.49,2023-11-04,834,N,VIIRS,n,2,299.54,10.34,D,0
30.69167,74.64065,340.3,0.46,0.47,2023-11-04,834,N,VIIRS,n,2,289.77,11.02,D,0
30.69289,75.43344,340.91,0.51,0.5,2023-11-04,834,N,VIIRS,n,2,298.58,4.04,D,0
30.69645,74.68964,342.21,0.47,0.47,2023-11-04,834,N,VIIRS,n,2,291.99,5.16,D,0
30.70133,74.694,340.39,0.47,0.47,2023-11-04,834,N,VIIRS,n,2,295.23,5.16,D,0
30.70153,75.62731,331.3,0.53,0.5,2023-11-04,834,N,VIIRS,n,2,298.27,2.36,D,0
30.70557,76.15951,340.38,0.57,0.52,2023-11-04,834,N,VIIRS,n,2,300.91,16.63,D,0
30.71453,74.69232,334.03,0.47,0.47,2023-11-04,834,N,VIIRS,n,2,296.88,4.45,D,0
30.71476,74.23911,331.18,0.44,0.46,2023-11-04,834,N,VIIRS,n,2,294.52,1.84,D,0
30.71688,75.39659,341.97,0.51,0.49,2023-11-04,834,N,VIIRS,n,2,300.52,17.06,D,0
30.71702,75.54132,333.18,0.52,0.5,2023-11-04,834,N,VIIRS,n,2,298.26,6.08,D,0
30.71739,75.39762,351.12,0.51,0.49,2023-11-04,834,N,VIIRS,n,2,299.38,11.72,D,0
30.72123,75.4455,354.23,0.52,0.5,2023-11-04,834,N,VIIRS,n,2,300.47,17.4,D,0
30.72206,75.44648,346.81,0.51,0.5,2023-11-04,834,N,VIIRS,n,2,300.27,14.1,D,0
30.72273,74.82188,346.57,0.47,0.48,2023-11-04,834,N,VIIRS,n,2,291.55,8.83,D,0
30.7238,75.66433,351.51,0.53,0.5,2023-11-04,834,N,VIIRS,n,2,299.26,8.94,D,0
30.72639,75.79569,341.01,0.54,0.51,2023-11-04,834,N,VIIRS,n,2,299.06,7.15,D,0
30.72936,75.52316,340.35,0.52,0.5,2023-11-04,834,N,VIIRS,n,2,298.99,5.45,D,0
30.72988,75.52866,333.71,0.52,0.5,2023-11-04,834,N,VIIRS,n,2,297.51,5.45,D,0
30.73262,74.73999,335.94,0.47,0.48,2023-11-04,834,N,VIIRS,n,2,298.29,3.89,D,0
30.73293,76.48583,334.77,0.59,0.53,2023-11-04,834,N,VIIRS,n,2,298.89,3.79,D,0
30.73314,75.52731,340.86,0.52,0.5,2023-11-04,834,N,VIIRS,n,2,298.1,9.7,D,0
30.73526,75.39437,341.15,0.51,0.49,2023-11-04,834,N,VIIRS,n,2,298.03,5.36,D,0
30.74178,74.56533,340.13,0.46,0.47,2023-11-04,834,N,VIIRS,n,2,288.78,4.42,D,0
30.74189,76.41524,340.74,0.59,0.53,2023-11-04,834,N,VIIRS,n,2,299.57,3.41,D,0
30.7424,75.52621,340.5,0.52,0.5,2023-11-04,834,N,VIIRS,n,2,298.97,4.24,D,0
30.74493,74.32487,331.51,0.44,0.46,2023-11-04,834,N,VIIRS,n,2,287.59,2.75,D,0
30.74586,74.73833,337.19,0.47,0.48,2023-11-04,834,N,VIIRS,n,2,298.42,2.76,D,0
30.74652,76.29601,343.85,0.58,0.52,2023-11-04,834,N,VIIRS,n,2,301.9,19.19,D,0
30.74777,76.1974,333.92,0.57,0.52,2023-11-04,834,N,VIIRS,n,2,299.96,4.61,D,0
30.7513,74.79299,340.71,0.47,0.48,2023-11-04,834,N,VIIRS,n,2,299.46,10.39,D,0
30.75229,74.80298,333.34,0.47,0.48,2023-11-04,834,N,VIIRS,n,2,296.99,8.15,D,0
30.75327,75.33762,332.63,0.51,0.49,2023-11-04,834,N,VIIRS,n,2,298.74,5.26,D,0
30.75431,76.44543,329.58,0.59,0.53,2023-11-04,834,N,VIIRS,n,2,298.88,3.95,D,0
30.75432,75.5025,336.19,0.52,0.5,2023-11-04,834,N,VIIRS,n,2,298.76,10.41,D,0
30.7547,75.10725,341.38,0.49,0.49,2023-11-04,834,N,VIIRS,n,2,297.97,6.16,D,0
30.75481,75.508,340.79,0.52,0.5,2023-11-04,834,N,VIIRS,n,2,301.09,10.41,D,0
30.75779,75.54111,334.71,0.52,0.5,2023-11-04,834,N,VIIRS,n,2,299.06,4.09,D,0
30.76207,75.48488,334.28,0.52,0.5,2023-11-04,834,N,VIIRS,n,2,300.4,5.0,D,0
30.76265,74.81687,333.08,0.47,0.48,2023-11-04,834,N,VIIRS,n,2,296.68,3.62,D,0
30.76369,74.8727,336.74,0.48,0.48,2023-11-04,834,N,VIIRS,n,2,296.73,4.23,D,0
30.76669,74.90302,337.72,0.48,0.48,2023-11-04,834,N,VIIRS,n,2,296.77,3.96,D,0
30.76756,75.54555,332.41,0.52,0.5,2023-11-04,834,N,VIIRS,n,2,298.14,3.12,D,0
30.7677,75.49532,343.17,0.52,0.5,2023-11-04,834,N,VIIRS,n,2,299.94,7.31,D,0
30.76867,74.89948,340.2,0.48,0.48,2023-11-04,834,N,VIIRS,n,2,297.67,4.39,D,0
30.76983,74.76705,347.39,0.47,0.48,2023-11-04,834,N,VIIRS,n,2,299.62,12.07,D,0
30.77094,74.7653,341.34,0.47,0.48,2023-11-04,834,N,VIIRS,n,2,300.32,8.05,D,0
30.77232,75.8129,337.99,0.54,0.51,2023-11-04,834,N,VIIRS,n,2,297.24,5.31,D,0
30.77381,75.94805,337.07,0.55,0.51,2023-11-04,834,N,VIIRS,n,2,300.85,4.94,D,0
30.77434,75.94744,339.71,0.55,0.51,2023-11-04,834,N,VIIRS,n,2,300.7,6.25,D,0
30.78426,75.67917,345.11,0.53,0.5,2023-11-04,834,N,VIIRS,n,2,300.04,13.87,D,0
30.78613,74.96242,333.4,0.48,0.48,2023-11-04,834,N,VIIRS,n,2,297.4,4.34,D,0
30.78819,74.96406,333.13,0.48,0.48,2023-11-04,834,N,VIIRS,n,2,297.29,3.56,D,0
30.78917,76.39117,334.47,0.59,0.53,2023-11-04,834,N,VIIRS,n,2,298.89,3.3,D,0
30.78938,75.1825,342.47,0.5,0.49,2023-11-04,834,N,VIIRS,n,2,299.01,7.7,D,0
30.7908,76.40989,331.61,0.59,0.53,2023-11-04,834,N,VIIRS,n,2,299.89,3.92,D,0
30.79135,76.41614,337.85,0.59,0.53,2023-11-04,834,N,VIIRS,n,2,300.61,6.23,D,0
30.79164,76.39084,337.02,0.59,0.53,2023-11-04,834,N,VIIRS,n,2,298.89,4.49,D,0
30.79315,76.40958,335.23,0.59,0.53,2023-11-04,834,N,VIIRS,n,2,299.97,11.81,D,0
30.79398,75.32727,330.18,0.51,0.49,2023-11-04,834,N,VIIRS,n,2,299.07,4.64,D,0
30.79653,75.3542,335.42,0.51,0.49,2023-11-04,834,N,VIIRS,n,2,296.44,4.36,D,0
30.7998,75.04067,333.67,0.49,0.49,2023-11-04,834,N,VIIRS,n,2,297.82,4.06,D,0
30.80119,74.58366,343.14,0.46,0.47,2023-11-04,834,N,VIIRS,n,2,296.71,9.59,D,0
30.80915,75.24437,330.76,0.5,0.49,2023-11-04,834,N,VIIRS,n,2,298.63,2.87,D,0
30.80939,75.24662,331.46,0.5,0.49,2023-11-04,834,N,VIIRS,n,2,299.11,2.44,D,0
30.81029,75.36049,340.14,0.51,0.49,2023-11-04,834,N,VIIRS,n,2,299.78,7.13,D,0
30.81132,75.36337,346.67,0.51,0.49,2023-11-04,834,N,VIIRS,n,2,299.29,9.5,D,0
30.81148,75.87837,332.69,0.55,0.51,2023-11-04,834,N,VIIRS,n,2,298.67,6.02,D,0
30.81336,75.68719,330.71,0.53,0.5,2023-11-04,834,N,VIIRS,n,2,299.54,2.08,D,0
30.81503,74.77142,339.91,0.47,0.48,2023-11-04,834,N,VIIRS,n,2,298.65,6.63,D,0
30.81714,75.94256,338.61,0.55,0.51,2023-11-04,834,N,VIIRS,n,2,300.09,5.21,D,0
30.82019,76.31876,351.63,0.58,0.52,2023-11-04,834,N,VIIRS,n,2,302.99,27.19,D,0
30.82083,74.83157,341.83,0.48,0.48,2023-11-04,834,N,VIIRS,n,2,297.08,4.3,D,0
30.82093,76.269,340.19,0.58,0.52,2023-11-04,834,N,VIIRS,n,2,299.35,5.99,D,0
30.82404,74.59059,340.21,0.46,0.47,2023-11-04,834,N,VIIRS,n,2,296.35,4.22,D,0
30.82452,74.50713,341.22,0.46,0.47,2023-11-04,834,N,VIIRS,n,2,287.84,8.58,D,0
30.82501,74.51195,340.77,0.46,0.47,2023-11-04,834,N,VIIRS,n,2,288.44,8.58,D,0
30.82501,74.60033,354.98,0.46,0.47,2023-11-04,834,N,VIIRS,n,2,292.0,22.44,D,0
30.82939,74.59978,349.22,0.46,0.47,2023-11-04,834,N,VIIRS,n,2,295.89,45.31,D,0
30.8316,74.89671,334.31,0.48,0.48,2023-11-04,834,N,VIIRS,n,2,294.68,5.91,D,0
30.83288,75.00528,346.8,0.49,0.48,2023-11-04,834,N,VIIRS,n,2,299.2,11.6,D,0
30.83649,74.4086,345.13,0.45,0.47,2023-11-04,834,N,VIIRS,n,2,297.96,15.69,D,0
30.83753,75.30268,340.37,0.51,0.49,2023-11-04,834,N,VIIRS,n,2,299.81,3.89,D,0
30.83757,74.40531,329.63,0.45,0.47,2023-11-04,834,N,VIIRS,n,2,295.45,13.38,D,0
30.83803,74.41007,340.8,0.45,0.47,2023-11-04,834,N,VIIRS,n,2,293.15,20.62,D,0
30.83954,74.88544,331.07,0.48,0.48,2023-11-04,834,N,VIIRS,n,2,297.54,2.32,D,0
30.83962,74.79363,338.88,0.47,0.48,2023-11-04,834,N,VIIRS,n,2,298.86,6.7,D,0
30.84034,74.40328,344.67,0.45,0.47,2023-11-04,834,N,VIIRS,n,2,291.39,12.72,D,0
30.84082,74.40804,345.05,0.45,0.47,2023-11-04,834,N,VIIRS,n,2,292.0,15.69,D,0
30.84145,74.39999,338.68,0.45,0.47,2023-11-04,834,N,VIIRS,n,2,287.49,13.38,D,0
30.84204,74.86462,352.97,0.48,0.48,2023-11-04,834,N,VIIRS,n,2,305.02,45.26,D,0
30.84293,74.51452,338.96,0.46,0.47,2023-11-04,834,N,VIIRS,n,2,291.08,5.75,D,0
30.84298,74.5586,340.51,0.46,0.47,2023-11-04,834,N,VIIRS,n,2,295.35,6.38,D,0
30.84356,74.56043,350.52,0.46,0.47,2023-11-04,834,N,VIIRS,n,2,295.8,9.55,D,0
30.84357,75.31825,340.37,0.51,0.49,2023-11-04,834,N,VIIRS,n,2,300.67,8.58,D,0
30.8438,74.51627,338.26,0.46,0.47,2023-11-04,834,N,VIIRS,n,2,290.27,5.34,D,0
30.84597,74.90521,340.84,0.48,0.48,2023-11-04,834,N,VIIRS,n,2,299.26,5.03,D,0
30.84624,74.40418,334.32,0.45,0.47,2023-11-04,834,N,VIIRS,n,2,286.75,3.62,D,0
30.84646,74.91029,334.33,0.48,0.48,2023-11-04,834,N,VIIRS,n,2,297.08,5.03,D,0
30.85178,75.06052,341.19,0.49,0.49,2023-11-04,834,N,VIIRS,n,2,296.62,4.38,D,0
30.85227,76.23466,338.72,0.58,0.52,2023-11-04,834,N,VIIRS,n,2,299.75,5.01,D,0
30.85322,75.32253,355.33,0.51,0.49,2023-11-04,834,N,VIIRS,n,2,300.93,14.66,D,0
30.85327,74.61651,339.88,0.46,0.47,2023-11-04,834,N,VIIRS,n,2,294.87,3.31,D,0
30.85337,74.7062,331.08,0.47,0.48,2023-11-04,834,N,VIIRS,n,2,301.27,1.68,D,0
30.85347,74.61846,345.7,0.46,0.47,2023-11-04,834,N,VIIRS,n,2,295.02,5.96,D,0
30.85638,74.91937,329.71,0.48,0.48,2023-11-04,834,N,VIIRS,n,2,297.77,3.21,D,0
30.85639,74.87306,338.44,0.48,0.48,2023-11-04,834,N,VIIRS,n,2,298.27,16.9,D,0
30.85694,75.26242,333.99,0.5,0.49,2023-11-04,834,N,VIIRS,n,2,297.56,3.74,D,0
30.85709,74.56664,334.66,0.46,0.47,2023-11-04,834,N,VIIRS,n,2,295.69,1.94,D,0
30.8574,74.70782,341.13,0.47,0.48,2023-11-04,834,N,VIIRS,n,2,301.37,5.91,D,0
30.85761,74.56847,331.41,0.46,0.47,2023-11-04,834,N,VIIRS,n,2,294.98,3.83,D,0
30.85778,74.70564,335.76,0.47,0.48,2023-11-04,834,N,VIIRS,n,2,301.2,3.46,D,0
30.86085,74.87252,350.08,0.48,0.48,2023-11-04,834,N,VIIRS,n,2,301.35,16.9,D,0
30.86124,74.51398,334.28,0.46,0.47,2023-11-04,834,N,VIIRS,n,2,285.5,4.06,D,0
30.86304,74.62518,335.53,0.46,0.47,2023-11-04,834,N,VIIRS,n,2,292.85,6.59,D,0
30.86482,75.00654,330.2,0.49,0.48,2023-11-04,834,N,VIIRS,n,2,294.77,2.41,D,0
30.86636,74.56733,336.93,0.46,0.47,2023-11-04,834,N,VIIRS,n,2,296.1,4.11,D,0
30.87042,75.5642,341.2,0.53,0.5,2023-11-04,834,N,VIIRS,n,2,300.1,8.41,D,0
30.87376,74.91206,339.28,0.48,0.48,2023-11-04,834,N,VIIRS,n,2,298.28,7.77,D,0
30.87379,74.95859,333.09,0.48,0.48,2023-11-04,834,N,VIIRS,n,2,298.63,5.02,D,0
30.87426,74.91715,340.36,0.48,0.48,2023-11-04,834,N,VIIRS,n,2,297.66,7.77,D,0
30.87445,75.40216,335.86,0.51,0.5,2023-11-04,834,N,VIIRS,n,2,299.16,3.66,D,0
30.8767,75.27624,330.17,0.51,0.49,2023-11-04,834,N,VIIRS,n,2,296.29,2.73,D,0
30.87802,76.36247,341.32,0.59,0.53,2023-11-04,834,N,VIIRS,n,2,300.48,9.65,D,0
30.879,74.70002,343.76,0.47,0.48,2023-11-04,834,N,VIIRS,n,2,304.11,15.11,D,0
30.88182,74.72984,331.82,0.47,0.48,2023-11-04,834,N,VIIRS,n,2,298.82,2.15,D,0
30.88425,74.94939,330.23,0.48,0.48,2023-11-04,834,N,VIIRS,n,2,298.2,2.33,D,0
30.89235,75.05556,341.24,0.49,0.49,2023-11-04,834,N,VIIRS,n,2,295.48,4.78,D,0
30.89272,74.5197,335.32,0.46,0.47,2023-11-04,834,N,VIIRS,n,2,272.61,5.71,D,0
30.89368,75.05273,341.43,0.49,0.49,2023-11-04,834,N,VIIRS,n,2,295.04,4.36,D,0
30.89432,75.02906,333.61,0.49,0.49,2023-11-04,834,N,VIIRS,n,2,297.13,2.66,D,0
30.89443,74.02148,341.32,0.43,0.46,2023-11-04,834,N,VIIRS,n,2,298.03,8.66,D,0
30.89582,75.0262,334.56,0.49,0.49,2023-11-04,834,N,VIIRS,n,2,298.2,3.69,D,0
30.89708,74.51913,344.58,0.46,0.47,2023-11-04,834,N,VIIRS,n,2,266.13,5.71,D,0
30.89837,74.90621,341.65,0.48,0.48,2023-11-04,834,N,VIIRS,n,2,297.48,4.23,D,0
30.90051,75.18718,331.79,0.5,0.49,2023-11-04,834,N,VIIRS,n,2,296.5,2.08,D,0
30.90108,74.426,343.99,0.45,0.47,2023-11-04,834,N,VIIRS,n,2,297.72,14.48,D,0
30.90147,75.18989,333.6,0.5,0.49,2023-11-04,834,N,VIIRS,n,2,296.51,4.22,D,0
30.90156,74.43079,342.29,0.45,0.47,2023-11-04,834,N,VIIRS,n,2,295.52,12.22,D,0
30.90362,75.3657,330.94,0.51,0.49,2023-11-04,834,N,VIIRS,n,2,296.67,3.41,D,0
30.90622,74.56712,342.87,0.46,0.47,2023-11-04,834,N,VIIRS,n,2,293.83,11.06,D,0
30.9067,74.57199,339.67,0.46,0.47,2023-11-04,834,N,VIIRS,n,2,291.63,11.06,D,0
30.90781,74.44939,343.42,0.45,0.47,2023-11-04,834,N,VIIRS,n,2,295.65,8.81,D,0
30.90885,75.01933,344.68,0.49,0.49,2023-11-04,834,N,VIIRS,n,2,299.12,5.71,D,0
30.90922,74.50777,336.1,0.46,0.47,2023-11-04,834,N,VIIRS,n,2,287.6,4.69,D,0
30.90966,74.787,340.9,0.47,0.48,2023-11-04,834,N,VIIRS,n,2,301.18,5.94,D,0
30.91084,74.706,348.08,0.47,0.48,2023-11-04,834,N,VIIRS,n,2,298.13,7.02,D,0
30.91113,74.94603,332.61,0.48,0.48,2023-11-04,834,N,VIIRS,n,2,295.3,4.7,D,0
30.91166,74.48788,336.32,0.46,0.47,2023-11-04,834,N,VIIRS,n,2,289.27,6.21,D,0
30.91209,74.53683,354.45,0.46,0.47,2023-11-04,834,N,VIIRS,n,2,292.08,30.83,D,0
30.91358,74.5072,330.48,0.46,0.47,2023-11-04,834,N,VIIRS,n,2,289.32,4.69,D,0
30.91457,74.47285,331.05,0.45,0.47,2023-11-04,834,N,VIIRS,n,2,292.37,5.41,D,0
30.91505,74.7965,345.12,0.47,0.48,2023-11-04,834,N,VIIRS,n,2,300.99,12.48,D,0
30.91647,74.53626,367.0,0.46,0.47,2023-11-04,834,N,VIIRS,h,2,291.05,30.83,D,0
30.91734,74.86777,342.45,0.48,0.48,2023-11-04,834,N,VIIRS,n,2,299.44,8.28,D,0
30.9194,74.43333,340.33,0.45,0.47,2023-11-04,834,N,VIIRS,n,2,298.21,10.47,D,0
30.92131,74.54056,346.74,0.46,0.47,2023-11-04,834,N,VIIRS,n,2,287.29,11.81,D,0
30.92257,74.73473,335.74,0.47,0.48,2023-11-04,834,N,VIIRS,n,2,300.01,2.5,D,0
30.92399,75.3389,330.17,0.51,0.49,2023-11-04,834,N,VIIRS,n,2,296.58,5.78,D,0
30.92453,75.34132,334.83,0.51,0.49,2023-11-04,834,N,VIIRS,n,2,296.15,3.34,D,0
30.92639,75.36604,340.83,0.51,0.5,2023-11-04,834,N,VIIRS,n,2,297.45,4.47,D,0
30.9266,75.36298,331.51,0.51,0.49,2023-11-04,834,N,VIIRS,n,2,295.6,8.08,D,0
30.92684,74.82558,334.71,0.48,0.48,2023-11-04,834,N,VIIRS,n,2,298.47,4.21,D,0
30.92732,74.83063,334.97,0.48,0.48,2023-11-04,834,N,VIIRS,n,2,297.72,4.21,D,0
30.92801,74.69878,335.36,0.47,0.48,2023-11-04,834,N,VIIRS,n,2,296.05,4.29,D,0
30.9283,75.03267,340.52,0.49,0.49,2023-11-04,834,N,VIIRS,n,2,297.36,4.47,D,0
30.93486,74.72308,343.49,0.47,0.48,2023-11-04,834,N,VIIRS,n,2,302.71,18.3,D,0
30.9354,74.54858,337.66,0.46,0.47,2023-11-04,834,N,VIIRS,n,2,292.69,6.15,D,0
30.93676,74.78867,333.57,0.47,0.48,2023-11-04,834,N,VIIRS,n,2,299.45,10.43,D,0
30.93735,74.56807,342.87,0.46,0.47,2023-11-04,834,N,VIIRS,n,2,297.07,7.49,D,0
30.93784,74.57294,338.09,0.46,0.47,2023-11-04,834,N,VIIRS,n,2,295.92,6.43,D,0
30.93888,74.9999,341.57,0.49,0.48,2023-11-04,834,N,VIIRS,n,2,300.33,8.56,D,0
30.93975,74.50384,338.01,0.46,0.47,2023-11-04,834,N,VIIRS,n,2,289.86,3.81,D,0
30.94072,74.78309,355.86,0.47,0.48,2023-11-04,834,N,VIIRS,n,2,300.97,10.43,D,0
30.9424,74.989,344.16,0.49,0.48,2023-11-04,834,N,VIIRS,n,2,299.94,9.35,D,0
30.94468,74.73192,333.02,0.47,0.48,2023-11-04,834,N,VIIRS,n,2,298.58,4.57,D,0
30.94596,75.3253,340.69,0.51,0.49,2023-11-04,834,N,VIIRS,n,2,295.96,3.99,D,0
30.94689,74.98844,348.72,0.49,0.48,2023-11-04,834,N,VIIRS,n,2,297.62,12.18,D,0
30.94781,77.68375,332.61,0.35,0.57,2023-11-04,834,N,VIIRS,l,2,304.56,2.82,D,0
30.94787,74.99879,330.03,0.49,0.48,2023-11-04,834,N,VIIRS,n,2,297.62,6.63,D,0
30.94939,74.46838,331.96,0.45,0.47,2023-11-04,834,N,VIIRS,n,2,295.56,4.16,D,0
30.94945,74.46486,335.29,0.46,0.47,2023-11-04,834,N,VIIRS,n,2,295.24,5.14,D,0
30.95014,75.97845,338.75,0.56,0.51,2023-11-04,834,N,VIIRS,n,2,299.08,7.7,D,0
30.95201,76.16588,332.53,0.57,0.52,2023-11-04,834,N,VIIRS,n,2,300.01,6.92,D,0
30.95254,74.81216,339.22,0.48,0.48,2023-11-04,834,N,VIIRS,n,2,299.32,5.37,D,0
30.95452,74.74081,342.86,0.47,0.48,2023-11-04,834,N,VIIRS,n,2,302.6,13.13,D,0
30.95501,74.7458,344.27,0.47,0.48,2023-11-04,834,N,VIIRS,n,2,300.61,13.13,D,0
30.95588,74.98733,341.67,0.49,0.48,2023-11-04,834,N,VIIRS,n,2,292.89,7.32,D,0
30.96202,76.28225,335.27,0.58,0.52,2023-11-04,834,N,VIIRS,n,2,300.35,4.95,D,0
30.96393,75.57919,339.34,0.53,0.5,2023-11-04,834,N,VIIRS,n,2,297.35,3.64,D,0
30.9664,75.60728,333.77,0.53,0.5,2023-11-04,834,N,VIIRS,n,2,296.94,9.94,D,0
30.96744,74.03094,329.33,0.43,0.46,2023-11-04,834,N,VIIRS,n,2,296.22,2.08,D,0
30.96887,74.76608,334.25,0.47,0.48,2023-11-04,834,N,VIIRS,n,2,297.89,3.05,D,0
30.97857,76.08784,355.7,0.57,0.52,2023-11-04,834,N,VIIRS,n,2,303.66,27.51,D,0
30.97927,74.8549,334.6,0.48,0.48,2023-11-04,834,N,VIIRS,n,2,298.59,7.57,D,0
30.97938,76.08962,345.93,0.57,0.52,2023-11-04,834,N,VIIRS,n,2,303.87,26.76,D,0
30.97976,74.85996,342.16,0.48,0.48,2023-11-04,834,N,VIIRS,n,2,301.98,14.95,D,0
30.98015,74.77305,330.76,0.47,0.48,2023-11-04,834,N,VIIRS,n,2,294.23,5.83,D,0
30.98035,75.44808,345.45,0.52,0.5,2023-11-04,834,N,VIIRS,n,2,299.11,18.55,D,0
30.98171,74.85646,347.89,0.48,0.48,2023-11-04,834,N,VIIRS,n,2,302.4,13.99,D,0
30.98188,75.90351,343.18,0.55,0.51,2023-11-04,834,N,VIIRS,n,2,310.75,88.56,D,0
30.98279,75.9073,344.61,0.55,0.51,2023-11-04,834,N,VIIRS,n,2,299.28,17.46,D,0
30.98295,75.91525,345.11,0.55,0.51,2023-11-04,834,N,VIIRS,n,2,300.63,9.51,D,0
30.98311,74.77442,338.63,0.47,0.48,2023-11-04,834,N,VIIRS,n,2,292.77,8.36,D,0
30.98329,75.91317,354.26,0.55,0.51,2023-11-04,834,N,VIIRS,n,2,301.21,17.46,D,0
30.98403,75.927,335.86,0.55,0.51,2023-11-04,834,N,VIIRS,n,2,299.32,3.85,D,0
30.98429,75.92492,332.85,0.55,0.51,2023-11-04,834,N,VIIRS,n,2,298.83,9.98,D,0
30.98546,74.7996,335.54,0.48,0.48,2023-11-04,834,N,VIIRS,n,2,297.74,2.88,D,0
30.9871,74.79763,346.63,0.48,0.48,2023-11-04,834,N,VIIRS,n,2,298.42,6.5,D,0
30.98771,75.91472,349.6,0.55,0.51,2023-11-04,834,N,VIIRS,n,2,298.9,9.51,D,0
30.98805,75.91263,339.86,0.55,0.51,2023-11-04,834,N,VIIRS,n,2,298.55,17.46,D,0
30.99466,74.87355,340.21,0.48,0.48,2023-11-04,834,N,VIIRS,n,2,297.76,5.39,D,0
30.99479,76.04964,332.49,0.56,0.52,2023-11-04,834,N,VIIRS,n,2,297.7,2.54,D,0
30.99509,74.85477,332.74,0.48,0.48,2023-11-04,834,N,VIIRS,n,2,298.54,3.9,D,0
30.99665,75.52448,330.12,0.52,0.5,2023-11-04,834,N,VIIRS,n,2,296.98,3.76,D,0
30.99698,74.87514,339.23,0.48,0.48,2023-11-04,834,N,VIIRS,n,2,296.36,5.02,D,0
30.99794,75.64347,339.77,0.53,0.5,2023-11-04,834,N,VIIRS,n,2,297.53,4.51,D,0
30.99831,75.70089,331.07,0.54,0.51,2023-11-04,834,N,VIIRS,n,2,296.94,7.13,D,0
31.0013,74.63593,340.69,0.47,0.47,2023-11-04,834,N,VIIRS,n,2,297.76,6.47,D,0
31.00172,74.92634,332.56,0.48,0.48,2023-11-04,834,N,VIIRS,n,2,295.74,8.87,D,0
31.00187,76.31369,329.56,0.58,0.52,2023-11-04,834,N,VIIRS,n,2,298.57,3.04,D,0
31.00276,74.79231,331.74,0.48,0.48,2023-11-04,834,N,VIIRS,n,2,291.22,3.63,D,0
31.00324,74.79737,335.22,0.48,0.48,2023-11-04,834,N,VIIRS,n,2,296.0,6.08,D,0
31.00407,75.25294,331.72,0.51,0.49,2023-11-04,834,N,VIIRS,n,2,296.42,3.49,D,0
31.00425,75.60844,332.58,0.53,0.5,2023-11-04,834,N,VIIRS,n,2,297.86,2.6,D,0
31.00668,74.93092,355.17,0.48,0.48,2023-11-04,834,N,VIIRS,n,2,298.79,16.1,D,0
31.00677,76.17826,341.5,0.57,0.52,2023-11-04,834,N,VIIRS,n,2,302.68,6.35,D,0
31.0102,76.17606,339.31,0.57,0.52,2023-11-04,834,N,VIIRS,n,2,300.7,6.28,D,0
31.01167,75.23578,331.51,0.5,0.49,2023-11-04,834,N,VIIRS,n,2,297.4,2.36,D,0
31.01221,75.29002,332.68,0.51,0.49,2023-11-04,834,N,VIIRS,n,2,298.48,14.5,D,0
31.01376,75.35557,337.93,0.51,0.5,2023-11-04,834,N,VIIRS,n,2,295.59,4.12,D,0
31.01458,75.12266,333.1,0.5,0.49,2023-11-04,834,N,VIIRS,n,2,297.55,5.08,D,0
31.01482,75.11949,335.43,0.5,0.49,2023-11-04,834,N,VIIRS,n,2,297.43,4.56,D,0
31.01512,75.62428,332.99,0.53,0.5,2023-11-04,834,N,VIIRS,n,2,298.39,6.85,D,0
31.01555,75.68157,337.79,0.54,0.51,2023-11-04,834,N,VIIRS,n,2,297.66,4.15,D,0
31.01641,75.292,352.86,0.51,0.49,2023-11-04,834,N,VIIRS,n,2,298.65,10.57,D,0
31.01729,74.70927,333.8,0.47,0.48,2023-11-04,834,N,VIIRS,n,2,292.71,3.72,D,0
31.01828,75.8736,339.65,0.55,0.51,2023-11-04,834,N,VIIRS,n,2,298.84,4.95,D,0
31.01979,75.62371,352.38,0.53,0.5,2023-11-04,834,N,VIIRS,n,2,298.22,6.85,D,0
31.02041,75.47678,340.96,0.52,0.5,2023-11-04,834,N,VIIRS,n,2,297.24,4.08,D,0
31.02108,75.79686,340.78,0.54,0.51,2023-11-04,834,N,VIIRS,n,2,298.79,7.08,D,0
31.02145,75.43765,338.27,0.52,0.5,2023-11-04,834,N,VIIRS,n,2,298.76,4.61,D,0
31.02197,75.44315,336.58,0.52,0.5,2023-11-04,834,N,VIIRS,n,2,297.49,4.85,D,0
31.02363,74.72869,340.34,0.47,0.48,2023-11-04,834,N,VIIRS,n,2,292.09,3.66,D,0
31.02508,74.93384,340.68,0.49,0.48,2023-11-04,834,N,VIIRS,n,2,298.68,9.04,D,0
31.02607,75.4371,345.27,0.52,0.5,2023-11-04,834,N,VIIRS,n,2,298.72,12.5,D,0
31.02658,75.4426,341.34,0.52,0.5,2023-11-04,834,N,VIIRS,n,2,298.01,13.78,D,0
31.02798,75.31796,331.3,0.51,0.49,2023-11-04,834,N,VIIRS,n,2,297.98,11.63,D,0
31.028,75.21454,334.04,0.5,0.49,2023-11-04,834,N,VIIRS,n,2,297.37,3.98,D,0
31.02853,75.31538,348.15,0.51,0.49,2023-11-04,834,N,VIIRS,n,2,298.72,6.23,D,0
31.02909,75.07519,340.94,0.49,0.49,2023-11-04,834,N,VIIRS,n,2,296.61,7.64,D,0
31.03103,74.71257,338.9,0.47,0.48,2023-11-04,834,N,VIIRS,n,2,298.37,13.63,D,0
31.03128,76.13684,340.44,0.57,0.52,2023-11-04,834,N,VIIRS,n,2,301.26,8.05,D,0
31.03152,74.71757,339.98,0.47,0.48,2023-11-04,834,N,VIIRS,n,2,292.38,13.63,D,0
31.03168,75.05368,333.24,0.49,0.49,2023-11-04,834,N,VIIRS,n,2,298.73,6.64,D,0
31.0362,75.05312,340.88,0.49,0.49,2023-11-04,834,N,VIIRS,n,2,298.08,6.64,D,0
31.03974,75.04212,340.28,0.49,0.49,2023-11-04,834,N,VIIRS,n,2,298.44,5.51,D,0
31.0412,75.0578,339.41,0.49,0.49,2023-11-04,834,N,VIIRS,n,2,297.78,4.04,D,0
31.04164,74.86955,337.13,0.48,0.48,2023-11-04,834,N,VIIRS,n,2,294.32,3.17,D,0
31.04186,74.68596,356.81,0.47,0.48,2023-11-04,834,N,VIIRS,n,2,302.33,19.75,D,0
31.04236,75.58985,330.45,0.53,0.5,2023-11-04,834,N,VIIRS,n,2,296.57,2.68,D,0
31.0435,74.93673,339.79,0.49,0.48,2023-11-04,834,N,VIIRS,n,2,298.05,8.04,D,0
31.04395,75.39321,335.71,0.52,0.5,2023-11-04,834,N,VIIRS,n,2,297.02,4.45,D,0
31.04471,75.58663,331.38,0.53,0.5,2023-11-04,834,N,VIIRS,n,2,296.29,4.12,D,0
31.04479,74.71587,330.03,0.47,0.48,2023-11-04,834,N,VIIRS,n,2,297.52,1.77,D,0
31.04557,75.25577,330.54,0.51,0.49,2023-11-04,834,N,VIIRS,n,2,297.2,5.64,D,0
31.04628,74.68539,351.67,0.47,0.48,2023-11-04,834,N,VIIRS,n,2,294.29,19.75,D,0
31.04892,75.7354,340.88,0.54,0.51,2023-11-04,834,N,VIIRS,n,2,299.32,12.04,D,0
31.05266,74.70478,331.79,0.47,0.48,2023-11-04,834,N,VIIRS,n,2,296.89,3.31,D,0
31.05369,75.50365,338.31,0.52,0.5,2023-11-04,834,N,VIIRS,n,2,298.37,3.42,D,0
31.0546,75.95854,342.62,0.56,0.51,2023-11-04,834,N,VIIRS,n,2,301.84,7.11,D,0
31.05536,75.21122,340.16,0.5,0.49,2023-11-04,834,N,VIIRS,n,2,300.27,9.39,D,0
31.05599,75.50618,336.6,0.52,0.5,2023-11-04,834,N,VIIRS,n,2,297.75,4.46,D,0
31.05848,74.90368,340.44,0.48,0.48,2023-11-04,834,N,VIIRS,n,2,297.59,4.88,D,0
31.05864,75.29781,337.27,0.51,0.49,2023-11-04,834,N,VIIRS,n,2,297.72,2.95,D,0
31.05945,75.35818,340.57,0.51,0.5,2023-11-04,834,N,VIIRS,n,2,299.69,7.13,D,0
31.06045,74.92422,331.93,0.48,0.48,2023-11-04,834,N,VIIRS,n,2,297.36,3.78,D,0
31.06054,75.58202,332.12,0.53,0.5,2023-11-04,834,N,VIIRS,n,2,297.34,3.53,D,0
31.06065,76.19498,343.07,0.58,0.52,2023-11-04,834,N,VIIRS,n,2,301.15,9.79,D,0
31.06298,75.50253,337.45,0.52,0.5,2023-11-04,834,N,VIIRS,n,2,298.85,3.95,D,0
31.06337,75.24818,331.11,0.51,0.49,2023-11-04,834,N,VIIRS,n,2,297.74,2.94,D,0
31.0641,75.15627,340.64,0.5,0.49,2023-11-04,834,N,VIIRS,n,2,298.92,11.85,D,0
31.06497,74.78448,346.78,0.48,0.48,2023-11-04,834,N,VIIRS,n,2,296.93,6.46,D,0
31.06539,74.97581,333.39,0.49,0.48,2023-11-04,834,N,VIIRS,n,2,296.94,4.45,D,0
31.06547,75.22081,354.79,0.5,0.49,2023-11-04,834,N,VIIRS,n,2,299.66,9.98,D,0
31.06844,74.81989,329.83,0.48,0.48,2023-11-04,834,N,VIIRS,n,2,296.06,2.84,D,0
31.06917,75.90666,340.35,0.55,0.51,2023-11-04,834,N,VIIRS,n,2,301.41,7.17,D,0
31.06945,75.90919,331.25,0.55,0.51,2023-11-04,834,N,VIIRS,n,2,300.63,6.62,D,0
31.07276,75.35106,340.53,0.51,0.5,2023-11-04,834,N,VIIRS,n,2,297.22,4.49,D,0
31.0731,76.11369,339.11,0.57,0.52,2023-11-04,834,N,VIIRS,n,2,301.83,8.53,D,0
31.07488,74.83965,346.74,0.48,0.48,2023-11-04,834,N,VIIRS,n,2,297.9,6.46,D,0
31.07667,75.19244,339.67,0.5,0.49,2023-11-04,834,N,VIIRS,n,2,299.16,2.68,D,0
31.07808,75.25727,330.94,0.51,0.49,2023-11-04,834,N,VIIRS,n,2,297.24,2.57,D,0
31.07886,75.96526,333.75,0.56,0.51,2023-11-04,834,N,VIIRS,n,2,300.18,2.97,D,0
31.08166,75.94096,333.28,0.56,0.51,2023-11-04,834,N,VIIRS,n,2,298.83,2.91,D,0
31.08217,75.94347,333.19,0.56,0.51,2023-11-04,834,N,VIIRS,n,2,298.78,2.8,D,0
31.08274,75.83996,330.45,0.55,0.51,2023-11-04,834,N,VIIRS,n,2,297.41,2.26,D,0
31.08412,74.86153,332.19,0.48,0.48,2023-11-04,834,N,VIIRS,n,2,296.98,2.38,D,0
31.08513,75.98255,341.57,0.56,0.51,2023-11-04,834,N,VIIRS,n,2,301.69,8.2,D,0
31.0858,74.8589,336.34,0.48,0.48,2023-11-04,834,N,VIIRS,n,2,297.43,4.13,D,0
31.08591,75.98501,343.97,0.56,0.51,2023-11-04,834,N,VIIRS,n,2,300.49,15.17,D,0
31.08623,75.24541,333.93,0.51,0.49,2023-11-04,834,N,VIIRS,n,2,298.09,2.42,D,0
31.08637,74.95751,344.68,0.49,0.48,2023-11-04,834,N,VIIRS,n,2,297.14,6.69,D,0
31.08644,76.11592,334.97,0.57,0.52,2023-11-04,834,N,VIIRS,n,2,299.63,8.2,D,0
31.08695,74.7943,332.05,0.48,0.48,2023-11-04,834,N,VIIRS,n,2,296.52,3.18,D,0
31.0881,76.11816,330.85,0.57,0.52,2023-11-04,834,N,VIIRS,n,2,298.14,3.68,D,0
31.08939,75.08372,350.63,0.5,0.49,2023-11-04,834,N,VIIRS,n,2,300.71,16.95,D,0
31.08942,75.97604,341.42,0.56,0.51,2023-11-04,834,N,VIIRS,n,2,302.0,17.11,D,0
31.08962,75.97258,341.2,0.56,0.51,2023-11-04,834,N,VIIRS,n,2,300.61,10.29,D,0
31.08987,75.13705,341.52,0.5,0.49,2023-11-04,834,N,VIIRS,n,2,301.05,12.39,D,0
31.09305,74.86041,347.19,0.48,0.48,2023-11-04,834,N,VIIRS,n,2,301.81,13.94,D,0
31.09524,74.86288,350.14,0.48,0.48,2023-11-04,834,N,VIIRS,n,2,302.93,25.98,D,0
31.09576,74.55615,337.85,0.46,0.47,2023-11-04,834,N,VIIRS,n,2,301.22,5.11,D,0
31.09752,74.85985,340.48,0.48,0.48,2023-11-04,834,N,VIIRS,n,2,297.44,13.94,D,0
31.09772,75.62904,340.02,0.53,0.5,2023-11-04,834,N,VIIRS,n,2,297.72,6.25,D,0
31.09954,74.59548,331.39,0.46,0.47,2023-11-04,834,N,VIIRS,n,2,299.75,3.56,D,0
31.103,75.90874,340.75,0.55,0.51,2023-11-04,834,N,VIIRS,n,2,299.38,6.78,D,0
31.10645,74.85872,355.04,0.48,0.48,2023-11-04,834,N,VIIRS,n,2,302.55,21.38,D,0
31.10958,75.19926,341.68,0.5,0.49,2023-11-04,834,N,VIIRS,n,2,300.94,19.29,D,0
31.11011,75.25344,352.21,0.51,0.49,2023-11-04,834,N,VIIRS,n,2,298.7,8.51,D,0
31.11092,74.85815,337.93,0.48,0.48,2023-11-04,834,N,VIIRS,n,2,298.01,5.89,D,0
31.11368,74.60362,334.64,0.47,0.47,2023-11-04,834,N,VIIRS,n,2,299.16,3.98,D,0
31.11466,75.20406,342.22,0.5,0.49,2023-11-04,834,N,VIIRS,n,2,297.87,5.41,D,0
31.11473,75.20155,341.64,0.5,0.49,2023-11-04,834,N,VIIRS,n,2,298.35,4.75,D,0
31.11584,74.71923,331.31,0.47,0.48,2023-11-04,834,N,VIIRS,n,2,296.54,4.73,D,0
31.11596,75.02748,338.88,0.49,0.49,2023-11-04,834,N,VIIRS,n,2,297.56,5.47,D,0
31.1167,75.01943,345.39,0.49,0.49,2023-11-04,834,N,VIIRS,n,2,298.22,6.3,D,0
31.11723,75.27986,343.03,0.51,0.49,2023-11-04,834,N,VIIRS,n,2,295.12,11.5,D,0
31.11745,74.28504,340.79,0.45,0.47,2023-11-04,834,N,VIIRS,n,2,297.85,5.95,D,0
31.11765,75.02989,340.99,0.49,0.49,2023-11-04,834,N,VIIRS,n,2,298.58,9.75,D,0
31.11777,74.88318,346.03,0.48,0.48,2023-11-04,834,N,VIIRS,n,2,299.25,11.49,D,0
31.11825,74.88832,340.8,0.48,0.48,2023-11-04,834,N,VIIRS,n,2,297.56,7.64,D,0
31.12065,76.00263,340.86,0.56,0.52,2023-11-04,834,N,VIIRS,n,2,299.22,8.08,D,0
31.1235,76.21044,341.13,0.58,0.52,2023-11-04,834,N,VIIRS,n,2,299.84,5.09,D,0
31.12465,74.90832,340.34,0.48,0.48,2023-11-04,834,N,VIIRS,n,2,297.43,9.99,D,0
31.12673,75.23266,331.02,0.51,0.49,2023-11-04,834,N,VIIRS,n,2,297.97,2.45,D,0
31.12822,75.7585,343.61,0.54,0.51,2023-11-04,834,N,VIIRS,n,2,298.33,4.52,D,0
31.12989,75.21848,341.45,0.5,0.49,2023-11-04,834,N,VIIRS,n,2,299.11,4.93,D,0
31.13034,75.22134,340.61,0.51,0.49,2023-11-04,834,N,VIIRS,n,2,298.89,7.99,D,0
31.13072,75.02299,333.71,0.49,0.49,2023-11-04,834,N,VIIRS,n,2,296.69,6.05,D,0
31.13184,74.51675,336.56,0.46,0.47,2023-11-04,834,N,VIIRS,n,2,297.94,2.91,D,0
31.13695,74.75219,330.68,0.47,0.48,2023-11-04,834,N,VIIRS,n,2,297.25,9.33,D,0
31.138,75.86909,349.75,0.55,0.51,2023-11-04,834,N,VIIRS,n,2,300.01,9.34,D,0
31.13852,75.20949,332.95,0.5,0.49,2023-11-04,834,N,VIIRS,n,2,296.68,3.28,D,0
31.13896,74.72646,331.26,0.47,0.48,2023-11-04,834,N,VIIRS,n,2,298.11,1.74,D,0
31.14139,74.75163,367.0,0.47,0.48,2023-11-04,834,N,VIIRS,h,2,298.82,9.33,D,0
31.14473,75.17625,334.08,0.5,0.49,2023-11-04,834,N,VIIRS,n,2,297.38,3.39,D,0
31.14497,75.78582,342.15,0.55,0.51,2023-11-04,834,N,VIIRS,n,2,296.98,5.91,D,0
31.14569,76.18319,336.34,0.58,0.52,2023-11-04,834,N,VIIRS,n,2,299.48,7.37,D,0
31.1474,74.58427,345.1,0.46,0.47,2023-11-04,834,N,VIIRS,n,2,297.18,6.06,D,0
31.14802,75.87389,342.05,0.55,0.51,2023-11-04,834,N,VIIRS,n,2,300.74,5.94,D,0
31.14923,74.78642,331.47,0.48,0.48,2023-11-04,834,N,VIIRS,n,2,296.6,6.75,D,0
31.1497,75.78529,336.53,0.55,0.51,2023-11-04,834,N,VIIRS,n,2,295.44,5.91,D,0
31.15131,74.57878,336.33,0.46,0.47,2023-11-04,834,N,VIIRS,n,2,297.74,6.06,D,0
31.15368,74.78584,340.95,0.48,0.48,2023-11-04,834,N,VIIRS,n,2,296.68,6.75,D,0
31.15591,75.90868,344.3,0.55,0.51,2023-11-04,834,N,VIIRS,n,2,301.49,14.27,D,0
31.15742,75.16392,340.41,0.5,0.49,2023-11-04,834,N,VIIRS,n,2,298.19,5.67,D,0
31.16281,75.22282,335.69,0.51,0.49,2023-11-04,834,N,VIIRS,n,2,297.38,4.4,D,0
31.16751,74.83555,342.03,0.48,0.48,2023-11-04,834,N,VIIRS,n,2,298.84,8.11,D,0
31.16792,74.93414,339.88,0.49,0.48,2023-11-04,834,N,VIIRS,n,2,299.37,11.22,D,0
31.16842,74.9393,341.61,0.49,0.48,2023-11-04,834,N,VIIRS,n,2,300.38,11.22,D,0
31.16949,74.85599,340.43,0.48,0.48,2023-11-04,834,N,VIIRS,n,2,298.84,3.88,D,0
31.16992,75.51023,342.67,0.53,0.5,2023-11-04,834,N,VIIRS,n,2,298.04,7.03,D,0
31.17059,75.6493,341.39,0.54,0.5,2023-11-04,834,N,VIIRS,n,2,298.29,5.86,D,0
31.17098,74.73258,340.24,0.47,0.48,2023-11-04,834,N,VIIRS,n,2,297.74,5.44,D,0
31.17147,74.73762,337.74,0.47,0.48,2023-11-04,834,N,VIIRS,n,2,297.83,7.04,D,0
31.17196,74.88161,356.07,0.48,0.48,2023-11-04,834,N,VIIRS,n,2,302.46,18.61,D,0
31.17447,75.40303,332.23,0.52,0.5,2023-11-04,834,N,VIIRS,n,2,298.21,3.14,D,0
31.18067,75.75836,339.84,0.54,0.51,2023-11-04,834,N,VIIRS,n,2,297.72,8.07,D,0
31.18175,75.7561,343.79,0.54,0.51,2023-11-04,834,N,VIIRS,n,2,298.05,6.25,D,0
31.18191,74.89075,341.89,0.48,0.48,2023-11-04,834,N,VIIRS,n,2,301.22,9.34,D,0
31.18436,74.82306,352.82,0.48,0.48,2023-11-04,834,N,VIIRS,n,2,299.14,8.67,D,0
31.18686,74.82597,331.27,0.48,0.48,2023-11-04,834,N,VIIRS,n,2,296.87,6.23,D,0
31.18853,74.69782,332.71,0.47,0.48,2023-11-04,834,N,VIIRS,n,2,298.15,2.95,D,0
31.18867,75.8456,332.62,0.55,0.51,2023-11-04,834,N,VIIRS,n,2,297.82,3.93,D,0
31.18965,74.69464,340.23,0.47,0.48,2023-11-04,834,N,VIIRS,n,2,298.05,4.72,D,0
31.18988,74.92616,338.76,0.49,0.48,2023-11-04,834,N,VIIRS,n,2,294.18,4.03,D,0
31.19015,74.69965,331.85,0.47,0.48,2023-11-04,834,N,VIIRS,n,2,297.34,4.72,D,0
31.19038,74.93133,333.7,0.49,0.48,2023-11-04,834,N,VIIRS,n,2,295.68,5.67,D,0
31.19295,74.69723,342.57,0.47,0.48,2023-11-04,834,N,VIIRS,n,2,299.0,10.64,D,0
31.19669,76.10802,333.9,0.57,0.52,2023-11-04,834,N,VIIRS,n,2,297.07,4.84,D,0
31.19791,76.10966,338.34,0.57,0.52,2023-11-04,834,N,VIIRS,n,2,297.52,6.86,D,0
31.20132,74.90385,338.11,0.49,0.48,2023-11-04,834,N,VIIRS,n,2,300.46,3.05,D,0
31.20134,74.55026,331.88,0.46,0.47,2023-11-04,834,N,VIIRS,n,2,299.03,2.65,D,0
31.20284,74.90179,335.93,0.49,0.48,2023-11-04,834,N,VIIRS,n,2,299.83,6.5,D,0
31.21919,75.23238,346.22,0.51,0.49,2023-11-04,834,N,VIIRS,n,2,294.68,6.6,D,0
31.22177,74.57758,344.76,0.47,0.47,2023-11-04,834,N,VIIRS,n,2,300.06,4.89,D,0
31.22694,75.72749,345.33,0.54,0.51,2023-11-04,834,N,VIIRS,n,2,298.43,6.54,D,0
31.2351,74.76323,353.35,0.48,0.48,2023-11-04,834,N,VIIRS,n,2,301.17,28.32,D,0
31.23868,74.70659,333.61,0.47,0.48,2023-11-04,834,N,VIIRS,n,2,297.49,6.12,D,0
31.23955,74.76267,353.82,0.48,0.48,2023-11-04,834,N,VIIRS,n,2,302.85,28.32,D,0
31.24359,74.71105,341.72,0.47,0.48,2023-11-04,834,N,VIIRS,n,2,298.7,6.95,D,0
31.24402,74.95427,330.47,0.49,0.49,2023-11-04,834,N,VIIRS,n,2,296.57,3.36,D,0
31.24804,74.94852,335.99,0.49,0.48,2023-11-04,834,N,VIIRS,n,2,297.48,3.36,D,0
31.24998,74.96935,340.78,0.49,0.49,2023-11-04,834,N,VIIRS,n,2,298.4,4.98,D,0
31.2532,76.02827,352.71,0.57,0.52,2023-11-04,834,N,VIIRS,n,2,304.02,28.27,D,0
31.25425,75.31985,341.98,0.51,0.5,2023-11-04,834,N,VIIRS,n,2,299.2,6.87,D,0
31.25694,74.5282,344.79,0.46,0.47,2023-11-04,834,N,VIIRS,n,2,295.22,6.68,D,0
31.25741,74.66866,342.17,0.47,0.48,2023-11-04,834,N,VIIRS,n,2,300.69,6.76,D,0
31.25743,74.53311,337.48,0.46,0.47,2023-11-04,834,N,VIIRS,n,2,294.05,6.68,D,0
31.26184,74.6681,346.96,0.47,0.48,2023-11-04,834,N,VIIRS,n,2,303.61,15.61,D,0
31.26282,74.63258,332.66,0.47,0.48,2023-11-04,834,N,VIIRS,n,2,298.27,1.47,D,0
31.26912,74.88309,337.59,0.48,0.48,2023-11-04,834,N,VIIRS,n,2,296.76,3.87,D,0
31.27362,74.65143,341.79,0.47,0.48,2023-11-04,834,N,VIIRS,n,2,299.13,4.5,D,0
31.27911,74.6227,330.31,0.47,0.48,2023-11-04,834,N,VIIRS,n,2,299.36,2.1,D,0
31.28201,74.97065,332.2,0.49,0.49,2023-11-04,834,N,VIIRS,n,2,295.94,2.59,D,0
31.28412,75.2393,333.12,0.51,0.49,2023-11-04,834,N,VIIRS,n,2,299.73,3.5,D,0
31.28434,75.34389,338.51,0.52,0.5,2023-11-04,834,N,VIIRS,n,2,298.95,5.91,D,0
31.28838,75.13548,345.35,0.5,0.49,2023-11-04,834,N,VIIRS,n,2,299.26,11.76,D,0
31.29043,74.73068,340.76,0.48,0.48,2023-11-04,834,N,VIIRS,n,2,293.88,7.41,D,0
31.29218,75.27672,338.78,0.51,0.49,2023-11-04,834,N,VIIRS,n,2,296.48,3.52,D,0
31.29292,75.13493,357.14,0.5,0.49,2023-11-04,834,N,VIIRS,n,2,297.39,11.76,D,0
31.2933,74.72756,347.76,0.48,0.48,2023-11-04,834,N,VIIRS,n,2,295.26,12.07,D,0
31.29617,75.32033,338.33,0.51,0.5,2023-11-04,834,N,VIIRS,n,2,298.66,5.29,D,0
31.29686,75.22681,341.42,0.51,0.49,2023-11-04,834,N,VIIRS,n,2,300.57,10.97,D,0
31.29938,74.79359,343.14,0.48,0.48,2023-11-04,834,N,VIIRS,n,2,298.19,5.16,D,0
31.30023,74.60987,330.49,0.47,0.48,2023-11-04,834,N,VIIRS,n,2,299.79,1.9,D,0
31.30089,74.79097,332.32,0.48,0.48,2023-11-04,834,N,VIIRS,n,2,297.94,2.94,D,0
31.30686,74.8057,341.07,0.48,0.48,2023-11-04,834,N,VIIRS,n,2,296.61,7.85,D,0
31.30972,74.8078,355.9,0.48,0.48,2023-11-04,834,N,VIIRS,n,2,297.62,13.24,D,0
31.3106,75.03078,337.02,0.49,0.49,2023-11-04,834,N,VIIRS,n,2,297.32,3.72,D,0
31.3111,75.03603,342.81,0.5,0.49,2023-11-04,834,N,VIIRS,n,2,298.62,5.58,D,0
31.31161,75.0413,334.35,0.5,0.49,2023-11-04,834,N,VIIRS,n,2,296.56,5.58,D,0
31.31202,75.03341,336.04,0.5,0.49,2023-11-04,834,N,VIIRS,n,2,296.82,7.76,D,0
31.31249,75.03868,348.23,0.5,0.49,2023-11-04,834,N,VIIRS,n,2,301.49,21.7,D,0
31.31517,75.22458,335.29,0.51,0.49,2023-11-04,834,N,VIIRS,n,2,297.93,3.13,D,0
31.31563,75.03548,341.34,0.5,0.49,2023-11-04,834,N,VIIRS,n,2,298.26,8.01,D,0
31.31614,75.04075,331.11,0.5,0.49,2023-11-04,834,N,VIIRS,n,2,297.04,8.01,D,0
31.32637,75.24514,333.54,0.51,0.49,2023-11-04,834,N,VIIRS,n,2,298.06,4.0,D,0
31.33037,75.08467,339.8,0.5,0.49,2023-11-04,834,N,VIIRS,n,2,295.86,4.49,D,0
31.33455,75.33239,330.62,0.52,0.5,2023-11-04,834,N,VIIRS,n,2,299.3,3.23,D,0
31.33568,74.74782,334.13,0.48,0.48,2023-11-04,834,N,VIIRS,n,2,297.48,6.4,D,0
31.33588,74.84601,333.2,0.48,0.48,2023-11-04,834,N,VIIRS,n,2,298.58,2.75,D,0
31.34522,75.25146,338.69,0.51,0.49,2023-11-04,834,N,VIIRS,n,2,298.38,3.04,D,0
31.34523,75.24836,333.56,0.51,0.49,2023-11-04,834,N,VIIRS,n,2,298.07,4.81,D,0
31.34869,74.88614,335.79,0.49,0.48,2023-11-04,834,N,VIIRS,n,2,298.4,3.53,D,0
31.3493,74.84432,340.32,0.48,0.48,2023-11-04,834,N,VIIRS,n,2,298.89,4.25,D,0
31.34966,74.65919,341.44,0.47,0.48,2023-11-04,834,N,VIIRS,n,2,301.67,5.2,D,0
31.35112,74.67427,341.4,0.47,0.48,2023-11-04,834,N,VIIRS,n,2,301.48,5.44,D,0
31.35209,74.92247,341.6,0.49,0.48,2023-11-04,834,N,VIIRS,n,2,300.58,4.86,D,0
31.35537,75.26123,350.57,0.51,0.49,2023-11-04,834,N,VIIRS,n,2,299.72,9.21,D,0
31.35986,75.00614,334.82,0.49,0.49,2023-11-04,834,N,VIIRS,n,2,299.17,4.01,D,0
31.36378,74.80618,340.97,0.48,0.48,2023-11-04,834,N,VIIRS,n,2,298.94,5.78,D,0
31.36438,75.00557,354.03,0.49,0.49,2023-11-04,834,N,VIIRS,n,2,301.31,13.49,D,0
31.3649,74.67763,351.31,0.47,0.48,2023-11-04,834,N,VIIRS,n,2,299.64,6.58,D,0
31.3658,74.78005,341.11,0.48,0.48,2023-11-04,834,N,VIIRS,n,2,299.29,8.97,D,0
31.36629,74.78516,340.36,0.48,0.48,2023-11-04,834,N,VIIRS,n,2,301.83,8.97,D,0
31.36678,74.79026,336.92,0.48,0.48,2023-11-04,834,N,VIIRS,n,2,297.68,11.33,D,0
31.36737,75.18851,334.96,0.51,0.49,2023-11-04,834,N,VIIRS,n,2,298.55,3.78,D,0
31.36878,75.05309,333.06,0.5,0.49,2023-11-04,834,N,VIIRS,n,2,297.86,5.42,D,0
31.37081,74.64636,339.62,0.47,0.48,2023-11-04,834,N,VIIRS,n,2,300.02,3.7,D,0
31.37293,74.99921,351.59,0.49,0.49,2023-11-04,834,N,VIIRS,n,2,300.28,8.19,D,0
31.37524,74.69162,367.0,0.47,0.48,2023-11-04,834,N,VIIRS,h,2,300.16,11.26,D,0
31.37925,75.7146,341.37,0.54,0.51,2023-11-04,834,N,VIIRS,n,2,296.55,8.98,D,0
31.37959,74.55451,330.39,0.47,0.47,2023-11-04,834,N,VIIRS,n,2,299.44,3.11,D,0
31.38037,75.71243,347.69,0.54,0.51,2023-11-04,834,N,VIIRS,n,2,296.7,9.04,D,0
31.38041,75.03027,343.6,0.5,0.49,2023-11-04,834,N,VIIRS,n,2,299.53,6.28,D,0
31.38292,75.2579,332.98,0.51,0.49,2023-11-04,834,N,VIIRS,n,2,299.04,3.29,D,0
31.39107,74.90184,335.75,0.49,0.48,2023-11-04,834,N,VIIRS,n,2,299.6,4.45,D,0
31.39123,75.19654,340.93,0.51,0.49,2023-11-04,834,N,VIIRS,n,2,301.55,5.63,D,0
31.39756,74.87483,340.62,0.49,0.48,2023-11-04,834,N,VIIRS,n,2,301.07,4.57,D,0
31.398,74.76243,338.88,0.48,0.48,2023-11-04,834,N,VIIRS,n,2,299.26,6.35,D,0
31.39876,75.70442,335.02,0.54,0.51,2023-11-04,834,N,VIIRS,n,2,299.25,2.38,D,0
31.39929,75.2339,332.33,0.51,0.49,2023-11-04,834,N,VIIRS,n,2,300.16,3.3,D,0
31.39997,74.76029,335.95,0.48,0.48,2023-11-04,834,N,VIIRS,n,2,299.14,4.0,D,0
31.40402,74.84793,339.13,0.48,0.48,2023-11-04,834,N,VIIRS,n,2,300.38,4.44,D,0
31.40549,74.84453,331.81,0.48,0.48,2023-11-04,834,N,VIIRS,n,2,300.23,2.22,D,0
31.40782,74.67396,330.92,0.47,0.48,2023-11-04,834,N,VIIRS,n,2,299.14,3.47,D,0
31.41225,74.67339,342.02,0.47,0.48,2023-11-04,834,N,VIIRS,n,2,304.11,22.45,D,0
31.41402,74.597,339.19,0.47,0.48,2023-11-04,834,N,VIIRS,n,2,298.11,6.97,D,0
31.41449,74.602,352.14,0.47,0.48,2023-11-04,834,N,VIIRS,n,2,301.54,19.2,D,0
31.42121,75.2203,345.62,0.51,0.49,2023-11-04,834,N,VIIRS,n,2,300.91,10.49,D,0
31.42142,74.72342,335.33,0.48,0.48,2023-11-04,834,N,VIIRS,n,2,299.81,3.07,D,0
31.42772,75.39156,335.85,0.52,0.5,2023-11-04,834,N,VIIRS,n,2,299.81,3.57,D,0
31.43089,75.22461,344.65,0.51,0.49,2023-11-04,834,N,VIIRS,n,2,301.92,8.95,D,0
31.43933,74.96661,339.75,0.49,0.49,2023-11-04,834,N,VIIRS,n,2,295.9,4.87,D,0
31.44089,74.64428,338.9,0.47,0.48,2023-11-04,834,N,VIIRS,n,2,300.01,2.82,D,0
31.44151,75.14366,331.27,0.5,0.49,2023-11-04,834,N,VIIRS,n,2,299.04,3.71,D,0
31.46006,75.301,340.97,0.52,0.5,2023-11-04,834,N,VIIRS,n,2,301.84,7.01,D,0
31.46107,75.29826,341.4,0.51,0.5,2023-11-04,834,N,VIIRS,n,2,301.76,4.3,D,0
31.46823,75.18407,338.66,0.51,0.49,2023-11-04,834,N,VIIRS,n,2,300.64,6.79,D,0
31.47171,75.43424,350.37,0.52,0.5,2023-11-04,834,N,VIIRS,n,2,300.38,9.24,D,0
31.47219,75.43984,339.81,0.53,0.5,2023-11-04,834,N,VIIRS,n,2,300.28,10.25,D,0
31.47231,75.17809,330.71,0.51,0.49,2023-11-04,834,N,VIIRS,n,2,300.36,2.73,D,0
31.47412,75.43683,346.19,0.52,0.5,2023-11-04,834,N,VIIRS,n,2,300.99,8.13,D,0
31.47465,75.44243,340.65,0.52,0.5,2023-11-04,834,N,VIIRS,n,2,299.72,8.13,D,0
31.47493,75.15594,333.43,0.51,0.49,2023-11-04,834,N,VIIRS,n,2,300.0,2.6,D,0
31.47738,75.18297,334.66,0.51,0.49,2023-11-04,834,N,VIIRS,n,2,301.0,5.16,D,0
31.48269,74.75177,342.85,0.48,0.48,2023-11-04,834,N,VIIRS,n,2,300.47,3.56,D,0
31.48814,74.76141,339.65,0.48,0.48,2023-11-04,834,N,VIIRS,n,2,303.21,14.29,D,0
31.48864,74.76653,341.43,0.48,0.48,2023-11-04,834,N,VIIRS,n,2,300.99,11.78,D,0
31.49112,74.79214,334.91,0.48,0.48,2023-11-04,834,N,VIIRS,n,2,299.78,2.27,D,0
31.49612,75.39182,342.52,0.52,0.5,2023-11-04,834,N,VIIRS,n,2,300.97,12.96,D,0
31.50075,75.39127,351.58,0.52,0.5,2023-11-04,834,N,VIIRS,n,2,300.3,12.96,D,0
31.51728,75.36678,344.03,0.52,0.5,2023-11-04,834,N,VIIRS,n,2,301.96,9.57,D,0
31.51778,75.37235,341.74,0.52,0.5,2023-11-04,834,N,VIIRS,n,2,300.41,9.57,D,0
31.5212,75.46243,332.82,0.53,0.5,2023-11-04,834,N,VIIRS,n,2,299.73,5.74,D,0
31.52456,74.90314,330.58,0.49,0.49,2023-11-04,834,N,VIIRS,n,2,298.77,2.4,D,0
31.5248,74.73862,332.85,0.48,0.48,2023-11-04,834,N,VIIRS,n,2,300.5,3.07,D,0
31.52494,75.39964,340.17,0.52,0.5,2023-11-04,834,N,VIIRS,n,2,301.59,7.07,D,0
31.52595,75.4108,352.15,0.52,0.5,2023-11-04,834,N,VIIRS,n,2,303.11,17.52,D,0
31.52722,74.62038,333.37,0.47,0.48,2023-11-04,834,N,VIIRS,n,2,298.47,5.57,D,0
31.53049,74.02815,336.49,0.44,0.46,2023-11-04,834,N,VIIRS,n,2,298.75,3.44,D,0
31.5307,74.60977,336.29,0.47,0.48,2023-11-04,834,N,VIIRS,n,2,299.46,5.11,D,0
31.5332,78.05743,350.88,0.38,0.58,2023-11-04,834,N,VIIRS,n,2,298.53,7.34,D,0
31.54003,74.61368,340.01,0.47,0.48,2023-11-04,834,N,VIIRS,n,2,300.29,2.97,D,0
31.54866,74.70465,342.44,0.48,0.48,2023-11-04,834,N,VIIRS,n,2,300.93,4.66,D,0
31.55685,74.79166,340.5,0.48,0.48,2023-11-04,834,N,VIIRS,n,2,300.2,3.92,D,0
31.55902,75.43306,344.37,0.53,0.5,2023-11-04,834,N,VIIRS,n,2,300.77,4.11,D,0
31.55999,75.44432,330.52,0.53,0.5,2023-11-04,834,N,VIIRS,n,2,298.77,3.27,D,0
31.56052,75.42934,333.89,0.53,0.5,2023-11-04,834,N,VIIRS,n,2,299.58,4.55,D,0
31.56104,75.43496,340.36,0.53,0.5,2023-11-04,834,N,VIIRS,n,2,299.72,4.55,D,0
31.56151,75.59551,341.12,0.54,0.51,2023-11-04,834,N,VIIRS,n,2,301.05,5.62,D,0
31.56368,75.4325,330.08,0.53,0.5,2023-11-04,834,N,VIIRS,n,2,298.95,4.11,D,0
31.56592,75.40391,334.01,0.52,0.5,2023-11-04,834,N,VIIRS,n,2,299.86,5.85,D,0
31.56722,75.40028,333.56,0.52,0.5,2023-11-04,834,N,VIIRS,n,2,299.61,3.23,D,0
31.56743,74.71259,335.32,0.48,0.48,2023-11-04,834,N,VIIRS,n,2,300.84,3.58,D,0
31.56792,74.71768,330.91,0.48,0.48,2023-11-04,834,N,VIIRS,n,2,300.15,4.39,D,0
31.59356,75.45168,332.61,0.53,0.5,2023-11-04,834,N,VIIRS,n,2,299.37,3.89,D,0
31.5972,75.65923,338.25,0.54,0.51,2023-11-04,834,N,VIIRS,n,2,301.54,6.1,D,0
31.59772,75.44551,330.38,0.53,0.5,2023-11-04,834,N,VIIRS,n,2,299.82,2.82,D,0
31.60004,75.20967,341.1,0.51,0.49,2023-11-04,834,N,VIIRS,n,2,301.46,8.88,D,0
31.60022,75.58318,333.42,0.54,0.51,2023-11-04,834,N,VIIRS,n,2,302.8,3.95,D,0
31.60442,75.5769,333.3,0.54,0.51,2023-11-04,834,N,VIIRS,n,2,301.38,3.95,D,0
31.61151,75.4953,347.74,0.53,0.5,2023-11-04,834,N,VIIRS,n,2,301.0,6.42,D,0
31.61222,75.24138,335.2,0.51,0.5,2023-11-04,834,N,VIIRS,n,2,300.65,2.32,D,0
31.6153,75.59304,351.17,0.54,0.51,2023-11-04,834,N,VIIRS,n,2,301.08,8.45,D,0
31.62205,74.59612,342.48,0.47,0.48,2023-11-04,834,N,VIIRS,n,2,299.69,6.49,D,0
31.63562,75.60813,338.96,0.54,0.51,2023-11-04,834,N,VIIRS,n,2,300.65,4.95,D,0
31.65102,75.41058,334.24,0.53,0.5,2023-11-04,834,N,VIIRS,n,2,300.9,2.58,D,0
31.65784,74.64262,340.59,0.47,0.48,2023-11-04,834,N,VIIRS,n,2,295.68,6.19,D,0
31.66025,74.668,331.7,0.48,0.48,2023-11-04,834,N,VIIRS,n,2,298.28,4.86,D,0
31.66063,74.71958,335.0,0.48,0.48,2023-11-04,834,N,VIIRS,n,2,298.12,3.93,D,0
31.66111,74.7247,333.73,0.48,0.48,2023-11-04,834,N,VIIRS,n,2,298.45,3.93,D,0
31.66121,74.67818,333.1,0.48,0.48,2023-11-04,834,N,VIIRS,n,2,297.71,4.65,D,0
31.6647,74.66743,342.35,0.48,0.48,2023-11-04,834,N,VIIRS,n,2,295.73,4.86,D,0
31.66774,75.41291,330.64,0.53,0.5,2023-11-04,834,N,VIIRS,l,2,301.94,4.76,D,0
31.67066,75.57498,335.32,0.54,0.51,2023-11-04,834,N,VIIRS,n,2,300.13,3.22,D,0
31.68111,74.18882,337.63,0.45,0.47,2023-11-04,834,N,VIIRS,n,2,297.22,3.6,D,0
31.68157,74.1936,334.04,0.45,0.47,2023-11-04,834,N,VIIRS,n,2,295.08,3.6,D,0
31.68705,75.25865,332.65,0.52,0.5,2023-11-04,834,N,VIIRS,n,2,301.12,4.16,D,0
31.69686,74.21582,332.18,0.45,0.47,2023-11-04,834,N,VIIRS,n,2,296.93,3.39,D,0
31.70106,75.58186,335.54,0.54,0.51,2023-11-04,834,N,VIIRS,n,2,299.72,5.11,D,0
31.71518,74.69452,330.88,0.48,0.48,2023-11-04,834,N,VIIRS,n,2,298.02,4.9,D,0
31.7171,74.69695,335.98,0.48,0.48,2023-11-04,834,N,VIIRS,n,2,297.95,4.05,D,0
31.71891,75.40678,341.76,0.53,0.5,2023-11-04,834,N,VIIRS,n,2,303.19,5.36,D,0
31.73314,75.25311,334.51,0.52,0.5,2023-11-04,834,N,VIIRS,n,2,303.8,3.67,D,0
31.74881,74.16537,335.26,0.45,0.47,2023-11-04,834,N,VIIRS,n,2,298.71,2.64,D,0
31.75219,74.56156,342.78,0.47,0.48,2023-11-04,834,N,VIIRS,n,2,295.47,5.98,D,0
31.7608,74.15414,335.99,0.45,0.47,2023-11-04,834,N,VIIRS,n,2,298.41,3.67,D,0
31.78936,74.76321,330.7,0.48,0.48,2023-11-04,834,N,VIIRS,n,2,297.23,2.52,D,0
31.79279,75.30528,331.43,0.52,0.5,2023-11-04,834,N,VIIRS,n,2,299.55,2.61,D,0
31.80133,75.53527,329.34,0.54,0.51,2023-11-04,834,N,VIIRS,n,2,298.48,3.17,D,0
31.80349,75.61086,334.65,0.54,0.51,2023-11-04,834,N,VIIRS,n,2,300.17,4.52,D,0
31.80476,75.6087,330.09,0.54,0.51,2023-11-04,834,N,VIIRS,n,2,299.18,4.37,D,0
31.80655,74.07238,332.78,0.44,0.46,2023-11-04,834,N,VIIRS,n,2,301.43,2.93,D,0
31.81517,74.38888,332.54,0.46,0.47,2023-11-04,834,N,VIIRS,n,2,296.32,2.22,D,0
31.84337,75.0938,337.44,0.51,0.49,2023-11-04,834,N,VIIRS,n,2,298.44,3.84,D,0
31.8437,75.29923,333.84,0.52,0.5,2023-11-04,834,N,VIIRS,n,2,295.57,3.46,D,0
31.85193,74.49471,332.39,0.47,0.48,2023-11-04,834,N,VIIRS,n,2,297.1,2.55,D,0
31.85634,74.49415,343.74,0.47,0.48,2023-11-04,834,N,VIIRS,n,2,297.91,6.72,D,0
31.88262,74.86988,331.98,0.49,0.49,2023-11-04,834,N,VIIRS,n,2,296.55,2.69,D,0
31.89398,75.0956,349.35,0.51,0.49,2023-11-04,834,N,VIIRS,n,2,299.97,7.48,D,0
31.93569,74.21206,330.07,0.45,0.47,2023-11-04,834,N,VIIRS,n,2,298.9,3.29,D,0
31.94787,75.07812,350.67,0.51,0.49,2023-11-04,834,N,VIIRS,n,2,301.27,8.27,D,0
31.95081,74.86682,332.65,0.49,0.49,2023-11-04,834,N,VIIRS,n,2,296.98,4.33,D,0
31.95247,74.86942,344.96,0.49,0.49,2023-11-04,834,N,VIIRS,n,2,298.53,9.84,D,0
31.95345,75.13805,335.73,0.51,0.49,2023-11-04,834,N,VIIRS,n,2,297.5,3.18,D,0
31.95698,75.22666,340.73,0.52,0.5,2023-11-04,834,N,VIIRS,n,2,297.43,6.57,D,0
31.95699,74.86885,349.26,0.49,0.49,2023-11-04,834,N,VIIRS,n,2,299.01,9.84,D,0
31.95865,74.93841,334.5,0.5,0.49,2023-11-04,834,N,VIIRS,n,2,300.52,3.57,D,0
31.96415,75.10369,330.57,0.51,0.49,2023-11-04,834,N,VIIRS,n,2,300.06,3.06,D,0
31.96819,74.94263,334.11,0.5,0.49,2023-11-04,834,N,VIIRS,n,2,298.51,5.9,D,0
31.97011,74.96402,341.21,0.5,0.49,2023-11-04,834,N,VIIRS,n,2,299.21,5.55,D,0
31.98344,74.90842,341.76,0.5,0.49,2023-11-04,834,N,VIIRS,n,2,293.86,7.11,D,0
31.98737,74.33371,330.69,0.46,0.47,2023-11-04,834,N,VIIRS,n,2,300.0,2.69,D,0
31.98767,75.10944,333.35,0.51,0.49,2023-11-04,834,N,VIIRS,n,2,299.52,4.19,D,0
31.99226,75.1089,339.3,0.51,0.49,2023-11-04,834,N,VIIRS,n,2,297.41,7.83,D,0
31.99898,74.92804,338.04,0.5,0.49,2023-11-04,834,N,VIIRS,n,2,292.88,4.91,D,0
32.04958,74.38368,340.22,0.46,0.47,2023-11-04,834,N,VIIRS,n,2,293.88,5.05,D,0
32.05283,75.1626,331.32,0.51,0.5,2023-11-04,834,N,VIIRS,n,2,296.3,5.72,D,0
32.05397,74.38311,341.17,0.46,0.47,2023-11-04,834,N,VIIRS,n,2,295.31,5.05,D,0
32.0743,75.19352,332.2,0.52,0.5,2023-11-04,834,N,VIIRS,n,2,295.23,4.3,D,0
32.07786,75.1318,333.55,0.51,0.49,2023-11-04,834,N,VIIRS,n,2,296.97,2.66,D,0
32.25945,75.36108,329.52,0.53,0.5,2023-11-04,834,N,VIIRS,l,2,301.87,1.66,D,0
32.30444,74.1226,331.78,0.45,0.47,2023-11-04,834,N,VIIRS,n,2,297.64,1.23,D,0
32.34698,74.06315,333.59,0.45,0.47,2023-11-04,834,N,VIIRS,n,2,297.5,3.5,D,0
32.35178,74.0674,341.07,0.45,0.47,2023-11-04,834,N,VIIRS,n,2,295.85,3.5,D,0
32.35374,74.04276,332.72,0.45,0.47,2023-11-04,834,N,VIIRS,n,2,299.72,4.59,D,0
32.41123,74.03661,333.36,0.45,0.47,2023-11-04,834,N,VIIRS,n,2,292.92,4.64,D,0
31.49831,78.18079,314.96,0.39,0.44,2023-11-04,2057,N,VIIRS,n,2,281.21,2.2,N,0
31.50245,78.18113,328.4,0.39,0.44,2023-11-04,2057,N,VIIRS,n,2,281.04,2.2,N,0
32.01335,75.17113,298.5,0.43,0.38,2023-11-04,2057,N,VIIRS,n,2,286.48,0.48,N,0
32.01439,75.18547,298.62,0.43,0.38,2023-11-04,2057,N,VIIRS,n,2,286.88,0.57,N,0
32.1032,74.17519,300.83,0.4,0.37,2023-11-04,2057,N,VIIRS,n,2,289.88,0.41,N,2
32.20406,74.22379,300.29,0.4,0.37,2023-11-04,2057,N,VIIRS,n,2,289.19,0.4,N,2
32.29725,74.31463,299.31,0.4,0.37,2023-11-04,2057,N,VIIRS,n,2,288.06,0.69,N,2
28.77191,76.94447,300.58,0.57,0.43,2023-11-04,2058,N,VIIRS,n,2,290.15,0.76,N,0
28.77399,76.94601,317.33,0.57,0.43,2023-11-04,2058,N,VIIRS,n,2,290.47,2.41,N,0
28.77584,76.94549,300.55,0.57,0.43,2023-11-04,2058,N,VIIRS,n,2,290.27,0.76,N,0
29.12464,75.77876,305.06,0.49,0.4,2023-11-04,2058,N,VIIRS,n,2,291.39,1.07,N,2
29.45911,76.86797,321.74,0.55,0.43,2023-11-04,2058,N,VIIRS,n,2,292.26,2.46,N,2
29.77007,76.17865,304.69,0.5,0.41,2023-11-04,2058,N,VIIRS,n,2,288.24,0.98,N,0
29.91075,74.95042,307.68,0.44,0.39,2023-11-04,2058,N,VIIRS,n,2,290.46,1.03,N,2
30.11695,74.07632,305.2,0.41,0.37,2023-11-04,2058,N,VIIRS,n,2,287.87,0.66,N,0
30.83505,76.69406,296.47,0.51,0.41,2023-11-04,2058,N,VIIRS,n,2,286.23,0.4,N,0
30.8438,74.46599,319.47,0.42,0.38,2023-11-04,2058,N,VIIRS,n,2,288.63,1.8,N,0
31.25051,76.93066,302.55,0.52,0.41,2023-11-04,2058,N,VIIRS,n,2,284.6,0.98,N,2
31.259,76.92756,297.9,0.52,0.41,2023-11-04,2058,N,VIIRS,n,2,284.95,0.44,N,2
31.32332,77.3831,297.35,0.54,0.42,2023-11-04,2058,N,VIIRS,n,2,281.61,0.94,N,0
31.32429,77.37817,296.64,0.54,0.42,2023-11-04,2058,N,VIIRS,n,2,282.07,0.94,N,0
31.32499,77.3793,304.82,0.54,0.42,2023-11-04,2058,N,VIIRS,n,2,282.75,1.25,N,0
31.62506,74.44106,299.37,0.41,0.37,2023-11-04,2058,N,VIIRS,n,2,288.46,0.38,N,0
31.63068,74.42899,299.36,0.41,0.37,2023-11-04,2058,N,VIIRS,n,2,288.32,0.33,N,0
31.6416,74.42712,298.88,0.41,0.37,2023-11-04,2058,N,VIIRS,n,2,288.31,0.33,N,0
31.65311,74.17678,301.78,0.41,0.37,2023-11-04,2058,N,VIIRS,n,2,290.2,0.57,N,0
27.66731,76.13103,303.18,0.54,0.42,2023-11-04,2059,N,VIIRS,n,2,290.8,1.38,N,2
27.69296,75.71477,298.93,0.51,0.41,2023-11-04,2059,N,VIIRS,n,2,286.24,0.85,N,0
27.69393,75.70963,307.53,0.51,0.41,2023-11-04,2059,N,VIIRS,n,2,286.19,1.21,N,0
27.70659,77.43012,333.43,0.5,0.41,2023-11-05,814,N,VIIRS,n,2,299.97,4.85,D,0
28.22909,77.96635,333.08,0.54,0.42,2023-11-05,814,N,VIIRS,n,2,301.1,3.59,D,0
28.74662,77.74435,331.91,0.53,0.42,2023-11-05,814,N,VIIRS,n,2,298.26,2.08,D,0
28.90203,76.3619,334.63,0.46,0.39,2023-11-05,815,N,VIIRS,n,2,301.36,2.79,D,0
28.91393,76.48696,330.81,0.47,0.4,2023-11-05,815,N,VIIRS,n,2,303.27,2.32,D,0
28.93041,76.38163,338.76,0.46,0.39,2023-11-05,815,N,VIIRS,n,2,300.95,5.66,D,0
28.97295,76.33749,335.65,0.46,0.39,2023-11-05,815,N,VIIRS,n,2,304.5,4.71,D,0
28.98611,76.38401,333.2,0.46,0.39,2023-11-05,815,N,VIIRS,l,2,303.63,4.36,D,0
28.99033,76.38821,331.53,0.46,0.39,2023-11-05,815,N,VIIRS,n,2,300.38,4.36,D,0
29.00004,76.3769,334.33,0.46,0.39,2023-11-05,815,N,VIIRS,n,2,303.05,3.45,D,0
29.00153,76.50916,333.1,0.47,0.4,2023-11-05,815,N,VIIRS,n,2,302.29,3.15,D,0
29.00212,76.51401,336.39,0.47,0.4,2023-11-05,815,N,VIIRS,n,2,301.27,3.15,D,0
29.03174,76.63366,330.91,0.48,0.4,2023-11-05,815,N,VIIRS,n,2,301.61,2.52,D,0
29.03541,76.63308,330.88,0.48,0.4,2023-11-05,815,N,VIIRS,n,2,300.31,2.52,D,0
29.05373,76.06304,332.76,0.45,0.39,2023-11-05,815,N,VIIRS,n,2,302.9,2.51,D,0
29.09333,76.32076,331.97,0.46,0.39,2023-11-05,815,N,VIIRS,n,2,302.14,2.19,D,0
29.23268,75.77807,334.54,0.44,0.39,2023-11-05,815,N,VIIRS,n,2,305.13,2.61,D,0
29.24037,76.13902,346.32,0.46,0.39,2023-11-05,815,N,VIIRS,n,2,302.26,6.07,D,0
29.24459,76.172,333.68,0.46,0.39,2023-11-05,815,N,VIIRS,n,2,302.56,4.59,D,0
29.26637,75.75849,346.45,0.44,0.38,2023-11-05,815,N,VIIRS,n,2,304.33,15.05,D,0
29.27698,78.05534,334.24,0.56,0.43,2023-11-05,815,N,VIIRS,n,2,298.89,4.75,D,0
29.28727,76.15243,330.05,0.46,0.39,2023-11-05,815,N,VIIRS,n,2,300.37,2.51,D,0
29.31597,76.26405,330.9,0.46,0.39,2023-11-05,815,N,VIIRS,n,2,301.26,2.6,D,0
29.37144,75.93942,330.05,0.45,0.39,2023-11-05,815,N,VIIRS,n,2,304.02,1.21,D,0
29.3834,75.89014,335.22,0.45,0.39,2023-11-05,815,N,VIIRS,l,2,305.92,7.66,D,0
29.38992,76.46891,333.31,0.47,0.4,2023-11-05,815,N,VIIRS,n,2,303.47,3.11,D,0
29.40223,76.62766,330.13,0.48,0.4,2023-11-05,815,N,VIIRS,n,2,302.04,2.94,D,0
29.41198,76.52538,342.41,0.48,0.4,2023-11-05,815,N,VIIRS,n,2,304.44,4.56,D,0
29.41389,76.52193,335.15,0.48,0.4,2023-11-05,815,N,VIIRS,n,2,303.82,6.74,D,0
29.42166,76.37134,334.86,0.47,0.4,2023-11-05,815,N,VIIRS,n,2,304.01,2.4,D,0
29.4233,74.03593,347.65,0.4,0.37,2023-11-05,815,N,VIIRS,n,2,306.94,11.81,D,0
29.42666,74.03532,341.09,0.4,0.37,2023-11-05,815,N,VIIRS,n,2,302.92,11.81,D,0
29.42911,74.91861,341.58,0.42,0.37,2023-11-05,815,N,VIIRS,n,2,302.63,4.17,D,0
29.43928,75.4877,333.09,0.43,0.38,2023-11-05,815,N,VIIRS,n,2,303.8,2.84,D,0
29.44402,74.03631,332.53,0.4,0.37,2023-11-05,815,N,VIIRS,n,2,300.73,3.47,D,0
29.44492,76.59251,331.5,0.48,0.4,2023-11-05,815,N,VIIRS,l,2,304.46,1.68,D,0
29.44835,76.68339,336.52,0.48,0.4,2023-11-05,815,N,VIIRS,n,2,303.27,2.33,D,0
29.4539,76.33162,334.31,0.47,0.4,2023-11-05,815,N,VIIRS,n,2,306.22,9.67,D,0
29.45755,76.33103,334.79,0.47,0.4,2023-11-05,815,N,VIIRS,n,2,303.96,9.67,D,0
29.45809,76.42498,331.71,0.47,0.4,2023-11-05,815,N,VIIRS,n,2,305.37,2.27,D,0
29.46356,76.43903,338.43,0.47,0.4,2023-11-05,815,N,VIIRS,n,2,304.02,2.74,D,0
29.46413,76.47385,338.53,0.47,0.4,2023-11-05,815,N,VIIRS,n,2,306.23,6.81,D,0
29.47846,75.45823,333.08,0.43,0.38,2023-11-05,815,N,VIIRS,n,2,303.26,1.47,D,0
29.48196,75.45763,330.23,0.43,0.38,2023-11-05,815,N,VIIRS,n,2,302.51,1.47,D,0
29.48464,74.10424,345.93,0.4,0.37,2023-11-05,815,N,VIIRS,n,2,303.67,7.75,D,0
29.48687,75.41304,340.35,0.43,0.38,2023-11-05,815,N,VIIRS,n,2,303.13,5.51,D,0
29.488,74.10361,342.96,0.4,0.37,2023-11-05,815,N,VIIRS,n,2,304.32,19.39,D,0
29.49117,75.25401,336.73,0.43,0.38,2023-11-05,815,N,VIIRS,n,2,302.85,3.42,D,0
29.49365,74.59536,340.26,0.41,0.37,2023-11-05,815,N,VIIRS,n,2,301.86,2.86,D,0
29.49571,74.43215,335.57,0.4,0.37,2023-11-05,815,N,VIIRS,n,2,302.96,8.7,D,0
29.49954,76.13083,330.81,0.46,0.39,2023-11-05,815,N,VIIRS,n,2,301.73,2.2,D,0
29.50038,75.02946,333.33,0.42,0.38,2023-11-05,815,N,VIIRS,n,2,301.56,2.62,D,0
29.50444,74.59772,340.58,0.41,0.37,2023-11-05,815,N,VIIRS,n,2,303.92,4.22,D,0
29.50785,74.59712,335.68,0.41,0.37,2023-11-05,815,N,VIIRS,n,2,302.95,3.31,D,0
29.51205,76.20167,340.13,0.46,0.39,2023-11-05,815,N,VIIRS,n,2,302.7,4.98,D,0
29.52281,76.2586,331.95,0.46,0.39,2023-11-05,815,N,VIIRS,n,2,302.16,3.08,D,0
29.52335,74.99011,332.33,0.42,0.38,2023-11-05,815,N,VIIRS,n,2,302.07,3.58,D,0
29.52709,76.23342,333.6,0.46,0.39,2023-11-05,815,N,VIIRS,n,2,302.99,3.35,D,0
29.53553,74.51909,342.91,0.41,0.37,2023-11-05,815,N,VIIRS,n,2,303.49,7.25,D,0
29.54009,74.52686,330.14,0.41,0.37,2023-11-05,815,N,VIIRS,n,2,301.15,4.92,D,0
29.54349,74.52625,351.0,0.41,0.37,2023-11-05,815,N,VIIRS,n,2,302.91,4.92,D,0
29.54586,76.06049,341.97,0.46,0.39,2023-11-05,815,N,VIIRS,n,2,306.43,7.76,D,0
29.54747,74.52984,340.66,0.41,0.37,2023-11-05,815,N,VIIRS,n,2,303.52,4.69,D,0
29.54983,75.90907,331.98,0.45,0.39,2023-11-05,815,N,VIIRS,n,2,303.45,1.93,D,0
29.56216,74.51003,332.64,0.41,0.37,2023-11-05,815,N,VIIRS,n,2,301.72,3.1,D,0
29.56556,74.50943,331.83,0.41,0.37,2023-11-05,815,N,VIIRS,n,2,299.46,1.65,D,0
29.56755,74.44963,332.31,0.4,0.37,2023-11-05,815,N,VIIRS,n,2,301.27,5.52,D,0
29.56762,74.4491,335.82,0.4,0.37,2023-11-05,815,N,VIIRS,n,2,301.9,5.54,D,0
29.57331,75.7494,345.84,0.44,0.39,2023-11-05,815,N,VIIRS,n,2,302.52,5.2,D,0
29.57376,74.44424,337.31,0.4,0.37,2023-11-05,815,N,VIIRS,n,2,300.82,5.2,D,0
29.57585,74.53335,334.92,0.41,0.37,2023-11-05,815,N,VIIRS,n,2,302.31,4.04,D,0
29.57618,75.8289,330.33,0.45,0.39,2023-11-05,815,N,VIIRS,n,2,301.29,1.62,D,0
29.58058,75.24884,347.15,0.43,0.38,2023-11-05,815,N,VIIRS,n,2,304.94,6.5,D,0
29.58109,74.42154,344.53,0.4,0.37,2023-11-05,815,N,VIIRS,n,2,304.58,10.68,D,0
29.58931,75.23383,333.53,0.43,0.38,2023-11-05,815,N,VIIRS,n,2,302.09,2.14,D,0
29.597,74.46145,347.66,0.41,0.37,2023-11-05,815,N,VIIRS,n,2,307.95,20.91,D,0
29.60987,74.88347,330.15,0.42,0.37,2023-11-05,815,N,VIIRS,n,2,301.69,1.83,D,0
29.61517,74.94859,334.36,0.42,0.37,2023-11-05,815,N,VIIRS,n,2,301.33,2.28,D,0
29.6183,75.15697,334.78,0.42,0.38,2023-11-05,815,N,VIIRS,n,2,302.09,1.64,D,0
29.61933,75.46495,334.39,0.43,0.38,2023-11-05,815,N,VIIRS,n,2,300.38,3.45,D,0
29.62003,75.14324,333.28,0.42,0.38,2023-11-05,815,N,VIIRS,n,2,300.24,2.45,D,0
29.62569,76.94887,336.06,0.5,0.41,2023-11-05,815,N,VIIRS,n,2,305.06,2.88,D,0
29.62578,74.41776,342.69,0.4,0.37,2023-11-05,815,N,VIIRS,n,2,303.22,9.66,D,0
29.62945,76.94829,336.8,0.5,0.41,2023-11-05,815,N,VIIRS,n,2,305.82,5.7,D,0
29.62987,75.46316,332.7,0.43,0.38,2023-11-05,815,N,VIIRS,n,2,301.91,3.9,D,0
29.6328,75.45807,333.93,0.43,0.38,2023-11-05,815,N,VIIRS,l,2,304.5,3.9,D,0
29.6351,75.9474,338.18,0.45,0.39,2023-11-05,815,N,VIIRS,n,2,304.68,5.78,D,0
29.63558,74.48882,337.67,0.41,0.37,2023-11-05,815,N,VIIRS,n,2,304.92,3.47,D,0
29.64027,74.34686,345.78,0.4,0.37,2023-11-05,815,N,VIIRS,n,2,302.29,6.47,D,0
29.64456,75.85065,347.59,0.45,0.39,2023-11-05,815,N,VIIRS,n,2,305.72,4.43,D,0
29.64675,75.85197,338.71,0.45,0.39,2023-11-05,815,N,VIIRS,n,2,303.25,5.67,D,0
29.64744,75.35053,333.49,0.43,0.38,2023-11-05,815,N,VIIRS,n,2,301.04,2.64,D,0
29.64932,75.78532,333.66,0.45,0.39,2023-11-05,815,N,VIIRS,n,2,305.82,1.48,D,0
29.65012,76.09412,335.81,0.46,0.39,2023-11-05,815,N,VIIRS,n,2,302.14,4.96,D,0
29.65062,75.73806,345.83,0.44,0.39,2023-11-05,815,N,VIIRS,n,2,312.21,41.18,D,0
29.65189,75.9225,332.6,0.45,0.39,2023-11-05,815,N,VIIRS,l,2,306.02,6.01,D,0
29.65247,75.92717,334.0,0.45,0.39,2023-11-05,815,N,VIIRS,n,2,305.44,6.01,D,0
29.6542,75.92516,347.67,0.45,0.39,2023-11-05,815,N,VIIRS,n,2,308.43,12.34,D,0
29.65504,75.51866,337.73,0.44,0.38,2023-11-05,815,N,VIIRS,n,2,302.57,4.82,D,0
29.66032,75.50395,335.32,0.44,0.38,2023-11-05,815,N,VIIRS,n,2,303.17,2.98,D,0
29.66267,75.46677,342.49,0.43,0.38,2023-11-05,815,N,VIIRS,n,2,303.92,5.91,D,0
29.66475,75.21183,330.23,0.43,0.38,2023-11-05,815,N,VIIRS,l,2,302.76,2.92,D,0
29.66689,76.02375,336.2,0.46,0.39,2023-11-05,815,N,VIIRS,n,2,304.52,3.22,D,0
29.66771,76.02062,334.31,0.46,0.39,2023-11-05,815,N,VIIRS,n,2,303.51,2.72,D,0
29.66971,75.5485,346.45,0.44,0.38,2023-11-05,815,N,VIIRS,n,2,308.01,16.14,D,0
29.67648,76.57622,331.88,0.48,0.4,2023-11-05,815,N,VIIRS,n,2,304.8,2.25,D,0
29.67656,76.07044,330.39,0.46,0.39,2023-11-05,815,N,VIIRS,l,2,303.93,4.07,D,0
29.68263,75.50938,335.7,0.44,0.38,2023-11-05,815,N,VIIRS,n,2,304.46,2.82,D,0
29.6853,75.92651,338.49,0.45,0.39,2023-11-05,815,N,VIIRS,l,2,308.66,14.6,D,0
29.68583,75.95994,335.72,0.45,0.39,2023-11-05,815,N,VIIRS,n,2,309.53,4.88,D,0
29.68583,76.43834,346.41,0.47,0.4,2023-11-05,815,N,VIIRS,n,2,304.13,6.92,D,0
29.6882,76.21964,331.63,0.46,0.39,2023-11-05,815,N,VIIRS,l,2,303.39,4.47,D,0
29.69091,75.62843,334.26,0.44,0.38,2023-11-05,815,N,VIIRS,n,2,302.88,3.47,D,0
29.69381,75.5398,332.55,0.44,0.38,2023-11-05,815,N,VIIRS,l,2,304.77,8.09,D,0
29.69612,75.50249,331.82,0.44,0.38,2023-11-05,815,N,VIIRS,l,2,302.19,1.95,D,0
29.69727,75.3476,332.89,0.43,0.38,2023-11-05,815,N,VIIRS,n,2,301.98,2.31,D,0
29.69733,75.53921,332.53,0.44,0.38,2023-11-05,815,N,VIIRS,n,2,301.45,4.16,D,0
29.70086,75.53861,333.8,0.44,0.38,2023-11-05,815,N,VIIRS,l,2,304.16,4.16,D,0
29.7025,75.36037,343.97,0.43,0.38,2023-11-05,815,N,VIIRS,n,2,305.24,11.97,D,0
29.70448,75.62151,333.72,0.44,0.38,2023-11-05,815,N,VIIRS,n,2,303.63,2.83,D,0
29.7047,74.35727,343.8,0.4,0.37,2023-11-05,815,N,VIIRS,n,2,306.25,18.18,D,0
29.70723,75.31403,334.76,0.43,0.38,2023-11-05,815,N,VIIRS,n,2,302.95,3.54,D,0
29.70852,75.99464,334.34,0.46,0.39,2023-11-05,815,N,VIIRS,l,2,305.74,2.85,D,0
29.70986,76.21321,334.89,0.46,0.39,2023-11-05,815,N,VIIRS,n,2,302.46,3.92,D,0
29.71021,75.22748,334.38,0.43,0.38,2023-11-05,815,N,VIIRS,n,2,303.04,3.18,D,0
29.71072,76.82856,334.43,0.49,0.41,2023-11-05,815,N,VIIRS,n,2,303.92,3.43,D,0
29.71105,75.78449,332.26,0.45,0.39,2023-11-05,815,N,VIIRS,n,2,304.2,2.69,D,0
29.71368,75.25399,332.87,0.43,0.38,2023-11-05,815,N,VIIRS,n,2,302.09,3.98,D,0
29.7148,75.31728,336.33,0.43,0.38,2023-11-05,815,N,VIIRS,n,2,302.17,3.91,D,0
29.71697,75.91651,331.97,0.45,0.39,2023-11-05,815,N,VIIRS,n,2,304.55,1.08,D,0
29.71986,74.95314,335.12,0.42,0.38,2023-11-05,815,N,VIIRS,n,2,301.45,2.6,D,0
29.72113,75.94933,331.94,0.45,0.39,2023-11-05,815,N,VIIRS,n,2,306.28,2.32,D,0
29.72178,75.34339,332.03,0.43,0.38,2023-11-05,815,N,VIIRS,n,2,301.56,2.79,D,0
29.72241,75.23892,337.5,0.43,0.38,2023-11-05,815,N,VIIRS,n,2,302.64,6.04,D,0
29.72462,75.4206,331.92,0.43,0.38,2023-11-05,815,N,VIIRS,n,2,302.96,1.7,D,0
29.72547,75.59594,336.85,0.44,0.38,2023-11-05,815,N,VIIRS,n,2,303.43,5.41,D,0
29.72698,75.6831,346.57,0.44,0.39,2023-11-05,815,N,VIIRS,n,2,304.66,11.74,D,0
29.72705,75.66565,333.85,0.44,0.39,2023-11-05,815,N,VIIRS,n,2,303.79,4.04,D,0
29.7277,75.97224,336.55,0.45,0.39,2023-11-05,815,N,VIIRS,n,2,304.44,6.92,D,0
29.72874,75.66877,336.47,0.44,0.39,2023-11-05,815,N,VIIRS,n,2,302.61,3.64,D,0
29.73112,75.33268,335.93,0.43,0.38,2023-11-05,815,N,VIIRS,n,2,303.91,3.97,D,0
29.73599,75.78034,340.8,0.45,0.39,2023-11-05,815,N,VIIRS,n,2,305.86,7.54,D,0
29.73653,75.6547,333.06,0.44,0.39,2023-11-05,815,N,VIIRS,n,2,301.67,2.12,D,0
29.73694,75.34992,341.27,0.43,0.38,2023-11-05,815,N,VIIRS,n,2,303.24,4.15,D,0
29.74088,75.98931,334.95,0.46,0.39,2023-11-05,815,N,VIIRS,n,2,306.05,7.67,D,0
29.74385,75.92642,332.85,0.45,0.39,2023-11-05,815,N,VIIRS,n,2,305.63,1.52,D,0
29.74388,76.04191,337.79,0.46,0.39,2023-11-05,815,N,VIIRS,n,2,306.02,8.47,D,0
29.74439,75.84527,343.37,0.45,0.39,2023-11-05,815,N,VIIRS,n,2,305.29,6.17,D,0
29.74803,75.40746,333.41,0.43,0.38,2023-11-05,815,N,VIIRS,n,2,304.08,2.82,D,0
29.74927,75.99756,335.99,0.46,0.39,2023-11-05,815,N,VIIRS,n,2,308.88,6.01,D,0
29.75287,75.99697,334.9,0.46,0.39,2023-11-05,815,N,VIIRS,n,2,304.39,6.01,D,0
29.75398,75.8913,347.29,0.45,0.39,2023-11-05,815,N,VIIRS,n,2,306.44,4.96,D,0
29.75407,76.00642,338.43,0.46,0.39,2023-11-05,815,N,VIIRS,n,2,306.68,8.29,D,0
29.75409,75.73622,334.15,0.45,0.39,2023-11-05,815,N,VIIRS,n,2,302.96,3.14,D,0
29.75543,75.89253,339.05,0.45,0.39,2023-11-05,815,N,VIIRS,n,2,305.12,5.34,D,0
29.75582,75.93404,335.42,0.45,0.39,2023-11-05,815,N,VIIRS,n,2,306.49,3.72,D,0
29.75797,75.37373,337.2,0.43,0.38,2023-11-05,815,N,VIIRS,n,2,301.77,5.47,D,0
29.76085,75.31395,335.64,0.43,0.38,2023-11-05,815,N,VIIRS,n,2,304.52,3.06,D,0
29.7609,75.3961,336.27,0.43,0.38,2023-11-05,815,N,VIIRS,n,2,302.54,3.82,D,0
29.76429,76.0289,340.4,0.46,0.39,2023-11-05,815,N,VIIRS,n,2,303.47,3.29,D,0
29.76555,76.15514,339.72,0.46,0.39,2023-11-05,815,N,VIIRS,n,2,305.65,3.56,D,0
29.76672,75.35853,342.2,0.43,0.38,2023-11-05,815,N,VIIRS,n,2,306.13,6.49,D,0
29.76729,76.02357,334.84,0.46,0.39,2023-11-05,815,N,VIIRS,n,2,304.77,11.52,D,0
29.76904,75.97987,336.62,0.45,0.39,2023-11-05,815,N,VIIRS,n,2,305.32,8.0,D,0
29.76917,76.15454,331.01,0.46,0.39,2023-11-05,815,N,VIIRS,n,2,303.81,3.03,D,0
29.7695,75.97652,335.21,0.46,0.39,2023-11-05,815,N,VIIRS,l,2,305.29,3.82,D,0
29.77023,75.35793,336.56,0.43,0.38,2023-11-05,815,N,VIIRS,n,2,304.06,6.49,D,0
29.77029,76.01825,334.99,0.46,0.39,2023-11-05,815,N,VIIRS,n,2,304.31,11.52,D,0
29.77066,75.98596,338.92,0.46,0.39,2023-11-05,815,N,VIIRS,n,2,305.91,9.48,D,0
29.77092,76.05202,346.01,0.46,0.39,2023-11-05,815,N,VIIRS,n,2,304.32,8.03,D,0
29.77203,75.42631,336.74,0.43,0.38,2023-11-05,815,N,VIIRS,n,2,300.91,3.21,D,0
29.77324,75.984,352.05,0.46,0.39,2023-11-05,815,N,VIIRS,n,2,306.19,8.0,D,0
29.77368,75.98065,343.98,0.46,0.39,2023-11-05,815,N,VIIRS,n,2,304.86,5.28,D,0
29.77378,75.60642,334.08,0.44,0.38,2023-11-05,815,N,VIIRS,n,2,303.19,3.83,D,0
29.77426,75.98537,339.83,0.46,0.39,2023-11-05,815,N,VIIRS,n,2,301.66,5.28,D,0
29.77489,75.69982,333.95,0.44,0.39,2023-11-05,815,N,VIIRS,n,2,300.52,4.3,D,0
29.77535,75.26151,335.29,0.43,0.38,2023-11-05,815,N,VIIRS,l,2,309.42,24.45,D,0
29.77552,75.9659,337.92,0.45,0.39,2023-11-05,815,N,VIIRS,n,2,310.51,15.68,D,0
29.7758,76.35606,336.39,0.47,0.4,2023-11-05,815,N,VIIRS,n,2,303.85,3.06,D,0
29.77616,75.56879,336.49,0.44,0.38,2023-11-05,815,N,VIIRS,n,2,303.34,3.0,D,0
29.77634,75.8843,344.77,0.45,0.39,2023-11-05,815,N,VIIRS,n,2,301.15,5.91,D,0
29.77674,75.60126,341.03,0.44,0.38,2023-11-05,815,N,VIIRS,n,2,301.77,5.09,D,0
29.77729,75.66189,333.17,0.44,0.39,2023-11-05,815,N,VIIRS,n,2,301.51,2.93,D,0
29.77779,75.33382,338.39,0.43,0.38,2023-11-05,815,N,VIIRS,n,2,304.09,4.9,D,0
29.77793,75.52676,335.59,0.44,0.38,2023-11-05,815,N,VIIRS,n,2,305.66,4.76,D,0
29.77909,75.61951,335.57,0.44,0.38,2023-11-05,815,N,VIIRS,n,2,302.11,3.29,D,0
29.77969,75.56819,343.79,0.44,0.38,2023-11-05,815,N,VIIRS,n,2,309.46,27.51,D,0
29.78026,75.62865,345.98,0.44,0.38,2023-11-05,815,N,VIIRS,n,2,306.7,9.9,D,0
29.78065,76.15757,337.67,0.46,0.39,2023-11-05,815,N,VIIRS,n,2,306.15,8.26,D,0
29.78146,75.52615,334.73,0.44,0.38,2023-11-05,815,N,VIIRS,n,2,302.35,3.0,D,0
29.78271,75.96471,346.56,0.45,0.39,2023-11-05,815,N,VIIRS,n,2,313.71,14.91,D,0
29.78323,75.5676,335.28,0.44,0.38,2023-11-05,815,N,VIIRS,n,2,309.31,27.51,D,0
29.7833,75.96944,335.01,0.45,0.39,2023-11-05,815,N,VIIRS,l,2,305.3,7.76,D,0
29.78381,75.62806,348.35,0.44,0.38,2023-11-05,815,N,VIIRS,n,2,303.03,9.9,D,0
29.78428,76.15698,341.54,0.46,0.39,2023-11-05,815,N,VIIRS,n,2,305.97,6.89,D,0
29.78439,75.66071,344.44,0.44,0.39,2023-11-05,815,N,VIIRS,n,2,306.95,15.73,D,0
29.7844,75.54883,342.72,0.44,0.38,2023-11-05,815,N,VIIRS,n,2,304.94,5.02,D,0
29.7863,75.96413,298.95,0.45,0.39,2023-11-05,815,N,VIIRS,l,2,318.63,68.18,D,0
29.78675,75.65094,341.15,0.44,0.39,2023-11-05,815,N,VIIRS,n,2,303.02,5.31,D,0
29.78689,75.96885,338.18,0.45,0.39,2023-11-05,815,N,VIIRS,n,2,304.61,38.32,D,0
29.78767,75.88721,337.68,0.45,0.39,2023-11-05,815,N,VIIRS,n,2,300.4,3.51,D,0
29.78853,75.63661,340.43,0.44,0.38,2023-11-05,815,N,VIIRS,n,2,303.31,3.82,D,0
29.78912,75.64119,333.16,0.44,0.38,2023-11-05,815,N,VIIRS,n,2,301.23,3.82,D,0
29.79084,76.06004,341.96,0.46,0.39,2023-11-05,815,N,VIIRS,n,2,306.3,18.14,D,0
29.79089,75.65493,347.03,0.44,0.39,2023-11-05,815,N,VIIRS,n,2,305.66,11.6,D,0
29.79148,75.65952,339.35,0.44,0.39,2023-11-05,815,N,VIIRS,n,2,305.49,11.6,D,0
29.79325,75.58917,345.23,0.44,0.38,2023-11-05,815,N,VIIRS,n,2,302.49,6.22,D,0
29.79335,76.02087,336.38,0.46,0.39,2023-11-05,815,N,VIIRS,n,2,306.21,11.98,D,0
29.79378,76.08387,333.62,0.46,0.39,2023-11-05,815,N,VIIRS,n,2,302.01,2.17,D,0
29.79428,75.29134,342.51,0.43,0.38,2023-11-05,815,N,VIIRS,n,2,307.02,12.34,D,0
29.79486,75.29579,334.89,0.43,0.38,2023-11-05,815,N,VIIRS,n,2,305.96,9.07,D,0
29.795,75.54705,337.45,0.44,0.38,2023-11-05,815,N,VIIRS,n,2,304.25,4.34,D,0
29.79679,75.58858,338.35,0.44,0.38,2023-11-05,815,N,VIIRS,n,2,304.5,5.0,D,0
29.79696,76.02027,338.63,0.46,0.39,2023-11-05,815,N,VIIRS,n,2,302.13,11.98,D,0
29.79799,75.65374,345.56,0.44,0.39,2023-11-05,815,N,VIIRS,n,2,303.83,5.19,D,0
29.79883,75.35439,339.64,0.43,0.38,2023-11-05,815,N,VIIRS,n,2,301.69,3.77,D,0
29.79885,75.3576,340.22,0.43,0.38,2023-11-05,815,N,VIIRS,n,2,301.85,4.14,D,0
29.79904,75.21795,335.61,0.43,0.38,2023-11-05,815,N,VIIRS,n,2,306.62,3.39,D,0
29.79924,76.06839,347.55,0.46,0.39,2023-11-05,815,N,VIIRS,n,2,305.1,8.8,D,0
29.7994,75.35887,343.96,0.43,0.38,2023-11-05,815,N,VIIRS,n,2,302.15,5.62,D,0
29.80056,76.01968,335.46,0.46,0.39,2023-11-05,815,N,VIIRS,n,2,306.78,5.75,D,0
29.80153,75.70947,341.41,0.44,0.39,2023-11-05,815,N,VIIRS,n,2,305.03,12.54,D,0
29.80226,76.06303,339.65,0.46,0.39,2023-11-05,815,N,VIIRS,n,2,302.43,8.8,D,0
29.80286,75.38576,341.0,0.43,0.38,2023-11-05,815,N,VIIRS,n,2,302.59,5.25,D,0
29.80291,75.35827,345.79,0.43,0.38,2023-11-05,815,N,VIIRS,n,2,301.24,7.57,D,0
29.80324,75.55495,332.78,0.44,0.38,2023-11-05,815,N,VIIRS,n,2,302.66,1.35,D,0
29.8033,75.63881,339.82,0.44,0.38,2023-11-05,815,N,VIIRS,n,2,307.38,4.54,D,0
29.8039,75.69966,333.43,0.44,0.39,2023-11-05,815,N,VIIRS,n,2,302.7,3.54,D,0
29.80416,76.0191,335.26,0.46,0.39,2023-11-05,815,N,VIIRS,n,2,303.26,5.75,D,0
29.80475,76.02383,339.95,0.46,0.39,2023-11-05,815,N,VIIRS,n,2,301.48,10.22,D,0
29.80684,75.63822,330.04,0.44,0.38,2023-11-05,815,N,VIIRS,n,2,302.08,4.54,D,0
29.80771,76.04758,333.09,0.46,0.39,2023-11-05,815,N,VIIRS,n,2,302.89,3.63,D,0
29.80793,75.53559,332.33,0.44,0.38,2023-11-05,815,N,VIIRS,n,2,302.96,1.11,D,0
29.80889,76.05709,346.51,0.46,0.39,2023-11-05,815,N,VIIRS,n,2,303.22,13.19,D,0
29.81041,75.66572,349.33,0.44,0.39,2023-11-05,815,N,VIIRS,n,2,305.25,9.02,D,0
29.81101,75.72672,333.82,0.45,0.39,2023-11-05,815,N,VIIRS,n,2,303.03,4.9,D,0
29.81108,75.36602,332.81,0.43,0.38,2023-11-05,815,N,VIIRS,n,2,301.89,2.45,D,0
29.81171,76.1395,340.16,0.46,0.39,2023-11-05,815,N,VIIRS,n,2,307.31,26.94,D,0
29.81281,76.17856,344.0,0.46,0.39,2023-11-05,815,N,VIIRS,n,2,306.47,9.08,D,0
29.81395,75.66512,338.0,0.44,0.39,2023-11-05,815,N,VIIRS,n,2,303.47,4.94,D,0
29.81395,75.86375,336.52,0.45,0.39,2023-11-05,815,N,VIIRS,n,2,303.59,4.06,D,0
29.81407,74.69582,333.95,0.41,0.37,2023-11-05,815,N,VIIRS,n,2,300.58,2.15,D,0
29.8149,75.47889,340.88,0.44,0.38,2023-11-05,815,N,VIIRS,n,2,306.12,19.79,D,0
29.81495,75.48033,335.39,0.44,0.38,2023-11-05,815,N,VIIRS,n,2,306.45,19.86,D,0
29.81512,75.64619,345.7,0.44,0.39,2023-11-05,815,N,VIIRS,n,2,308.48,9.77,D,0
29.81703,76.18278,341.62,0.46,0.39,2023-11-05,815,N,VIIRS,n,2,309.9,9.08,D,0
29.81867,75.64559,342.21,0.44,0.39,2023-11-05,815,N,VIIRS,n,2,305.63,6.34,D,0
29.81872,75.8725,343.26,0.45,0.39,2023-11-05,815,N,VIIRS,n,2,304.02,5.94,D,0
29.81936,75.26431,339.82,0.43,0.38,2023-11-05,815,N,VIIRS,n,2,302.69,3.4,D,0
29.82105,75.66393,345.41,0.44,0.39,2023-11-05,815,N,VIIRS,n,2,307.37,11.16,D,0
29.82231,75.78629,335.69,0.45,0.39,2023-11-05,815,N,VIIRS,n,2,303.4,2.27,D,0
29.82285,75.2637,331.18,0.43,0.38,2023-11-05,815,N,VIIRS,n,2,300.23,3.4,D,0
29.82286,75.93407,336.19,0.45,0.39,2023-11-05,815,N,VIIRS,n,2,303.28,6.18,D,0
29.82287,75.1822,331.98,0.43,0.38,2023-11-05,815,N,VIIRS,n,2,300.85,3.1,D,0
29.8232,75.46046,335.45,0.44,0.38,2023-11-05,815,N,VIIRS,n,2,304.44,3.95,D,0
29.82345,75.18661,332.96,0.43,0.38,2023-11-05,815,N,VIIRS,n,2,302.04,3.1,D,0
29.82378,75.46498,336.72,0.44,0.38,2023-11-05,815,N,VIIRS,n,2,303.54,4.37,D,0
29.82484,77.0469,330.23,0.51,0.41,2023-11-05,815,N,VIIRS,n,2,303.26,2.31,D,0
29.82751,75.24474,342.28,0.43,0.38,2023-11-05,815,N,VIIRS,n,2,304.47,4.67,D,0
29.82937,75.70011,333.35,0.44,0.39,2023-11-05,815,N,VIIRS,n,2,303.01,3.75,D,0
29.82962,75.48246,340.66,0.44,0.38,2023-11-05,815,N,VIIRS,n,2,308.9,21.16,D,0
29.82997,75.70472,336.61,0.44,0.39,2023-11-05,815,N,VIIRS,n,2,303.55,6.88,D,0
29.8305,75.65298,330.79,0.44,0.39,2023-11-05,815,N,VIIRS,n,2,303.24,1.91,D,0
29.8314,75.4683,340.02,0.44,0.38,2023-11-05,815,N,VIIRS,n,2,305.97,6.77,D,0
29.83301,75.78451,334.19,0.45,0.39,2023-11-05,815,N,VIIRS,n,2,303.61,3.04,D,0
29.83331,75.15334,335.0,0.43,0.38,2023-11-05,815,N,VIIRS,l,2,305.18,3.46,D,0
29.83363,75.84618,337.98,0.45,0.39,2023-11-05,815,N,VIIRS,n,2,304.3,3.46,D,0
29.83418,75.76537,331.88,0.45,0.39,2023-11-05,815,N,VIIRS,n,2,301.72,5.01,D,0
29.83434,75.46318,334.74,0.44,0.38,2023-11-05,815,N,VIIRS,n,2,304.43,6.77,D,0
29.83445,75.13514,337.29,0.42,0.38,2023-11-05,815,N,VIIRS,n,2,304.29,5.57,D,0
29.83478,75.77,334.07,0.45,0.39,2023-11-05,815,N,VIIRS,l,2,304.44,4.88,D,0
29.83483,75.85552,331.34,0.45,0.39,2023-11-05,815,N,VIIRS,l,2,301.81,1.34,D,0
29.83492,75.4677,335.13,0.44,0.38,2023-11-05,815,N,VIIRS,n,2,302.89,6.77,D,0
29.83508,75.66788,332.95,0.44,0.39,2023-11-05,815,N,VIIRS,l,2,303.14,6.76,D,0
29.83584,75.66615,339.56,0.44,0.39,2023-11-05,815,N,VIIRS,n,2,307.56,16.09,D,0
29.83819,75.65638,336.26,0.44,0.39,2023-11-05,815,N,VIIRS,n,2,302.8,2.14,D,0
29.83834,75.76941,333.97,0.45,0.39,2023-11-05,815,N,VIIRS,n,2,303.43,4.88,D,0
29.83845,75.46709,335.53,0.44,0.38,2023-11-05,815,N,VIIRS,n,2,304.2,3.38,D,0
29.83863,75.66728,335.63,0.44,0.39,2023-11-05,815,N,VIIRS,n,2,302.96,6.76,D,0
29.83871,75.63913,330.23,0.44,0.39,2023-11-05,815,N,VIIRS,l,2,303.25,3.07,D,0
29.83907,75.11636,332.19,0.42,0.38,2023-11-05,815,N,VIIRS,n,2,303.65,2.15,D,0
29.84078,76.04703,338.43,0.46,0.39,2023-11-05,815,N,VIIRS,n,2,303.01,8.41,D,0
29.84255,75.11576,347.0,0.42,0.38,2023-11-05,815,N,VIIRS,n,2,304.21,8.72,D,0
29.84316,75.83507,330.49,0.45,0.39,2023-11-05,815,N,VIIRS,l,2,305.37,2.9,D,0
29.84318,75.86368,339.81,0.45,0.39,2023-11-05,815,N,VIIRS,n,2,306.68,10.46,D,0
29.8445,75.68509,337.38,0.44,0.39,2023-11-05,815,N,VIIRS,n,2,303.94,3.79,D,0
29.84494,75.8205,344.28,0.45,0.39,2023-11-05,815,N,VIIRS,n,2,307.04,13.65,D,0
29.84707,75.59095,343.83,0.44,0.38,2023-11-05,815,N,VIIRS,n,2,304.78,3.58,D,0
29.84848,75.74571,338.57,0.45,0.39,2023-11-05,815,N,VIIRS,n,2,304.26,2.44,D,0
29.84898,75.16416,335.44,0.43,0.38,2023-11-05,815,N,VIIRS,n,2,303.82,2.96,D,0
29.84963,76.23665,341.16,0.47,0.4,2023-11-05,815,N,VIIRS,n,2,307.02,6.63,D,0
29.8502,75.74851,332.92,0.45,0.39,2023-11-05,815,N,VIIRS,l,2,304.97,1.76,D,0
29.85098,75.92464,334.72,0.45,0.39,2023-11-05,815,N,VIIRS,n,2,303.33,3.48,D,0
29.85236,75.60406,330.15,0.44,0.38,2023-11-05,815,N,VIIRS,l,2,301.24,8.66,D,0
29.85263,76.26092,340.07,0.47,0.4,2023-11-05,815,N,VIIRS,n,2,308.75,7.31,D,0
29.85272,75.85255,336.42,0.45,0.39,2023-11-05,815,N,VIIRS,n,2,304.96,5.44,D,0
29.85316,75.38634,334.06,0.43,0.38,2023-11-05,815,N,VIIRS,n,2,302.77,4.86,D,0
29.85337,75.91464,334.71,0.45,0.39,2023-11-05,815,N,VIIRS,n,2,304.46,2.7,D,0
29.85464,75.65051,337.74,0.44,0.39,2023-11-05,815,N,VIIRS,n,2,303.52,4.38,D,0
29.85628,76.26033,339.35,0.47,0.4,2023-11-05,815,N,VIIRS,n,2,305.45,7.31,D,0
29.85776,75.53328,336.64,0.44,0.38,2023-11-05,815,N,VIIRS,n,2,304.16,5.89,D,0
29.85817,75.92345,339.97,0.45,0.39,2023-11-05,815,N,VIIRS,n,2,307.25,23.09,D,0
29.85879,75.95702,333.9,0.45,0.39,2023-11-05,815,N,VIIRS,n,2,302.13,3.22,D,0
29.85909,75.77235,337.33,0.45,0.39,2023-11-05,815,N,VIIRS,n,2,305.77,7.25,D,0
29.85967,75.77699,336.24,0.45,0.39,2023-11-05,815,N,VIIRS,n,2,302.6,5.46,D,0
29.86033,75.75319,334.95,0.45,0.39,2023-11-05,815,N,VIIRS,n,2,304.6,2.95,D,0
29.86182,76.00964,332.01,0.46,0.39,2023-11-05,815,N,VIIRS,l,2,302.35,6.31,D,0
29.86242,76.01437,347.44,0.46,0.39,2023-11-05,815,N,VIIRS,n,2,305.48,10.45,D,0
29.86266,75.77174,345.32,0.45,0.39,2023-11-05,815,N,VIIRS,n,2,305.42,7.48,D,0
29.86294,75.63036,343.92,0.44,0.39,2023-11-05,815,N,VIIRS,n,2,308.03,9.92,D,0
29.86356,75.93698,337.66,0.45,0.39,2023-11-05,815,N,VIIRS,n,2,303.85,3.74,D,0
29.86477,75.58796,334.48,0.44,0.38,2023-11-05,815,N,VIIRS,n,2,303.41,2.32,D,0
29.86598,75.29269,334.31,0.43,0.38,2023-11-05,815,N,VIIRS,n,2,302.37,3.36,D,0
29.86645,75.65791,344.75,0.44,0.39,2023-11-05,815,N,VIIRS,n,2,311.59,33.93,D,0
29.86661,75.9895,336.68,0.46,0.39,2023-11-05,815,N,VIIRS,n,2,304.11,7.72,D,0
29.86698,76.65823,330.34,0.49,0.4,2023-11-05,815,N,VIIRS,n,2,302.81,1.98,D,0
29.86779,75.97,333.18,0.46,0.39,2023-11-05,815,N,VIIRS,n,2,301.92,3.96,D,0
29.8684,75.97473,342.73,0.46,0.39,2023-11-05,815,N,VIIRS,n,2,302.0,9.0,D,0
29.86954,75.51272,344.32,0.44,0.38,2023-11-05,815,N,VIIRS,n,2,303.64,5.47,D,0
29.87049,75.71842,333.91,0.45,0.39,2023-11-05,815,N,VIIRS,l,2,304.96,5.06,D,0
29.87073,75.43854,348.11,0.44,0.38,2023-11-05,815,N,VIIRS,n,2,304.68,7.71,D,0
29.87108,75.72305,333.79,0.45,0.39,2023-11-05,815,N,VIIRS,n,2,302.82,5.06,D,0
29.87131,75.44305,335.64,0.44,0.38,2023-11-05,815,N,VIIRS,n,2,303.62,7.71,D,0
29.87187,75.5588,338.08,0.44,0.38,2023-11-05,815,N,VIIRS,n,2,305.44,8.64,D,0
29.872,75.97414,346.72,0.46,0.39,2023-11-05,815,N,VIIRS,n,2,303.52,9.0,D,0
29.87305,75.53998,341.32,0.44,0.38,2023-11-05,815,N,VIIRS,n,2,306.22,13.32,D,0
29.87741,75.98773,334.39,0.46,0.39,2023-11-05,815,N,VIIRS,n,2,302.26,3.96,D,0
29.87775,75.57644,334.61,0.44,0.38,2023-11-05,815,N,VIIRS,l,2,305.56,4.59,D,0
29.87875,75.9894,345.38,0.46,0.39,2023-11-05,815,N,VIIRS,n,2,302.13,5.29,D,0
29.87893,75.93144,335.95,0.45,0.39,2023-11-05,815,N,VIIRS,n,2,303.34,3.47,D,0
29.8793,76.06016,336.29,0.46,0.39,2023-11-05,815,N,VIIRS,n,2,303.72,3.57,D,0
29.87942,75.9651,346.52,0.46,0.39,2023-11-05,815,N,VIIRS,n,2,303.17,7.3,D,0
29.87959,75.9073,333.57,0.45,0.39,2023-11-05,815,N,VIIRS,n,2,303.33,3.71,D,0
29.88017,75.91201,334.01,0.45,0.39,2023-11-05,815,N,VIIRS,n,2,303.7,3.71,D,0
29.88078,74.96762,332.13,0.42,0.38,2023-11-05,815,N,VIIRS,n,2,303.18,2.33,D,0
29.88113,75.74499,340.95,0.45,0.39,2023-11-05,815,N,VIIRS,n,2,303.96,3.36,D,0
29.88121,75.68835,351.03,0.44,0.39,2023-11-05,815,N,VIIRS,n,2,310.24,44.63,D,0
29.88136,74.97198,330.62,0.42,0.38,2023-11-05,815,N,VIIRS,n,2,301.29,2.33,D,0
29.88185,75.95504,338.49,0.46,0.39,2023-11-05,815,N,VIIRS,n,2,302.28,6.17,D,0
29.88188,75.46896,330.04,0.44,0.38,2023-11-05,815,N,VIIRS,n,2,301.72,1.61,D,0
29.88244,75.41811,343.18,0.43,0.38,2023-11-05,815,N,VIIRS,n,2,304.0,7.69,D,0
29.88247,75.4735,333.02,0.44,0.38,2023-11-05,815,N,VIIRS,n,2,301.4,2.72,D,0
29.88248,75.55699,337.31,0.44,0.38,2023-11-05,815,N,VIIRS,n,2,303.47,3.51,D,0
29.88252,75.93085,338.37,0.45,0.39,2023-11-05,815,N,VIIRS,n,2,302.05,4.16,D,0
29.88267,75.87324,336.18,0.45,0.39,2023-11-05,815,N,VIIRS,n,2,302.95,6.19,D,0
29.88279,75.81592,333.33,0.45,0.39,2023-11-05,815,N,VIIRS,n,2,302.2,1.6,D,0
29.88423,75.5987,333.7,0.44,0.38,2023-11-05,815,N,VIIRS,n,2,302.68,5.38,D,0
29.88469,75.74438,330.12,0.45,0.39,2023-11-05,815,N,VIIRS,n,2,301.4,3.36,D,0
29.88594,75.69697,333.05,0.44,0.39,2023-11-05,815,N,VIIRS,n,2,302.12,1.08,D,0
29.88601,75.5564,338.45,0.44,0.38,2023-11-05,815,N,VIIRS,n,2,302.86,5.16,D,0
29.88714,75.67793,334.06,0.44,0.39,2023-11-05,815,N,VIIRS,n,2,303.47,3.66,D,0
29.88826,75.74379,337.45,0.45,0.39,2023-11-05,815,N,VIIRS,n,2,304.14,3.4,D,0
29.88853,75.92023,344.64,0.45,0.39,2023-11-05,815,N,VIIRS,n,2,305.91,11.67,D,0
29.88884,75.74842,334.02,0.45,0.39,2023-11-05,815,N,VIIRS,n,2,303.1,3.4,D,0
29.88888,76.01192,332.4,0.46,0.39,2023-11-05,815,N,VIIRS,n,2,303.03,1.43,D,0
29.88912,75.92494,331.52,0.45,0.39,2023-11-05,815,N,VIIRS,l,2,303.64,3.72,D,0
29.88918,75.89612,338.07,0.45,0.39,2023-11-05,815,N,VIIRS,n,2,303.32,7.73,D,0
29.88935,75.81007,338.36,0.45,0.39,2023-11-05,815,N,VIIRS,n,2,303.35,4.24,D,0
29.88983,75.87205,337.9,0.45,0.39,2023-11-05,815,N,VIIRS,n,2,304.94,10.34,D,0
29.88994,75.81473,334.9,0.45,0.39,2023-11-05,815,N,VIIRS,n,2,302.36,4.24,D,0
29.89101,75.88143,331.16,0.45,0.39,2023-11-05,815,N,VIIRS,l,2,301.91,5.88,D,0
29.89146,75.94381,335.89,0.45,0.39,2023-11-05,815,N,VIIRS,n,2,304.81,4.02,D,0
29.89182,75.74319,332.15,0.45,0.39,2023-11-05,815,N,VIIRS,n,2,302.77,3.4,D,0
29.8924,75.74783,333.25,0.45,0.39,2023-11-05,815,N,VIIRS,n,2,303.96,3.4,D,0
29.89292,75.80946,342.37,0.45,0.39,2023-11-05,815,N,VIIRS,n,2,302.75,4.24,D,0
29.89303,75.72409,339.78,0.45,0.39,2023-11-05,815,N,VIIRS,n,2,302.9,12.25,D,0
29.89358,75.75711,330.86,0.45,0.39,2023-11-05,815,N,VIIRS,n,2,301.21,2.26,D,0
29.8942,75.453,340.66,0.44,0.38,2023-11-05,815,N,VIIRS,n,2,302.02,4.31,D,0
29.89528,75.82813,333.48,0.45,0.39,2023-11-05,815,N,VIIRS,n,2,302.03,5.82,D,0
29.89656,75.75187,342.83,0.45,0.39,2023-11-05,815,N,VIIRS,n,2,307.32,10.24,D,0
29.89715,75.75652,334.06,0.45,0.39,2023-11-05,815,N,VIIRS,n,2,302.61,10.24,D,0
29.89717,75.72812,346.93,0.45,0.39,2023-11-05,815,N,VIIRS,n,2,310.07,12.25,D,0
29.89727,75.28458,340.05,0.43,0.38,2023-11-05,815,N,VIIRS,n,2,302.23,3.19,D,0
29.89746,75.2873,333.44,0.43,0.38,2023-11-05,815,N,VIIRS,n,2,301.55,2.91,D,0
29.89781,75.59174,340.84,0.44,0.38,2023-11-05,815,N,VIIRS,n,2,304.99,6.61,D,0
29.89833,75.7658,346.39,0.45,0.39,2023-11-05,815,N,VIIRS,n,2,304.98,10.67,D,0
29.89837,75.70903,333.73,0.45,0.39,2023-11-05,815,N,VIIRS,n,2,303.42,3.45,D,0
29.89851,75.23885,332.75,0.43,0.38,2023-11-05,815,N,VIIRS,n,2,302.03,2.86,D,0
29.89944,75.83221,336.97,0.45,0.39,2023-11-05,815,N,VIIRS,n,2,304.45,4.69,D,0
29.90095,75.99056,336.56,0.46,0.39,2023-11-05,815,N,VIIRS,n,2,304.56,3.98,D,0
29.90125,75.81761,343.0,0.45,0.39,2023-11-05,815,N,VIIRS,n,2,305.14,9.25,D,0
29.90166,75.93731,347.65,0.45,0.39,2023-11-05,815,N,VIIRS,n,2,306.71,7.24,D,0
29.9019,75.76521,333.84,0.45,0.39,2023-11-05,815,N,VIIRS,n,2,306.34,10.67,D,0
29.90249,75.76985,333.46,0.45,0.39,2023-11-05,815,N,VIIRS,n,2,301.93,10.76,D,0
29.9029,75.38245,331.67,0.43,0.38,2023-11-05,815,N,VIIRS,n,2,301.38,3.7,D,0
29.90372,75.66576,344.97,0.44,0.39,2023-11-05,815,N,VIIRS,n,2,307.4,16.55,D,0
29.90455,75.98997,335.07,0.46,0.39,2023-11-05,815,N,VIIRS,n,2,303.55,12.2,D,0
29.90499,75.15168,334.36,0.43,0.38,2023-11-05,815,N,VIIRS,n,2,302.42,3.64,D,0
29.90532,75.42805,334.58,0.44,0.38,2023-11-05,815,N,VIIRS,n,2,301.03,2.93,D,0
29.90548,75.59512,337.5,0.44,0.38,2023-11-05,815,N,VIIRS,n,2,301.71,3.55,D,0
29.90651,75.43707,333.14,0.44,0.38,2023-11-05,815,N,VIIRS,n,2,300.71,2.31,D,0
29.90716,75.8644,343.06,0.45,0.39,2023-11-05,815,N,VIIRS,n,2,307.07,11.08,D,0
29.90727,76.10144,333.42,0.46,0.39,2023-11-05,815,N,VIIRS,n,2,302.8,3.27,D,0
29.90775,75.86909,334.23,0.45,0.39,2023-11-05,815,N,VIIRS,n,2,301.63,11.08,D,0
29.90846,75.70263,338.8,0.45,0.39,2023-11-05,815,N,VIIRS,n,2,302.7,3.36,D,0
29.91003,75.94557,333.23,0.46,0.39,2023-11-05,815,N,VIIRS,n,2,301.3,14.29,D,0
29.91021,75.60368,330.67,0.44,0.38,2023-11-05,815,N,VIIRS,l,2,301.42,2.93,D,0
29.91379,75.71589,331.75,0.45,0.39,2023-11-05,815,N,VIIRS,l,2,303.82,4.11,D,0
29.91526,75.34091,333.9,0.43,0.38,2023-11-05,815,N,VIIRS,n,2,300.44,3.26,D,0
29.91595,75.99293,351.66,0.46,0.39,2023-11-05,815,N,VIIRS,n,2,308.18,17.39,D,0
29.91611,75.59333,349.67,0.44,0.38,2023-11-05,815,N,VIIRS,n,2,304.27,10.9,D,0
29.91617,75.7344,346.04,0.45,0.39,2023-11-05,815,N,VIIRS,n,2,304.53,14.53,D,0
29.9166,75.13163,333.87,0.43,0.38,2023-11-05,815,N,VIIRS,n,2,301.67,3.34,D,0
29.91814,76.09966,336.6,0.46,0.39,2023-11-05,815,N,VIIRS,n,2,305.52,9.04,D,0
29.91854,75.72455,333.78,0.45,0.39,2023-11-05,815,N,VIIRS,l,2,304.49,2.63,D,0
29.91877,75.34031,335.41,0.43,0.38,2023-11-05,815,N,VIIRS,n,2,301.34,3.26,D,0
29.91905,75.58816,334.72,0.44,0.38,2023-11-05,815,N,VIIRS,n,2,303.13,2.96,D,0
29.91968,75.62082,332.37,0.44,0.39,2023-11-05,815,N,VIIRS,n,2,300.91,2.76,D,0
29.91972,75.67719,333.81,0.44,0.39,2023-11-05,815,N,VIIRS,n,2,303.69,1.6,D,0
29.91983,75.40444,334.99,0.43,0.38,2023-11-05,815,N,VIIRS,n,2,303.24,4.61,D,0
29.91991,76.11407,333.0,0.46,0.39,2023-11-05,815,N,VIIRS,n,2,302.88,4.6,D,0
29.92027,75.62542,333.51,0.44,0.39,2023-11-05,815,N,VIIRS,n,2,302.78,4.03,D,0
29.92087,75.88608,341.83,0.45,0.39,2023-11-05,815,N,VIIRS,n,2,304.6,6.27,D,0
29.92092,75.77153,336.5,0.45,0.39,2023-11-05,815,N,VIIRS,n,2,305.0,9.17,D,0
29.92141,75.57842,330.58,0.44,0.38,2023-11-05,815,N,VIIRS,l,2,302.14,6.04,D,0
29.922,75.95324,331.83,0.46,0.39,2023-11-05,815,N,VIIRS,n,2,301.23,1.82,D,0
29.92203,75.61105,334.14,0.44,0.38,2023-11-05,815,N,VIIRS,n,2,301.88,2.54,D,0
29.92203,75.92432,331.05,0.45,0.39,2023-11-05,815,N,VIIRS,n,2,300.31,1.9,D,0
29.9233,75.4315,339.4,0.44,0.38,2023-11-05,815,N,VIIRS,n,2,303.43,3.3,D,0
29.92355,75.21185,344.25,0.43,0.38,2023-11-05,815,N,VIIRS,n,2,304.34,6.76,D,0
29.92442,75.62941,337.87,0.44,0.39,2023-11-05,815,N,VIIRS,n,2,303.66,4.16,D,0
29.92566,76.40639,333.89,0.48,0.4,2023-11-05,815,N,VIIRS,l,2,305.65,4.52,D,0
29.92624,75.89957,343.45,0.45,0.39,2023-11-05,815,N,VIIRS,n,2,305.35,11.0,D,0
29.92625,75.69965,338.27,0.45,0.39,2023-11-05,815,N,VIIRS,n,2,307.32,13.78,D,0
29.927,76.40894,346.91,0.48,0.4,2023-11-05,815,N,VIIRS,n,2,306.86,7.84,D,0
29.92786,76.059,334.01,0.46,0.39,2023-11-05,815,N,VIIRS,n,2,302.88,3.92,D,0
29.92796,75.62881,336.58,0.44,0.39,2023-11-05,815,N,VIIRS,n,2,302.45,4.16,D,0
29.92803,75.9137,335.78,0.45,0.39,2023-11-05,815,N,VIIRS,n,2,303.03,3.59,D,0
29.92848,75.57723,348.33,0.44,0.38,2023-11-05,815,N,VIIRS,n,2,304.75,13.38,D,0
29.92871,75.33403,334.51,0.43,0.38,2023-11-05,815,N,VIIRS,n,2,301.81,3.43,D,0
29.92912,75.60986,332.82,0.44,0.38,2023-11-05,815,N,VIIRS,n,2,302.05,2.25,D,0
29.92916,75.638,333.56,0.44,0.39,2023-11-05,815,N,VIIRS,n,2,302.23,4.62,D,0
29.92937,75.1746,338.07,0.43,0.38,2023-11-05,815,N,VIIRS,n,2,301.91,4.08,D,0
29.93048,75.31998,345.98,0.43,0.38,2023-11-05,815,N,VIIRS,n,2,308.56,26.16,D,0
29.93126,76.17612,333.4,0.47,0.39,2023-11-05,815,N,VIIRS,n,2,301.97,3.51,D,0
29.93133,75.52282,335.6,0.44,0.38,2023-11-05,815,N,VIIRS,n,2,303.19,2.67,D,0
29.93215,76.0048,334.61,0.46,0.39,2023-11-05,815,N,VIIRS,n,2,302.86,3.32,D,0
29.93326,75.61385,330.86,0.44,0.39,2023-11-05,815,N,VIIRS,n,2,301.93,2.49,D,0
29.93399,75.73144,346.13,0.45,0.39,2023-11-05,815,N,VIIRS,n,2,305.37,8.19,D,0
29.93456,75.32386,330.69,0.43,0.38,2023-11-05,815,N,VIIRS,l,2,304.17,2.8,D,0
29.93463,75.85027,330.4,0.45,0.39,2023-11-05,815,N,VIIRS,l,2,303.7,3.24,D,0
29.93509,75.38342,347.28,0.43,0.38,2023-11-05,815,N,VIIRS,n,2,304.17,8.35,D,0
29.93581,75.83095,336.97,0.45,0.39,2023-11-05,815,N,VIIRS,n,2,303.34,3.43,D,0
29.93594,76.24461,345.82,0.47,0.4,2023-11-05,815,N,VIIRS,n,2,308.06,5.58,D,0
29.93641,75.86433,333.4,0.45,0.39,2023-11-05,815,N,VIIRS,n,2,301.19,4.06,D,0
29.93692,75.2869,332.41,0.43,0.38,2023-11-05,815,N,VIIRS,n,2,302.35,6.88,D,0
29.93695,75.72621,347.11,0.45,0.39,2023-11-05,815,N,VIIRS,n,2,304.94,9.68,D,0
29.93723,75.51252,340.43,0.44,0.38,2023-11-05,815,N,VIIRS,n,2,303.15,3.74,D,0
29.93755,75.73084,347.32,0.45,0.39,2023-11-05,815,N,VIIRS,n,2,304.86,9.68,D,0
29.93865,75.32774,346.72,0.43,0.38,2023-11-05,815,N,VIIRS,n,2,303.95,7.76,D,0
29.93908,75.00652,346.7,0.42,0.38,2023-11-05,815,N,VIIRS,n,2,304.19,9.6,D,0
29.93955,75.53074,340.12,0.44,0.38,2023-11-05,815,N,VIIRS,n,2,302.86,8.16,D,0
29.94039,75.15007,333.01,0.43,0.38,2023-11-05,815,N,VIIRS,n,2,302.13,2.48,D,0
29.94056,75.78252,341.12,0.45,0.39,2023-11-05,815,N,VIIRS,n,2,302.66,4.93,D,0
29.94206,75.43756,332.92,0.44,0.38,2023-11-05,815,N,VIIRS,n,2,301.77,4.54,D,0
29.94239,75.85377,331.52,0.45,0.39,2023-11-05,815,N,VIIRS,l,2,302.53,3.63,D,0
29.94259,75.03275,331.7,0.42,0.38,2023-11-05,815,N,VIIRS,n,2,302.46,5.71,D,0
29.94264,75.44209,332.72,0.44,0.38,2023-11-05,815,N,VIIRS,n,2,301.57,4.54,D,0
29.94309,75.53014,344.58,0.44,0.38,2023-11-05,815,N,VIIRS,n,2,302.47,8.16,D,0
29.94317,75.03713,332.73,0.42,0.38,2023-11-05,815,N,VIIRS,n,2,300.84,5.26,D,0
29.94359,75.86314,337.72,0.45,0.39,2023-11-05,815,N,VIIRS,n,2,303.7,7.81,D,0
29.94362,74.9611,332.7,0.42,0.38,2023-11-05,815,N,VIIRS,n,2,302.92,1.91,D,0
29.94413,75.78193,346.34,0.45,0.39,2023-11-05,815,N,VIIRS,n,2,304.38,11.92,D,0
29.94416,76.01254,333.96,0.46,0.39,2023-11-05,815,N,VIIRS,l,2,305.43,7.35,D,0
29.94477,75.8438,337.92,0.45,0.39,2023-11-05,815,N,VIIRS,n,2,305.27,11.43,D,0
29.94596,76.02682,336.39,0.46,0.39,2023-11-05,815,N,VIIRS,n,2,303.08,5.26,D,0
29.94651,76.09014,336.95,0.46,0.39,2023-11-05,815,N,VIIRS,n,2,306.46,4.89,D,0
29.94657,75.55753,332.77,0.44,0.38,2023-11-05,815,N,VIIRS,n,2,302.65,7.73,D,0
29.94681,75.36304,332.15,0.43,0.38,2023-11-05,815,N,VIIRS,n,2,300.75,1.67,D,0
29.94739,75.70772,333.56,0.45,0.39,2023-11-05,815,N,VIIRS,n,2,303.1,5.79,D,0
29.94768,75.75284,334.07,0.45,0.39,2023-11-05,815,N,VIIRS,n,2,303.83,4.96,D,0
29.94768,76.12917,335.12,0.46,0.39,2023-11-05,815,N,VIIRS,l,2,306.71,3.87,D,0
29.94773,75.56667,336.88,0.44,0.38,2023-11-05,815,N,VIIRS,n,2,302.1,3.02,D,0
29.94837,75.87193,330.3,0.45,0.39,2023-11-05,815,N,VIIRS,n,2,302.07,1.92,D,0
29.9488,75.70533,336.5,0.45,0.39,2023-11-05,815,N,VIIRS,n,2,302.62,4.74,D,0
29.95,75.6131,342.66,0.44,0.39,2023-11-05,815,N,VIIRS,n,2,303.6,28.41,D,0
29.9501,75.79997,346.82,0.45,0.39,2023-11-05,815,N,VIIRS,n,2,301.55,5.34,D,0
29.95013,76.08955,340.13,0.46,0.39,2023-11-05,815,N,VIIRS,n,2,303.87,4.89,D,0
29.95016,75.52895,333.44,0.44,0.38,2023-11-05,815,N,VIIRS,n,2,302.0,4.35,D,0
29.95017,76.03099,337.25,0.46,0.39,2023-11-05,815,N,VIIRS,n,2,301.57,6.75,D,0
29.9513,76.12857,336.24,0.46,0.39,2023-11-05,815,N,VIIRS,l,2,306.84,9.41,D,0
29.95133,75.83794,350.69,0.45,0.39,2023-11-05,815,N,VIIRS,n,2,307.25,19.24,D,0
29.95201,75.45899,330.58,0.44,0.38,2023-11-05,815,N,VIIRS,n,2,301.09,2.95,D,0
29.95296,75.70936,338.17,0.45,0.39,2023-11-05,815,N,VIIRS,n,2,304.96,4.74,D,0
29.95377,75.75877,341.29,0.45,0.39,2023-11-05,815,N,VIIRS,n,2,303.76,5.34,D,0
29.95435,75.76344,334.37,0.45,0.39,2023-11-05,815,N,VIIRS,n,2,304.76,6.23,D,0
29.95441,75.39393,334.89,0.43,0.38,2023-11-05,815,N,VIIRS,n,2,301.49,5.12,D,0
29.95451,75.70653,339.49,0.45,0.39,2023-11-05,815,N,VIIRS,n,2,303.3,2.52,D,0
29.95485,75.78016,333.72,0.45,0.39,2023-11-05,815,N,VIIRS,n,2,301.04,2.45,D,0
29.95491,75.83734,349.98,0.45,0.39,2023-11-05,815,N,VIIRS,n,2,306.1,19.24,D,0
29.95509,75.71116,330.25,0.45,0.39,2023-11-05,815,N,VIIRS,l,2,303.64,2.52,D,0
29.95554,75.4584,337.6,0.44,0.38,2023-11-05,815,N,VIIRS,n,2,301.15,2.95,D,0
29.95601,75.76095,339.72,0.45,0.39,2023-11-05,815,N,VIIRS,n,2,304.97,8.97,D,0
29.95605,75.78947,343.13,0.45,0.39,2023-11-05,815,N,VIIRS,n,2,303.55,6.66,D,0
29.95676,75.35674,338.17,0.43,0.38,2023-11-05,815,N,VIIRS,n,2,303.09,5.4,D,0
29.95679,75.99591,342.52,0.46,0.39,2023-11-05,815,N,VIIRS,n,2,302.02,5.22,D,0
29.95735,76.11776,335.13,0.46,0.39,2023-11-05,815,N,VIIRS,n,2,303.29,3.92,D,0
29.95758,75.01224,334.53,0.42,0.38,2023-11-05,815,N,VIIRS,n,2,302.27,3.34,D,0
29.95783,75.79139,335.4,0.45,0.39,2023-11-05,815,N,VIIRS,n,2,302.24,2.84,D,0
29.95842,75.77956,330.25,0.45,0.39,2023-11-05,815,N,VIIRS,n,2,302.35,1.62,D,0
29.96159,76.09257,336.36,0.46,0.39,2023-11-05,815,N,VIIRS,n,2,305.91,7.25,D,0
29.96234,75.65331,343.08,0.44,0.39,2023-11-05,815,N,VIIRS,n,2,307.16,21.35,D,0
29.96261,75.37412,347.68,0.43,0.38,2023-11-05,815,N,VIIRS,n,2,305.83,16.27,D,0
29.96378,75.35555,336.83,0.43,0.38,2023-11-05,815,N,VIIRS,n,2,302.98,2.05,D,0
29.96419,75.61071,337.17,0.44,0.39,2023-11-05,815,N,VIIRS,n,2,302.46,18.34,D,0
29.96451,75.88365,345.99,0.45,0.39,2023-11-05,815,N,VIIRS,n,2,306.49,13.96,D,0
29.96554,75.42433,346.8,0.44,0.38,2023-11-05,815,N,VIIRS,n,2,307.12,8.94,D,0
29.96561,75.80692,346.9,0.45,0.39,2023-11-05,815,N,VIIRS,n,2,306.94,8.29,D,0
29.96589,75.65271,341.27,0.44,0.39,2023-11-05,815,N,VIIRS,l,2,312.86,21.35,D,0
29.96652,75.62909,337.24,0.44,0.39,2023-11-05,815,N,VIIRS,n,2,303.33,3.95,D,0
29.96729,75.41017,335.31,0.44,0.38,2023-11-05,815,N,VIIRS,n,2,305.06,7.49,D,0
29.96731,75.80888,336.19,0.45,0.39,2023-11-05,815,N,VIIRS,n,2,305.37,7.12,D,0
29.96758,75.96508,335.44,0.46,0.39,2023-11-05,815,N,VIIRS,n,2,300.96,2.54,D,0
29.96773,75.61011,353.95,0.44,0.39,2023-11-05,815,N,VIIRS,n,2,310.09,18.34,D,0
29.96802,74.81148,341.11,0.42,0.37,2023-11-05,815,N,VIIRS,n,2,305.58,9.28,D,0
29.96813,75.91189,334.29,0.45,0.39,2023-11-05,815,N,VIIRS,l,2,304.42,4.39,D,0
29.96815,75.09117,338.04,0.42,0.38,2023-11-05,815,N,VIIRS,n,2,302.09,5.26,D,0
29.96823,76.05727,349.66,0.46,0.39,2023-11-05,815,N,VIIRS,n,2,304.47,6.08,D,0
29.96846,75.44694,335.89,0.44,0.38,2023-11-05,815,N,VIIRS,n,2,300.81,4.88,D,0
29.96859,74.89552,336.09,0.42,0.38,2023-11-05,815,N,VIIRS,n,2,302.32,3.08,D,0
29.96939,75.68041,331.74,0.45,0.39,2023-11-05,815,N,VIIRS,n,2,302.49,2.51,D,0
29.96955,75.56766,335.32,0.44,0.38,2023-11-05,815,N,VIIRS,n,2,302.29,2.61,D,0
29.96961,75.5117,334.82,0.44,0.38,2023-11-05,815,N,VIIRS,l,2,305.07,8.38,D,0
29.97019,75.51625,345.8,0.44,0.38,2023-11-05,815,N,VIIRS,n,2,305.53,15.05,D,0
29.97022,75.46053,346.17,0.44,0.38,2023-11-05,815,N,VIIRS,n,2,302.1,9.79,D,0
29.97139,75.4696,331.4,0.44,0.38,2023-11-05,815,N,VIIRS,n,2,300.31,1.57,D,0
29.97173,75.91129,334.31,0.45,0.39,2023-11-05,815,N,VIIRS,n,2,302.25,4.39,D,0
29.97181,75.99828,338.78,0.46,0.39,2023-11-05,815,N,VIIRS,n,2,304.61,6.91,D,0
29.97183,76.02744,332.09,0.46,0.39,2023-11-05,815,N,VIIRS,l,2,302.21,4.03,D,0
29.97303,75.62329,333.28,0.44,0.39,2023-11-05,815,N,VIIRS,n,2,302.99,2.82,D,0
29.97309,75.56706,345.53,0.44,0.38,2023-11-05,815,N,VIIRS,n,2,304.21,16.43,D,0
29.97316,75.4554,331.27,0.44,0.38,2023-11-05,815,N,VIIRS,n,2,300.62,2.39,D,0
29.97427,76.13466,338.84,0.46,0.39,2023-11-05,815,N,VIIRS,n,2,306.21,4.74,D,0
29.97488,74.99694,334.82,0.42,0.38,2023-11-05,815,N,VIIRS,n,2,302.53,3.06,D,0
29.97488,76.13947,330.55,0.46,0.39,2023-11-05,815,N,VIIRS,l,2,301.89,4.74,D,0
29.97546,75.55731,345.06,0.44,0.38,2023-11-05,815,N,VIIRS,n,2,307.23,21.77,D,0
29.97548,75.52933,338.1,0.44,0.38,2023-11-05,815,N,VIIRS,n,2,301.96,5.11,D,0
29.97548,76.11481,345.71,0.46,0.39,2023-11-05,815,N,VIIRS,n,2,306.23,4.23,D,0
29.97587,75.70295,343.09,0.45,0.39,2023-11-05,815,N,VIIRS,n,2,306.14,14.92,D,0
29.97659,74.77026,342.83,0.42,0.37,2023-11-05,815,N,VIIRS,n,2,303.34,5.3,D,0
29.97771,75.24342,331.42,0.43,0.38,2023-11-05,815,N,VIIRS,l,2,301.54,2.32,D,0
29.97834,74.99633,330.91,0.42,0.38,2023-11-05,815,N,VIIRS,n,2,300.09,4.63,D,0
29.9787,75.14346,331.54,0.43,0.38,2023-11-05,815,N,VIIRS,n,2,303.22,6.64,D,0
29.97902,75.52872,343.14,0.44,0.38,2023-11-05,815,N,VIIRS,n,2,305.3,5.11,D,0
29.97929,75.14788,347.18,0.43,0.38,2023-11-05,815,N,VIIRS,n,2,301.5,8.95,D,0
29.97963,76.00185,333.72,0.46,0.39,2023-11-05,815,N,VIIRS,l,2,304.1,6.29,D,0
29.97969,76.08961,340.78,0.46,0.39,2023-11-05,815,N,VIIRS,n,2,311.96,43.49,D,0
29.98018,75.37113,334.25,0.43,0.38,2023-11-05,815,N,VIIRS,n,2,301.63,1.84,D,0
29.98079,75.43098,335.25,0.44,0.38,2023-11-05,815,N,VIIRS,n,2,304.89,4.74,D,0
29.98127,75.65955,333.38,0.44,0.39,2023-11-05,815,N,VIIRS,n,2,303.29,3.9,D,0
29.98133,75.60313,339.61,0.44,0.39,2023-11-05,815,N,VIIRS,n,2,301.42,4.44,D,0
29.98189,75.6359,335.91,0.44,0.39,2023-11-05,815,N,VIIRS,n,2,302.44,4.85,D,0
29.98236,75.72552,331.83,0.45,0.39,2023-11-05,815,N,VIIRS,l,2,302.71,2.77,D,0
29.98277,75.14728,347.12,0.43,0.38,2023-11-05,815,N,VIIRS,n,2,317.08,55.92,D,0
29.98278,75.81586,340.67,0.45,0.39,2023-11-05,815,N,VIIRS,n,2,303.7,3.58,D,0
29.98283,75.17442,332.83,0.43,0.38,2023-11-05,815,N,VIIRS,n,2,301.68,2.88,D,0
29.98338,75.14389,332.86,0.43,0.38,2023-11-05,815,N,VIIRS,n,2,301.04,5.77,D,0
29.98342,75.17886,332.9,0.43,0.38,2023-11-05,815,N,VIIRS,n,2,300.54,2.88,D,0
29.98373,75.48142,337.49,0.44,0.38,2023-11-05,815,N,VIIRS,n,2,301.97,4.04,D,0
29.98396,75.14832,348.06,0.43,0.38,2023-11-05,815,N,VIIRS,n,2,301.84,22.54,D,0
29.98432,75.54182,334.14,0.44,0.38,2023-11-05,815,N,VIIRS,n,2,301.4,3.92,D,0
29.98602,75.36094,337.61,0.43,0.38,2023-11-05,815,N,VIIRS,n,2,303.79,2.52,D,0
29.98609,75.4996,346.96,0.44,0.38,2023-11-05,815,N,VIIRS,n,2,301.87,8.18,D,0
29.98609,75.52753,339.79,0.44,0.38,2023-11-05,815,N,VIIRS,n,2,302.67,3.26,D,0
29.98632,75.17382,331.36,0.43,0.38,2023-11-05,815,N,VIIRS,n,2,301.95,5.95,D,0
29.98638,76.1721,336.39,0.47,0.39,2023-11-05,815,N,VIIRS,n,2,302.66,4.26,D,0
29.98644,74.95023,332.68,0.42,0.38,2023-11-05,815,N,VIIRS,n,2,301.33,2.5,D,0
29.98691,75.17825,332.88,0.43,0.38,2023-11-05,815,N,VIIRS,n,2,300.01,5.95,D,0
29.98696,74.82138,337.99,0.42,0.37,2023-11-05,815,N,VIIRS,n,2,302.13,3.41,D,0
29.98785,75.54121,342.99,0.44,0.38,2023-11-05,815,N,VIIRS,n,2,300.47,3.92,D,0
29.98868,75.19154,347.11,0.43,0.38,2023-11-05,815,N,VIIRS,n,2,302.96,6.86,D,0
29.98877,76.10283,330.79,0.46,0.39,2023-11-05,815,N,VIIRS,l,2,303.03,2.35,D,0
29.98929,74.86525,331.7,0.42,0.38,2023-11-05,815,N,VIIRS,n,2,303.49,1.94,D,0
29.98937,76.10764,333.65,0.46,0.39,2023-11-05,815,N,VIIRS,n,2,302.18,2.35,D,0
29.9894,75.78136,335.0,0.45,0.39,2023-11-05,815,N,VIIRS,n,2,302.15,2.16,D,0
29.98969,75.19264,346.72,0.43,0.38,2023-11-05,815,N,VIIRS,n,2,302.76,13.9,D,0
29.99099,75.88158,333.63,0.45,0.39,2023-11-05,815,N,VIIRS,n,2,305.8,4.21,D,0
29.99106,76.06091,330.96,0.46,0.39,2023-11-05,815,N,VIIRS,n,2,303.23,2.51,D,0
29.99121,76.15158,346.15,0.46,0.39,2023-11-05,815,N,VIIRS,n,2,304.36,6.78,D,0
29.99158,75.88629,338.05,0.45,0.39,2023-11-05,815,N,VIIRS,n,2,304.43,4.21,D,0
29.99178,76.09743,333.18,0.46,0.39,2023-11-05,815,N,VIIRS,n,2,302.98,2.7,D,0
29.99276,75.19537,335.61,0.43,0.38,2023-11-05,815,N,VIIRS,n,2,302.11,6.86,D,0
29.99296,76.07766,345.95,0.46,0.39,2023-11-05,815,N,VIIRS,n,2,302.95,2.88,D,0
29.99329,75.11055,334.46,0.43,0.38,2023-11-05,815,N,VIIRS,n,2,301.42,2.88,D,0
29.9934,76.08009,338.67,0.46,0.39,2023-11-05,815,N,VIIRS,n,2,303.43,5.14,D,0
29.99395,75.20425,333.71,0.43,0.38,2023-11-05,815,N,VIIRS,n,2,302.36,4.66,D,0
29.99398,76.08488,335.9,0.46,0.39,2023-11-05,815,N,VIIRS,n,2,303.28,5.23,D,0
29.99418,76.08724,343.16,0.46,0.39,2023-11-05,815,N,VIIRS,n,2,305.14,5.95,D,0
29.99433,75.20093,334.36,0.43,0.38,2023-11-05,815,N,VIIRS,n,2,302.76,3.11,D,0
29.99536,76.06748,334.55,0.46,0.39,2023-11-05,815,N,VIIRS,l,2,304.75,4.02,D,0
29.99537,75.77084,334.14,0.45,0.39,2023-11-05,815,N,VIIRS,n,2,303.52,4.42,D,0
29.99585,76.06989,344.54,0.46,0.39,2023-11-05,815,N,VIIRS,n,2,303.71,8.22,D,0
29.99612,75.98214,336.35,0.46,0.39,2023-11-05,815,N,VIIRS,n,2,301.9,2.32,D,0
29.99667,75.19144,333.66,0.43,0.38,2023-11-05,815,N,VIIRS,l,2,303.69,7.75,D,0
29.99667,75.46995,346.23,0.44,0.38,2023-11-05,815,N,VIIRS,n,2,303.3,4.06,D,0
29.99669,75.52574,346.62,0.44,0.38,2023-11-05,815,N,VIIRS,n,2,303.76,9.1,D,0
29.99721,75.72779,334.88,0.45,0.39,2023-11-05,815,N,VIIRS,n,2,302.58,4.26,D,0
29.99729,75.5583,338.88,0.44,0.38,2023-11-05,815,N,VIIRS,n,2,302.02,2.95,D,0
29.99797,74.98395,338.38,0.42,0.38,2023-11-05,815,N,VIIRS,n,2,302.37,5.26,D,0
29.99832,75.79418,333.25,0.45,0.39,2023-11-05,815,N,VIIRS,n,2,302.96,2.62,D,0
29.99846,75.62372,330.57,0.44,0.39,2023-11-05,815,N,VIIRS,l,2,302.1,2.46,D,0
29.99888,75.34956,345.02,0.43,0.38,2023-11-05,815,N,VIIRS,n,2,305.03,15.9,D,0
29.99891,75.79885,335.59,0.45,0.39,2023-11-05,815,N,VIIRS,n,2,302.45,2.62,D,0
30.00031,74.60825,335.82,0.41,0.37,2023-11-05,815,N,VIIRS,n,2,300.63,2.48,D,0
30.00083,75.61392,335.17,0.44,0.39,2023-11-05,815,N,VIIRS,n,2,303.62,7.55,D,0
30.00117,75.87508,337.78,0.45,0.39,2023-11-05,815,N,VIIRS,n,2,304.79,8.5,D,0
30.00126,75.81756,331.39,0.45,0.39,2023-11-05,815,N,VIIRS,n,2,302.85,1.65,D,0
30.00132,76.05432,334.77,0.46,0.39,2023-11-05,815,N,VIIRS,n,2,304.27,5.54,D,0
30.00303,75.83161,332.44,0.45,0.39,2023-11-05,815,N,VIIRS,n,2,302.24,1.96,D,0
30.00344,76.30849,335.62,0.47,0.4,2023-11-05,815,N,VIIRS,l,2,305.95,2.76,D,0
30.00358,75.86507,331.17,0.45,0.39,2023-11-05,815,N,VIIRS,l,2,304.64,4.75,D,0
30.00436,75.69817,336.25,0.45,0.39,2023-11-05,815,N,VIIRS,n,2,304.12,7.78,D,0
30.00488,75.78831,345.46,0.45,0.39,2023-11-05,815,N,VIIRS,n,2,305.91,4.56,D,0
30.00495,75.7028,341.32,0.45,0.39,2023-11-05,815,N,VIIRS,n,2,303.03,7.78,D,0
30.00543,75.82165,344.18,0.45,0.39,2023-11-05,815,N,VIIRS,n,2,303.28,9.43,D,0
30.00603,76.09273,333.36,0.46,0.39,2023-11-05,815,N,VIIRS,n,2,302.92,5.34,D,0
30.00607,75.0453,334.62,0.42,0.38,2023-11-05,815,N,VIIRS,n,2,302.61,6.78,D,0
30.00657,75.1852,337.7,0.43,0.38,2023-11-05,815,N,VIIRS,n,2,302.75,3.14,D,0
30.00662,76.09753,335.98,0.46,0.39,2023-11-05,815,N,VIIRS,n,2,302.61,5.34,D,0
30.00702,75.27164,337.0,0.43,0.38,2023-11-05,815,N,VIIRS,n,2,303.75,8.1,D,0
30.00774,75.16684,333.55,0.43,0.38,2023-11-05,815,N,VIIRS,n,2,302.84,3.89,D,0
30.00792,75.69758,345.95,0.45,0.39,2023-11-05,815,N,VIIRS,n,2,302.11,7.78,D,0
30.00834,75.87389,333.56,0.45,0.39,2023-11-05,815,N,VIIRS,n,2,303.67,1.94,D,0
30.00838,75.03591,337.24,0.42,0.38,2023-11-05,815,N,VIIRS,n,2,301.15,6.41,D,0
30.00845,75.78773,337.16,0.45,0.39,2023-11-05,815,N,VIIRS,n,2,302.27,3.16,D,0
30.00887,76.23282,335.51,0.47,0.4,2023-11-05,815,N,VIIRS,n,2,302.86,3.96,D,0
30.00896,75.0403,342.99,0.42,0.38,2023-11-05,815,N,VIIRS,n,2,302.29,6.41,D,0
30.0091,75.70685,334.01,0.45,0.39,2023-11-05,815,N,VIIRS,n,2,302.11,4.9,D,0
30.00955,75.43073,344.07,0.44,0.38,2023-11-05,815,N,VIIRS,n,2,306.13,9.61,D,0
30.0096,75.82574,344.4,0.45,0.39,2023-11-05,815,N,VIIRS,n,2,304.15,9.43,D,0
30.00968,75.73994,335.09,0.45,0.39,2023-11-05,815,N,VIIRS,n,2,304.16,2.96,D,0
30.00995,75.26657,343.63,0.43,0.38,2023-11-05,815,N,VIIRS,n,2,302.07,7.36,D,0
30.01125,75.92639,332.64,0.46,0.39,2023-11-05,815,N,VIIRS,n,2,301.89,2.92,D,0
30.01126,75.00401,333.38,0.42,0.38,2023-11-05,815,N,VIIRS,n,2,300.57,2.89,D,0
30.01133,76.13609,342.74,0.46,0.39,2023-11-05,815,N,VIIRS,n,2,302.33,4.01,D,0
30.01134,75.86858,333.89,0.45,0.39,2023-11-05,815,N,VIIRS,n,2,302.6,2.22,D,0
30.01172,75.98927,335.79,0.46,0.39,2023-11-05,815,N,VIIRS,n,2,301.95,3.79,D,0
30.01225,75.28445,335.55,0.43,0.38,2023-11-05,815,N,VIIRS,n,2,301.27,3.77,D,0
30.01252,75.45336,334.97,0.44,0.38,2023-11-05,815,N,VIIRS,n,2,302.94,4.03,D,0
30.01282,74.8301,332.01,0.42,0.37,2023-11-05,815,N,VIIRS,n,2,300.5,2.2,D,0
30.01283,75.28893,333.25,0.43,0.38,2023-11-05,815,N,VIIRS,n,2,300.76,4.55,D,0
30.01341,75.2934,332.84,0.43,0.38,2023-11-05,815,N,VIIRS,n,2,300.61,4.55,D,0
30.01366,75.91634,330.99,0.45,0.39,2023-11-05,815,N,VIIRS,l,2,303.33,7.18,D,0
30.01425,75.92107,334.05,0.46,0.39,2023-11-05,815,N,VIIRS,n,2,302.64,7.18,D,0
30.01503,75.72481,335.21,0.45,0.39,2023-11-05,815,N,VIIRS,n,2,302.37,2.14,D,0
30.01504,75.66803,332.23,0.44,0.39,2023-11-05,815,N,VIIRS,n,2,301.83,53.37,D,0
30.01526,76.01788,344.49,0.46,0.39,2023-11-05,815,N,VIIRS,n,2,302.1,5.87,D,0
30.01649,75.0975,341.15,0.43,0.38,2023-11-05,815,N,VIIRS,n,2,308.34,25.15,D,0
30.01851,75.8674,338.27,0.45,0.39,2023-11-05,815,N,VIIRS,n,2,311.33,27.93,D,0
30.01888,76.01728,340.67,0.46,0.39,2023-11-05,815,N,VIIRS,n,2,301.38,5.87,D,0
30.01934,76.08074,330.63,0.46,0.39,2023-11-05,815,N,VIIRS,l,2,303.71,3.3,D,0
30.01941,76.05137,332.94,0.46,0.39,2023-11-05,815,N,VIIRS,n,2,301.81,3.36,D,0
30.02032,75.8527,337.64,0.45,0.39,2023-11-05,815,N,VIIRS,n,2,302.22,3.62,D,0
30.02034,75.59657,333.34,0.44,0.39,2023-11-05,815,N,VIIRS,n,2,303.2,22.03,D,0
30.02048,75.23737,335.64,0.43,0.38,2023-11-05,815,N,VIIRS,n,2,302.74,3.64,D,0
30.02081,75.94415,334.15,0.46,0.39,2023-11-05,815,N,VIIRS,l,2,305.16,14.33,D,0
30.02097,75.68594,334.27,0.45,0.39,2023-11-05,815,N,VIIRS,n,2,302.0,11.14,D,0
30.02214,75.80931,337.5,0.45,0.39,2023-11-05,815,N,VIIRS,n,2,301.84,6.35,D,0
30.02275,75.78534,331.35,0.45,0.39,2023-11-05,815,N,VIIRS,l,2,303.2,2.7,D,0
30.02279,74.60056,330.58,0.41,0.37,2023-11-05,815,N,VIIRS,n,2,303.03,2.32,D,0
30.02303,76.05078,332.54,0.46,0.39,2023-11-05,815,N,VIIRS,n,2,299.51,3.36,D,0
30.02331,75.61955,344.39,0.44,0.39,2023-11-05,815,N,VIIRS,n,2,301.49,4.73,D,0
30.02382,76.20822,333.33,0.47,0.4,2023-11-05,815,N,VIIRS,n,2,299.86,3.62,D,0
30.02394,75.68071,335.35,0.45,0.39,2023-11-05,815,N,VIIRS,n,2,302.86,4.09,D,0
30.02446,74.91683,344.84,0.42,0.38,2023-11-05,815,N,VIIRS,n,2,308.81,20.42,D,0
30.02453,75.68534,335.31,0.45,0.39,2023-11-05,815,N,VIIRS,n,2,303.3,11.1,D,0
30.02513,75.68996,333.66,0.45,0.39,2023-11-05,815,N,VIIRS,n,2,301.44,11.1,D,0
30.02621,74.59994,335.48,0.41,0.37,2023-11-05,815,N,VIIRS,n,2,302.36,4.56,D,0
30.02632,75.69923,345.93,0.45,0.39,2023-11-05,815,N,VIIRS,n,2,303.37,6.43,D,0
30.02691,75.70387,346.66,0.45,0.39,2023-11-05,815,N,VIIRS,n,2,301.66,8.65,D,0
30.0275,75.68011,336.05,0.45,0.39,2023-11-05,815,N,VIIRS,n,2,301.85,4.09,D,0
30.02791,74.91623,347.07,0.42,0.38,2023-11-05,815,N,VIIRS,n,2,303.07,20.42,D,0
30.02809,75.68474,341.11,0.45,0.39,2023-11-05,815,N,VIIRS,n,2,305.98,11.1,D,0
30.02857,75.9768,336.3,0.46,0.39,2023-11-05,815,N,VIIRS,n,2,303.57,4.93,D,0
30.02861,75.2725,334.0,0.43,0.38,2023-11-05,815,N,VIIRS,n,2,302.63,4.06,D,0
30.02869,75.68937,347.01,0.45,0.39,2023-11-05,815,N,VIIRS,n,2,304.21,11.1,D,0
30.02913,75.33199,337.85,0.43,0.38,2023-11-05,815,N,VIIRS,n,2,302.09,4.36,D,0
30.0292,75.95245,346.21,0.46,0.39,2023-11-05,815,N,VIIRS,n,2,303.32,8.35,D,0
30.02922,75.60915,340.56,0.44,0.39,2023-11-05,815,N,VIIRS,n,2,307.83,12.7,D,0
30.02981,75.61376,342.48,0.44,0.39,2023-11-05,815,N,VIIRS,n,2,302.3,12.7,D,0
30.03107,75.70791,344.36,0.45,0.39,2023-11-05,815,N,VIIRS,n,2,303.47,8.65,D,0
30.03225,75.88918,334.59,0.45,0.39,2023-11-05,815,N,VIIRS,n,2,304.17,2.74,D,0
30.03228,75.74567,333.63,0.45,0.39,2023-11-05,815,N,VIIRS,n,2,303.37,8.22,D,0
30.03238,76.187,334.58,0.47,0.39,2023-11-05,815,N,VIIRS,n,2,304.45,4.74,D,0
30.03273,75.58041,340.58,0.44,0.38,2023-11-05,815,N,VIIRS,n,2,303.5,4.42,D,0
30.03276,75.60856,348.04,0.44,0.39,2023-11-05,815,N,VIIRS,n,2,307.88,12.7,D,0
30.03284,75.89388,336.05,0.45,0.39,2023-11-05,815,N,VIIRS,n,2,303.18,4.49,D,0
30.03347,75.8122,333.21,0.45,0.39,2023-11-05,815,N,VIIRS,n,2,301.93,4.6,D,0
30.03394,74.77775,338.78,0.42,0.37,2023-11-05,815,N,VIIRS,n,2,304.63,10.34,D,0
30.03402,75.9323,347.46,0.46,0.39,2023-11-05,815,N,VIIRS,n,2,303.07,7.88,D,0
30.03465,75.87914,333.32,0.45,0.39,2023-11-05,815,N,VIIRS,n,2,302.53,2.47,D,0
30.03491,74.96854,347.31,0.42,0.38,2023-11-05,815,N,VIIRS,n,2,305.51,17.49,D,0
30.03521,75.94178,332.18,0.46,0.39,2023-11-05,815,N,VIIRS,n,2,302.08,2.24,D,0
30.03525,74.51126,335.5,0.41,0.37,2023-11-05,815,N,VIIRS,n,2,302.06,5.82,D,0
30.03526,75.76896,355.65,0.45,0.39,2023-11-05,815,N,VIIRS,n,2,314.31,30.84,D,0
30.03631,75.60797,347.33,0.44,0.39,2023-11-05,815,N,VIIRS,n,2,304.84,8.41,D,0
30.03675,75.30772,343.94,0.43,0.38,2023-11-05,815,N,VIIRS,n,2,303.28,4.54,D,0
30.03702,75.72587,342.82,0.45,0.39,2023-11-05,815,N,VIIRS,n,2,307.42,12.21,D,0
30.03762,75.73052,336.35,0.45,0.39,2023-11-05,815,N,VIIRS,n,2,306.2,11.61,D,0
30.03765,75.78763,352.94,0.45,0.39,2023-11-05,815,N,VIIRS,n,2,304.92,20.24,D,0
30.03765,75.81629,335.4,0.45,0.39,2023-11-05,815,N,VIIRS,n,2,303.21,3.46,D,0
30.03795,75.1254,335.86,0.43,0.38,2023-11-05,815,N,VIIRS,n,2,301.23,5.16,D,0
30.03823,75.7637,332.15,0.45,0.39,2023-11-05,815,N,VIIRS,l,2,303.91,8.97,D,0
30.03837,74.96794,340.7,0.42,0.38,2023-11-05,815,N,VIIRS,n,2,303.95,8.18,D,0
30.03866,74.51064,338.99,0.41,0.37,2023-11-05,815,N,VIIRS,n,2,301.99,5.82,D,0
30.03883,75.76836,349.22,0.45,0.39,2023-11-05,815,N,VIIRS,n,2,305.43,30.84,D,0
30.03968,75.11153,333.74,0.43,0.38,2023-11-05,815,N,VIIRS,n,2,301.23,5.03,D,0
30.04003,75.77769,345.04,0.45,0.39,2023-11-05,815,N,VIIRS,n,2,304.87,17.41,D,0
30.0405,75.64019,336.1,0.44,0.39,2023-11-05,815,N,VIIRS,n,2,300.72,2.29,D,0
30.04059,75.72527,338.94,0.45,0.39,2023-11-05,815,N,VIIRS,n,2,303.37,12.21,D,0
30.04062,75.78236,346.4,0.45,0.39,2023-11-05,815,N,VIIRS,n,2,303.22,17.41,D,0
30.04063,75.89741,346.31,0.45,0.39,2023-11-05,815,N,VIIRS,n,2,302.87,5.39,D,0
30.04119,75.72993,335.06,0.45,0.39,2023-11-05,815,N,VIIRS,n,2,302.24,11.61,D,0
30.04122,75.78703,354.13,0.45,0.39,2023-11-05,815,N,VIIRS,n,2,304.22,20.24,D,0
30.04203,74.10645,340.07,0.4,0.37,2023-11-05,815,N,VIIRS,n,2,303.02,4.12,D,0
30.04204,75.18359,347.56,0.43,0.38,2023-11-05,815,N,VIIRS,n,2,304.32,7.68,D,0
30.04409,75.66789,333.85,0.45,0.39,2023-11-05,815,N,VIIRS,n,2,302.32,4.57,D,0
30.04417,74.98483,343.62,0.42,0.38,2023-11-05,815,N,VIIRS,n,2,309.77,22.28,D,0
30.04442,75.62231,337.8,0.44,0.39,2023-11-05,815,N,VIIRS,n,2,303.45,11.37,D,0
30.04465,75.64422,338.06,0.44,0.39,2023-11-05,815,N,VIIRS,n,2,302.78,4.23,D,0
30.04538,75.99345,347.16,0.46,0.39,2023-11-05,815,N,VIIRS,n,2,302.85,7.78,D,0
30.0454,74.10583,336.0,0.4,0.37,2023-11-05,815,N,VIIRS,n,2,298.18,4.12,D,0
30.04602,75.88209,336.55,0.45,0.39,2023-11-05,815,N,VIIRS,n,2,304.93,5.46,D,0
30.04667,75.32897,336.49,0.43,0.38,2023-11-05,815,N,VIIRS,n,2,301.44,2.76,D,0
30.04731,75.64539,335.54,0.44,0.39,2023-11-05,815,N,VIIRS,n,2,303.59,4.38,D,0
30.04737,74.67931,335.74,0.41,0.37,2023-11-05,815,N,VIIRS,n,2,303.66,3.54,D,0
30.04764,74.98422,344.33,0.42,0.38,2023-11-05,815,N,VIIRS,n,2,302.45,10.29,D,0
30.04765,75.6673,335.46,0.45,0.39,2023-11-05,815,N,VIIRS,n,2,303.94,4.57,D,0
30.04855,75.62633,340.0,0.44,0.39,2023-11-05,815,N,VIIRS,n,2,307.2,16.64,D,0
30.04996,75.62919,337.49,0.44,0.39,2023-11-05,815,N,VIIRS,n,2,306.29,17.66,D,0
30.05012,75.74269,335.6,0.45,0.39,2023-11-05,815,N,VIIRS,n,2,305.28,3.57,D,0
30.0502,75.85735,340.72,0.45,0.39,2023-11-05,815,N,VIIRS,n,2,306.83,3.56,D,0
30.05029,75.64017,334.36,0.44,0.39,2023-11-05,815,N,VIIRS,n,2,304.02,4.54,D,0
30.05116,75.63841,337.45,0.44,0.39,2023-11-05,815,N,VIIRS,n,2,304.27,3.82,D,0
30.05132,75.752,335.46,0.45,0.39,2023-11-05,815,N,VIIRS,n,2,302.38,4.39,D,0
30.05134,75.1729,344.81,0.43,0.38,2023-11-05,815,N,VIIRS,n,2,302.71,10.81,D,0
30.05201,75.92933,335.16,0.46,0.39,2023-11-05,815,N,VIIRS,n,2,302.51,4.24,D,0
30.05302,76.17373,335.13,0.47,0.39,2023-11-05,815,N,VIIRS,n,2,304.5,4.05,D,0
30.05319,75.99703,336.87,0.46,0.39,2023-11-05,815,N,VIIRS,n,2,300.98,2.72,D,0
30.05601,75.7149,336.49,0.45,0.39,2023-11-05,815,N,VIIRS,n,2,306.09,7.52,D,0
30.05614,75.81799,333.22,0.45,0.39,2023-11-05,815,N,VIIRS,n,2,302.81,2.44,D,0
30.05647,75.07703,334.28,0.42,0.38,2023-11-05,815,N,VIIRS,n,2,301.52,3.14,D,0
30.05677,75.85146,333.91,0.45,0.39,2023-11-05,815,N,VIIRS,n,2,303.44,3.51,D,0
30.05718,75.38243,332.95,0.43,0.38,2023-11-05,815,N,VIIRS,n,2,302.66,2.27,D,0
30.05782,75.71766,337.49,0.45,0.39,2023-11-05,815,N,VIIRS,n,2,304.28,7.91,D,0
30.05793,75.80336,332.11,0.45,0.39,2023-11-05,815,N,VIIRS,n,2,304.97,7.29,D,0
30.05798,75.6436,331.76,0.44,0.39,2023-11-05,815,N,VIIRS,n,2,303.28,1.7,D,0
30.05853,75.80804,335.94,0.45,0.39,2023-11-05,815,N,VIIRS,n,2,306.87,7.29,D,0
30.05908,74.93752,347.42,0.42,0.38,2023-11-05,815,N,VIIRS,n,2,304.3,10.12,D,0
30.0603,75.66209,336.81,0.45,0.39,2023-11-05,815,N,VIIRS,n,2,303.98,3.55,D,0
30.06153,75.64301,333.01,0.44,0.39,2023-11-05,815,N,VIIRS,l,2,304.7,2.88,D,0
30.06286,74.82207,336.47,0.42,0.37,2023-11-05,815,N,VIIRS,n,2,308.05,18.26,D,0
30.06294,74.43262,330.93,0.41,0.37,2023-11-05,815,N,VIIRS,n,2,300.61,1.72,D,0
30.06294,75.51139,336.95,0.44,0.38,2023-11-05,815,N,VIIRS,n,2,304.12,5.78,D,0
30.06304,75.37221,337.92,0.43,0.38,2023-11-05,815,N,VIIRS,n,2,305.86,8.82,D,0
30.06314,75.7137,344.82,0.45,0.39,2023-11-05,815,N,VIIRS,n,2,304.15,5.33,D,0
30.06455,75.85497,333.76,0.45,0.39,2023-11-05,815,N,VIIRS,n,2,303.68,1.11,D,0
30.06519,76.12238,334.35,0.46,0.39,2023-11-05,815,N,VIIRS,n,2,304.0,4.0,D,0
30.06539,75.36259,334.92,0.43,0.38,2023-11-05,815,N,VIIRS,n,2,300.98,3.39,D,0
30.06647,75.5108,341.69,0.44,0.38,2023-11-05,815,N,VIIRS,n,2,303.69,9.0,D,0
30.06655,75.77025,335.4,0.45,0.39,2023-11-05,815,N,VIIRS,n,2,302.07,3.3,D,0
30.06656,75.37161,338.35,0.43,0.38,2023-11-05,815,N,VIIRS,n,2,300.98,8.82,D,0
30.06693,75.84497,337.17,0.45,0.39,2023-11-05,815,N,VIIRS,l,2,308.68,28.1,D,0
30.06761,76.11214,340.65,0.46,0.39,2023-11-05,815,N,VIIRS,n,2,301.76,6.74,D,0
30.06801,75.76827,336.0,0.45,0.39,2023-11-05,815,N,VIIRS,n,2,303.41,3.35,D,0
30.06862,75.77293,331.15,0.45,0.39,2023-11-05,815,N,VIIRS,n,2,302.04,2.03,D,0
30.06871,75.11554,346.44,0.43,0.38,2023-11-05,815,N,VIIRS,n,2,303.42,7.28,D,0
30.0691,74.40125,336.61,0.41,0.37,2023-11-05,815,N,VIIRS,n,2,302.73,3.33,D,0
30.06995,75.8271,333.79,0.45,0.39,2023-11-05,815,N,VIIRS,n,2,303.67,5.67,D,0
30.07051,75.84438,342.77,0.45,0.39,2023-11-05,815,N,VIIRS,n,2,303.24,28.1,D,0
30.07091,75.052,330.21,0.42,0.38,2023-11-05,815,N,VIIRS,n,2,301.14,2.33,D,0
30.07125,76.05265,333.46,0.46,0.39,2023-11-05,815,N,VIIRS,n,2,302.44,7.65,D,0
30.07168,75.825,335.7,0.45,0.39,2023-11-05,815,N,VIIRS,n,2,304.61,4.56,D,0
30.07178,75.91156,336.5,0.46,0.39,2023-11-05,815,N,VIIRS,n,2,304.57,4.65,D,0
30.07228,75.84592,348.55,0.45,0.39,2023-11-05,815,N,VIIRS,n,2,302.66,8.88,D,0
30.07245,75.78836,334.02,0.45,0.39,2023-11-05,815,N,VIIRS,n,2,304.6,1.62,D,0
30.07253,75.7597,335.25,0.45,0.39,2023-11-05,815,N,VIIRS,n,2,303.74,3.55,D,0
30.07364,76.16048,346.68,0.47,0.39,2023-11-05,815,N,VIIRS,n,2,305.86,11.66,D,0
30.07367,76.07185,340.2,0.46,0.39,2023-11-05,815,N,VIIRS,n,2,303.05,4.95,D,0
30.07403,75.86004,331.11,0.45,0.39,2023-11-05,815,N,VIIRS,l,2,302.85,2.04,D,0
30.07409,75.84379,331.04,0.45,0.39,2023-11-05,815,N,VIIRS,l,2,301.41,1.44,D,0
30.07416,75.31967,334.59,0.43,0.38,2023-11-05,815,N,VIIRS,n,2,303.0,2.14,D,0
30.0747,75.84849,333.63,0.45,0.39,2023-11-05,815,N,VIIRS,n,2,301.91,2.68,D,0
30.07534,75.88205,346.07,0.45,0.39,2023-11-05,815,N,VIIRS,n,2,305.72,10.6,D,0
30.07562,75.08724,347.0,0.43,0.38,2023-11-05,815,N,VIIRS,n,2,303.09,7.4,D,0
30.07594,75.41622,336.77,0.44,0.38,2023-11-05,815,N,VIIRS,n,2,305.03,3.19,D,0
30.07694,75.88364,338.49,0.45,0.39,2023-11-05,815,N,VIIRS,l,2,309.28,20.78,D,0
30.07698,75.20486,342.4,0.43,0.38,2023-11-05,815,N,VIIRS,n,2,304.85,10.06,D,0
30.07719,75.92518,337.56,0.46,0.39,2023-11-05,815,N,VIIRS,n,2,303.17,18.36,D,0
30.0778,75.92992,338.05,0.46,0.39,2023-11-05,815,N,VIIRS,n,2,310.11,18.36,D,0
30.07879,75.57889,333.35,0.44,0.39,2023-11-05,815,N,VIIRS,n,2,300.43,3.16,D,0
30.07894,75.88145,337.51,0.45,0.39,2023-11-05,815,N,VIIRS,n,2,303.66,8.04,D,0
30.07946,75.41562,335.5,0.44,0.38,2023-11-05,815,N,VIIRS,n,2,301.29,3.19,D,0
30.07947,74.45128,335.16,0.41,0.37,2023-11-05,815,N,VIIRS,n,2,301.62,4.57,D,0
30.08213,76.10976,335.92,0.46,0.39,2023-11-05,815,N,VIIRS,n,2,302.2,4.36,D,0
30.08263,76.32355,334.8,0.47,0.4,2023-11-05,815,N,VIIRS,n,2,304.99,1.1,D,0
30.085,75.77193,336.42,0.45,0.39,2023-11-05,815,N,VIIRS,n,2,304.46,4.75,D,0
30.08516,75.68629,335.07,0.45,0.39,2023-11-05,815,N,VIIRS,n,2,302.28,3.41,D,0
30.08565,75.74797,335.7,0.45,0.39,2023-11-05,815,N,VIIRS,l,2,307.21,3.92,D,0
30.08638,75.66716,343.5,0.45,0.39,2023-11-05,815,N,VIIRS,n,2,305.68,10.94,D,0
30.08757,76.09413,343.41,0.46,0.39,2023-11-05,815,N,VIIRS,n,2,302.55,5.92,D,0
30.08803,75.95245,333.96,0.46,0.39,2023-11-05,815,N,VIIRS,n,2,303.16,15.56,D,0
30.08826,75.40024,331.68,0.44,0.38,2023-11-05,815,N,VIIRS,n,2,300.53,2.91,D,0
30.08864,75.95721,332.34,0.46,0.39,2023-11-05,815,N,VIIRS,n,2,302.2,15.56,D,0
30.08929,75.95417,347.57,0.46,0.39,2023-11-05,815,N,VIIRS,n,2,315.91,39.88,D,0
30.09,75.60992,332.67,0.44,0.39,2023-11-05,815,N,VIIRS,n,2,301.68,2.56,D,0
30.09001,76.14299,332.14,0.47,0.39,2023-11-05,815,N,VIIRS,n,2,306.53,4.98,D,0
30.09111,75.67583,337.29,0.45,0.39,2023-11-05,815,N,VIIRS,n,2,304.37,5.27,D,0
30.09175,74.38853,330.83,0.41,0.37,2023-11-05,815,N,VIIRS,n,2,300.08,1.7,D,0
30.09178,75.5955,345.7,0.44,0.39,2023-11-05,815,N,VIIRS,n,2,306.0,22.67,D,0
30.09224,75.95661,335.49,0.46,0.39,2023-11-05,815,N,VIIRS,n,2,304.14,15.56,D,0
30.09225,75.71357,343.35,0.45,0.39,2023-11-05,815,N,VIIRS,n,2,306.43,27.21,D,0
30.0929,75.95357,339.94,0.46,0.39,2023-11-05,815,N,VIIRS,n,2,302.16,7.4,D,0
30.09303,76.13756,344.84,0.47,0.39,2023-11-05,815,N,VIIRS,n,2,304.99,4.98,D,0
30.09332,75.02651,344.7,0.42,0.38,2023-11-05,815,N,VIIRS,n,2,303.28,8.09,D,0
30.09356,75.5811,334.19,0.44,0.39,2023-11-05,815,N,VIIRS,n,2,302.41,4.51,D,0
30.09408,75.67059,346.89,0.45,0.39,2023-11-05,815,N,VIIRS,n,2,304.56,4.1,D,0
30.09574,74.39213,333.85,0.41,0.37,2023-11-05,815,N,VIIRS,n,2,301.63,4.56,D,0
30.09699,75.72227,335.64,0.45,0.39,2023-11-05,815,N,VIIRS,l,2,306.88,11.76,D,0
30.09705,75.38488,340.05,0.44,0.38,2023-11-05,815,N,VIIRS,n,2,303.54,4.66,D,0
30.09739,75.84174,333.71,0.45,0.39,2023-11-05,815,N,VIIRS,n,2,301.86,1.16,D,0
30.09758,74.43069,333.33,0.41,0.37,2023-11-05,815,N,VIIRS,n,2,301.81,4.07,D,0
30.09816,74.43492,333.33,0.41,0.37,2023-11-05,815,N,VIIRS,n,2,301.95,4.07,D,0
30.09827,75.96725,331.26,0.46,0.39,2023-11-05,815,N,VIIRS,n,2,302.03,2.52,D,0
30.09828,75.61795,333.71,0.44,0.39,2023-11-05,815,N,VIIRS,n,2,301.54,2.42,D,0
30.09884,75.65088,331.56,0.45,0.39,2023-11-05,815,N,VIIRS,l,2,302.99,3.94,D,0
30.09912,74.96267,334.34,0.42,0.38,2023-11-05,815,N,VIIRS,n,2,302.99,2.72,D,0
30.09912,76.18606,336.05,0.47,0.4,2023-11-05,815,N,VIIRS,n,2,303.22,3.67,D,0
30.09932,75.31998,333.46,0.43,0.38,2023-11-05,815,N,VIIRS,n,2,303.08,4.77,D,0
30.10025,75.05231,333.04,0.42,0.38,2023-11-05,815,N,VIIRS,n,2,301.75,3.12,D,0
30.10057,75.38428,330.33,0.44,0.38,2023-11-05,815,N,VIIRS,n,2,303.61,2.79,D,0
30.10084,75.19621,339.96,0.43,0.38,2023-11-05,815,N,VIIRS,n,2,304.0,2.97,D,0
30.10101,75.27838,335.78,0.43,0.38,2023-11-05,815,N,VIIRS,n,2,301.33,3.95,D,0
30.10103,75.81233,345.93,0.45,0.39,2023-11-05,815,N,VIIRS,n,2,302.2,5.62,D,0
30.10105,74.15167,344.79,0.4,0.37,2023-11-05,815,N,VIIRS,n,2,301.45,5.19,D,0
30.10126,75.19715,342.88,0.43,0.38,2023-11-05,815,N,VIIRS,n,2,303.11,4.25,D,0
30.10177,75.70248,332.41,0.45,0.39,2023-11-05,815,N,VIIRS,l,2,302.89,3.69,D,0
30.10236,75.70713,333.29,0.45,0.39,2023-11-05,815,N,VIIRS,n,2,301.73,3.69,D,0
30.10254,75.94227,333.45,0.46,0.39,2023-11-05,815,N,VIIRS,n,2,302.7,4.55,D,0
30.10294,75.40237,339.79,0.44,0.38,2023-11-05,815,N,VIIRS,n,2,302.11,4.98,D,0
30.10353,75.40691,337.56,0.44,0.38,2023-11-05,815,N,VIIRS,n,2,304.68,4.98,D,0
30.10496,75.93217,339.75,0.46,0.39,2023-11-05,815,N,VIIRS,n,2,301.73,3.43,D,0
30.10716,76.00964,339.14,0.46,0.39,2023-11-05,815,N,VIIRS,n,2,303.81,5.23,D,0
30.10745,75.89306,335.66,0.45,0.39,2023-11-05,815,N,VIIRS,n,2,304.99,5.77,D,0
30.10819,75.81114,338.29,0.45,0.39,2023-11-05,815,N,VIIRS,n,2,301.85,4.41,D,0
30.10842,75.98992,335.93,0.46,0.39,2023-11-05,815,N,VIIRS,n,2,307.97,30.49,D,0
30.10865,76.11245,331.68,0.46,0.39,2023-11-05,815,N,VIIRS,n,2,301.9,2.16,D,0
30.10876,76.11529,333.28,0.46,0.39,2023-11-05,815,N,VIIRS,n,2,301.8,1.55,D,0
30.1089,75.50362,332.45,0.44,0.38,2023-11-05,815,N,VIIRS,n,2,301.9,3.97,D,0
30.11,75.79647,335.39,0.45,0.39,2023-11-05,815,N,VIIRS,n,2,304.47,5.27,D,0
30.11003,75.15468,336.28,0.43,0.38,2023-11-05,815,N,VIIRS,n,2,303.93,9.58,D,0
30.11008,75.10027,336.9,0.43,0.38,2023-11-05,815,N,VIIRS,n,2,305.88,12.05,D,0
30.11009,75.51276,330.09,0.44,0.38,2023-11-05,815,N,VIIRS,l,2,302.69,2.21,D,0
30.11033,75.26762,335.93,0.43,0.38,2023-11-05,815,N,VIIRS,n,2,303.14,7.42,D,0
30.11072,76.27889,333.92,0.47,0.4,2023-11-05,815,N,VIIRS,n,2,301.49,2.01,D,0
30.111,76.68261,331.52,0.49,0.4,2023-11-05,815,N,VIIRS,n,2,302.42,2.59,D,0
30.11112,75.21825,338.0,0.43,0.38,2023-11-05,815,N,VIIRS,n,2,304.52,7.85,D,0
30.11242,75.06372,330.23,0.42,0.38,2023-11-05,815,N,VIIRS,n,2,301.93,2.21,D,0
30.11304,75.73387,336.81,0.45,0.39,2023-11-05,815,N,VIIRS,n,2,304.67,7.01,D,0
30.1136,75.48416,334.14,0.44,0.38,2023-11-05,815,N,VIIRS,n,2,304.24,3.9,D,0
30.11365,75.70998,348.69,0.45,0.39,2023-11-05,815,N,VIIRS,n,2,303.4,7.3,D,0
30.11387,75.97441,334.5,0.46,0.39,2023-11-05,815,N,VIIRS,n,2,302.47,2.14,D,0
30.11404,75.88713,336.36,0.45,0.39,2023-11-05,815,N,VIIRS,n,2,305.5,7.29,D,0
30.11538,75.49785,351.88,0.44,0.38,2023-11-05,815,N,VIIRS,n,2,307.57,18.1,D,0
30.11589,75.06313,345.98,0.42,0.38,2023-11-05,815,N,VIIRS,n,2,299.69,5.38,D,0
30.11638,75.36772,335.98,0.43,0.38,2023-11-05,815,N,VIIRS,n,2,300.06,2.66,D,0
30.11643,74.9328,337.08,0.42,0.38,2023-11-05,815,N,VIIRS,n,2,301.63,3.33,D,0
30.11748,75.97382,335.2,0.46,0.39,2023-11-05,815,N,VIIRS,n,2,302.63,2.6,D,0
30.11754,75.94464,330.95,0.46,0.39,2023-11-05,815,N,VIIRS,n,2,301.79,1.6,D,0
30.11801,76.00786,340.82,0.46,0.39,2023-11-05,815,N,VIIRS,n,2,305.9,12.54,D,0
30.11897,75.55337,338.27,0.44,0.38,2023-11-05,815,N,VIIRS,n,2,301.28,4.2,D,0
30.12076,75.59532,347.04,0.44,0.39,2023-11-05,815,N,VIIRS,n,2,307.14,13.92,D,0
30.12106,74.24635,342.98,0.4,0.37,2023-11-05,815,N,VIIRS,n,2,303.35,12.72,D,0
30.12145,74.45323,342.85,0.41,0.37,2023-11-05,815,N,VIIRS,n,2,309.19,30.34,D,0
30.12255,75.75135,333.4,0.45,0.39,2023-11-05,815,N,VIIRS,n,2,303.41,2.71,D,0
30.12256,75.69425,335.65,0.45,0.39,2023-11-05,815,N,VIIRS,n,2,302.19,3.65,D,0
30.1227,74.87371,343.34,0.42,0.38,2023-11-05,815,N,VIIRS,n,2,304.36,7.47,D,0
30.12277,75.22537,337.8,0.43,0.38,2023-11-05,815,N,VIIRS,n,2,306.89,23.31,D,0
30.1228,75.198,333.6,0.43,0.38,2023-11-05,815,N,VIIRS,n,2,301.25,3.63,D,0
30.12372,75.59013,332.39,0.44,0.39,2023-11-05,815,N,VIIRS,l,2,302.47,4.86,D,0
30.12374,75.7607,348.2,0.45,0.39,2023-11-05,815,N,VIIRS,n,2,306.6,7.86,D,0
30.12416,75.45444,348.06,0.44,0.38,2023-11-05,815,N,VIIRS,n,2,306.65,15.56,D,0
30.12431,75.59473,340.3,0.44,0.39,2023-11-05,815,N,VIIRS,n,2,302.87,13.92,D,0
30.12531,74.37897,337.28,0.41,0.37,2023-11-05,815,N,VIIRS,n,2,301.19,5.13,D,0
30.1255,75.60394,337.55,0.44,0.39,2023-11-05,815,N,VIIRS,n,2,305.11,4.34,D,0
30.12576,76.04081,330.97,0.46,0.39,2023-11-05,815,N,VIIRS,n,2,301.47,1.92,D,0
30.12612,75.66522,333.2,0.45,0.39,2023-11-05,815,N,VIIRS,n,2,302.86,2.06,D,0
30.12613,75.69366,334.85,0.45,0.39,2023-11-05,815,N,VIIRS,n,2,302.61,2.79,D,0
30.12645,75.41691,338.52,0.44,0.38,2023-11-05,815,N,VIIRS,n,2,304.99,7.78,D,0
30.12672,75.66985,332.58,0.45,0.39,2023-11-05,815,N,VIIRS,n,2,301.93,3.16,D,0
30.12672,75.72683,333.01,0.45,0.39,2023-11-05,815,N,VIIRS,n,2,301.94,2.16,D,0
30.12723,75.8753,336.44,0.45,0.39,2023-11-05,815,N,VIIRS,n,2,303.72,31.1,D,0
30.12731,75.7601,343.77,0.45,0.39,2023-11-05,815,N,VIIRS,n,2,302.33,4.99,D,0
30.12747,75.17895,337.73,0.43,0.38,2023-11-05,815,N,VIIRS,n,2,301.24,4.31,D,0
30.12769,75.45383,340.43,0.44,0.38,2023-11-05,815,N,VIIRS,n,2,301.54,15.56,D,0
30.12839,75.38069,334.66,0.44,0.38,2023-11-05,815,N,VIIRS,n,2,301.02,3.35,D,0
30.12845,75.85582,339.37,0.45,0.39,2023-11-05,815,N,VIIRS,n,2,308.12,8.37,D,0
30.1285,75.68377,331.28,0.45,0.39,2023-11-05,815,N,VIIRS,n,2,302.47,1.95,D,0
30.12876,74.40427,335.2,0.41,0.37,2023-11-05,815,N,VIIRS,n,2,305.17,7.52,D,0
30.12905,75.60334,340.62,0.44,0.39,2023-11-05,815,N,VIIRS,n,2,305.77,10.39,D,0
30.12952,75.49546,341.59,0.44,0.38,2023-11-05,815,N,VIIRS,n,2,303.92,6.99,D,0
30.12956,75.52348,333.4,0.44,0.38,2023-11-05,815,N,VIIRS,n,2,300.81,2.51,D,0
30.12961,75.89421,332.23,0.46,0.39,2023-11-05,815,N,VIIRS,l,2,302.57,3.15,D,0
30.1297,75.75016,332.68,0.45,0.39,2023-11-05,815,N,VIIRS,n,2,302.63,2.47,D,0
30.12973,76.37147,340.21,0.48,0.4,2023-11-05,815,N,VIIRS,n,2,303.62,4.87,D,0
30.13023,75.86997,336.62,0.45,0.39,2023-11-05,815,N,VIIRS,n,2,302.34,31.1,D,0
30.13036,76.59124,335.25,0.49,0.4,2023-11-05,815,N,VIIRS,n,2,300.74,3.31,D,0
30.13295,75.44486,337.32,0.44,0.38,2023-11-05,815,N,VIIRS,n,2,305.68,13.86,D,0
30.13355,75.44355,335.48,0.44,0.38,2023-11-05,815,N,VIIRS,n,2,305.01,13.26,D,0
30.13462,75.4865,330.46,0.44,0.38,2023-11-05,815,N,VIIRS,n,2,300.44,1.81,D,0
30.13542,75.37949,336.01,0.44,0.38,2023-11-05,815,N,VIIRS,n,2,303.49,4.13,D,0
30.13624,75.7443,332.04,0.45,0.39,2023-11-05,815,N,VIIRS,l,2,303.21,3.14,D,0
30.13789,75.2869,333.24,0.43,0.38,2023-11-05,815,N,VIIRS,n,2,301.87,2.32,D,0
30.13894,75.37889,330.99,0.44,0.38,2023-11-05,815,N,VIIRS,n,2,300.53,4.13,D,0
30.13943,75.43911,339.31,0.44,0.38,2023-11-05,815,N,VIIRS,n,2,306.33,19.3,D,0
30.13974,75.62986,335.39,0.44,0.39,2023-11-05,815,N,VIIRS,n,2,304.65,3.5,D,0
30.14033,75.63447,330.71,0.44,0.39,2023-11-05,815,N,VIIRS,l,2,300.9,3.5,D,0
30.14085,75.14481,333.82,0.43,0.38,2023-11-05,815,N,VIIRS,l,2,305.56,22.88,D,0
30.14143,75.14925,334.3,0.43,0.38,2023-11-05,815,N,VIIRS,n,2,302.11,24.74,D,0
30.14179,76.17133,334.23,0.47,0.4,2023-11-05,815,N,VIIRS,n,2,301.22,3.09,D,0
30.14229,74.174,336.91,0.4,0.37,2023-11-05,815,N,VIIRS,n,2,302.13,3.27,D,0
30.14232,75.4619,346.7,0.44,0.38,2023-11-05,815,N,VIIRS,n,2,302.39,10.36,D,0
30.14453,75.98397,342.52,0.46,0.39,2023-11-05,815,N,VIIRS,n,2,303.52,5.49,D,0
30.1446,75.78113,335.19,0.45,0.39,2023-11-05,815,N,VIIRS,n,2,304.01,3.89,D,0
30.14509,75.64313,343.53,0.45,0.39,2023-11-05,815,N,VIIRS,n,2,303.91,4.43,D,0
30.14528,75.45673,347.47,0.44,0.38,2023-11-05,815,N,VIIRS,n,2,305.9,11.3,D,0
30.14586,75.4613,335.87,0.44,0.38,2023-11-05,815,N,VIIRS,n,2,303.98,9.6,D,0
30.14726,75.16642,336.71,0.43,0.38,2023-11-05,815,N,VIIRS,n,2,303.19,7.13,D,0
30.14834,75.36803,336.44,0.44,0.38,2023-11-05,815,N,VIIRS,n,2,302.37,5.65,D,0
30.14865,75.64252,336.9,0.45,0.39,2023-11-05,815,N,VIIRS,n,2,300.08,6.08,D,0
30.14881,75.45613,341.14,0.44,0.38,2023-11-05,815,N,VIIRS,n,2,302.45,11.3,D,0
30.14899,75.28957,334.2,0.43,0.38,2023-11-05,815,N,VIIRS,n,2,303.57,7.2,D,0
30.14938,75.8187,345.57,0.45,0.39,2023-11-05,815,N,VIIRS,n,2,303.78,10.33,D,0
30.14953,75.34936,334.0,0.43,0.38,2023-11-05,815,N,VIIRS,n,2,300.83,2.66,D,0
30.14957,75.29408,333.52,0.43,0.38,2023-11-05,815,N,VIIRS,n,2,301.82,6.92,D,0
30.1496,75.21162,331.51,0.43,0.38,2023-11-05,815,N,VIIRS,l,2,302.94,1.64,D,0
30.1498,75.54945,332.11,0.44,0.38,2023-11-05,815,N,VIIRS,n,2,301.27,3.45,D,0
30.14993,75.73724,335.62,0.45,0.39,2023-11-05,815,N,VIIRS,n,2,303.24,64.88,D,0
30.15045,75.65641,340.13,0.45,0.39,2023-11-05,815,N,VIIRS,n,2,309.06,16.95,D,0
30.15046,76.06129,343.38,0.46,0.39,2023-11-05,815,N,VIIRS,n,2,302.94,4.09,D,0
30.15074,75.30307,333.39,0.43,0.38,2023-11-05,815,N,VIIRS,n,2,300.08,4.36,D,0
30.15075,75.2755,332.66,0.43,0.38,2023-11-05,815,N,VIIRS,n,2,300.98,2.68,D,0
30.15127,75.0886,332.75,0.43,0.38,2023-11-05,815,N,VIIRS,n,2,301.91,1.35,D,0
30.15237,74.63085,338.23,0.41,0.37,2023-11-05,815,N,VIIRS,n,2,303.32,4.3,D,0
30.15291,75.73199,348.66,0.45,0.39,2023-11-05,815,N,VIIRS,n,2,303.24,21.36,D,0
30.15355,75.79401,339.95,0.45,0.39,2023-11-05,815,N,VIIRS,n,2,304.13,9.13,D,0
30.15409,76.06069,331.51,0.46,0.39,2023-11-05,815,N,VIIRS,l,2,302.76,4.09,D,0
30.15471,75.44581,346.6,0.44,0.38,2023-11-05,815,N,VIIRS,n,2,304.93,12.03,D,0
30.15471,75.74599,331.59,0.45,0.39,2023-11-05,815,N,VIIRS,n,2,301.95,3.1,D,0
30.15531,75.75066,334.96,0.45,0.39,2023-11-05,815,N,VIIRS,n,2,305.58,4.93,D,0
30.15541,75.17412,330.7,0.43,0.38,2023-11-05,815,N,VIIRS,n,2,300.72,2.34,D,0
30.15542,75.28387,342.16,0.43,0.38,2023-11-05,815,N,VIIRS,n,2,302.43,3.88,D,0
30.15593,75.78402,333.79,0.45,0.39,2023-11-05,815,N,VIIRS,n,2,304.84,2.66,D,0
30.15596,75.95773,337.06,0.46,0.39,2023-11-05,815,N,VIIRS,n,2,301.31,5.81,D,0
30.15599,75.17857,333.69,0.43,0.38,2023-11-05,815,N,VIIRS,n,2,300.62,2.34,D,0
30.15656,75.15572,332.56,0.43,0.38,2023-11-05,815,N,VIIRS,n,2,302.07,2.62,D,0
30.15656,75.34815,336.03,0.43,0.38,2023-11-05,815,N,VIIRS,n,2,300.59,4.52,D,0
30.15658,75.32049,335.79,0.43,0.38,2023-11-05,815,N,VIIRS,n,2,301.38,4.22,D,0
30.15802,74.56855,331.61,0.41,0.37,2023-11-05,815,N,VIIRS,n,2,302.71,1.44,D,0
30.15833,75.8028,334.02,0.45,0.39,2023-11-05,815,N,VIIRS,n,2,303.41,4.9,D,0
30.1589,75.17352,332.9,0.43,0.38,2023-11-05,815,N,VIIRS,n,2,300.7,3.89,D,0
30.15948,75.17798,333.87,0.43,0.38,2023-11-05,815,N,VIIRS,n,2,301.88,3.89,D,0
30.16015,76.02048,337.66,0.46,0.39,2023-11-05,815,N,VIIRS,n,2,303.15,7.74,D,0
30.16043,74.71741,345.88,0.42,0.37,2023-11-05,815,N,VIIRS,n,2,302.14,5.97,D,0
30.16056,75.46345,339.33,0.44,0.38,2023-11-05,815,N,VIIRS,n,2,302.05,3.87,D,0
30.16065,75.73545,332.43,0.45,0.39,2023-11-05,815,N,VIIRS,n,2,301.59,2.52,D,0
30.16113,75.08237,330.84,0.43,0.38,2023-11-05,815,N,VIIRS,n,2,302.17,2.89,D,0
30.1612,76.17811,331.61,0.47,0.4,2023-11-05,815,N,VIIRS,n,2,303.42,2.13,D,0
30.16137,75.88414,333.39,0.45,0.39,2023-11-05,815,N,VIIRS,n,2,302.06,3.35,D,0
30.1618,76.18299,330.45,0.47,0.4,2023-11-05,815,N,VIIRS,l,2,302.5,2.13,D,0
30.16195,74.90248,339.61,0.42,0.38,2023-11-05,815,N,VIIRS,n,2,302.95,7.68,D,0
30.16265,74.62902,330.86,0.41,0.37,2023-11-05,815,N,VIIRS,n,2,300.64,1.56,D,0
30.16306,75.75415,340.26,0.45,0.39,2023-11-05,815,N,VIIRS,n,2,303.09,2.61,D,0
30.16317,75.89834,330.1,0.46,0.39,2023-11-05,815,N,VIIRS,l,2,302.97,1.88,D,0
30.16378,75.96131,334.11,0.46,0.39,2023-11-05,815,N,VIIRS,n,2,301.95,12.8,D,0
30.16415,75.72201,343.35,0.45,0.39,2023-11-05,815,N,VIIRS,n,2,302.26,5.83,D,0
30.16438,75.90782,337.79,0.46,0.39,2023-11-05,815,N,VIIRS,n,2,307.03,15.85,D,0
30.16477,75.27309,335.07,0.43,0.38,2023-11-05,815,N,VIIRS,n,2,303.92,6.98,D,0
30.16523,75.5,341.2,0.44,0.38,2023-11-05,815,N,VIIRS,n,2,306.41,18.56,D,0
30.16533,75.38828,334.07,0.44,0.38,2023-11-05,815,N,VIIRS,n,2,300.28,2.13,D,0
30.16599,75.72028,333.0,0.45,0.39,2023-11-05,815,N,VIIRS,n,2,301.75,2.7,D,0
30.16659,75.72494,333.04,0.45,0.39,2023-11-05,815,N,VIIRS,n,2,302.03,2.7,D,0
30.16689,75.57005,333.42,0.44,0.39,2023-11-05,815,N,VIIRS,n,2,301.41,2.89,D,0
30.16784,75.7629,333.26,0.45,0.39,2023-11-05,815,N,VIIRS,n,2,303.12,2.53,D,0
30.16791,75.82043,332.86,0.45,0.39,2023-11-05,815,N,VIIRS,n,2,302.43,2.68,D,0
30.16799,76.02408,338.97,0.46,0.39,2023-11-05,815,N,VIIRS,n,2,302.72,3.33,D,0
30.16825,75.41097,331.77,0.44,0.38,2023-11-05,815,N,VIIRS,n,2,300.65,2.35,D,0
30.16827,75.27248,335.53,0.43,0.38,2023-11-05,815,N,VIIRS,n,2,303.54,6.98,D,0
30.16868,75.08557,336.07,0.43,0.38,2023-11-05,815,N,VIIRS,n,2,304.51,7.38,D,0
30.16887,75.30456,344.6,0.43,0.38,2023-11-05,815,N,VIIRS,n,2,305.05,11.62,D,0
30.16938,75.76411,338.12,0.45,0.39,2023-11-05,815,N,VIIRS,n,2,303.22,3.36,D,0
30.16955,75.70683,340.01,0.45,0.39,2023-11-05,815,N,VIIRS,n,2,305.01,5.76,D,0
30.1698,76.00911,333.73,0.46,0.39,2023-11-05,815,N,VIIRS,n,2,303.06,2.23,D,0
30.16996,75.17617,347.09,0.43,0.38,2023-11-05,815,N,VIIRS,n,2,304.86,21.66,D,0
30.1704,76.01389,331.54,0.46,0.39,2023-11-05,815,N,VIIRS,n,2,300.44,2.23,D,0
30.17116,75.21247,332.96,0.43,0.38,2023-11-05,815,N,VIIRS,n,2,301.74,30.73,D,0
30.17121,75.37801,332.2,0.44,0.38,2023-11-05,815,N,VIIRS,n,2,300.94,3.28,D,0
30.1716,76.05291,345.62,0.46,0.39,2023-11-05,815,N,VIIRS,n,2,305.27,7.69,D,0
30.17171,75.78286,334.47,0.45,0.39,2023-11-05,815,N,VIIRS,n,2,301.9,4.04,D,0
30.17186,76.58987,348.37,0.49,0.4,2023-11-05,815,N,VIIRS,n,2,306.55,13.05,D,0
30.17187,74.69774,347.98,0.41,0.37,2023-11-05,815,N,VIIRS,n,2,307.42,11.3,D,0
30.17238,75.3316,346.44,0.43,0.38,2023-11-05,815,N,VIIRS,n,2,302.75,7.56,D,0
30.17286,74.57464,332.25,0.41,0.37,2023-11-05,815,N,VIIRS,n,2,300.61,1.95,D,0
30.173,76.58704,333.63,0.49,0.4,2023-11-05,815,N,VIIRS,n,2,304.45,7.51,D,0
30.17342,76.00851,330.98,0.46,0.39,2023-11-05,815,N,VIIRS,l,2,303.43,3.57,D,0
30.1736,76.59212,332.89,0.49,0.4,2023-11-05,815,N,VIIRS,n,2,301.66,5.99,D,0
30.17418,74.71497,335.51,0.42,0.37,2023-11-05,815,N,VIIRS,n,2,302.28,4.03,D,0
30.1745,74.53503,333.28,0.41,0.37,2023-11-05,815,N,VIIRS,n,2,300.99,12.69,D,0
30.17472,75.40523,333.07,0.44,0.38,2023-11-05,815,N,VIIRS,n,2,301.87,2.88,D,0
30.17484,76.38172,335.16,0.48,0.4,2023-11-05,815,N,VIIRS,n,2,307.45,3.59,D,0
30.17515,75.87702,331.84,0.45,0.39,2023-11-05,815,N,VIIRS,l,2,301.87,2.1,D,0
30.17523,76.05232,345.97,0.46,0.39,2023-11-05,815,N,VIIRS,n,2,301.61,7.69,D,0
30.17531,74.69713,336.34,0.41,0.37,2023-11-05,815,N,VIIRS,n,2,302.24,4.33,D,0
30.17707,74.89648,335.86,0.42,0.38,2023-11-05,815,N,VIIRS,n,2,304.02,10.12,D,0
30.17761,74.71436,334.66,0.42,0.37,2023-11-05,815,N,VIIRS,n,2,301.23,3.16,D,0
30.17801,75.78514,339.02,0.45,0.39,2023-11-05,815,N,VIIRS,n,2,302.62,4.18,D,0
30.17821,75.26619,333.09,0.43,0.38,2023-11-05,815,N,VIIRS,n,2,302.41,1.72,D,0
30.17852,76.38113,335.7,0.48,0.4,2023-11-05,815,N,VIIRS,n,2,304.43,3.59,D,0
30.17858,76.35072,338.3,0.48,0.4,2023-11-05,815,N,VIIRS,n,2,303.64,5.02,D,0
30.17879,75.27068,331.42,0.43,0.38,2023-11-05,815,N,VIIRS,n,2,302.91,2.87,D,0
30.17881,75.29826,332.63,0.43,0.38,2023-11-05,815,N,VIIRS,l,2,302.99,6.63,D,0
30.1794,75.30276,345.25,0.43,0.38,2023-11-05,815,N,VIIRS,n,2,304.75,6.63,D,0
30.17945,75.78636,337.01,0.45,0.39,2023-11-05,815,N,VIIRS,n,2,301.36,3.65,D,0
30.18079,74.20116,331.29,0.4,0.37,2023-11-05,815,N,VIIRS,n,2,300.74,1.42,D,0
30.18093,74.20164,331.65,0.4,0.37,2023-11-05,815,N,VIIRS,n,2,300.62,1.55,D,0
30.18095,75.65266,334.68,0.45,0.39,2023-11-05,815,N,VIIRS,n,2,301.14,5.1,D,0
30.1811,75.23362,331.01,0.43,0.38,2023-11-05,815,N,VIIRS,n,2,300.77,3.38,D,0
30.18168,75.23809,332.7,0.43,0.38,2023-11-05,815,N,VIIRS,n,2,301.8,3.38,D,0
30.18179,75.80518,336.05,0.45,0.39,2023-11-05,815,N,VIIRS,n,2,304.09,3.23,D,0
30.18226,76.35014,347.11,0.48,0.4,2023-11-05,815,N,VIIRS,n,2,303.79,5.02,D,0
30.18235,75.35298,333.34,0.43,0.38,2023-11-05,815,N,VIIRS,n,2,302.52,4.72,D,0
30.18476,74.5332,336.91,0.41,0.37,2023-11-05,815,N,VIIRS,n,2,302.44,4.92,D,0
30.18482,75.95298,339.04,0.46,0.39,2023-11-05,815,N,VIIRS,n,2,306.33,14.53,D,0
30.18616,75.72309,333.52,0.45,0.39,2023-11-05,815,N,VIIRS,n,2,302.84,3.02,D,0
30.18671,76.14419,336.7,0.47,0.39,2023-11-05,815,N,VIIRS,n,2,304.6,6.92,D,0
30.18839,75.07311,347.33,0.43,0.38,2023-11-05,815,N,VIIRS,n,2,303.56,4.42,D,0
30.18852,76.18859,347.24,0.47,0.4,2023-11-05,815,N,VIIRS,n,2,306.11,46.61,D,0
30.18853,76.12904,334.61,0.47,0.39,2023-11-05,815,N,VIIRS,n,2,301.99,5.7,D,0
30.1887,75.62769,346.02,0.45,0.39,2023-11-05,815,N,VIIRS,n,2,312.66,41.39,D,0
30.18907,75.9864,334.92,0.46,0.39,2023-11-05,815,N,VIIRS,n,2,303.93,4.89,D,0
30.18962,75.07416,344.58,0.43,0.38,2023-11-05,815,N,VIIRS,n,2,302.88,5.52,D,0
30.18966,74.72546,333.37,0.42,0.37,2023-11-05,815,N,VIIRS,n,2,302.21,2.92,D,0
30.19035,76.14359,335.87,0.47,0.39,2023-11-05,815,N,VIIRS,n,2,303.02,4.51,D,0
30.19058,75.50038,335.78,0.44,0.38,2023-11-05,815,N,VIIRS,n,2,301.39,3.83,D,0
30.1909,75.73183,340.92,0.45,0.39,2023-11-05,815,N,VIIRS,n,2,303.77,5.08,D,0
30.19104,75.64623,331.22,0.45,0.39,2023-11-05,815,N,VIIRS,n,2,301.13,2.37,D,0
30.19164,75.2593,344.23,0.43,0.38,2023-11-05,815,N,VIIRS,n,2,303.92,12.03,D,0
30.19217,76.12844,347.23,0.47,0.39,2023-11-05,815,N,VIIRS,n,2,302.51,5.7,D,0
30.19266,75.74587,334.93,0.45,0.39,2023-11-05,815,N,VIIRS,n,2,304.2,3.23,D,0
30.19285,75.29585,331.73,0.43,0.38,2023-11-05,815,N,VIIRS,l,2,302.17,11.69,D,0
30.19339,75.6648,336.11,0.45,0.39,2023-11-05,815,N,VIIRS,n,2,304.6,11.16,D,0
30.19409,74.6278,332.17,0.41,0.37,2023-11-05,815,N,VIIRS,n,2,300.82,2.33,D,0
30.19411,75.41585,333.51,0.44,0.38,2023-11-05,815,N,VIIRS,n,2,303.04,4.71,D,0
30.19473,75.88016,336.37,0.46,0.39,2023-11-05,815,N,VIIRS,n,2,303.32,3.54,D,0
30.19565,75.74059,330.29,0.45,0.39,2023-11-05,815,N,VIIRS,l,2,300.41,6.12,D,0
30.19583,74.64067,340.95,0.41,0.37,2023-11-05,815,N,VIIRS,n,2,302.22,7.5,D,0
30.19624,75.74527,350.61,0.45,0.39,2023-11-05,815,N,VIIRS,n,2,304.32,22.77,D,0
30.19644,75.57446,335.13,0.44,0.39,2023-11-05,815,N,VIIRS,n,2,303.06,8.87,D,0
30.19695,76.34778,334.55,0.48,0.4,2023-11-05,815,N,VIIRS,n,2,303.91,3.14,D,0
30.19725,75.1396,334.62,0.43,0.38,2023-11-05,815,N,VIIRS,n,2,303.35,2.39,D,0
30.19737,75.19426,331.57,0.43,0.38,2023-11-05,815,N,VIIRS,n,2,300.01,2.54,D,0
30.19746,75.72598,350.72,0.45,0.39,2023-11-05,815,N,VIIRS,n,2,304.53,8.66,D,0
30.19766,75.13629,333.18,0.43,0.38,2023-11-05,815,N,VIIRS,n,2,302.89,1.75,D,0
30.19796,75.19872,332.33,0.43,0.38,2023-11-05,815,N,VIIRS,n,2,299.79,2.54,D,0
30.19809,75.70204,331.24,0.45,0.39,2023-11-05,815,N,VIIRS,n,2,302.15,1.82,D,0
30.19864,75.94585,333.48,0.46,0.39,2023-11-05,815,N,VIIRS,n,2,301.79,7.49,D,0
30.19875,75.34095,331.4,0.43,0.38,2023-11-05,815,N,VIIRS,n,2,300.72,3.31,D,0
30.19875,75.94257,344.8,0.46,0.39,2023-11-05,815,N,VIIRS,n,2,307.32,17.99,D,0
30.19886,74.48273,346.36,0.41,0.37,2023-11-05,815,N,VIIRS,n,2,302.37,5.84,D,0
30.19894,75.03637,344.1,0.42,0.38,2023-11-05,815,N,VIIRS,n,2,302.39,4.95,D,0
30.19899,74.00645,334.1,0.4,0.37,2023-11-05,815,N,VIIRS,n,2,302.33,3.36,D,0
30.19903,75.15293,344.88,0.43,0.38,2023-11-05,815,N,VIIRS,n,2,307.59,19.73,D,0
30.19931,75.31778,335.2,0.43,0.38,2023-11-05,815,N,VIIRS,n,2,302.35,32.77,D,0
30.19931,76.42866,343.28,0.48,0.4,2023-11-05,815,N,VIIRS,n,2,304.05,4.54,D,0
30.19939,75.59755,333.05,0.44,0.39,2023-11-05,815,N,VIIRS,n,2,302.03,3.59,D,0
30.19941,75.56926,331.76,0.44,0.39,2023-11-05,815,N,VIIRS,n,2,300.48,7.35,D,0
30.19984,74.64434,336.86,0.41,0.37,2023-11-05,815,N,VIIRS,n,2,303.33,7.5,D,0
30.19995,75.15409,348.98,0.43,0.38,2023-11-05,815,N,VIIRS,n,2,305.53,17.14,D,0
30.2,75.57387,347.17,0.44,0.39,2023-11-05,815,N,VIIRS,n,2,301.9,8.87,D,0
30.20001,75.4614,331.07,0.44,0.38,2023-11-05,815,N,VIIRS,n,2,299.91,1.38,D,0
30.20205,74.60883,334.29,0.41,0.37,2023-11-05,815,N,VIIRS,n,2,301.77,4.62,D,0
30.20277,74.46028,334.13,0.41,0.37,2023-11-05,815,N,VIIRS,n,2,302.54,2.81,D,0
30.20283,75.31718,339.06,0.43,0.38,2023-11-05,815,N,VIIRS,n,2,302.82,32.77,D,0
30.20323,75.21152,334.41,0.43,0.38,2023-11-05,815,N,VIIRS,n,2,300.88,4.19,D,0
30.2046,75.33071,331.51,0.43,0.38,2023-11-05,815,N,VIIRS,n,2,303.88,2.18,D,0
30.20493,76.20087,337.57,0.47,0.4,2023-11-05,815,N,VIIRS,n,2,303.8,4.04,D,0
30.20495,74.63025,332.65,0.41,0.37,2023-11-05,815,N,VIIRS,n,2,301.22,2.58,D,0
30.20523,75.70084,335.01,0.45,0.39,2023-11-05,815,N,VIIRS,n,2,303.24,3.62,D,0
30.20534,74.55572,338.65,0.41,0.37,2023-11-05,815,N,VIIRS,n,2,301.69,3.8,D,0
30.20575,75.31207,348.71,0.43,0.38,2023-11-05,815,N,VIIRS,n,2,301.36,8.78,D,0
30.20599,74.40764,341.2,0.41,0.37,2023-11-05,815,N,VIIRS,n,2,301.95,3.58,D,0
30.20616,76.30087,338.39,0.47,0.4,2023-11-05,815,N,VIIRS,n,2,304.48,7.86,D,0
30.20624,75.82515,340.8,0.45,0.39,2023-11-05,815,N,VIIRS,n,2,307.47,16.14,D,0
30.20634,75.31658,336.04,0.43,0.38,2023-11-05,815,N,VIIRS,n,2,302.72,8.78,D,0
30.20638,75.73881,333.26,0.45,0.39,2023-11-05,815,N,VIIRS,n,2,302.75,1.75,D,0
30.20767,74.57279,335.59,0.41,0.37,2023-11-05,815,N,VIIRS,n,2,305.83,13.11,D,0
30.20812,75.33011,342.06,0.43,0.38,2023-11-05,815,N,VIIRS,n,2,303.6,4.06,D,0
30.20818,75.72418,339.8,0.45,0.39,2023-11-05,815,N,VIIRS,n,2,302.63,7.07,D,0
30.20826,75.46935,333.64,0.44,0.38,2023-11-05,815,N,VIIRS,n,2,304.68,4.47,D,0
30.20862,75.27935,338.15,0.43,0.38,2023-11-05,815,N,VIIRS,n,2,301.04,2.86,D,0
30.20868,74.78851,336.94,0.42,0.37,2023-11-05,815,N,VIIRS,n,2,303.05,5.59,D,0
30.20891,74.42879,337.3,0.41,0.37,2023-11-05,815,N,VIIRS,n,2,302.37,5.61,D,0
30.20994,77.06192,334.77,0.51,0.41,2023-11-05,815,N,VIIRS,n,2,304.01,4.26,D,0
30.21004,75.6241,345.12,0.45,0.39,2023-11-05,815,N,VIIRS,n,2,310.92,37.42,D,0
30.21057,75.71425,338.54,0.45,0.39,2023-11-05,815,N,VIIRS,n,2,303.11,10.52,D,0
30.21067,75.97958,331.32,0.46,0.39,2023-11-05,815,N,VIIRS,n,2,299.65,3.72,D,0
30.21088,75.24224,331.38,0.43,0.38,2023-11-05,815,N,VIIRS,n,2,302.38,2.16,D,0
30.21126,75.98438,335.38,0.46,0.39,2023-11-05,815,N,VIIRS,n,2,306.08,10.08,D,0
30.21154,75.86769,336.21,0.45,0.39,2023-11-05,815,N,VIIRS,n,2,303.03,4.9,D,0
30.2116,76.43689,334.19,0.48,0.4,2023-11-05,815,N,VIIRS,n,2,303.15,3.05,D,0
30.21206,76.05122,330.46,0.46,0.39,2023-11-05,815,N,VIIRS,l,2,302.68,1.78,D,0
30.21213,75.27876,335.52,0.43,0.38,2023-11-05,815,N,VIIRS,n,2,300.51,2.86,D,0
30.21216,75.16564,340.82,0.43,0.38,2023-11-05,815,N,VIIRS,n,2,305.61,17.74,D,0
30.21219,75.13831,338.91,0.43,0.38,2023-11-05,815,N,VIIRS,n,2,301.65,4.01,D,0
30.21226,76.05286,331.13,0.46,0.39,2023-11-05,815,N,VIIRS,n,2,303.13,2.61,D,0
30.21277,75.14276,332.74,0.43,0.38,2023-11-05,815,N,VIIRS,n,2,300.64,4.01,D,0
30.21529,76.04745,332.3,0.46,0.39,2023-11-05,815,N,VIIRS,n,2,301.78,1.22,D,0
30.2156,75.93006,338.4,0.46,0.39,2023-11-05,815,N,VIIRS,n,2,306.6,7.86,D,0
30.21565,75.16504,330.95,0.43,0.38,2023-11-05,815,N,VIIRS,n,2,299.28,3.19,D,0
30.21597,75.55707,340.44,0.44,0.39,2023-11-05,815,N,VIIRS,n,2,310.59,31.0,D,0
30.21633,76.60091,343.91,0.49,0.4,2023-11-05,815,N,VIIRS,n,2,308.58,26.11,D,0
30.21655,75.56168,332.38,0.44,0.39,2023-11-05,815,N,VIIRS,n,2,300.35,5.93,D,0
30.21694,76.606,332.15,0.49,0.4,2023-11-05,815,N,VIIRS,n,2,300.37,6.08,D,0
30.21715,75.56628,332.54,0.44,0.39,2023-11-05,815,N,VIIRS,n,2,300.27,5.93,D,0
30.2177,75.48642,335.09,0.44,0.38,2023-11-05,815,N,VIIRS,n,2,303.24,2.84,D,0
30.21828,75.74638,333.33,0.45,0.39,2023-11-05,815,N,VIIRS,n,2,301.07,1.75,D,0
30.21831,75.71771,337.94,0.45,0.39,2023-11-05,815,N,VIIRS,n,2,302.47,3.12,D,0
30.21854,75.18736,347.12,0.43,0.38,2023-11-05,815,N,VIIRS,n,2,304.0,5.11,D,0
30.21904,75.2468,333.55,0.43,0.38,2023-11-05,815,N,VIIRS,l,2,304.13,4.51,D,0
30.21921,75.92947,343.17,0.46,0.39,2023-11-05,815,N,VIIRS,n,2,307.95,18.3,D,0
30.22157,75.94853,332.51,0.46,0.39,2023-11-05,815,N,VIIRS,n,2,302.28,2.23,D,0
30.22194,74.57462,337.23,0.41,0.37,2023-11-05,815,N,VIIRS,n,2,300.73,4.18,D,0
30.22281,75.92887,337.19,0.46,0.39,2023-11-05,815,N,VIIRS,n,2,302.51,18.3,D,0
30.22306,75.72646,332.61,0.45,0.39,2023-11-05,815,N,VIIRS,n,2,301.15,2.0,D,0
30.22388,74.21095,335.57,0.4,0.37,2023-11-05,815,N,VIIRS,n,2,302.28,5.67,D,0
30.22401,75.36901,334.66,0.44,0.38,2023-11-05,815,N,VIIRS,n,2,302.83,49.01,D,0
30.22642,75.92827,330.19,0.46,0.39,2023-11-05,815,N,VIIRS,n,2,302.17,1.75,D,0
30.22646,75.89911,334.67,0.46,0.39,2023-11-05,815,N,VIIRS,n,2,304.29,36.4,D,0
30.22721,75.75924,341.42,0.45,0.39,2023-11-05,815,N,VIIRS,n,2,311.52,23.22,D,0
30.22765,75.90862,331.32,0.46,0.39,2023-11-05,815,N,VIIRS,n,2,302.09,1.56,D,0
30.22783,75.67803,330.24,0.45,0.39,2023-11-05,815,N,VIIRS,n,2,301.34,2.95,D,0
30.22818,75.40077,335.23,0.44,0.38,2023-11-05,815,N,VIIRS,n,2,304.43,21.03,D,0
30.22872,74.75392,342.33,0.42,0.37,2023-11-05,815,N,VIIRS,n,2,304.63,5.56,D,0
30.23009,74.53884,334.68,0.41,0.37,2023-11-05,815,N,VIIRS,n,2,301.86,3.75,D,0
30.23013,75.84047,330.68,0.45,0.39,2023-11-05,815,N,VIIRS,l,2,302.53,3.34,D,0
30.23057,74.43852,347.07,0.41,0.37,2023-11-05,815,N,VIIRS,n,2,305.29,14.24,D,0
30.23059,76.28688,332.29,0.47,0.4,2023-11-05,815,N,VIIRS,n,2,304.15,5.69,D,0
30.23065,76.37784,335.7,0.48,0.4,2023-11-05,815,N,VIIRS,n,2,304.99,15.1,D,0
30.23073,75.84519,335.98,0.45,0.39,2023-11-05,815,N,VIIRS,n,2,303.66,5.25,D,0
30.23079,75.75865,343.21,0.45,0.39,2023-11-05,815,N,VIIRS,n,2,305.76,23.22,D,0
30.23081,75.06246,333.15,0.43,0.38,2023-11-05,815,N,VIIRS,n,2,303.11,2.47,D,0
30.23098,74.13683,333.9,0.4,0.37,2023-11-05,815,N,VIIRS,n,2,302.03,1.8,D,0
30.23111,75.39562,335.41,0.44,0.38,2023-11-05,815,N,VIIRS,n,2,302.44,3.67,D,0
30.23121,76.29181,334.52,0.47,0.4,2023-11-05,815,N,VIIRS,n,2,306.37,5.69,D,0
30.23125,76.35239,334.29,0.48,0.4,2023-11-05,815,N,VIIRS,n,2,304.22,3.07,D,0
30.23184,75.91279,341.87,0.46,0.39,2023-11-05,815,N,VIIRS,n,2,308.45,25.25,D,0
30.23191,76.15347,334.79,0.47,0.4,2023-11-05,815,N,VIIRS,n,2,301.95,2.28,D,0
30.23192,75.85464,342.88,0.45,0.39,2023-11-05,815,N,VIIRS,n,2,304.89,8.77,D,0
30.23318,75.69141,332.33,0.45,0.39,2023-11-05,815,N,VIIRS,n,2,301.85,3.15,D,0
30.23328,76.28837,341.22,0.47,0.4,2023-11-05,815,N,VIIRS,n,2,306.41,6.45,D,0
30.23374,74.30807,336.24,0.41,0.37,2023-11-05,815,N,VIIRS,n,2,301.8,2.7,D,0
30.23407,76.01979,335.23,0.46,0.39,2023-11-05,815,N,VIIRS,n,2,304.84,4.25,D,0
30.23457,75.39651,349.42,0.44,0.38,2023-11-05,815,N,VIIRS,n,2,301.94,10.02,D,0
30.23463,75.39503,345.74,0.44,0.38,2023-11-05,815,N,VIIRS,n,2,302.41,3.67,D,0
30.23483,76.69194,332.84,0.49,0.41,2023-11-05,815,N,VIIRS,n,2,300.68,2.83,D,0
30.23489,75.56329,335.45,0.44,0.39,2023-11-05,815,N,VIIRS,l,2,306.63,31.31,D,0
30.23497,75.67683,346.75,0.45,0.39,2023-11-05,815,N,VIIRS,n,2,302.89,7.31,D,0
30.23551,75.85405,338.01,0.45,0.39,2023-11-05,815,N,VIIRS,n,2,302.01,8.77,D,0
30.23583,75.40412,346.07,0.44,0.38,2023-11-05,815,N,VIIRS,n,2,304.41,17.85,D,0
30.23592,75.29449,344.64,0.43,0.38,2023-11-05,815,N,VIIRS,n,2,303.05,12.58,D,0
30.23615,75.77213,334.69,0.45,0.39,2023-11-05,815,N,VIIRS,n,2,302.86,4.14,D,0
30.23631,76.09824,337.86,0.47,0.39,2023-11-05,815,N,VIIRS,n,2,304.92,3.38,D,0
30.23682,76.13281,337.23,0.47,0.39,2023-11-05,815,N,VIIRS,n,2,302.53,3.51,D,0
30.23695,74.59016,345.93,0.41,0.37,2023-11-05,815,N,VIIRS,n,2,309.69,47.74,D,0
30.23708,75.44112,336.89,0.44,0.38,2023-11-05,815,N,VIIRS,n,2,300.87,3.61,D,0
30.23714,75.24827,343.78,0.43,0.38,2023-11-05,815,N,VIIRS,n,2,308.18,17.13,D,0
30.2375,76.10794,334.9,0.47,0.39,2023-11-05,815,N,VIIRS,n,2,304.56,7.07,D,0
30.23789,75.873,336.8,0.46,0.39,2023-11-05,815,N,VIIRS,n,2,301.65,3.88,D,0
30.23823,75.31254,333.44,0.43,0.38,2023-11-05,815,N,VIIRS,n,2,304.09,7.08,D,0
30.23838,75.96527,335.23,0.46,0.39,2023-11-05,815,N,VIIRS,n,2,303.31,5.06,D,0
30.23854,75.76214,337.06,0.45,0.39,2023-11-05,815,N,VIIRS,n,2,302.5,2.93,D,0
30.23905,75.91159,344.54,0.46,0.39,2023-11-05,815,N,VIIRS,n,2,303.66,5.54,D,0
30.23927,76.60247,336.04,0.49,0.4,2023-11-05,815,N,VIIRS,l,2,306.98,4.21,D,0
30.23994,76.09764,334.6,0.47,0.39,2023-11-05,815,N,VIIRS,n,2,304.11,3.01,D,0
30.24038,74.58954,338.85,0.41,0.37,2023-11-05,815,N,VIIRS,n,2,301.03,3.25,D,0
30.24061,76.28719,340.58,0.47,0.4,2023-11-05,815,N,VIIRS,n,2,313.57,33.19,D,0
30.24065,75.24767,336.94,0.43,0.38,2023-11-05,815,N,VIIRS,n,2,300.86,4.97,D,0
30.24153,75.75685,338.03,0.45,0.39,2023-11-05,815,N,VIIRS,n,2,304.18,4.03,D,0
30.24191,75.50573,334.57,0.44,0.38,2023-11-05,815,N,VIIRS,n,2,302.41,4.34,D,0
30.24199,75.5621,332.15,0.44,0.39,2023-11-05,815,N,VIIRS,n,2,300.74,1.91,D,0
30.2422,76.29004,334.14,0.47,0.4,2023-11-05,815,N,VIIRS,n,2,303.21,30.31,D,0
30.24275,76.36777,335.08,0.48,0.4,2023-11-05,815,N,VIIRS,l,2,306.07,6.84,D,0
30.24322,75.94497,331.47,0.46,0.39,2023-11-05,815,N,VIIRS,n,2,302.01,1.93,D,0
30.24327,75.65642,342.73,0.45,0.39,2023-11-05,815,N,VIIRS,n,2,314.21,24.11,D,0
30.24379,74.25456,333.62,0.4,0.37,2023-11-05,815,N,VIIRS,n,2,301.88,3.8,D,0
30.24381,74.58893,333.39,0.41,0.37,2023-11-05,815,N,VIIRS,n,2,299.77,3.25,D,0
30.24444,75.92529,337.85,0.46,0.39,2023-11-05,815,N,VIIRS,n,2,311.39,47.55,D,0
30.24475,76.3705,341.83,0.48,0.4,2023-11-05,815,N,VIIRS,n,2,304.96,7.53,D,0
30.24486,76.55491,334.38,0.49,0.4,2023-11-05,815,N,VIIRS,n,2,305.81,3.29,D,0
30.24498,75.58515,341.63,0.44,0.39,2023-11-05,815,N,VIIRS,n,2,304.31,10.15,D,0
30.2451,75.75626,333.7,0.45,0.39,2023-11-05,815,N,VIIRS,n,2,303.7,4.03,D,0
30.24527,74.72002,337.63,0.42,0.37,2023-11-05,815,N,VIIRS,n,2,301.04,3.18,D,0
30.24564,75.64655,336.67,0.45,0.39,2023-11-05,815,N,VIIRS,n,2,300.13,51.92,D,0
30.2463,75.79443,338.69,0.45,0.39,2023-11-05,815,N,VIIRS,n,2,305.26,10.34,D,0
30.24631,76.39771,330.96,0.48,0.4,2023-11-05,815,N,VIIRS,n,2,302.41,2.38,D,0
30.24648,76.15111,331.46,0.47,0.4,2023-11-05,815,N,VIIRS,l,2,302.64,4.76,D,0
30.24671,76.03246,343.71,0.46,0.39,2023-11-05,815,N,VIIRS,n,2,306.95,14.44,D,0
30.24683,75.65583,340.99,0.45,0.39,2023-11-05,815,N,VIIRS,n,2,301.73,24.11,D,0
30.24702,76.37215,334.17,0.48,0.4,2023-11-05,815,N,VIIRS,l,2,304.97,6.84,D,0
30.24767,76.16085,336.1,0.47,0.4,2023-11-05,815,N,VIIRS,n,2,304.66,2.41,D,0
30.2478,75.52979,345.38,0.44,0.39,2023-11-05,815,N,VIIRS,n,2,301.68,8.92,D,0
30.24825,75.16851,331.29,0.43,0.38,2023-11-05,815,N,VIIRS,n,2,301.23,2.55,D,0
30.24844,75.52809,344.77,0.44,0.38,2023-11-05,815,N,VIIRS,n,2,302.79,9.3,D,0
30.24844,76.3699,337.74,0.48,0.4,2023-11-05,815,N,VIIRS,n,2,306.22,8.37,D,0
30.24939,76.20548,333.17,0.47,0.4,2023-11-05,815,N,VIIRS,n,2,302.91,1.83,D,0
30.25032,76.30579,347.15,0.47,0.4,2023-11-05,815,N,VIIRS,n,2,303.03,6.85,D,0
30.25041,75.97306,336.21,0.46,0.39,2023-11-05,815,N,VIIRS,n,2,303.85,4.11,D,0
30.25097,76.00722,341.83,0.46,0.39,2023-11-05,815,N,VIIRS,n,2,302.18,4.25,D,0
30.25113,75.08157,338.5,0.43,0.38,2023-11-05,815,N,VIIRS,n,2,301.33,4.31,D,0
30.25116,75.13611,338.12,0.43,0.38,2023-11-05,815,N,VIIRS,n,2,301.89,7.94,D,0
30.25304,76.20489,338.09,0.47,0.4,2023-11-05,815,N,VIIRS,n,2,301.85,3.2,D,0
30.25336,75.65,330.11,0.45,0.39,2023-11-05,815,N,VIIRS,n,2,300.88,1.72,D,0
30.25392,75.62619,342.46,0.45,0.39,2023-11-05,815,N,VIIRS,n,2,309.08,31.75,D,0
30.25463,74.28271,333.26,0.4,0.37,2023-11-05,815,N,VIIRS,n,2,302.45,3.25,D,0
30.25463,74.56506,333.13,0.41,0.37,2023-11-05,815,N,VIIRS,n,2,300.83,2.48,D,0
30.25466,75.91873,335.26,0.46,0.39,2023-11-05,815,N,VIIRS,n,2,304.73,3.93,D,0
30.25515,74.51687,336.37,0.41,0.37,2023-11-05,815,N,VIIRS,n,2,300.95,2.64,D,0
30.25541,75.56144,340.77,0.44,0.39,2023-11-05,815,N,VIIRS,n,2,301.5,3.21,D,0
30.25617,76.38594,341.52,0.48,0.4,2023-11-05,815,N,VIIRS,n,2,305.08,4.74,D,0
30.25622,75.45338,345.39,0.44,0.38,2023-11-05,815,N,VIIRS,n,2,302.19,8.14,D,0
30.25678,75.56432,332.52,0.44,0.39,2023-11-05,815,N,VIIRS,n,2,301.45,2.55,D,0
30.25826,75.91814,330.26,0.46,0.39,2023-11-05,815,N,VIIRS,l,2,302.73,3.93,D,0
30.25918,74.54674,336.19,0.41,0.37,2023-11-05,815,N,VIIRS,n,2,301.32,4.73,D,0
30.25953,76.28915,332.24,0.47,0.4,2023-11-05,815,N,VIIRS,n,2,303.5,0.85,D,0
30.25978,74.57729,334.73,0.41,0.37,2023-11-05,815,N,VIIRS,n,2,301.44,2.29,D,0
30.26001,76.02045,333.35,0.46,0.39,2023-11-05,815,N,VIIRS,n,2,302.95,2.54,D,0
30.26068,74.42874,332.93,0.41,0.37,2023-11-05,815,N,VIIRS,n,2,301.6,3.42,D,0
30.26126,74.43298,332.69,0.41,0.37,2023-11-05,815,N,VIIRS,n,2,300.77,3.42,D,0
30.26148,76.24358,334.15,0.47,0.4,2023-11-05,815,N,VIIRS,n,2,304.03,3.54,D,0
30.26269,75.03429,337.52,0.42,0.38,2023-11-05,815,N,VIIRS,n,2,303.12,5.04,D,0
30.26301,77.0952,331.19,0.52,0.41,2023-11-05,815,N,VIIRS,l,2,301.93,4.06,D,0
30.26334,75.09306,333.15,0.43,0.38,2023-11-05,815,N,VIIRS,n,2,301.38,3.9,D,0
30.26409,74.42813,333.99,0.41,0.37,2023-11-05,815,N,VIIRS,n,2,299.84,3.42,D,0
30.26425,75.84928,330.3,0.45,0.39,2023-11-05,815,N,VIIRS,n,2,301.07,1.63,D,0
30.26448,75.07472,337.84,0.43,0.38,2023-11-05,815,N,VIIRS,n,2,302.85,7.69,D,0
30.26455,75.37745,333.49,0.44,0.38,2023-11-05,815,N,VIIRS,n,2,302.95,5.1,D,0
30.26465,76.17802,336.44,0.47,0.4,2023-11-05,815,N,VIIRS,n,2,306.35,4.4,D,0
30.26489,75.55041,334.41,0.44,0.39,2023-11-05,815,N,VIIRS,n,2,303.54,4.55,D,0
30.26514,76.24299,333.52,0.47,0.4,2023-11-05,815,N,VIIRS,l,2,304.18,2.45,D,0
30.2652,76.21291,344.2,0.47,0.4,2023-11-05,815,N,VIIRS,n,2,304.86,8.51,D,0
30.26525,76.18292,341.1,0.47,0.4,2023-11-05,815,N,VIIRS,n,2,305.46,8.84,D,0
30.26546,75.97547,332.72,0.46,0.39,2023-11-05,815,N,VIIRS,n,2,300.99,4.79,D,0
30.26578,75.67338,342.92,0.45,0.39,2023-11-05,815,N,VIIRS,n,2,302.57,5.85,D,0
30.26607,75.89257,334.7,0.46,0.39,2023-11-05,815,N,VIIRS,n,2,302.37,3.86,D,0
30.26627,76.28303,334.9,0.47,0.4,2023-11-05,815,N,VIIRS,l,2,305.45,6.66,D,0
30.26635,75.25243,336.64,0.43,0.38,2023-11-05,815,N,VIIRS,n,2,303.89,6.82,D,0
30.26654,76.13293,343.51,0.47,0.39,2023-11-05,815,N,VIIRS,n,2,305.95,7.9,D,0
30.26662,75.8103,335.0,0.45,0.39,2023-11-05,815,N,VIIRS,n,2,303.41,6.44,D,0
30.26667,75.89732,336.57,0.46,0.39,2023-11-05,815,N,VIIRS,n,2,304.15,10.3,D,0
30.26682,75.45158,333.98,0.44,0.38,2023-11-05,815,N,VIIRS,n,2,303.62,9.41,D,0
30.26706,75.67146,338.97,0.45,0.39,2023-11-05,815,N,VIIRS,n,2,303.65,4.1,D,0
30.26714,74.29768,334.26,0.41,0.37,2023-11-05,815,N,VIIRS,l,2,304.73,10.47,D,0
30.26746,75.40019,335.18,0.44,0.38,2023-11-05,815,N,VIIRS,n,2,302.35,7.44,D,0
30.26783,75.81974,339.27,0.45,0.39,2023-11-05,815,N,VIIRS,n,2,311.42,34.03,D,0
30.26786,75.99465,340.64,0.46,0.39,2023-11-05,815,N,VIIRS,n,2,303.71,5.98,D,0
30.2683,76.17743,335.55,0.47,0.4,2023-11-05,815,N,VIIRS,n,2,303.69,4.4,D,0
30.26919,74.23702,339.15,0.4,0.37,2023-11-05,815,N,VIIRS,n,2,301.73,3.97,D,0
30.26961,75.55903,332.94,0.44,0.39,2023-11-05,815,N,VIIRS,l,2,303.16,5.62,D,0
30.26961,75.80499,333.24,0.45,0.39,2023-11-05,815,N,VIIRS,n,2,302.85,7.57,D,0
30.26967,75.89198,335.44,0.46,0.39,2023-11-05,815,N,VIIRS,n,2,302.85,3.86,D,0
30.26982,75.39049,336.02,0.44,0.38,2023-11-05,815,N,VIIRS,n,2,303.46,2.45,D,0
30.27018,76.13233,335.28,0.47,0.39,2023-11-05,815,N,VIIRS,n,2,304.76,7.9,D,0
30.27021,75.80971,335.33,0.45,0.39,2023-11-05,815,N,VIIRS,n,2,303.64,10.23,D,0
30.2705,75.68211,333.24,0.45,0.39,2023-11-05,815,N,VIIRS,n,2,302.05,2.96,D,0
30.27067,75.69942,333.64,0.45,0.39,2023-11-05,815,N,VIIRS,n,2,303.24,8.76,D,0
30.27074,76.16705,344.17,0.47,0.4,2023-11-05,815,N,VIIRS,n,2,306.78,14.32,D,0
30.27091,74.42689,332.97,0.41,0.37,2023-11-05,815,N,VIIRS,n,2,301.9,9.24,D,0
30.27102,75.34389,342.43,0.44,0.38,2023-11-05,815,N,VIIRS,n,2,309.38,25.8,D,0
30.27123,75.62968,336.22,0.45,0.39,2023-11-05,815,N,VIIRS,n,2,301.59,6.32,D,0
30.27194,76.17683,334.98,0.47,0.4,2023-11-05,815,N,VIIRS,l,2,308.27,17.42,D,0
30.27199,75.79498,333.7,0.45,0.39,2023-11-05,815,N,VIIRS,n,2,302.27,2.48,D,0
30.27216,75.18723,332.8,0.43,0.38,2023-11-05,815,N,VIIRS,n,2,301.1,3.98,D,0
30.27225,75.69612,345.44,0.45,0.39,2023-11-05,815,N,VIIRS,n,2,301.95,9.42,D,0
30.27243,75.68484,344.74,0.45,0.39,2023-11-05,815,N,VIIRS,n,2,304.77,8.16,D,0
30.27258,75.05518,345.18,0.43,0.38,2023-11-05,815,N,VIIRS,n,2,304.38,7.94,D,0
30.27374,75.56304,333.51,0.44,0.39,2023-11-05,815,N,VIIRS,n,2,301.41,4.36,D,0
30.27392,74.50038,339.89,0.41,0.37,2023-11-05,815,N,VIIRS,n,2,306.18,21.62,D,0
30.27399,75.71014,344.73,0.45,0.39,2023-11-05,815,N,VIIRS,n,2,302.84,4.75,D,0
30.27407,75.68151,333.07,0.45,0.39,2023-11-05,815,N,VIIRS,n,2,300.62,1.84,D,0
30.27509,75.93484,334.35,0.46,0.39,2023-11-05,815,N,VIIRS,n,2,304.57,3.39,D,0
30.2751,75.96412,333.42,0.46,0.39,2023-11-05,815,N,VIIRS,n,2,302.99,2.74,D,0
30.27529,74.64043,346.73,0.41,0.37,2023-11-05,815,N,VIIRS,n,2,303.2,9.13,D,0
30.27558,75.79438,339.32,0.45,0.39,2023-11-05,815,N,VIIRS,n,2,306.16,15.92,D,0
30.27568,76.05724,337.19,0.46,0.39,2023-11-05,815,N,VIIRS,n,2,305.3,3.18,D,0
30.27571,75.35235,337.75,0.44,0.38,2023-11-05,815,N,VIIRS,n,2,304.33,12.05,D,0
30.27605,75.71284,333.09,0.45,0.39,2023-11-05,815,N,VIIRS,n,2,300.52,4.2,D,0
30.27612,75.55322,333.9,0.44,0.39,2023-11-05,815,N,VIIRS,n,2,301.58,6.29,D,0
30.27691,76.00787,335.49,0.46,0.39,2023-11-05,815,N,VIIRS,n,2,303.97,3.4,D,0
30.2775,76.04216,340.07,0.46,0.39,2023-11-05,815,N,VIIRS,n,2,304.34,8.69,D,0
30.27768,76.37741,348.91,0.48,0.4,2023-11-05,815,N,VIIRS,n,2,305.27,15.07,D,0
30.27798,75.48243,333.52,0.44,0.38,2023-11-05,815,N,VIIRS,n,2,300.56,3.04,D,0
30.2781,76.07658,333.5,0.46,0.39,2023-11-05,815,N,VIIRS,n,2,301.54,2.78,D,0
30.27829,75.657,333.93,0.45,0.39,2023-11-05,815,N,VIIRS,n,2,302.8,4.61,D,0
30.27923,75.29628,336.95,0.43,0.38,2023-11-05,815,N,VIIRS,n,2,303.36,3.37,D,0
30.27931,76.05666,347.59,0.46,0.39,2023-11-05,815,N,VIIRS,n,2,303.14,11.57,D,0
30.27989,76.12083,331.45,0.47,0.39,2023-11-05,815,N,VIIRS,l,2,303.01,3.18,D,0
30.27991,76.06148,342.57,0.46,0.39,2023-11-05,815,N,VIIRS,n,2,302.45,10.35,D,0
30.28011,76.58785,334.26,0.49,0.4,2023-11-05,815,N,VIIRS,n,2,303.33,2.61,D,0
30.2811,76.13056,334.24,0.47,0.39,2023-11-05,815,N,VIIRS,n,2,303.11,5.29,D,0
30.28157,75.39778,333.21,0.44,0.38,2023-11-05,815,N,VIIRS,n,2,303.19,6.58,D,0
30.28162,75.84158,348.5,0.45,0.39,2023-11-05,815,N,VIIRS,n,2,309.31,16.5,D,0
30.28273,74.64351,346.52,0.41,0.37,2023-11-05,815,N,VIIRS,n,2,308.52,26.89,D,0
30.28274,75.29566,338.86,0.43,0.38,2023-11-05,815,N,VIIRS,n,2,302.28,4.15,D,0
30.28323,74.59505,335.07,0.41,0.37,2023-11-05,815,N,VIIRS,l,2,305.56,11.8,D,0
30.28339,74.41595,337.59,0.41,0.37,2023-11-05,815,N,VIIRS,n,2,303.99,6.47,D,0
30.28344,74.26455,340.89,0.4,0.37,2023-11-05,815,N,VIIRS,n,2,300.6,7.35,D,0
30.28366,75.08499,343.63,0.43,0.38,2023-11-05,815,N,VIIRS,n,2,311.02,37.6,D,0
30.28386,75.50018,333.31,0.44,0.38,2023-11-05,815,N,VIIRS,l,2,303.34,2.83,D,0
30.28439,75.82365,336.98,0.45,0.39,2023-11-05,815,N,VIIRS,n,2,304.99,9.52,D,0
30.28498,75.82838,333.05,0.45,0.39,2023-11-05,815,N,VIIRS,n,2,301.44,7.17,D,0
30.28536,76.07539,337.4,0.46,0.39,2023-11-05,815,N,VIIRS,n,2,303.45,10.11,D,0
30.28588,75.90385,342.26,0.46,0.39,2023-11-05,815,N,VIIRS,n,2,302.46,3.61,D,0
30.28588,76.64201,333.23,0.49,0.4,2023-11-05,815,N,VIIRS,n,2,301.89,3.52,D,0
30.28608,74.59014,331.62,0.41,0.37,2023-11-05,815,N,VIIRS,n,2,301.15,11.8,D,0
30.28613,76.63905,333.76,0.49,0.4,2023-11-05,815,N,VIIRS,n,2,302.58,3.35,D,0
30.28665,74.59443,334.78,0.41,0.37,2023-11-05,815,N,VIIRS,n,2,300.65,11.8,D,0
30.2868,74.41534,342.04,0.41,0.37,2023-11-05,815,N,VIIRS,n,2,300.28,10.6,D,0
30.28699,75.8262,345.65,0.45,0.39,2023-11-05,815,N,VIIRS,n,2,305.53,14.73,D,0
30.28777,76.03557,332.18,0.46,0.39,2023-11-05,815,N,VIIRS,n,2,304.94,2.79,D,0
30.28858,75.50877,330.82,0.44,0.38,2023-11-05,815,N,VIIRS,n,2,302.54,3.1,D,0
30.28883,76.31472,334.21,0.48,0.4,2023-11-05,815,N,VIIRS,n,2,305.38,5.23,D,0
30.28899,76.07481,350.03,0.46,0.39,2023-11-05,815,N,VIIRS,n,2,303.88,42.18,D,0
30.28949,75.90327,337.78,0.46,0.39,2023-11-05,815,N,VIIRS,n,2,301.54,3.85,D,0
30.28955,75.96174,335.07,0.46,0.39,2023-11-05,815,N,VIIRS,n,2,300.96,2.48,D,0
30.29018,76.17387,335.57,0.47,0.4,2023-11-05,815,N,VIIRS,n,2,306.01,4.3,D,0
30.29123,75.85933,345.64,0.46,0.39,2023-11-05,815,N,VIIRS,n,2,303.53,9.16,D,0
30.29137,74.42321,337.58,0.41,0.37,2023-11-05,815,N,VIIRS,n,2,301.15,2.82,D,0
30.29179,75.73586,336.27,0.45,0.39,2023-11-05,815,N,VIIRS,l,2,309.99,44.55,D,0
30.29197,75.9809,330.94,0.46,0.39,2023-11-05,815,N,VIIRS,n,2,300.1,1.75,D,0
30.29202,76.12878,333.06,0.47,0.39,2023-11-05,815,N,VIIRS,n,2,302.41,2.7,D,0
30.29214,75.36809,330.95,0.44,0.38,2023-11-05,815,N,VIIRS,n,2,301.89,2.36,D,0
30.2925,76.31413,335.46,0.48,0.4,2023-11-05,815,N,VIIRS,n,2,304.91,5.23,D,0
30.29266,75.86096,335.07,0.46,0.39,2023-11-05,815,N,VIIRS,n,2,299.98,11.26,D,0
30.29326,74.48818,330.91,0.41,0.37,2023-11-05,815,N,VIIRS,n,2,303.67,1.5,D,0
30.29333,74.51438,344.89,0.41,0.37,2023-11-05,815,N,VIIRS,n,2,305.06,12.02,D,0
30.29375,76.29372,337.08,0.47,0.4,2023-11-05,815,N,VIIRS,n,2,302.53,7.33,D,0
30.29381,76.02474,336.95,0.46,0.39,2023-11-05,815,N,VIIRS,n,2,305.63,6.81,D,0
30.2942,75.72588,333.17,0.45,0.39,2023-11-05,815,N,VIIRS,n,2,301.3,2.3,D,0
30.2944,76.23824,334.18,0.47,0.4,2023-11-05,815,N,VIIRS,n,2,303.89,8.27,D,0
30.29445,75.30289,333.82,0.43,0.38,2023-11-05,815,N,VIIRS,n,2,302.26,4.09,D,0
30.29445,76.11845,332.92,0.47,0.39,2023-11-05,815,N,VIIRS,n,2,302.3,2.74,D,0
30.29557,76.30858,335.59,0.48,0.4,2023-11-05,815,N,VIIRS,n,2,302.28,3.28,D,0
30.29618,74.17773,332.72,0.4,0.37,2023-11-05,815,N,VIIRS,n,2,300.69,3.49,D,0
30.29687,76.19778,333.63,0.47,0.4,2023-11-05,815,N,VIIRS,n,2,304.97,3.58,D,0
30.298,75.55424,345.18,0.44,0.39,2023-11-05,815,N,VIIRS,n,2,304.77,7.39,D,0
30.29846,75.67265,335.18,0.45,0.39,2023-11-05,815,N,VIIRS,n,2,301.83,3.51,D,0
30.29881,76.74751,336.14,0.5,0.41,2023-11-05,815,N,VIIRS,n,2,301.41,2.54,D,0
30.29905,75.67731,333.18,0.45,0.39,2023-11-05,815,N,VIIRS,n,2,301.29,3.51,D,0
30.29913,75.92113,330.18,0.46,0.39,2023-11-05,815,N,VIIRS,n,2,301.44,1.63,D,0
30.29913,76.75031,334.55,0.5,0.41,2023-11-05,815,N,VIIRS,n,2,302.14,1.17,D,0
30.29964,75.68198,333.84,0.45,0.39,2023-11-05,815,N,VIIRS,n,2,301.5,3.19,D,0
30.29977,75.95517,346.74,0.46,0.39,2023-11-05,815,N,VIIRS,n,2,299.34,6.67,D,0
30.30024,74.53938,342.5,0.41,0.37,2023-11-05,815,N,VIIRS,n,2,302.52,11.95,D,0
30.3003,74.56565,344.61,0.41,0.37,2023-11-05,815,N,VIIRS,n,2,302.33,4.22,D,0
30.30106,76.02356,345.93,0.46,0.39,2023-11-05,815,N,VIIRS,n,2,307.65,16.45,D,0
30.30153,75.58195,334.74,0.44,0.39,2023-11-05,815,N,VIIRS,l,2,305.14,6.24,D,0
30.30155,75.55363,341.89,0.44,0.39,2023-11-05,815,N,VIIRS,n,2,302.1,4.64,D,0
30.30156,75.52537,338.07,0.44,0.39,2023-11-05,815,N,VIIRS,n,2,303.5,9.62,D,0
30.30228,75.84967,347.09,0.46,0.39,2023-11-05,815,N,VIIRS,n,2,305.77,6.66,D,0
30.30321,75.68138,338.91,0.45,0.39,2023-11-05,815,N,VIIRS,n,2,302.69,6.52,D,0
30.30404,75.98872,350.42,0.46,0.39,2023-11-05,815,N,VIIRS,n,2,305.69,12.75,D,0
30.30427,75.98578,332.08,0.46,0.39,2023-11-05,815,N,VIIRS,n,2,300.96,3.01,D,0
30.30456,75.93487,331.85,0.46,0.39,2023-11-05,815,N,VIIRS,l,2,303.5,2.15,D,0
30.30486,75.99058,342.9,0.46,0.39,2023-11-05,815,N,VIIRS,n,2,305.12,12.62,D,0
30.30517,75.93964,330.46,0.46,0.39,2023-11-05,815,N,VIIRS,n,2,302.75,3.29,D,0
30.30564,75.93665,336.68,0.46,0.39,2023-11-05,815,N,VIIRS,n,2,305.55,3.41,D,0
30.30587,75.84908,337.32,0.46,0.39,2023-11-05,815,N,VIIRS,n,2,302.67,6.66,D,0
30.30597,76.30186,337.84,0.48,0.4,2023-11-05,815,N,VIIRS,n,2,305.36,5.18,D,0
30.3061,75.2548,336.67,0.43,0.38,2023-11-05,815,N,VIIRS,n,2,302.64,2.4,D,0
30.30658,76.30681,334.12,0.48,0.4,2023-11-05,815,N,VIIRS,n,2,303.78,5.51,D,0
30.3074,75.65687,343.3,0.45,0.39,2023-11-05,815,N,VIIRS,n,2,303.81,7.72,D,0
30.30777,75.80527,337.66,0.45,0.39,2023-11-05,815,N,VIIRS,n,2,305.08,24.15,D,0
30.30778,76.10638,344.42,0.47,0.39,2023-11-05,815,N,VIIRS,n,2,302.55,4.79,D,0
30.30841,75.7811,345.51,0.45,0.39,2023-11-05,815,N,VIIRS,n,2,303.7,5.5,D,0
30.30868,74.4985,332.93,0.41,0.37,2023-11-05,815,N,VIIRS,n,2,305.14,3.04,D,0
30.30924,75.93605,332.97,0.46,0.39,2023-11-05,815,N,VIIRS,l,2,303.17,3.41,D,0
30.30938,75.14426,341.82,0.43,0.38,2023-11-05,815,N,VIIRS,n,2,302.68,4.73,D,0
30.30956,76.70885,335.84,0.5,0.41,2023-11-05,815,N,VIIRS,n,2,305.97,5.45,D,0
30.3098,75.14523,335.89,0.43,0.38,2023-11-05,815,N,VIIRS,n,2,303.73,8.13,D,0
30.31096,75.65627,340.71,0.45,0.39,2023-11-05,815,N,VIIRS,n,2,302.04,7.72,D,0
30.31154,75.37873,346.3,0.44,0.38,2023-11-05,815,N,VIIRS,n,2,305.47,10.15,D,0
30.31182,74.59872,332.59,0.41,0.37,2023-11-05,815,N,VIIRS,n,2,300.9,1.15,D,0
30.31199,75.78049,340.29,0.45,0.39,2023-11-05,815,N,VIIRS,n,2,302.32,5.5,D,0
30.31202,76.41269,347.14,0.48,0.4,2023-11-05,815,N,VIIRS,n,2,304.09,13.38,D,0
30.31268,75.16757,337.25,0.43,0.38,2023-11-05,815,N,VIIRS,n,2,304.65,6.26,D,0
30.31294,75.17105,332.97,0.43,0.38,2023-11-05,815,N,VIIRS,n,2,300.87,3.81,D,0
30.3133,76.21012,333.17,0.47,0.4,2023-11-05,815,N,VIIRS,n,2,303.93,2.32,D,0
30.3138,76.06582,332.89,0.46,0.39,2023-11-05,815,N,VIIRS,n,2,303.39,2.59,D,0
30.31391,75.39693,338.7,0.44,0.38,2023-11-05,815,N,VIIRS,n,2,301.66,4.71,D,0
30.31398,75.01275,341.58,0.42,0.38,2023-11-05,815,N,VIIRS,n,2,302.55,3.82,D,0
30.31428,74.00777,330.85,0.4,0.37,2023-11-05,815,N,VIIRS,l,2,301.45,2.4,D,0
30.31432,76.01156,331.14,0.46,0.39,2023-11-05,815,N,VIIRS,l,2,302.63,1.32,D,0
30.31433,76.5254,330.03,0.49,0.4,2023-11-05,815,N,VIIRS,l,2,304.55,4.36,D,0
30.31502,75.15803,332.48,0.43,0.38,2023-11-05,815,N,VIIRS,n,2,303.41,2.68,D,0
30.31504,76.01347,333.75,0.46,0.39,2023-11-05,815,N,VIIRS,n,2,303.44,3.11,D,0
30.31514,75.46208,333.41,0.44,0.38,2023-11-05,815,N,VIIRS,n,2,299.57,4.73,D,0
30.31563,76.08034,345.54,0.46,0.39,2023-11-05,815,N,VIIRS,n,2,304.32,4.67,D,0
30.31601,76.0824,335.6,0.47,0.39,2023-11-05,815,N,VIIRS,n,2,305.3,5.9,D,0
30.31617,75.16697,337.1,0.43,0.38,2023-11-05,815,N,VIIRS,n,2,301.63,5.58,D,0
30.31634,74.58034,340.82,0.41,0.37,2023-11-05,815,N,VIIRS,n,2,301.93,7.9,D,0
30.31693,75.58881,345.66,0.44,0.39,2023-11-05,815,N,VIIRS,n,2,306.21,13.38,D,0
30.31705,75.93964,336.7,0.46,0.39,2023-11-05,815,N,VIIRS,l,2,308.58,24.97,D,0
30.31727,74.51008,342.34,0.41,0.37,2023-11-05,815,N,VIIRS,n,2,303.16,4.99,D,0
30.31758,76.24454,333.85,0.47,0.4,2023-11-05,815,N,VIIRS,n,2,301.22,3.16,D,0
30.31804,76.5248,341.57,0.49,0.4,2023-11-05,815,N,VIIRS,n,2,307.55,4.36,D,0
30.31811,76.12951,342.34,0.47,0.4,2023-11-05,815,N,VIIRS,n,2,313.22,22.59,D,0
30.3182,76.27969,335.77,0.47,0.4,2023-11-05,815,N,VIIRS,n,2,302.97,3.85,D,0
30.31852,75.15742,333.78,0.43,0.38,2023-11-05,815,N,VIIRS,n,2,300.58,2.68,D,0
30.31917,75.7793,347.12,0.45,0.39,2023-11-05,815,N,VIIRS,n,2,305.09,5.16,D,0
30.31943,76.28959,333.1,0.47,0.4,2023-11-05,815,N,VIIRS,n,2,304.36,3.33,D,0
30.31998,76.17404,346.15,0.47,0.4,2023-11-05,815,N,VIIRS,n,2,303.6,6.74,D,0
30.32007,75.93425,339.44,0.46,0.39,2023-11-05,815,N,VIIRS,n,2,302.46,3.32,D,0
30.32036,74.98002,333.31,0.42,0.38,2023-11-05,815,N,VIIRS,l,2,303.65,2.94,D,0
30.32079,75.88057,332.41,0.46,0.39,2023-11-05,815,N,VIIRS,n,2,304.7,6.64,D,0
30.32086,75.14787,342.27,0.43,0.38,2023-11-05,815,N,VIIRS,n,2,303.69,5.93,D,0
30.32098,75.76458,344.81,0.45,0.39,2023-11-05,815,N,VIIRS,n,2,302.63,4.26,D,0
30.32105,75.67839,340.01,0.45,0.39,2023-11-05,815,N,VIIRS,n,2,304.94,23.46,D,0
30.32118,75.97319,333.54,0.46,0.39,2023-11-05,815,N,VIIRS,l,2,303.64,2.26,D,0
30.32138,75.28905,331.53,0.43,0.38,2023-11-05,815,N,VIIRS,n,2,300.86,2.56,D,0
30.32138,75.88532,331.87,0.46,0.39,2023-11-05,815,N,VIIRS,n,2,301.92,6.64,D,0
30.3214,75.17979,336.66,0.43,0.38,2023-11-05,815,N,VIIRS,n,2,305.54,8.32,D,0
30.32143,75.31676,343.92,0.43,0.38,2023-11-05,815,N,VIIRS,n,2,305.7,12.47,D,0
30.32219,75.74516,333.21,0.45,0.39,2023-11-05,815,N,VIIRS,n,2,300.62,2.07,D,0
30.32236,75.9828,337.69,0.46,0.39,2023-11-05,815,N,VIIRS,n,2,305.23,9.17,D,0
30.32275,75.77871,338.78,0.45,0.39,2023-11-05,815,N,VIIRS,n,2,301.88,3.0,D,0
30.32433,76.32928,339.92,0.48,0.4,2023-11-05,815,N,VIIRS,n,2,302.93,7.58,D,0
30.32439,75.87997,336.7,0.46,0.39,2023-11-05,815,N,VIIRS,n,2,301.89,6.64,D,0
30.32455,75.76398,334.12,0.45,0.39,2023-11-05,815,N,VIIRS,n,2,302.01,4.26,D,0
30.3249,75.1792,338.52,0.43,0.38,2023-11-05,815,N,VIIRS,n,2,300.99,8.06,D,0
30.32495,75.31616,347.1,0.43,0.38,2023-11-05,815,N,VIIRS,n,2,305.13,12.47,D,0
30.32498,75.88473,331.19,0.46,0.39,2023-11-05,815,N,VIIRS,n,2,301.54,6.64,D,0
30.32557,75.01978,336.14,0.43,0.38,2023-11-05,815,N,VIIRS,n,2,303.93,9.38,D,0
30.32633,75.77811,338.17,0.45,0.39,2023-11-05,815,N,VIIRS,n,2,303.93,3.0,D,0
30.32656,75.24779,334.15,0.43,0.38,2023-11-05,815,N,VIIRS,n,2,302.83,3.88,D,0
30.32731,75.0059,346.11,0.42,0.38,2023-11-05,815,N,VIIRS,n,2,300.63,41.92,D,0
30.32744,75.8455,335.94,0.46,0.39,2023-11-05,815,N,VIIRS,n,2,301.02,3.1,D,0
30.3284,76.64282,330.8,0.49,0.4,2023-11-05,815,N,VIIRS,n,2,301.07,1.73,D,0
30.32878,75.5963,332.7,0.45,0.39,2023-11-05,815,N,VIIRS,n,2,300.91,4.59,D,0
30.32939,75.62939,340.06,0.45,0.39,2023-11-05,815,N,VIIRS,n,2,303.48,9.41,D,0
30.32981,75.86449,331.6,0.46,0.39,2023-11-05,815,N,VIIRS,n,2,300.56,1.94,D,0
30.33068,75.22408,337.59,0.43,0.38,2023-11-05,815,N,VIIRS,l,2,308.48,34.62,D,0
30.33079,75.08691,335.99,0.43,0.38,2023-11-05,815,N,VIIRS,n,2,301.78,3.87,D,0
30.33136,75.11868,331.82,0.43,0.38,2023-11-05,815,N,VIIRS,n,2,302.69,5.3,D,0
30.33174,75.73396,339.04,0.45,0.39,2023-11-05,815,N,VIIRS,n,2,302.53,3.15,D,0
30.33194,75.12313,334.87,0.43,0.38,2023-11-05,815,N,VIIRS,n,2,302.93,5.3,D,0
30.33294,74.52643,341.08,0.41,0.37,2023-11-05,815,N,VIIRS,n,2,303.41,7.23,D,0
30.33329,74.5247,343.93,0.41,0.37,2023-11-05,815,N,VIIRS,n,2,302.86,5.74,D,0
30.33413,76.31757,339.91,0.48,0.4,2023-11-05,815,N,VIIRS,n,2,309.71,11.45,D,0
30.33525,76.63651,333.0,0.49,0.4,2023-11-05,815,N,VIIRS,n,2,302.11,2.66,D,0
30.33574,75.91216,346.67,0.46,0.39,2023-11-05,815,N,VIIRS,n,2,303.99,8.58,D,0
30.33589,75.26461,343.03,0.43,0.38,2023-11-05,815,N,VIIRS,n,2,303.5,6.33,D,0
30.33626,74.01648,332.79,0.4,0.37,2023-11-05,815,N,VIIRS,n,2,301.89,1.82,D,0
30.33631,75.43042,332.08,0.44,0.38,2023-11-05,815,N,VIIRS,n,2,299.87,6.38,D,0
30.33637,77.32325,330.91,0.53,0.42,2023-11-05,815,N,VIIRS,n,2,301.58,2.98,D,0
30.33649,75.59973,336.46,0.45,0.39,2023-11-05,815,N,VIIRS,n,2,303.76,4.02,D,0
30.33691,75.435,347.39,0.44,0.38,2023-11-05,815,N,VIIRS,n,2,302.23,6.38,D,0
30.33764,75.83896,335.7,0.45,0.39,2023-11-05,815,N,VIIRS,n,2,301.37,2.7,D,0
30.33954,74.34228,339.56,0.41,0.37,2023-11-05,815,N,VIIRS,n,2,301.87,3.95,D,0
30.34033,74.50321,343.43,0.41,0.37,2023-11-05,815,N,VIIRS,n,2,301.97,4.09,D,0
30.34066,75.80462,336.99,0.45,0.39,2023-11-05,815,N,VIIRS,l,2,308.35,10.74,D,0
30.3412,75.22227,337.6,0.43,0.38,2023-11-05,815,N,VIIRS,n,2,302.5,9.57,D,0
30.34123,75.83836,331.1,0.45,0.39,2023-11-05,815,N,VIIRS,l,2,301.75,2.7,D,0
30.34137,76.10801,339.86,0.47,0.39,2023-11-05,815,N,VIIRS,n,2,307.94,27.07,D,0
30.34183,75.06227,334.21,0.43,0.38,2023-11-05,815,N,VIIRS,n,2,302.51,3.4,D,0
30.34282,75.99906,334.93,0.46,0.39,2023-11-05,815,N,VIIRS,n,2,305.3,3.47,D,0
30.34326,75.40714,346.64,0.44,0.38,2023-11-05,815,N,VIIRS,n,2,302.87,5.66,D,0
30.34392,75.40579,338.51,0.44,0.38,2023-11-05,815,N,VIIRS,n,2,301.89,4.01,D,0
30.34416,75.10735,341.7,0.43,0.38,2023-11-05,815,N,VIIRS,n,2,302.15,4.96,D,0
30.34418,75.89127,333.84,0.46,0.39,2023-11-05,815,N,VIIRS,n,2,303.04,2.88,D,0
30.34452,75.41035,330.95,0.44,0.38,2023-11-05,815,N,VIIRS,l,2,302.04,4.24,D,0
30.34545,75.78455,347.18,0.45,0.39,2023-11-05,815,N,VIIRS,n,2,306.52,12.18,D,0
30.34577,75.31374,331.51,0.44,0.38,2023-11-05,815,N,VIIRS,n,2,301.62,2.5,D,0
30.34605,76.177,344.2,0.47,0.4,2023-11-05,815,N,VIIRS,n,2,309.46,22.32,D,0
30.34662,75.65028,334.62,0.45,0.39,2023-11-05,815,N,VIIRS,n,2,301.48,4.15,D,0
30.34665,75.7651,331.27,0.45,0.39,2023-11-05,815,N,VIIRS,l,2,302.26,2.3,D,0
30.34724,75.79871,333.04,0.45,0.39,2023-11-05,815,N,VIIRS,l,2,303.26,6.79,D,0
30.34813,76.0722,333.51,0.47,0.39,2023-11-05,815,N,VIIRS,n,2,302.88,3.28,D,0
30.34883,76.01776,333.16,0.46,0.39,2023-11-05,815,N,VIIRS,n,2,302.21,4.2,D,0
30.35053,75.23906,335.05,0.43,0.38,2023-11-05,815,N,VIIRS,n,2,300.81,6.19,D,0
30.35082,75.74038,334.24,0.45,0.39,2023-11-05,815,N,VIIRS,n,2,300.36,5.82,D,0
30.35176,76.07161,331.23,0.47,0.39,2023-11-05,815,N,VIIRS,l,2,303.53,2.43,D,0
30.35208,74.89798,343.85,0.42,0.38,2023-11-05,815,N,VIIRS,n,2,305.35,19.25,D,0
30.35258,75.66833,336.0,0.45,0.39,2023-11-05,815,N,VIIRS,n,2,303.35,2.44,D,0
30.35326,76.69144,334.37,0.5,0.41,2023-11-05,815,N,VIIRS,n,2,306.74,2.38,D,0
30.35405,75.21085,333.63,0.43,0.38,2023-11-05,815,N,VIIRS,n,2,303.93,2.69,D,0
30.35435,75.65374,332.02,0.45,0.39,2023-11-05,815,N,VIIRS,n,2,300.73,2.91,D,0
30.35438,75.91395,335.15,0.46,0.39,2023-11-05,815,N,VIIRS,n,2,304.45,4.82,D,0
30.35443,75.40989,346.08,0.44,0.38,2023-11-05,815,N,VIIRS,n,2,303.8,10.97,D,0
30.35467,74.61038,332.94,0.41,0.37,2023-11-05,815,N,VIIRS,n,2,299.67,3.08,D,0
30.35608,74.87486,332.89,0.42,0.38,2023-11-05,815,N,VIIRS,n,2,302.32,2.4,D,0
30.35638,74.59686,345.57,0.41,0.37,2023-11-05,815,N,VIIRS,n,2,300.72,4.85,D,0
30.35737,75.70574,336.28,0.45,0.39,2023-11-05,815,N,VIIRS,n,2,302.72,3.67,D,0
30.35738,75.73448,333.4,0.45,0.39,2023-11-05,815,N,VIIRS,n,2,302.1,13.33,D,0
30.3592,75.80637,334.37,0.45,0.39,2023-11-05,815,N,VIIRS,n,2,302.5,3.41,D,0
30.35949,76.71156,335.99,0.5,0.41,2023-11-05,815,N,VIIRS,n,2,304.21,5.82,D,0
30.35954,74.87424,334.07,0.42,0.38,2023-11-05,815,N,VIIRS,n,2,302.17,2.4,D,0
30.35961,75.47926,337.56,0.44,0.38,2023-11-05,815,N,VIIRS,n,2,300.5,3.11,D,0
30.36099,74.71088,338.4,0.42,0.37,2023-11-05,815,N,VIIRS,n,2,300.67,2.85,D,0
30.36149,74.55638,340.82,0.41,0.37,2023-11-05,815,N,VIIRS,n,2,303.0,7.35,D,0
30.3615,75.40869,335.21,0.44,0.38,2023-11-05,815,N,VIIRS,n,2,301.34,4.43,D,0
30.36258,74.9501,334.08,0.42,0.38,2023-11-05,815,N,VIIRS,n,2,304.59,2.63,D,0
30.36275,75.33401,332.63,0.44,0.38,2023-11-05,815,N,VIIRS,n,2,300.82,2.53,D,0
30.3628,74.79324,338.58,0.42,0.38,2023-11-05,815,N,VIIRS,n,2,305.97,3.73,D,0
30.36495,75.59494,332.6,0.45,0.39,2023-11-05,815,N,VIIRS,n,2,301.08,2.19,D,0
30.36559,75.02638,332.67,0.43,0.38,2023-11-05,815,N,VIIRS,n,2,300.96,2.93,D,0
30.3658,75.91694,341.66,0.46,0.39,2023-11-05,815,N,VIIRS,n,2,306.33,12.39,D,0
30.36588,74.86865,346.5,0.42,0.38,2023-11-05,815,N,VIIRS,n,2,309.4,23.58,D,0
30.36684,76.46033,335.26,0.48,0.4,2023-11-05,815,N,VIIRS,n,2,302.54,2.42,D,0
30.36723,76.22871,337.63,0.47,0.4,2023-11-05,815,N,VIIRS,n,2,304.46,5.17,D,0
30.36724,74.59931,347.73,0.41,0.37,2023-11-05,815,N,VIIRS,n,2,304.82,5.3,D,0
30.36843,74.79405,339.65,0.42,0.38,2023-11-05,815,N,VIIRS,n,2,302.67,6.49,D,0
30.36863,75.15789,330.84,0.43,0.38,2023-11-05,815,N,VIIRS,l,2,301.4,4.28,D,0
30.36914,75.41206,336.09,0.44,0.38,2023-11-05,815,N,VIIRS,n,2,303.82,32.19,D,0
30.3694,75.91634,330.64,0.46,0.39,2023-11-05,815,N,VIIRS,n,2,303.79,2.34,D,0
30.3697,74.79202,331.7,0.42,0.38,2023-11-05,815,N,VIIRS,l,2,303.34,38.16,D,0
30.36978,75.36068,330.16,0.44,0.38,2023-11-05,815,N,VIIRS,l,2,301.7,6.25,D,0
30.37089,76.44673,340.28,0.48,0.4,2023-11-05,815,N,VIIRS,n,2,302.92,3.78,D,0
30.3733,75.36008,339.68,0.44,0.38,2023-11-05,815,N,VIIRS,n,2,301.61,6.25,D,0
30.37385,76.67241,338.95,0.49,0.41,2023-11-05,815,N,VIIRS,n,2,305.81,6.63,D,0
30.37407,75.7221,335.2,0.45,0.39,2023-11-05,815,N,VIIRS,n,2,302.83,9.85,D,0
30.37507,75.34584,334.32,0.44,0.38,2023-11-05,815,N,VIIRS,l,2,305.55,27.37,D,0
30.37519,76.45117,338.04,0.48,0.4,2023-11-05,815,N,VIIRS,n,2,312.73,30.55,D,0
30.37533,74.71278,330.08,0.42,0.37,2023-11-05,815,N,VIIRS,n,2,300.94,1.51,D,0
30.37539,75.84724,334.34,0.46,0.39,2023-11-05,815,N,VIIRS,n,2,305.57,6.47,D,0
30.37889,76.45058,338.52,0.48,0.4,2023-11-05,815,N,VIIRS,n,2,306.8,30.55,D,0
30.37912,75.15607,334.84,0.43,0.38,2023-11-05,815,N,VIIRS,n,2,304.74,8.42,D,0
30.37961,75.07843,345.36,0.43,0.38,2023-11-05,815,N,VIIRS,n,2,305.42,20.67,D,0
30.3801,75.02839,338.79,0.43,0.38,2023-11-05,815,N,VIIRS,n,2,301.71,3.69,D,0
30.38049,74.69855,333.72,0.42,0.37,2023-11-05,815,N,VIIRS,n,2,302.37,2.41,D,0
30.38222,74.93765,331.05,0.42,0.38,2023-11-05,815,N,VIIRS,n,2,303.78,2.48,D,0
30.38241,74.45193,332.95,0.41,0.37,2023-11-05,815,N,VIIRS,n,2,301.36,2.86,D,0
30.38264,75.9337,334.2,0.46,0.39,2023-11-05,815,N,VIIRS,n,2,302.68,2.48,D,0
30.38265,75.96306,333.17,0.46,0.39,2023-11-05,815,N,VIIRS,n,2,304.66,2.69,D,0
30.3832,75.49404,343.47,0.44,0.38,2023-11-05,815,N,VIIRS,n,2,299.93,4.19,D,0
30.38435,75.14145,338.87,0.43,0.38,2023-11-05,815,N,VIIRS,n,2,303.52,8.7,D,0
30.38493,75.14593,336.29,0.43,0.38,2023-11-05,815,N,VIIRS,n,2,301.0,4.53,D,0
30.38552,75.15039,343.39,0.43,0.38,2023-11-05,815,N,VIIRS,n,2,300.85,4.53,D,0
30.3856,76.16556,334.86,0.47,0.4,2023-11-05,815,N,VIIRS,n,2,301.87,4.45,D,0
30.38749,76.06081,333.48,0.46,0.39,2023-11-05,815,N,VIIRS,n,2,301.14,2.23,D,0
30.38848,75.79823,341.76,0.45,0.39,2023-11-05,815,N,VIIRS,n,2,304.43,43.9,D,0
30.38899,76.3466,333.84,0.48,0.4,2023-11-05,815,N,VIIRS,n,2,303.33,3.49,D,0
30.39033,75.78344,335.41,0.45,0.39,2023-11-05,815,N,VIIRS,n,2,300.92,2.6,D,0
30.39054,75.02657,330.82,0.43,0.38,2023-11-05,815,N,VIIRS,n,2,301.01,2.03,D,0
30.39079,75.16322,346.35,0.43,0.38,2023-11-05,815,N,VIIRS,n,2,304.52,13.98,D,0
30.39105,75.91277,330.34,0.46,0.39,2023-11-05,815,N,VIIRS,n,2,300.29,3.09,D,0
30.39151,75.801,334.91,0.45,0.39,2023-11-05,815,N,VIIRS,n,2,299.37,25.7,D,0
30.3916,75.85911,339.35,0.46,0.39,2023-11-05,815,N,VIIRS,n,2,302.18,5.67,D,0
30.39208,75.79763,337.33,0.45,0.39,2023-11-05,815,N,VIIRS,n,2,310.68,43.9,D,0
30.39264,75.25947,339.63,0.43,0.38,2023-11-05,815,N,VIIRS,n,2,303.0,3.91,D,0
30.39268,75.78152,343.76,0.45,0.39,2023-11-05,815,N,VIIRS,n,2,302.78,5.69,D,0
30.39361,74.6387,335.45,0.41,0.37,2023-11-05,815,N,VIIRS,n,2,301.43,3.09,D,0
30.39392,75.78284,330.55,0.45,0.39,2023-11-05,815,N,VIIRS,n,2,300.57,1.99,D,0
30.39466,75.91218,337.56,0.46,0.39,2023-11-05,815,N,VIIRS,n,2,302.51,3.09,D,0
30.39469,76.20918,333.81,0.47,0.4,2023-11-05,815,N,VIIRS,n,2,303.6,3.03,D,0
30.39538,75.11671,333.46,0.43,0.38,2023-11-05,815,N,VIIRS,n,2,302.26,2.18,D,0
30.39611,76.46844,339.35,0.48,0.4,2023-11-05,815,N,VIIRS,n,2,304.15,3.9,D,0
30.39633,75.77279,339.79,0.45,0.39,2023-11-05,815,N,VIIRS,n,2,302.1,5.32,D,0
30.40137,75.2165,336.6,0.43,0.38,2023-11-05,815,N,VIIRS,n,2,303.54,4.4,D,0
30.40235,74.75686,333.83,0.42,0.38,2023-11-05,815,N,VIIRS,n,2,300.81,2.46,D,0
30.40256,75.97451,346.7,0.46,0.39,2023-11-05,815,N,VIIRS,n,2,305.1,5.72,D,0
30.40316,75.97931,336.03,0.46,0.39,2023-11-05,815,N,VIIRS,n,2,302.13,5.72,D,0
30.40395,75.04693,331.52,0.43,0.38,2023-11-05,815,N,VIIRS,n,2,301.81,4.41,D,0
30.40402,75.80531,333.29,0.45,0.39,2023-11-05,815,N,VIIRS,n,2,300.64,1.91,D,0
30.40438,75.98895,333.39,0.46,0.39,2023-11-05,815,N,VIIRS,n,2,300.92,4.4,D,0
30.40447,75.4341,347.79,0.44,0.38,2023-11-05,815,N,VIIRS,n,2,301.76,6.09,D,0
30.40454,75.05137,335.65,0.43,0.38,2023-11-05,815,N,VIIRS,n,2,306.55,9.28,D,0
30.40519,75.04873,337.7,0.43,0.38,2023-11-05,815,N,VIIRS,n,2,310.05,28.5,D,0
30.40584,74.97154,337.34,0.42,0.38,2023-11-05,815,N,VIIRS,n,2,302.98,5.85,D,0
30.40618,75.97392,347.07,0.46,0.39,2023-11-05,815,N,VIIRS,n,2,304.2,8.72,D,0
30.40622,75.39173,338.05,0.44,0.38,2023-11-05,815,N,VIIRS,n,2,302.94,6.18,D,0
30.4074,75.40087,353.74,0.44,0.38,2023-11-05,815,N,VIIRS,n,2,305.58,12.98,D,0
30.40788,76.44081,333.54,0.48,0.4,2023-11-05,815,N,VIIRS,n,2,302.88,2.3,D,0
30.40798,75.37743,333.06,0.44,0.38,2023-11-05,815,N,VIIRS,n,2,302.1,3.25,D,0
30.40805,76.3181,336.35,0.48,0.4,2023-11-05,815,N,VIIRS,n,2,305.42,4.92,D,0
30.40859,75.49444,339.37,0.44,0.39,2023-11-05,815,N,VIIRS,n,2,306.44,26.07,D,0
30.40909,75.64119,337.0,0.45,0.39,2023-11-05,815,N,VIIRS,n,2,303.83,7.12,D,0
30.41078,75.71264,339.09,0.45,0.39,2023-11-05,815,N,VIIRS,n,2,302.35,5.15,D,0
30.41115,76.16141,333.62,0.47,0.4,2023-11-05,815,N,VIIRS,n,2,302.24,5.27,D,0
30.41161,75.01582,340.62,0.43,0.38,2023-11-05,815,N,VIIRS,n,2,301.53,12.81,D,0
30.41167,74.26053,336.42,0.41,0.37,2023-11-05,815,N,VIIRS,n,2,299.87,3.43,D,0
30.41172,76.31751,336.64,0.48,0.4,2023-11-05,815,N,VIIRS,n,2,304.28,7.65,D,0
30.41206,75.12961,332.94,0.43,0.38,2023-11-05,815,N,VIIRS,n,2,302.59,3.88,D,0
30.41238,76.20129,333.15,0.47,0.4,2023-11-05,815,N,VIIRS,n,2,302.59,4.84,D,0
30.41322,75.67392,342.42,0.45,0.39,2023-11-05,815,N,VIIRS,n,2,309.27,37.27,D,0
30.41386,74.76373,335.97,0.42,0.38,2023-11-05,815,N,VIIRS,n,2,302.51,2.64,D,0
30.41388,75.59281,335.89,0.45,0.39,2023-11-05,815,N,VIIRS,n,2,305.36,18.17,D,0
30.41508,75.57363,332.84,0.45,0.39,2023-11-05,815,N,VIIRS,n,2,303.28,7.38,D,0
30.41521,75.13155,340.8,0.43,0.38,2023-11-05,815,N,VIIRS,n,2,302.16,6.74,D,0
30.41534,75.18651,339.93,0.43,0.38,2023-11-05,815,N,VIIRS,n,2,303.88,8.76,D,0
30.41542,76.19577,335.24,0.47,0.4,2023-11-05,815,N,VIIRS,n,2,305.33,6.71,D,0
30.4156,75.66396,335.55,0.45,0.39,2023-11-05,815,N,VIIRS,n,2,301.76,2.93,D,0
30.41563,74.80357,335.43,0.42,0.38,2023-11-05,815,N,VIIRS,n,2,302.73,5.87,D,0
30.41603,76.23085,334.38,0.47,0.4,2023-11-05,815,N,VIIRS,n,2,303.43,5.28,D,0
30.41619,75.3574,331.3,0.44,0.38,2023-11-05,815,N,VIIRS,n,2,301.27,3.68,D,0
30.41677,74.04475,332.88,0.4,0.37,2023-11-05,815,N,VIIRS,n,2,302.35,2.5,D,0
30.4168,75.05579,332.89,0.43,0.38,2023-11-05,815,N,VIIRS,l,2,303.07,7.02,D,0
30.41715,75.82249,335.02,0.46,0.39,2023-11-05,815,N,VIIRS,n,2,301.67,3.93,D,0
30.41737,74.81667,331.44,0.42,0.38,2023-11-05,815,N,VIIRS,n,2,302.92,1.95,D,0
30.41837,76.43399,332.86,0.48,0.4,2023-11-05,815,N,VIIRS,n,2,303.56,3.2,D,0
30.41858,74.9332,338.88,0.42,0.38,2023-11-05,815,N,VIIRS,n,2,302.84,4.21,D,0
30.41907,76.16512,337.14,0.47,0.4,2023-11-05,815,N,VIIRS,n,2,302.82,4.75,D,0
30.41908,76.19518,313.54,0.47,0.4,2023-11-05,815,N,VIIRS,l,2,314.91,31.93,D,0
30.41916,74.9647,345.83,0.42,0.38,2023-11-05,815,N,VIIRS,n,2,305.01,5.74,D,0
30.41969,76.2001,334.45,0.47,0.4,2023-11-05,815,N,VIIRS,n,2,302.52,29.17,D,0
30.42083,74.81606,333.69,0.42,0.38,2023-11-05,815,N,VIIRS,n,2,302.03,3.43,D,0
30.42147,75.00956,336.9,0.43,0.38,2023-11-05,815,N,VIIRS,n,2,301.28,2.09,D,0
30.42153,76.30578,331.6,0.48,0.4,2023-11-05,815,N,VIIRS,n,2,303.43,2.61,D,0
30.42193,75.83139,333.63,0.46,0.39,2023-11-05,815,N,VIIRS,n,2,303.51,5.83,D,0
30.42205,74.93259,343.11,0.42,0.38,2023-11-05,815,N,VIIRS,n,2,303.09,10.28,D,0
30.42257,75.80705,341.98,0.45,0.39,2023-11-05,815,N,VIIRS,n,2,301.42,3.92,D,0
30.42325,75.35621,343.07,0.44,0.38,2023-11-05,815,N,VIIRS,n,2,305.37,30.19,D,0
30.42335,75.46842,337.26,0.44,0.38,2023-11-05,815,N,VIIRS,n,2,300.63,3.51,D,0
30.42364,75.87486,344.0,0.46,0.39,2023-11-05,815,N,VIIRS,n,2,301.6,10.69,D,0
30.42367,76.60427,331.15,0.49,0.4,2023-11-05,815,N,VIIRS,l,2,305.17,2.78,D,0
30.42387,75.38872,337.0,0.44,0.38,2023-11-05,815,N,VIIRS,n,2,304.09,10.66,D,0
30.42535,75.91853,334.21,0.46,0.39,2023-11-05,815,N,VIIRS,n,2,303.11,2.64,D,0
30.42604,75.12718,343.96,0.43,0.38,2023-11-05,815,N,VIIRS,n,2,301.03,5.4,D,0
30.42669,74.9679,340.77,0.42,0.38,2023-11-05,815,N,VIIRS,n,2,302.23,6.35,D,0
30.42689,76.0215,335.43,0.46,0.39,2023-11-05,815,N,VIIRS,n,2,304.18,3.6,D,0
30.42727,74.97232,332.79,0.42,0.38,2023-11-05,815,N,VIIRS,n,2,301.34,6.35,D,0
30.4274,76.60368,330.63,0.49,0.4,2023-11-05,815,N,VIIRS,l,2,304.85,2.78,D,0
30.42803,75.42073,336.6,0.44,0.38,2023-11-05,815,N,VIIRS,n,2,303.41,6.46,D,0
30.42806,75.44884,336.76,0.44,0.38,2023-11-05,815,N,VIIRS,n,2,300.93,3.35,D,0
30.43031,75.83971,332.35,0.46,0.39,2023-11-05,815,N,VIIRS,n,2,302.04,1.26,D,0
30.43154,75.8201,330.46,0.46,0.39,2023-11-05,815,N,VIIRS,n,2,301.92,1.9,D,0
30.43244,74.90373,331.45,0.42,0.38,2023-11-05,815,N,VIIRS,n,2,302.09,1.89,D,0
30.43364,74.96669,337.82,0.42,0.38,2023-11-05,815,N,VIIRS,n,2,302.65,3.87,D,0
30.43442,75.35895,330.05,0.44,0.38,2023-11-05,815,N,VIIRS,n,2,300.35,8.21,D,0
30.43501,75.36351,338.53,0.44,0.38,2023-11-05,815,N,VIIRS,n,2,303.42,8.21,D,0
30.43562,74.71539,334.05,0.42,0.37,2023-11-05,815,N,VIIRS,n,2,301.99,2.46,D,0
30.4374,75.38174,330.21,0.44,0.38,2023-11-05,815,N,VIIRS,n,2,300.04,3.1,D,0
30.43888,76.05913,337.45,0.47,0.39,2023-11-05,815,N,VIIRS,n,2,302.11,4.69,D,0
30.43929,75.85281,332.47,0.46,0.39,2023-11-05,815,N,VIIRS,n,2,301.08,2.13,D,0
30.43974,74.44225,337.28,0.41,0.37,2023-11-05,815,N,VIIRS,n,2,300.37,5.59,D,0
30.43974,75.94553,347.72,0.46,0.39,2023-11-05,815,N,VIIRS,n,2,303.01,6.13,D,0
30.44047,75.46082,336.46,0.44,0.38,2023-11-05,815,N,VIIRS,n,2,301.66,3.31,D,0
30.44057,74.93836,349.65,0.42,0.38,2023-11-05,815,N,VIIRS,n,2,307.67,14.08,D,0
30.44116,76.10847,334.12,0.47,0.4,2023-11-05,815,N,VIIRS,n,2,304.39,4.12,D,0
30.44127,74.32442,344.35,0.41,0.37,2023-11-05,815,N,VIIRS,n,2,303.34,7.66,D,0
30.44179,75.66913,333.76,0.45,0.39,2023-11-05,815,N,VIIRS,n,2,299.68,2.82,D,0
30.44204,75.36459,337.29,0.44,0.38,2023-11-05,815,N,VIIRS,l,2,308.29,16.27,D,0
30.44207,75.3623,339.62,0.44,0.38,2023-11-05,815,N,VIIRS,n,2,307.78,13.17,D,0
30.44243,76.08834,341.36,0.47,0.39,2023-11-05,815,N,VIIRS,n,2,304.82,5.85,D,0
30.44476,75.63519,332.4,0.45,0.39,2023-11-05,815,N,VIIRS,n,2,300.01,2.21,D,0
30.44485,74.42823,332.11,0.41,0.37,2023-11-05,815,N,VIIRS,n,2,301.48,3.87,D,0
30.44499,75.35943,333.55,0.44,0.38,2023-11-05,815,N,VIIRS,n,2,302.31,16.27,D,0
30.445,75.35715,331.71,0.44,0.38,2023-11-05,815,N,VIIRS,n,2,301.2,13.17,D,0
30.44571,75.41773,335.79,0.44,0.38,2023-11-05,815,N,VIIRS,n,2,305.94,6.67,D,0
30.44592,75.81771,336.78,0.46,0.39,2023-11-05,815,N,VIIRS,n,2,300.65,4.8,D,0
30.44595,75.75968,335.56,0.45,0.39,2023-11-05,815,N,VIIRS,n,2,301.55,3.32,D,0
30.44643,75.09164,332.99,0.43,0.38,2023-11-05,815,N,VIIRS,n,2,302.6,2.67,D,0
30.44643,75.50687,341.48,0.44,0.39,2023-11-05,815,N,VIIRS,n,2,300.71,4.59,D,0
30.44692,75.97383,333.07,0.46,0.39,2023-11-05,815,N,VIIRS,n,2,302.87,3.46,D,0
30.44759,75.0732,339.9,0.43,0.38,2023-11-05,815,N,VIIRS,n,2,304.57,8.6,D,0
30.44822,75.52073,337.51,0.44,0.39,2023-11-05,815,N,VIIRS,n,2,300.35,3.93,D,0
30.44898,75.41951,339.75,0.44,0.38,2023-11-05,815,N,VIIRS,n,2,306.0,24.83,D,0
30.44924,75.41713,347.28,0.44,0.38,2023-11-05,815,N,VIIRS,n,2,305.02,13.36,D,0
30.44934,75.11399,339.12,0.43,0.38,2023-11-05,815,N,VIIRS,n,2,302.13,5.28,D,0
30.44969,74.84678,344.6,0.42,0.38,2023-11-05,815,N,VIIRS,n,2,303.26,5.16,D,0
30.45028,74.85117,346.92,0.42,0.38,2023-11-05,815,N,VIIRS,n,2,303.52,5.16,D,0
30.45114,75.97806,335.74,0.46,0.39,2023-11-05,815,N,VIIRS,n,2,301.97,4.02,D,0
30.4516,74.96806,331.37,0.42,0.38,2023-11-05,815,N,VIIRS,n,2,301.15,3.06,D,0
30.45161,75.24229,334.4,0.43,0.38,2023-11-05,815,N,VIIRS,n,2,301.58,2.6,D,0
30.45172,74.45322,332.61,0.41,0.37,2023-11-05,815,N,VIIRS,n,2,301.85,2.48,D,0
30.45267,75.33482,331.9,0.44,0.38,2023-11-05,815,N,VIIRS,n,2,300.4,2.17,D,0
30.45276,74.6857,345.49,0.42,0.37,2023-11-05,815,N,VIIRS,n,2,303.92,6.6,D,0
30.45315,74.84617,345.31,0.42,0.38,2023-11-05,815,N,VIIRS,n,2,302.84,8.24,D,0
30.45373,74.85056,347.38,0.42,0.38,2023-11-05,815,N,VIIRS,n,2,303.1,8.24,D,0
30.45467,76.03672,340.19,0.46,0.39,2023-11-05,815,N,VIIRS,n,2,303.54,6.99,D,0
30.45475,76.60984,331.72,0.49,0.4,2023-11-05,815,N,VIIRS,n,2,302.56,1.87,D,0
30.45535,75.47006,340.66,0.44,0.38,2023-11-05,815,N,VIIRS,n,2,303.32,7.51,D,0
30.45621,74.68509,337.65,0.42,0.37,2023-11-05,815,N,VIIRS,n,2,302.34,6.6,D,0
30.45633,75.11277,337.34,0.43,0.38,2023-11-05,815,N,VIIRS,n,2,301.28,4.49,D,0
30.45642,75.47221,333.44,0.44,0.38,2023-11-05,815,N,VIIRS,n,2,301.66,14.21,D,0
30.45663,75.93294,332.05,0.46,0.39,2023-11-05,815,N,VIIRS,n,2,299.17,3.39,D,0
30.45731,74.39109,333.81,0.41,0.37,2023-11-05,815,N,VIIRS,n,2,302.74,8.82,D,0
30.45773,74.82743,345.67,0.42,0.38,2023-11-05,815,N,VIIRS,n,2,304.24,10.02,D,0
30.45802,75.01678,331.78,0.43,0.38,2023-11-05,815,N,VIIRS,l,2,303.37,8.09,D,0
30.45805,74.72474,346.47,0.42,0.37,2023-11-05,815,N,VIIRS,n,2,305.75,9.5,D,0
30.45807,75.18126,334.11,0.43,0.38,2023-11-05,815,N,VIIRS,n,2,302.33,4.03,D,0
30.45845,75.91795,334.94,0.46,0.39,2023-11-05,815,N,VIIRS,n,2,301.48,3.82,D,0
30.45889,75.46947,337.06,0.44,0.38,2023-11-05,815,N,VIIRS,n,2,300.82,7.51,D,0
30.45923,75.0803,331.33,0.43,0.38,2023-11-05,815,N,VIIRS,n,2,301.2,3.33,D,0
30.46083,75.64683,336.1,0.45,0.39,2023-11-05,815,N,VIIRS,n,2,300.38,6.21,D,0
30.46085,75.67552,332.31,0.45,0.39,2023-11-05,815,N,VIIRS,n,2,301.1,2.57,D,0
30.46087,75.70427,338.97,0.45,0.39,2023-11-05,815,N,VIIRS,n,2,300.23,4.45,D,0
30.46127,75.53742,346.79,0.44,0.39,2023-11-05,815,N,VIIRS,n,2,302.93,7.87,D,0
30.46149,74.72413,343.46,0.42,0.37,2023-11-05,815,N,VIIRS,n,2,302.43,9.5,D,0
30.46153,75.2915,332.34,0.44,0.38,2023-11-05,815,N,VIIRS,n,2,302.3,6.26,D,0
30.46206,74.99339,335.86,0.43,0.38,2023-11-05,815,N,VIIRS,l,2,307.38,16.15,D,0
30.46323,75.00227,336.13,0.43,0.38,2023-11-05,815,N,VIIRS,n,2,302.12,3.99,D,0
30.46346,75.53476,345.2,0.44,0.39,2023-11-05,815,N,VIIRS,n,2,307.72,28.0,D,0
30.46361,74.41174,353.41,0.41,0.37,2023-11-05,815,N,VIIRS,n,2,306.73,29.12,D,0
30.46387,75.72778,336.59,0.45,0.39,2023-11-05,815,N,VIIRS,n,2,301.21,3.76,D,0
30.46395,74.31163,342.98,0.41,0.37,2023-11-05,815,N,VIIRS,n,2,300.35,3.3,D,0
30.46483,75.53683,345.61,0.44,0.39,2023-11-05,815,N,VIIRS,n,2,302.35,16.11,D,0
30.46504,75.29089,347.51,0.44,0.38,2023-11-05,815,N,VIIRS,n,2,304.7,6.26,D,0
30.46541,74.91147,334.69,0.42,0.38,2023-11-05,815,N,VIIRS,n,2,301.77,3.9,D,0
30.46599,74.91586,337.63,0.42,0.38,2023-11-05,815,N,VIIRS,n,2,300.51,7.0,D,0
30.46716,74.92468,332.75,0.42,0.38,2023-11-05,815,N,VIIRS,n,2,302.01,4.51,D,0
30.46728,74.28503,333.91,0.41,0.37,2023-11-05,815,N,VIIRS,n,2,301.33,5.33,D,0
30.46766,75.51041,338.66,0.44,0.39,2023-11-05,815,N,VIIRS,n,2,306.73,30.26,D,0
30.46786,74.28925,333.39,0.41,0.37,2023-11-05,815,N,VIIRS,n,2,299.56,6.06,D,0
30.46809,75.81889,330.59,0.46,0.39,2023-11-05,815,N,VIIRS,l,2,301.04,2.4,D,0
30.46857,75.12438,334.94,0.43,0.38,2023-11-05,815,N,VIIRS,n,2,302.86,5.2,D,0
30.47015,75.44405,342.29,0.44,0.38,2023-11-05,815,N,VIIRS,n,2,302.56,4.76,D,0
30.47017,74.30616,334.44,0.41,0.37,2023-11-05,815,N,VIIRS,n,2,301.7,3.84,D,0
30.47093,75.64037,337.89,0.45,0.39,2023-11-05,815,N,VIIRS,n,2,302.58,3.49,D,0
30.4711,75.87189,333.41,0.46,0.39,2023-11-05,815,N,VIIRS,n,2,303.29,3.05,D,0
30.4713,74.6256,331.18,0.41,0.37,2023-11-05,815,N,VIIRS,n,2,300.8,2.65,D,0
30.47151,75.25735,336.73,0.43,0.38,2023-11-05,815,N,VIIRS,n,2,305.92,11.53,D,0
30.47334,75.65907,334.32,0.45,0.39,2023-11-05,815,N,VIIRS,n,2,301.13,6.44,D,0
30.47338,75.68778,341.75,0.45,0.39,2023-11-05,815,N,VIIRS,n,2,304.36,9.75,D,0
30.47418,75.50459,336.67,0.44,0.39,2023-11-05,815,N,VIIRS,n,2,303.16,5.79,D,0
30.47423,75.47628,345.18,0.44,0.39,2023-11-05,815,N,VIIRS,n,2,301.92,9.66,D,0
30.47465,76.0186,343.49,0.46,0.39,2023-11-05,815,N,VIIRS,n,2,304.53,6.36,D,0
30.47547,75.04102,333.08,0.43,0.38,2023-11-05,815,N,VIIRS,n,2,302.61,3.84,D,0
30.4759,75.88084,333.35,0.46,0.39,2023-11-05,815,N,VIIRS,n,2,302.14,1.95,D,0
30.47631,75.65379,335.38,0.45,0.39,2023-11-05,815,N,VIIRS,n,2,302.27,6.44,D,0
30.4765,75.85638,334.88,0.46,0.39,2023-11-05,815,N,VIIRS,n,2,305.11,7.32,D,0
30.47653,74.17535,334.3,0.4,0.37,2023-11-05,815,N,VIIRS,n,2,302.17,3.12,D,0
30.4768,76.21793,333.65,0.47,0.4,2023-11-05,815,N,VIIRS,n,2,304.09,3.28,D,0
30.4775,76.41126,331.37,0.48,0.4,2023-11-05,815,N,VIIRS,n,2,300.09,1.99,D,0
30.47857,75.65594,333.36,0.45,0.39,2023-11-05,815,N,VIIRS,n,2,300.85,2.74,D,0
30.47949,74.01683,330.7,0.4,0.37,2023-11-05,815,N,VIIRS,n,2,300.41,1.42,D,0
30.4799,74.63734,352.12,0.42,0.37,2023-11-05,815,N,VIIRS,n,2,309.62,31.51,D,0
30.47992,74.17473,332.47,0.4,0.37,2023-11-05,815,N,VIIRS,n,2,301.05,3.12,D,0
30.48051,74.77509,333.37,0.42,0.38,2023-11-05,815,N,VIIRS,l,2,303.46,2.45,D,0
30.48216,74.60156,335.63,0.41,0.37,2023-11-05,815,N,VIIRS,n,2,302.19,4.9,D,0
30.48238,75.72951,338.95,0.45,0.39,2023-11-05,815,N,VIIRS,n,2,305.3,15.03,D,0
30.48248,75.8165,334.13,0.46,0.39,2023-11-05,815,N,VIIRS,n,2,303.31,5.49,D,0
30.48293,74.98976,341.1,0.43,0.38,2023-11-05,815,N,VIIRS,n,2,303.11,3.45,D,0
30.48312,75.87966,342.92,0.46,0.39,2023-11-05,815,N,VIIRS,n,2,302.59,8.87,D,0
30.48334,74.63673,342.29,0.42,0.37,2023-11-05,815,N,VIIRS,n,2,305.16,6.05,D,0
30.48379,75.35278,345.34,0.44,0.38,2023-11-05,815,N,VIIRS,n,2,303.01,8.42,D,0
30.4841,75.686,335.81,0.45,0.39,2023-11-05,815,N,VIIRS,n,2,300.7,5.29,D,0
30.48453,74.80569,367.0,0.42,0.38,2023-11-05,815,N,VIIRS,h,2,304.72,9.58,D,0
30.48476,75.7195,337.78,0.45,0.39,2023-11-05,815,N,VIIRS,n,2,302.78,4.3,D,0
30.48563,75.68353,344.17,0.45,0.39,2023-11-05,815,N,VIIRS,n,2,300.99,4.62,D,0
30.48596,75.72892,340.68,0.45,0.39,2023-11-05,815,N,VIIRS,n,2,301.12,15.03,D,0
30.48622,75.68822,332.61,0.45,0.39,2023-11-05,815,N,VIIRS,n,2,300.7,4.62,D,0
30.48677,74.63612,337.52,0.42,0.37,2023-11-05,815,N,VIIRS,n,2,303.08,6.05,D,0
30.4868,74.6627,333.09,0.42,0.37,2023-11-05,815,N,VIIRS,n,2,301.27,2.59,D,0
30.48829,75.69009,336.47,0.45,0.39,2023-11-05,815,N,VIIRS,n,2,301.1,6.71,D,0
30.48899,76.22604,333.19,0.47,0.4,2023-11-05,815,N,VIIRS,l,2,303.84,3.48,D,0
30.4903,74.79572,334.01,0.42,0.38,2023-11-05,815,N,VIIRS,n,2,302.05,4.49,D,0
30.49075,75.49234,334.58,0.44,0.39,2023-11-05,815,N,VIIRS,n,2,300.26,3.16,D,0
30.49261,76.2558,335.42,0.48,0.4,2023-11-05,815,N,VIIRS,n,2,303.16,4.93,D,0
30.49274,74.2674,340.36,0.41,0.37,2023-11-05,815,N,VIIRS,n,2,304.09,3.81,D,0
30.49374,75.45883,338.02,0.44,0.38,2023-11-05,815,N,VIIRS,n,2,303.14,6.31,D,0
30.49589,75.61958,338.39,0.45,0.39,2023-11-05,815,N,VIIRS,n,2,301.5,3.22,D,0
30.49599,75.56243,344.39,0.45,0.39,2023-11-05,815,N,VIIRS,n,2,302.33,17.2,D,0
30.49681,75.74419,330.19,0.45,0.39,2023-11-05,815,N,VIIRS,l,2,300.37,3.25,D,0
30.49719,74.87527,340.69,0.42,0.38,2023-11-05,815,N,VIIRS,n,2,304.91,7.42,D,0
30.49764,76.08429,330.93,0.47,0.4,2023-11-05,815,N,VIIRS,l,2,301.49,4.65,D,0
30.49785,75.49113,340.77,0.44,0.39,2023-11-05,815,N,VIIRS,n,2,301.41,8.28,D,0
30.49904,75.47206,333.19,0.44,0.39,2023-11-05,815,N,VIIRS,n,2,302.09,6.09,D,0
30.49946,75.61898,331.05,0.45,0.39,2023-11-05,815,N,VIIRS,n,2,301.42,3.22,D,0
30.49954,75.56183,336.73,0.45,0.39,2023-11-05,815,N,VIIRS,l,2,306.89,17.2,D,0
30.50056,74.66025,339.69,0.42,0.37,2023-11-05,815,N,VIIRS,n,2,304.08,12.7,D,0
30.50084,75.37321,333.26,0.44,0.38,2023-11-05,815,N,VIIRS,n,2,302.31,1.79,D,0
30.50138,75.51889,339.99,0.44,0.39,2023-11-05,815,N,VIIRS,n,2,302.09,8.62,D,0
30.50167,75.82304,334.36,0.46,0.39,2023-11-05,815,N,VIIRS,n,2,300.33,6.21,D,0
30.50179,75.9108,337.8,0.46,0.39,2023-11-05,815,N,VIIRS,n,2,306.64,11.65,D,0
30.50257,75.82072,333.92,0.46,0.39,2023-11-05,815,N,VIIRS,n,2,301.65,3.81,D,0
30.50289,75.83255,345.56,0.46,0.39,2023-11-05,815,N,VIIRS,n,2,302.0,10.2,D,0
30.50295,74.91933,335.06,0.42,0.38,2023-11-05,815,N,VIIRS,n,2,302.4,2.96,D,0
30.50338,74.62872,340.88,0.41,0.37,2023-11-05,815,N,VIIRS,n,2,305.91,16.9,D,0
30.50374,75.83025,342.18,0.46,0.39,2023-11-05,815,N,VIIRS,n,2,303.23,8.41,D,0
30.50463,74.98694,333.0,0.43,0.38,2023-11-05,815,N,VIIRS,n,2,301.6,1.66,D,0
30.5057,74.64603,343.18,0.42,0.37,2023-11-05,815,N,VIIRS,n,2,302.59,3.24,D,0
30.50642,74.91872,346.1,0.42,0.38,2023-11-05,815,N,VIIRS,n,2,302.11,8.46,D,0
30.50643,74.89165,332.31,0.42,0.38,2023-11-05,815,N,VIIRS,n,2,301.18,3.21,D,0
30.50815,75.74712,346.24,0.45,0.39,2023-11-05,815,N,VIIRS,n,2,303.73,12.26,D,0
30.50984,74.99966,336.69,0.43,0.38,2023-11-05,815,N,VIIRS,n,2,302.52,2.97,D,0
30.51144,76.38015,338.53,0.48,0.4,2023-11-05,815,N,VIIRS,n,2,303.87,5.33,D,0
30.51151,75.04385,338.91,0.43,0.38,2023-11-05,815,N,VIIRS,n,2,307.84,12.94,D,0
30.51159,74.76958,342.94,0.42,0.38,2023-11-05,815,N,VIIRS,n,2,306.19,11.52,D,0
30.51159,74.98573,338.03,0.43,0.38,2023-11-05,815,N,VIIRS,n,2,304.78,8.77,D,0
30.5121,75.0483,332.71,0.43,0.38,2023-11-05,815,N,VIIRS,n,2,301.1,12.94,D,0
30.51212,75.04477,345.33,0.43,0.38,2023-11-05,815,N,VIIRS,n,2,309.76,24.38,D,0
30.51336,74.83646,337.55,0.42,0.38,2023-11-05,815,N,VIIRS,n,2,302.82,4.43,D,0
30.51553,75.60197,332.25,0.45,0.39,2023-11-05,815,N,VIIRS,n,2,300.54,3.58,D,0
30.51732,75.36105,335.07,0.44,0.38,2023-11-05,815,N,VIIRS,n,2,304.26,7.96,D,0
30.51763,75.17097,333.56,0.43,0.38,2023-11-05,815,N,VIIRS,n,2,301.93,4.81,D,0
30.5185,75.59669,345.87,0.45,0.39,2023-11-05,815,N,VIIRS,n,2,302.37,8.49,D,0
30.51894,76.63357,337.05,0.49,0.41,2023-11-05,815,N,VIIRS,n,2,304.4,3.89,D,0
30.51945,75.7791,335.12,0.45,0.39,2023-11-05,815,N,VIIRS,n,2,301.19,3.15,D,0
30.52042,74.13796,333.67,0.4,0.37,2023-11-05,815,N,VIIRS,n,2,301.62,2.91,D,0
30.5213,74.70988,338.36,0.42,0.37,2023-11-05,815,N,VIIRS,n,2,304.31,7.4,D,0
30.52146,74.97945,336.6,0.43,0.38,2023-11-05,815,N,VIIRS,n,2,302.73,4.05,D,0
30.52149,75.4494,346.77,0.44,0.38,2023-11-05,815,N,VIIRS,n,2,301.45,7.28,D,0
30.52267,75.57217,333.76,0.45,0.39,2023-11-05,815,N,VIIRS,n,2,301.97,2.96,D,0
30.52299,75.80762,333.46,0.46,0.39,2023-11-05,815,N,VIIRS,n,2,302.86,2.37,D,0
30.52434,75.33186,337.89,0.44,0.38,2023-11-05,815,N,VIIRS,n,2,302.17,6.69,D,0
30.52563,75.59549,332.8,0.45,0.39,2023-11-05,815,N,VIIRS,n,2,301.48,12.59,D,0
30.52654,75.23863,333.23,0.43,0.38,2023-11-05,815,N,VIIRS,n,2,302.22,7.93,D,0
30.52765,74.73103,348.0,0.42,0.38,2023-11-05,815,N,VIIRS,n,2,303.11,9.54,D,0
30.52866,76.39791,336.59,0.48,0.4,2023-11-05,815,N,VIIRS,n,2,307.81,16.42,D,0
30.52933,75.17815,337.76,0.43,0.38,2023-11-05,815,N,VIIRS,n,2,300.99,3.61,D,0
30.52942,75.17926,337.11,0.43,0.38,2023-11-05,815,N,VIIRS,n,2,300.77,3.47,D,0
30.53015,75.01885,341.1,0.43,0.38,2023-11-05,815,N,VIIRS,n,2,303.26,5.27,D,0
30.53072,75.84037,345.73,0.46,0.39,2023-11-05,815,N,VIIRS,n,2,311.0,33.98,D,0
30.53089,75.72402,332.11,0.45,0.39,2023-11-05,815,N,VIIRS,n,2,301.33,5.67,D,0
30.53097,75.60889,344.97,0.45,0.39,2023-11-05,815,N,VIIRS,n,2,304.94,11.56,D,0
30.53131,75.02776,334.87,0.43,0.38,2023-11-05,815,N,VIIRS,n,2,301.65,3.56,D,0
30.53155,75.64224,336.7,0.45,0.39,2023-11-05,815,N,VIIRS,n,2,302.62,3.1,D,0
30.53418,74.88676,332.69,0.42,0.38,2023-11-05,815,N,VIIRS,n,2,301.97,3.53,D,0
30.53476,74.57451,337.59,0.41,0.37,2023-11-05,815,N,VIIRS,n,2,300.48,3.77,D,0
30.53551,75.33461,337.19,0.44,0.38,2023-11-05,815,N,VIIRS,n,2,301.32,4.41,D,0
30.53629,75.26128,341.01,0.43,0.38,2023-11-05,815,N,VIIRS,n,2,305.55,10.76,D,0
30.53665,76.43269,332.86,0.48,0.4,2023-11-05,815,N,VIIRS,l,2,304.85,3.93,D,0
30.53689,75.51288,336.36,0.44,0.39,2023-11-05,815,N,VIIRS,n,2,305.36,12.7,D,0
30.53714,75.2646,334.15,0.43,0.38,2023-11-05,815,N,VIIRS,n,2,303.92,10.58,D,0
30.53839,75.30153,335.84,0.44,0.38,2023-11-05,815,N,VIIRS,n,2,301.1,3.21,D,0
30.53927,75.22834,338.12,0.43,0.38,2023-11-05,815,N,VIIRS,n,2,299.48,2.71,D,0
30.53967,74.15165,344.89,0.4,0.37,2023-11-05,815,N,VIIRS,n,2,302.33,6.62,D,0
30.53988,75.56452,331.74,0.45,0.39,2023-11-05,815,N,VIIRS,n,2,301.64,3.83,D,0
30.54033,75.29309,345.04,0.44,0.38,2023-11-05,815,N,VIIRS,n,2,302.34,4.78,D,0
30.54045,75.51228,335.77,0.44,0.39,2023-11-05,815,N,VIIRS,n,2,301.52,5.9,D,0
30.5406,74.98973,335.49,0.43,0.38,2023-11-05,815,N,VIIRS,n,2,302.21,3.75,D,0
30.54067,74.46347,332.99,0.41,0.37,2023-11-05,815,N,VIIRS,n,2,302.04,3.06,D,0
30.54132,75.29638,337.13,0.44,0.38,2023-11-05,815,N,VIIRS,n,2,301.28,7.28,D,0
30.54149,75.3022,331.8,0.44,0.38,2023-11-05,815,N,VIIRS,n,2,299.62,5.05,D,0
30.54162,75.75119,335.47,0.45,0.39,2023-11-05,815,N,VIIRS,l,2,306.54,22.21,D,0
30.54283,76.42138,336.07,0.48,0.4,2023-11-05,815,N,VIIRS,n,2,306.79,6.67,D,0
30.54344,75.56392,337.18,0.45,0.39,2023-11-05,815,N,VIIRS,n,2,302.17,3.83,D,0
30.54385,75.29249,343.39,0.44,0.38,2023-11-05,815,N,VIIRS,n,2,301.37,4.78,D,0
30.5449,74.72797,338.06,0.42,0.38,2023-11-05,815,N,VIIRS,n,2,305.86,7.73,D,0
30.54635,75.50182,334.82,0.44,0.39,2023-11-05,815,N,VIIRS,l,2,305.27,23.53,D,0
30.54653,76.42079,338.76,0.48,0.4,2023-11-05,815,N,VIIRS,n,2,303.3,7.11,D,0
30.54746,75.88644,337.79,0.46,0.39,2023-11-05,815,N,VIIRS,n,2,301.25,3.29,D,0
30.5486,74.86171,354.66,0.42,0.38,2023-11-05,815,N,VIIRS,n,2,308.17,16.06,D,0
30.54864,75.43539,331.44,0.44,0.38,2023-11-05,815,N,VIIRS,n,2,301.81,2.75,D,0
30.54905,74.78532,336.37,0.42,0.38,2023-11-05,815,N,VIIRS,l,2,310.08,33.95,D,0
30.54959,76.50832,333.67,0.49,0.4,2023-11-05,815,N,VIIRS,n,2,301.53,2.96,D,0
30.54994,75.52961,336.61,0.44,0.39,2023-11-05,815,N,VIIRS,n,2,303.2,15.76,D,0
30.55087,76.00402,332.41,0.46,0.39,2023-11-05,815,N,VIIRS,n,2,301.43,6.17,D,0
30.55119,75.6246,338.57,0.45,0.39,2023-11-05,815,N,VIIRS,n,2,301.94,4.45,D,0
30.55147,76.43031,333.56,0.48,0.4,2023-11-05,815,N,VIIRS,n,2,305.45,5.16,D,0
30.55179,75.62928,332.8,0.45,0.39,2023-11-05,815,N,VIIRS,n,2,300.66,4.45,D,0
30.55333,74.9512,338.82,0.42,0.38,2023-11-05,815,N,VIIRS,n,2,307.54,18.61,D,0
30.55349,75.52901,338.97,0.44,0.39,2023-11-05,815,N,VIIRS,n,2,311.04,15.76,D,0
30.55367,74.79346,333.14,0.42,0.38,2023-11-05,815,N,VIIRS,n,2,303.6,5.36,D,0
30.55409,75.53364,333.47,0.44,0.39,2023-11-05,815,N,VIIRS,n,2,300.1,15.76,D,0
30.55426,74.79784,334.32,0.42,0.38,2023-11-05,815,N,VIIRS,n,2,302.16,5.36,D,0
30.55497,76.06789,336.6,0.47,0.4,2023-11-05,815,N,VIIRS,n,2,303.84,2.95,D,0
30.55603,74.60163,344.79,0.41,0.37,2023-11-05,815,N,VIIRS,n,2,307.02,8.38,D,0
30.55724,74.84669,338.41,0.42,0.38,2023-11-05,815,N,VIIRS,n,2,304.4,6.35,D,0
30.55744,75.20208,336.24,0.43,0.38,2023-11-05,815,N,VIIRS,n,2,300.28,3.41,D,0
30.55776,75.79211,330.97,0.46,0.39,2023-11-05,815,N,VIIRS,n,2,302.13,2.77,D,0
30.55786,74.8781,333.7,0.42,0.38,2023-11-05,815,N,VIIRS,n,2,302.57,5.58,D,0
30.55858,74.60222,339.46,0.41,0.37,2023-11-05,815,N,VIIRS,n,2,306.51,14.56,D,0
30.5592,75.05025,330.2,0.43,0.38,2023-11-05,815,N,VIIRS,n,2,299.52,2.99,D,0
30.55944,76.65354,334.17,0.5,0.41,2023-11-05,815,N,VIIRS,l,2,304.47,2.82,D,0
30.55947,74.60102,337.83,0.41,0.37,2023-11-05,815,N,VIIRS,n,2,302.9,8.38,D,0
30.56009,75.89904,342.18,0.46,0.39,2023-11-05,815,N,VIIRS,n,2,305.42,6.13,D,0
30.56016,74.86868,347.17,0.42,0.38,2023-11-05,815,N,VIIRS,n,2,313.76,32.93,D,0
30.56075,74.87309,332.94,0.42,0.38,2023-11-05,815,N,VIIRS,n,2,300.78,5.58,D,0
30.56116,75.50404,342.8,0.44,0.39,2023-11-05,815,N,VIIRS,n,2,299.87,5.16,D,0
30.56132,74.64056,334.63,0.42,0.37,2023-11-05,815,N,VIIRS,n,2,300.59,30.43,D,0
30.5625,75.62748,346.98,0.45,0.39,2023-11-05,815,N,VIIRS,n,2,302.14,7.61,D,0
30.5626,74.63253,334.06,0.42,0.37,2023-11-05,815,N,VIIRS,n,2,303.64,84.14,D,0
30.56286,75.46124,332.39,0.44,0.39,2023-11-05,815,N,VIIRS,n,2,299.72,6.65,D,0
30.5629,75.472,345.83,0.44,0.39,2023-11-05,815,N,VIIRS,n,2,301.54,6.79,D,0
30.56351,75.49418,338.31,0.44,0.39,2023-11-05,815,N,VIIRS,n,2,303.58,8.65,D,0
30.56363,74.86807,346.12,0.42,0.38,2023-11-05,815,N,VIIRS,n,2,300.75,6.26,D,0
30.56406,75.47046,332.83,0.44,0.39,2023-11-05,815,N,VIIRS,n,2,300.33,6.0,D,0
30.56417,74.63562,352.38,0.42,0.37,2023-11-05,815,N,VIIRS,n,2,312.6,70.33,D,0
30.5642,75.55567,338.94,0.45,0.39,2023-11-05,815,N,VIIRS,n,2,302.72,3.86,D,0
30.56443,75.03565,336.04,0.43,0.38,2023-11-05,815,N,VIIRS,n,2,301.08,4.75,D,0
30.56529,75.46215,339.27,0.44,0.39,2023-11-05,815,N,VIIRS,n,2,302.44,7.49,D,0
30.56545,74.60099,333.52,0.41,0.37,2023-11-05,815,N,VIIRS,n,2,302.12,3.08,D,0
30.5658,75.49515,334.62,0.44,0.39,2023-11-05,815,N,VIIRS,n,2,303.47,11.38,D,0
30.56711,75.52197,340.36,0.44,0.39,2023-11-05,815,N,VIIRS,n,2,301.5,3.71,D,0
30.56789,75.00771,334.32,0.43,0.38,2023-11-05,815,N,VIIRS,n,2,302.34,5.29,D,0
30.56795,74.74174,332.72,0.42,0.38,2023-11-05,815,N,VIIRS,l,2,303.09,2.84,D,0
30.56822,74.23282,336.47,0.41,0.37,2023-11-05,815,N,VIIRS,n,2,301.55,3.69,D,0
30.56912,75.70799,347.04,0.45,0.39,2023-11-05,815,N,VIIRS,n,2,303.98,8.31,D,0
30.56928,75.52298,350.51,0.44,0.39,2023-11-05,815,N,VIIRS,n,2,302.0,7.63,D,0
30.56941,76.34333,338.51,0.48,0.4,2023-11-05,815,N,VIIRS,n,2,303.35,4.05,D,0
30.56947,75.43787,330.25,0.44,0.38,2023-11-05,815,N,VIIRS,n,2,299.35,1.97,D,0
30.56967,75.04842,332.16,0.43,0.38,2023-11-05,815,N,VIIRS,l,2,303.18,3.88,D,0
30.56971,75.24162,333.52,0.43,0.38,2023-11-05,815,N,VIIRS,n,2,304.52,2.56,D,0
30.57004,74.60903,341.79,0.41,0.37,2023-11-05,815,N,VIIRS,n,2,305.67,28.4,D,0
30.57111,76.34495,339.66,0.48,0.4,2023-11-05,815,N,VIIRS,n,2,302.84,4.31,D,0
30.57144,75.64035,341.14,0.45,0.39,2023-11-05,815,N,VIIRS,n,2,302.66,6.26,D,0
30.57145,75.08927,331.97,0.43,0.38,2023-11-05,815,N,VIIRS,n,2,300.03,2.6,D,0
30.57148,75.17197,344.95,0.43,0.38,2023-11-05,815,N,VIIRS,n,2,301.99,13.1,D,0
30.57156,76.42531,331.5,0.48,0.4,2023-11-05,815,N,VIIRS,l,2,305.43,2.27,D,0
30.57173,76.34997,340.41,0.48,0.4,2023-11-05,815,N,VIIRS,n,2,305.56,3.94,D,0
30.5727,75.70741,342.51,0.45,0.39,2023-11-05,815,N,VIIRS,n,2,303.13,6.71,D,0
30.57291,74.88448,332.83,0.42,0.38,2023-11-05,815,N,VIIRS,n,2,301.96,1.73,D,0
30.57306,76.42171,331.76,0.48,0.4,2023-11-05,815,N,VIIRS,l,2,304.03,3.92,D,0
30.57314,75.35277,334.77,0.44,0.38,2023-11-05,815,N,VIIRS,n,2,301.72,5.08,D,0
30.57316,75.04782,332.5,0.43,0.38,2023-11-05,815,N,VIIRS,n,2,300.62,3.99,D,0
30.5737,76.34777,337.72,0.48,0.4,2023-11-05,815,N,VIIRS,n,2,304.95,4.05,D,0
30.57478,74.95198,336.8,0.42,0.38,2023-11-05,815,N,VIIRS,n,2,301.32,3.46,D,0
30.57568,75.70208,334.22,0.45,0.39,2023-11-05,815,N,VIIRS,n,2,303.08,3.07,D,0
30.57619,76.33712,345.24,0.48,0.4,2023-11-05,815,N,VIIRS,n,2,302.87,7.28,D,0
30.57628,75.7068,349.76,0.45,0.39,2023-11-05,815,N,VIIRS,n,2,302.32,6.71,D,0
30.57685,75.68264,346.07,0.45,0.39,2023-11-05,815,N,VIIRS,n,2,302.31,7.51,D,0
30.57697,74.14481,335.01,0.4,0.37,2023-11-05,815,N,VIIRS,n,2,301.98,2.89,D,0
30.57753,75.77427,332.68,0.45,0.39,2023-11-05,815,N,VIIRS,n,2,300.12,2.07,D,0
30.57889,75.45512,332.12,0.44,0.39,2023-11-05,815,N,VIIRS,n,2,301.38,1.84,D,0
30.57926,75.70148,351.23,0.45,0.39,2023-11-05,815,N,VIIRS,n,2,303.2,7.5,D,0
30.57985,76.05885,333.32,0.47,0.39,2023-11-05,815,N,VIIRS,n,2,302.79,6.38,D,0
30.57986,75.70621,331.67,0.45,0.39,2023-11-05,815,N,VIIRS,n,2,300.73,4.55,D,0
30.57995,75.82245,330.19,0.46,0.39,2023-11-05,815,N,VIIRS,n,2,302.01,2.2,D,0
30.58056,74.19595,332.21,0.4,0.37,2023-11-05,815,N,VIIRS,n,2,301.58,2.8,D,0
30.58109,76.03875,346.29,0.47,0.39,2023-11-05,815,N,VIIRS,n,2,302.77,9.67,D,0
30.58254,75.11945,335.55,0.43,0.38,2023-11-05,815,N,VIIRS,l,2,306.36,9.72,D,0
30.58403,74.94129,336.17,0.42,0.38,2023-11-05,815,N,VIIRS,n,2,302.31,3.47,D,0
30.58485,75.41642,343.63,0.44,0.38,2023-11-05,815,N,VIIRS,n,2,307.17,17.47,D,0
30.58571,75.59637,333.71,0.45,0.39,2023-11-05,815,N,VIIRS,n,2,299.92,4.2,D,0
30.58726,75.35034,339.05,0.44,0.38,2023-11-05,815,N,VIIRS,n,2,304.12,15.59,D,0
30.58777,74.58371,341.77,0.41,0.37,2023-11-05,815,N,VIIRS,n,2,304.52,5.14,D,0
30.58814,74.45587,332.91,0.41,0.37,2023-11-05,815,N,VIIRS,n,2,301.79,14.51,D,0
30.58827,75.74341,335.09,0.45,0.39,2023-11-05,815,N,VIIRS,n,2,302.9,12.49,D,0
30.58891,75.47704,341.1,0.44,0.39,2023-11-05,815,N,VIIRS,n,2,304.43,12.7,D,0
30.59068,76.42741,336.11,0.48,0.4,2023-11-05,815,N,VIIRS,n,2,304.77,5.78,D,0
30.59121,74.5831,344.25,0.41,0.37,2023-11-05,815,N,VIIRS,n,2,302.53,8.49,D,0
30.59128,75.46719,332.42,0.44,0.39,2023-11-05,815,N,VIIRS,l,2,302.78,7.75,D,0
30.59245,74.69834,343.36,0.42,0.37,2023-11-05,815,N,VIIRS,n,2,304.92,10.84,D,0
30.59374,75.31652,347.93,0.44,0.38,2023-11-05,815,N,VIIRS,n,2,306.15,8.1,D,0
30.59403,76.32913,331.51,0.48,0.4,2023-11-05,815,N,VIIRS,n,2,303.4,1.53,D,0
30.59432,75.26523,347.47,0.44,0.38,2023-11-05,815,N,VIIRS,n,2,305.4,6.09,D,0
30.596,75.47583,339.75,0.44,0.39,2023-11-05,815,N,VIIRS,n,2,304.39,12.62,D,0
30.5971,75.54202,336.77,0.45,0.39,2023-11-05,815,N,VIIRS,n,2,301.85,3.31,D,0
30.59721,75.45673,335.57,0.44,0.39,2023-11-05,815,N,VIIRS,n,2,300.77,2.84,D,0
30.59758,75.60393,339.49,0.45,0.39,2023-11-05,815,N,VIIRS,n,2,301.11,3.46,D,0
30.59784,75.26462,346.58,0.44,0.38,2023-11-05,815,N,VIIRS,n,2,303.93,6.09,D,0
30.59785,75.34853,338.93,0.44,0.38,2023-11-05,815,N,VIIRS,n,2,302.74,6.28,D,0
30.59827,75.10295,342.37,0.43,0.38,2023-11-05,815,N,VIIRS,n,2,302.84,5.8,D,0
30.59844,75.35311,342.25,0.44,0.38,2023-11-05,815,N,VIIRS,n,2,306.67,20.72,D,0
30.59869,74.35333,331.8,0.41,0.37,2023-11-05,815,N,VIIRS,n,2,300.55,2.98,D,0
30.59896,75.19029,339.3,0.43,0.38,2023-11-05,815,N,VIIRS,n,2,301.02,6.98,D,0
30.59948,75.53211,341.38,0.45,0.39,2023-11-05,815,N,VIIRS,n,2,302.74,6.37,D,0
30.60137,75.40421,345.98,0.44,0.38,2023-11-05,815,N,VIIRS,n,2,302.84,7.08,D,0
30.60188,75.18517,342.0,0.43,0.38,2023-11-05,815,N,VIIRS,n,2,301.97,6.98,D,0
30.60212,75.79445,345.63,0.46,0.39,2023-11-05,815,N,VIIRS,n,2,315.49,28.65,D,0
30.60223,75.88228,337.73,0.46,0.39,2023-11-05,815,N,VIIRS,n,2,303.26,4.14,D,0
30.6029,75.97569,341.52,0.46,0.39,2023-11-05,815,N,VIIRS,n,2,302.34,8.3,D,0
30.60307,75.79591,343.52,0.46,0.39,2023-11-05,815,N,VIIRS,n,2,314.58,47.2,D,0
30.60393,76.28667,331.59,0.48,0.4,2023-11-05,815,N,VIIRS,n,2,303.02,3.14,D,0
30.60454,76.29167,333.96,0.48,0.4,2023-11-05,815,N,VIIRS,n,2,304.34,3.14,D,0
30.60572,75.79385,336.04,0.46,0.39,2023-11-05,815,N,VIIRS,n,2,300.85,4.57,D,0
30.60584,75.88168,338.84,0.46,0.39,2023-11-05,815,N,VIIRS,n,2,302.06,4.14,D,0
30.60622,74.66918,332.85,0.42,0.37,2023-11-05,815,N,VIIRS,n,2,301.88,3.74,D,0
30.6068,74.67352,332.69,0.42,0.37,2023-11-05,815,N,VIIRS,n,2,301.4,3.74,D,0
30.60776,76.50774,338.68,0.49,0.4,2023-11-05,815,N,VIIRS,l,2,310.12,42.82,D,0
30.60799,75.01437,340.39,0.43,0.38,2023-11-05,815,N,VIIRS,n,2,306.18,9.94,D,0
30.60878,75.66437,339.81,0.45,0.39,2023-11-05,815,N,VIIRS,n,2,301.99,5.88,D,0
30.60901,74.61092,341.41,0.42,0.37,2023-11-05,815,N,VIIRS,n,2,305.79,7.99,D,0
30.60919,74.87935,344.96,0.42,0.38,2023-11-05,815,N,VIIRS,n,2,300.4,5.54,D,0
30.60963,75.41219,340.82,0.44,0.38,2023-11-05,815,N,VIIRS,n,2,303.35,3.48,D,0
30.61078,75.30894,333.59,0.44,0.38,2023-11-05,815,N,VIIRS,n,2,302.52,4.31,D,0
30.61119,75.83678,339.43,0.46,0.39,2023-11-05,815,N,VIIRS,n,2,302.42,5.54,D,0
30.6119,76.29048,337.78,0.48,0.4,2023-11-05,815,N,VIIRS,n,2,305.94,7.83,D,0
30.61194,75.83832,336.96,0.46,0.39,2023-11-05,815,N,VIIRS,n,2,301.13,2.88,D,0
30.61222,74.50429,334.03,0.41,0.37,2023-11-05,815,N,VIIRS,n,2,302.73,5.01,D,0
30.6128,74.50859,333.54,0.41,0.37,2023-11-05,815,N,VIIRS,n,2,301.34,7.41,D,0
30.61358,75.64435,340.05,0.45,0.39,2023-11-05,815,N,VIIRS,n,2,302.37,3.6,D,0
30.61419,75.83141,348.63,0.46,0.39,2023-11-05,815,N,VIIRS,n,2,303.0,6.14,D,0
30.61431,75.30834,347.68,0.44,0.38,2023-11-05,815,N,VIIRS,n,2,305.06,7.45,D,0
30.61437,75.82814,334.57,0.46,0.39,2023-11-05,815,N,VIIRS,n,2,302.49,4.23,D,0
30.61467,74.3679,336.17,0.41,0.37,2023-11-05,815,N,VIIRS,n,2,304.08,5.61,D,0
30.61496,75.83292,343.38,0.46,0.39,2023-11-05,815,N,VIIRS,n,2,302.25,4.23,D,0
30.61611,75.90451,338.76,0.46,0.39,2023-11-05,815,N,VIIRS,n,2,302.5,6.86,D,0
30.61654,75.90617,332.38,0.46,0.39,2023-11-05,815,N,VIIRS,n,2,301.32,4.24,D,0
30.61716,75.64375,336.59,0.45,0.39,2023-11-05,815,N,VIIRS,n,2,300.73,3.6,D,0
30.61729,75.50063,336.09,0.44,0.39,2023-11-05,815,N,VIIRS,n,2,300.83,3.46,D,0
30.61839,75.28434,335.83,0.44,0.38,2023-11-05,815,N,VIIRS,n,2,302.71,2.11,D,0
30.6199,74.61341,346.17,0.42,0.37,2023-11-05,815,N,VIIRS,n,2,313.09,30.26,D,0
30.62065,75.70092,331.1,0.45,0.39,2023-11-05,815,N,VIIRS,l,2,301.15,3.09,D,0
30.62144,75.4479,336.88,0.44,0.39,2023-11-05,815,N,VIIRS,n,2,302.99,2.77,D,0
30.6221,76.46903,330.38,0.49,0.4,2023-11-05,815,N,VIIRS,n,2,300.3,5.34,D,0
30.62232,74.68411,342.02,0.42,0.37,2023-11-05,815,N,VIIRS,n,2,303.77,4.74,D,0
30.62258,75.57105,340.82,0.45,0.39,2023-11-05,815,N,VIIRS,n,2,302.07,5.58,D,0
30.62271,76.47412,333.93,0.49,0.4,2023-11-05,815,N,VIIRS,n,2,303.91,5.34,D,0
30.62286,74.66176,335.9,0.42,0.37,2023-11-05,815,N,VIIRS,n,2,303.41,39.39,D,0
30.62334,74.61279,334.69,0.42,0.37,2023-11-05,815,N,VIIRS,n,2,301.69,4.37,D,0
30.62418,75.72932,332.15,0.45,0.39,2023-11-05,815,N,VIIRS,n,2,299.93,7.51,D,0
30.62429,75.30197,331.39,0.44,0.38,2023-11-05,815,N,VIIRS,l,2,303.03,9.98,D,0
30.62481,74.33987,337.35,0.41,0.37,2023-11-05,815,N,VIIRS,n,2,304.79,8.1,D,0
30.62488,75.30653,340.53,0.44,0.38,2023-11-05,815,N,VIIRS,n,2,306.65,9.98,D,0
30.62495,75.58976,332.44,0.45,0.39,2023-11-05,815,N,VIIRS,n,2,301.33,3.19,D,0
30.62577,74.68352,343.05,0.42,0.37,2023-11-05,815,N,VIIRS,n,2,304.57,22.04,D,0
30.62581,76.46844,334.3,0.49,0.4,2023-11-05,815,N,VIIRS,n,2,301.79,5.34,D,0
30.62615,75.57046,333.91,0.45,0.39,2023-11-05,815,N,VIIRS,n,2,301.12,3.35,D,0
30.62691,76.54126,339.21,0.49,0.4,2023-11-05,815,N,VIIRS,n,2,302.25,4.85,D,0
30.62836,75.73347,343.37,0.45,0.39,2023-11-05,815,N,VIIRS,n,2,304.88,7.51,D,0
30.6289,75.76731,332.47,0.45,0.39,2023-11-05,815,N,VIIRS,n,2,302.18,2.87,D,0
30.63124,74.38675,340.19,0.41,0.37,2023-11-05,815,N,VIIRS,n,2,302.94,5.87,D,0
30.63143,75.9678,335.15,0.46,0.39,2023-11-05,815,N,VIIRS,n,2,303.36,2.54,D,0
30.63152,76.32822,338.81,0.48,0.4,2023-11-05,815,N,VIIRS,n,2,304.63,2.93,D,0
30.63191,75.97091,331.07,0.46,0.39,2023-11-05,815,N,VIIRS,l,2,302.18,1.99,D,0
30.63211,74.46991,344.53,0.41,0.37,2023-11-05,815,N,VIIRS,n,2,308.7,19.97,D,0
30.633,74.39956,351.52,0.41,0.37,2023-11-05,815,N,VIIRS,n,2,305.92,28.12,D,0
30.63313,74.63325,333.82,0.42,0.37,2023-11-05,815,N,VIIRS,n,2,301.95,2.46,D,0
30.63436,76.54007,337.33,0.49,0.4,2023-11-05,815,N,VIIRS,n,2,303.72,4.84,D,0
30.63466,74.38614,333.49,0.41,0.37,2023-11-05,815,N,VIIRS,n,2,301.02,2.83,D,0
30.63677,74.35584,343.46,0.41,0.37,2023-11-05,815,N,VIIRS,n,2,301.69,6.31,D,0
30.63714,75.26252,330.9,0.44,0.38,2023-11-05,815,N,VIIRS,l,2,301.6,1.49,D,0
30.63769,74.43377,346.17,0.41,0.37,2023-11-05,815,N,VIIRS,n,2,302.45,7.97,D,0
30.63859,75.669,342.21,0.45,0.39,2023-11-05,815,N,VIIRS,n,2,306.74,28.78,D,0
30.63894,75.27616,349.47,0.44,0.38,2023-11-05,815,N,VIIRS,n,2,315.73,42.21,D,0
30.63913,75.73167,331.68,0.45,0.39,2023-11-05,815,N,VIIRS,n,2,301.5,3.41,D,0
30.63916,75.70265,336.63,0.45,0.39,2023-11-05,815,N,VIIRS,n,2,301.89,3.02,D,0
30.64002,74.63202,334.18,0.42,0.37,2023-11-05,815,N,VIIRS,n,2,302.74,7.44,D,0
30.64002,76.49217,333.96,0.49,0.4,2023-11-05,815,N,VIIRS,n,2,303.17,2.57,D,0
30.64023,75.23096,330.14,0.43,0.38,2023-11-05,815,N,VIIRS,n,2,301.0,2.09,D,0
30.64044,74.92815,335.42,0.42,0.38,2023-11-05,815,N,VIIRS,n,2,301.69,2.77,D,0
30.64273,74.89152,338.67,0.42,0.38,2023-11-05,815,N,VIIRS,n,2,302.01,3.19,D,0
30.64391,74.92754,343.17,0.42,0.38,2023-11-05,815,N,VIIRS,n,2,303.16,8.03,D,0
30.64472,75.23798,338.81,0.43,0.38,2023-11-05,815,N,VIIRS,n,2,304.61,9.67,D,0
30.6449,75.23944,342.72,0.44,0.38,2023-11-05,815,N,VIIRS,n,2,303.96,14.23,D,0
30.64638,74.65312,332.65,0.42,0.37,2023-11-05,815,N,VIIRS,l,2,302.69,4.37,D,0
30.64685,75.79349,334.57,0.46,0.39,2023-11-05,815,N,VIIRS,n,2,302.63,4.46,D,0
30.64739,74.92693,332.62,0.42,0.38,2023-11-05,815,N,VIIRS,n,2,301.32,8.03,D,0
30.64762,74.68854,350.52,0.42,0.37,2023-11-05,815,N,VIIRS,n,2,302.41,10.29,D,0
30.64764,76.00977,335.69,0.47,0.39,2023-11-05,815,N,VIIRS,n,2,302.42,4.23,D,0
30.64869,74.34057,336.72,0.41,0.37,2023-11-05,815,N,VIIRS,n,2,300.6,3.09,D,0
30.64912,75.38197,332.54,0.44,0.38,2023-11-05,815,N,VIIRS,n,2,300.44,3.16,D,0
30.64948,75.30387,332.63,0.44,0.38,2023-11-05,815,N,VIIRS,n,2,300.85,3.94,D,0
30.64956,75.3023,335.98,0.44,0.38,2023-11-05,815,N,VIIRS,n,2,300.87,3.69,D,0
30.65087,75.91525,334.74,0.46,0.39,2023-11-05,815,N,VIIRS,n,2,303.2,3.55,D,0
30.65119,76.45919,356.54,0.49,0.4,2023-11-05,815,N,VIIRS,n,2,309.56,22.47,D,0
30.65121,76.42809,331.21,0.49,0.4,2023-11-05,815,N,VIIRS,l,2,304.16,4.12,D,0
30.65198,74.88085,332.59,0.42,0.38,2023-11-05,815,N,VIIRS,n,2,300.76,2.19,D,0
30.65257,74.88526,330.73,0.42,0.38,2023-11-05,815,N,VIIRS,n,2,299.91,3.6,D,0
30.65258,74.29191,347.11,0.41,0.37,2023-11-05,815,N,VIIRS,n,2,302.97,5.63,D,0
30.65334,74.40099,335.25,0.41,0.37,2023-11-05,815,N,VIIRS,n,2,301.62,3.69,D,0
30.65449,75.91464,337.46,0.46,0.39,2023-11-05,815,N,VIIRS,n,2,300.38,5.63,D,0
30.65461,74.53197,347.54,0.41,0.37,2023-11-05,815,N,VIIRS,n,2,304.39,6.43,D,0
30.65491,76.4586,352.93,0.49,0.4,2023-11-05,815,N,VIIRS,n,2,302.58,22.47,D,0
30.65535,74.26095,333.0,0.41,0.37,2023-11-05,815,N,VIIRS,n,2,301.34,3.38,D,0
30.65569,74.47083,348.72,0.41,0.37,2023-11-05,815,N,VIIRS,n,2,308.08,26.36,D,0
30.65604,74.31742,331.7,0.41,0.37,2023-11-05,815,N,VIIRS,n,2,300.89,1.53,D,0
30.65721,74.89349,344.85,0.42,0.38,2023-11-05,815,N,VIIRS,n,2,305.42,14.7,D,0
30.65755,74.55353,331.72,0.41,0.37,2023-11-05,815,N,VIIRS,n,2,300.63,2.03,D,0
30.658,76.48411,331.33,0.49,0.4,2023-11-05,815,N,VIIRS,l,2,303.33,11.79,D,0
30.65855,74.69106,331.09,0.42,0.37,2023-11-05,815,N,VIIRS,l,2,301.67,5.24,D,0
30.65924,76.43198,333.12,0.49,0.4,2023-11-05,815,N,VIIRS,n,2,304.46,3.01,D,0
30.66127,75.70379,347.42,0.45,0.39,2023-11-05,815,N,VIIRS,n,2,304.44,7.41,D,0
30.66224,75.45514,332.84,0.44,0.39,2023-11-05,815,N,VIIRS,n,2,301.98,3.55,D,0
30.66284,75.45976,334.37,0.44,0.39,2023-11-05,815,N,VIIRS,n,2,300.23,3.55,D,0
30.66296,75.89355,334.38,0.46,0.39,2023-11-05,815,N,VIIRS,n,2,304.16,25.39,D,0
30.66298,74.88344,345.43,0.42,0.38,2023-11-05,815,N,VIIRS,n,2,303.27,5.46,D,0
30.66393,75.41238,332.48,0.44,0.38,2023-11-05,815,N,VIIRS,n,2,301.81,11.58,D,0
30.66416,75.30602,333.7,0.44,0.38,2023-11-05,815,N,VIIRS,n,2,302.89,5.72,D,0
30.66485,75.70318,331.95,0.45,0.39,2023-11-05,815,N,VIIRS,n,2,302.86,2.91,D,0
30.66522,76.00191,333.9,0.47,0.39,2023-11-05,815,N,VIIRS,n,2,302.38,4.06,D,0
30.66527,75.97214,333.17,0.46,0.39,2023-11-05,815,N,VIIRS,n,2,302.02,2.61,D,0
30.66579,75.45454,332.77,0.44,0.39,2023-11-05,815,N,VIIRS,n,2,301.05,3.55,D,0
30.66634,75.40889,351.21,0.44,0.38,2023-11-05,815,N,VIIRS,n,2,310.19,37.47,D,0
30.66639,75.45917,332.34,0.44,0.39,2023-11-05,815,N,VIIRS,n,2,301.96,3.55,D,0
30.66644,75.35245,334.09,0.44,0.38,2023-11-05,815,N,VIIRS,l,2,304.14,5.78,D,0
30.66687,75.40717,340.53,0.44,0.38,2023-11-05,815,N,VIIRS,n,2,307.09,11.58,D,0
30.66704,74.88725,346.81,0.42,0.38,2023-11-05,815,N,VIIRS,n,2,303.58,10.28,D,0
30.66747,75.41177,335.62,0.44,0.38,2023-11-05,815,N,VIIRS,n,2,305.82,11.58,D,0
30.66779,76.31728,331.27,0.48,0.4,2023-11-05,815,N,VIIRS,n,2,303.8,1.93,D,0
30.66813,75.44469,330.06,0.44,0.39,2023-11-05,815,N,VIIRS,l,2,300.28,4.22,D,0
30.66935,75.37543,331.6,0.44,0.38,2023-11-05,815,N,VIIRS,l,2,301.97,3.06,D,0
30.6694,75.34726,333.53,0.44,0.38,2023-11-05,815,N,VIIRS,n,2,302.44,6.44,D,0
30.66983,76.31905,330.51,0.48,0.4,2023-11-05,815,N,VIIRS,n,2,304.82,2.53,D,0
30.66998,75.35185,334.64,0.44,0.38,2023-11-05,815,N,VIIRS,n,2,303.81,7.79,D,0
30.67008,75.26768,335.31,0.44,0.38,2023-11-05,815,N,VIIRS,n,2,302.0,2.98,D,0
30.6704,75.44125,330.34,0.44,0.39,2023-11-05,815,N,VIIRS,n,2,300.52,2.32,D,0
30.67098,75.44587,332.8,0.44,0.39,2023-11-05,815,N,VIIRS,n,2,300.75,2.3,D,0
30.67141,74.32771,332.0,0.41,0.37,2023-11-05,815,N,VIIRS,n,2,300.75,11.34,D,0
30.67161,76.44037,339.65,0.49,0.4,2023-11-05,815,N,VIIRS,n,2,304.13,2.92,D,0
30.67168,74.89549,337.63,0.42,0.38,2023-11-05,815,N,VIIRS,n,2,301.77,3.97,D,0
30.67214,76.3525,334.93,0.48,0.4,2023-11-05,815,N,VIIRS,n,2,304.35,3.43,D,0
30.67231,74.9271,334.82,0.42,0.38,2023-11-05,815,N,VIIRS,n,2,303.6,6.01,D,0
30.67289,75.37482,340.12,0.44,0.38,2023-11-05,815,N,VIIRS,n,2,301.86,8.16,D,0
30.6735,76.51817,336.65,0.49,0.4,2023-11-05,815,N,VIIRS,n,2,305.94,8.5,D,0
30.67372,75.60068,335.22,0.45,0.39,2023-11-05,815,N,VIIRS,n,2,301.29,3.47,D,0
30.6741,75.35583,336.25,0.44,0.38,2023-11-05,815,N,VIIRS,n,2,301.95,7.79,D,0
30.67485,75.55271,332.96,0.45,0.39,2023-11-05,815,N,VIIRS,n,2,302.66,5.1,D,0
30.67488,74.35329,339.92,0.41,0.37,2023-11-05,815,N,VIIRS,n,2,304.25,6.53,D,0
30.67499,74.40583,331.58,0.41,0.37,2023-11-05,815,N,VIIRS,n,2,300.37,1.79,D,0
30.67511,74.86775,333.48,0.42,0.38,2023-11-05,815,N,VIIRS,n,2,302.03,2.57,D,0
30.6752,74.92206,337.28,0.42,0.38,2023-11-05,815,N,VIIRS,n,2,301.59,7.44,D,0
30.67545,75.55738,338.62,0.45,0.39,2023-11-05,815,N,VIIRS,n,2,308.73,20.7,D,0
30.67579,74.92649,333.8,0.42,0.38,2023-11-05,815,N,VIIRS,n,2,300.72,6.01,D,0
30.67613,75.61945,335.49,0.45,0.39,2023-11-05,815,N,VIIRS,n,2,302.87,8.54,D,0
30.67646,75.34605,331.32,0.44,0.38,2023-11-05,815,N,VIIRS,l,2,301.63,1.69,D,0
30.67743,74.24387,344.9,0.41,0.37,2023-11-05,815,N,VIIRS,n,2,303.15,5.03,D,0
30.67801,75.92554,334.4,0.46,0.39,2023-11-05,815,N,VIIRS,n,2,303.77,19.82,D,0
30.67821,75.35983,332.78,0.44,0.38,2023-11-05,815,N,VIIRS,n,2,301.35,3.33,D,0
30.6784,76.4341,341.63,0.49,0.4,2023-11-05,815,N,VIIRS,n,2,305.12,9.84,D,0
30.67899,76.40811,333.99,0.48,0.4,2023-11-05,815,N,VIIRS,n,2,304.19,3.14,D,0
30.67926,76.43099,333.54,0.49,0.4,2023-11-05,815,N,VIIRS,l,2,306.14,8.25,D,0
30.67962,76.41319,334.89,0.48,0.4,2023-11-05,815,N,VIIRS,n,2,305.11,3.14,D,0
30.67977,75.48701,341.22,0.44,0.39,2023-11-05,815,N,VIIRS,n,2,300.22,4.15,D,0
30.68026,75.5948,337.99,0.45,0.39,2023-11-05,815,N,VIIRS,n,2,302.35,3.57,D,0
30.68066,75.15452,344.05,0.43,0.38,2023-11-05,815,N,VIIRS,n,2,308.56,18.64,D,0
30.68117,76.41513,347.25,0.49,0.4,2023-11-05,815,N,VIIRS,n,2,307.94,11.7,D,0
30.68148,76.07404,345.61,0.47,0.4,2023-11-05,815,N,VIIRS,n,2,306.39,20.19,D,0
30.68301,75.22823,338.76,0.43,0.38,2023-11-05,815,N,VIIRS,n,2,306.09,15.72,D,0
30.68324,74.5985,330.4,0.42,0.37,2023-11-05,815,N,VIIRS,l,2,305.07,2.2,D,0
30.68326,74.62517,330.36,0.42,0.37,2023-11-05,815,N,VIIRS,n,2,300.9,1.69,D,0
30.68332,76.4126,338.09,0.48,0.4,2023-11-05,815,N,VIIRS,n,2,306.51,5.03,D,0
30.6836,74.7986,335.2,0.42,0.38,2023-11-05,815,N,VIIRS,n,2,303.41,5.0,D,0
30.68417,75.15392,339.82,0.43,0.38,2023-11-05,815,N,VIIRS,n,2,304.47,18.64,D,0
30.68553,74.58921,347.78,0.42,0.37,2023-11-05,815,N,VIIRS,n,2,308.21,5.88,D,0
30.68555,74.61586,339.15,0.42,0.37,2023-11-05,815,N,VIIRS,n,2,302.94,2.42,D,0
30.68569,76.3576,334.24,0.48,0.4,2023-11-05,815,N,VIIRS,l,2,304.65,7.67,D,0
30.68584,75.39143,335.03,0.44,0.38,2023-11-05,815,N,VIIRS,n,2,301.8,1.99,D,0
30.68589,74.78921,336.61,0.42,0.38,2023-11-05,815,N,VIIRS,n,2,304.24,7.02,D,0
30.68619,76.39362,333.01,0.48,0.4,2023-11-05,815,N,VIIRS,n,2,301.67,1.91,D,0
30.68634,75.45272,333.52,0.44,0.39,2023-11-05,815,N,VIIRS,n,2,299.16,3.82,D,0
30.68707,74.79799,334.9,0.42,0.38,2023-11-05,815,N,VIIRS,n,2,302.3,5.0,D,0
30.68799,74.93798,341.34,0.43,0.38,2023-11-05,815,N,VIIRS,n,2,301.6,5.99,D,0
30.68883,75.13464,340.0,0.43,0.38,2023-11-05,815,N,VIIRS,n,2,303.41,7.53,D,0
30.68899,76.48959,334.98,0.49,0.4,2023-11-05,815,N,VIIRS,n,2,304.19,6.96,D,0
30.69015,76.4917,343.55,0.49,0.4,2023-11-05,815,N,VIIRS,n,2,302.52,6.56,D,0
30.69059,76.36712,337.99,0.48,0.4,2023-11-05,815,N,VIIRS,n,2,310.22,12.86,D,0
30.6912,74.82879,330.07,0.42,0.38,2023-11-05,815,N,VIIRS,n,2,301.14,1.62,D,0
30.69185,74.6103,343.22,0.42,0.37,2023-11-05,815,N,VIIRS,n,2,309.1,29.64,D,0
30.69207,76.47575,333.91,0.49,0.4,2023-11-05,815,N,VIIRS,n,2,302.41,5.44,D,0
30.69248,74.72169,336.62,0.42,0.38,2023-11-05,815,N,VIIRS,n,2,302.54,4.04,D,0
30.69309,75.95766,334.36,0.46,0.39,2023-11-05,815,N,VIIRS,n,2,302.21,2.75,D,0
30.69334,76.49413,345.16,0.49,0.4,2023-11-05,815,N,VIIRS,n,2,304.55,4.92,D,0
30.69429,76.36652,336.62,0.48,0.4,2023-11-05,815,N,VIIRS,n,2,304.56,4.03,D,0
30.69447,76.49622,336.54,0.49,0.4,2023-11-05,815,N,VIIRS,n,2,303.7,5.95,D,0
30.69455,76.47309,331.37,0.49,0.4,2023-11-05,815,N,VIIRS,l,2,302.92,2.64,D,0
30.69502,74.24501,333.43,0.41,0.37,2023-11-05,815,N,VIIRS,n,2,303.34,6.65,D,0
30.69551,75.94736,340.43,0.46,0.39,2023-11-05,815,N,VIIRS,n,2,301.36,5.28,D,0
30.6959,76.4439,336.15,0.49,0.4,2023-11-05,815,N,VIIRS,n,2,302.99,7.74,D,0
30.69649,75.22125,331.87,0.43,0.38,2023-11-05,815,N,VIIRS,n,2,301.88,2.07,D,0
30.69793,75.93709,330.36,0.46,0.39,2023-11-05,815,N,VIIRS,n,2,302.48,2.1,D,0
30.69942,75.35619,344.7,0.44,0.38,2023-11-05,815,N,VIIRS,n,2,304.2,10.76,D,0
30.7006,75.36539,332.07,0.44,0.38,2023-11-05,815,N,VIIRS,n,2,301.36,5.03,D,0
30.70119,75.36999,332.77,0.44,0.38,2023-11-05,815,N,VIIRS,n,2,301.44,5.03,D,0
30.70325,74.56386,332.81,0.41,0.37,2023-11-05,815,N,VIIRS,l,2,305.61,9.63,D,0
30.70383,74.56818,333.62,0.41,0.37,2023-11-05,815,N,VIIRS,l,2,304.31,9.63,D,0
30.70457,75.53989,335.64,0.45,0.39,2023-11-05,815,N,VIIRS,n,2,303.23,3.38,D,0
30.70462,76.42174,336.37,0.49,0.4,2023-11-05,815,N,VIIRS,n,2,305.39,4.33,D,0
30.70512,75.84732,337.96,0.46,0.39,2023-11-05,815,N,VIIRS,n,2,303.29,4.85,D,0
30.70589,75.26617,336.11,0.44,0.38,2023-11-05,815,N,VIIRS,n,2,301.89,15.31,D,0
30.7063,74.77308,334.6,0.42,0.38,2023-11-05,815,N,VIIRS,n,2,303.82,4.44,D,0
30.70727,74.56757,335.38,0.41,0.37,2023-11-05,815,N,VIIRS,n,2,304.12,9.63,D,0
30.70772,76.41605,335.45,0.49,0.4,2023-11-05,815,N,VIIRS,n,2,303.01,4.12,D,0
30.70798,74.6787,342.87,0.42,0.38,2023-11-05,815,N,VIIRS,n,2,304.92,10.67,D,0
30.70808,74.4174,335.81,0.41,0.37,2023-11-05,815,N,VIIRS,n,2,304.53,6.72,D,0
30.70885,75.37338,332.82,0.44,0.38,2023-11-05,815,N,VIIRS,n,2,302.92,4.26,D,0
30.70962,76.40022,347.22,0.48,0.4,2023-11-05,815,N,VIIRS,n,2,306.8,7.35,D,0
30.70977,74.77246,335.59,0.42,0.38,2023-11-05,815,N,VIIRS,n,2,301.68,3.7,D,0
30.70996,75.78979,331.58,0.46,0.39,2023-11-05,815,N,VIIRS,n,2,302.2,2.17,D,0
30.71028,74.66936,335.85,0.42,0.37,2023-11-05,815,N,VIIRS,n,2,304.38,2.75,D,0
30.71047,76.28179,337.53,0.48,0.4,2023-11-05,815,N,VIIRS,n,2,303.47,3.12,D,0
30.71062,75.35897,333.6,0.44,0.38,2023-11-05,815,N,VIIRS,n,2,302.28,3.4,D,0
30.71075,74.59358,346.83,0.42,0.37,2023-11-05,815,N,VIIRS,n,2,304.21,6.64,D,0
30.71148,74.73176,332.25,0.42,0.38,2023-11-05,815,N,VIIRS,n,2,301.7,1.99,D,0
30.71287,75.54804,337.15,0.45,0.39,2023-11-05,815,N,VIIRS,n,2,304.84,7.67,D,0
30.7132,75.69697,342.1,0.45,0.39,2023-11-05,815,N,VIIRS,n,2,303.64,4.76,D,0
30.71439,76.47219,333.06,0.49,0.4,2023-11-05,815,N,VIIRS,n,2,301.52,3.91,D,0
30.71493,74.73114,333.27,0.42,0.38,2023-11-05,815,N,VIIRS,n,2,301.7,1.99,D,0
30.71552,74.89785,338.96,0.42,0.38,2023-11-05,815,N,VIIRS,n,2,301.56,6.49,D,0
30.71568,75.12077,342.33,0.43,0.38,2023-11-05,815,N,VIIRS,n,2,304.14,12.62,D,0
30.71727,74.85677,335.1,0.42,0.38,2023-11-05,815,N,VIIRS,n,2,302.8,1.92,D,0
30.71825,75.82753,334.36,0.46,0.39,2023-11-05,815,N,VIIRS,n,2,301.84,4.2,D,0
30.71849,75.95348,330.21,0.46,0.39,2023-11-05,815,N,VIIRS,l,2,300.41,2.13,D,0
30.72055,75.5802,346.23,0.45,0.39,2023-11-05,815,N,VIIRS,n,2,305.81,16.81,D,0
30.72236,74.6806,333.85,0.42,0.38,2023-11-05,815,N,VIIRS,n,2,303.67,2.26,D,0
30.72283,75.65671,339.72,0.45,0.39,2023-11-05,815,N,VIIRS,n,2,307.91,21.56,D,0
30.72305,74.81965,338.47,0.42,0.38,2023-11-05,815,N,VIIRS,n,2,302.72,6.61,D,0
30.72344,75.90039,330.41,0.46,0.39,2023-11-05,815,N,VIIRS,n,2,300.69,2.0,D,0
30.72358,75.51762,341.34,0.45,0.39,2023-11-05,815,N,VIIRS,n,2,301.22,8.0,D,0
30.72363,74.8783,331.2,0.42,0.38,2023-11-05,815,N,VIIRS,l,2,304.49,4.96,D,0
30.72382,75.10092,337.99,0.43,0.38,2023-11-05,815,N,VIIRS,n,2,301.54,5.54,D,0
30.7246,74.41003,340.42,0.41,0.37,2023-11-05,815,N,VIIRS,n,2,301.67,3.94,D,0
30.72471,74.72493,346.62,0.42,0.38,2023-11-05,815,N,VIIRS,n,2,303.8,10.86,D,0
30.72474,75.55559,336.32,0.45,0.39,2023-11-05,815,N,VIIRS,n,2,301.5,2.79,D,0
30.72509,74.59547,335.07,0.42,0.37,2023-11-05,815,N,VIIRS,n,2,302.99,18.52,D,0
30.72547,76.50175,340.4,0.49,0.4,2023-11-05,815,N,VIIRS,n,2,305.81,4.05,D,0
30.72567,74.5998,340.95,0.42,0.37,2023-11-05,815,N,VIIRS,n,2,313.05,18.52,D,0
30.7257,76.37695,337.93,0.48,0.4,2023-11-05,815,N,VIIRS,l,2,309.03,16.73,D,0
30.72697,74.68871,333.53,0.42,0.38,2023-11-05,815,N,VIIRS,l,2,304.92,11.09,D,0
30.72709,74.47999,331.57,0.41,0.37,2023-11-05,815,N,VIIRS,n,2,304.19,2.94,D,0
30.72752,74.27826,332.09,0.41,0.37,2023-11-05,815,N,VIIRS,n,2,301.43,2.2,D,0
30.728,74.61716,347.86,0.42,0.37,2023-11-05,815,N,VIIRS,n,2,302.17,4.37,D,0
30.72817,74.72432,333.09,0.42,0.38,2023-11-05,815,N,VIIRS,l,2,307.58,10.86,D,0
30.72911,74.59918,343.27,0.42,0.37,2023-11-05,815,N,VIIRS,n,2,302.29,10.76,D,0
30.72944,75.62189,343.34,0.45,0.39,2023-11-05,815,N,VIIRS,n,2,303.39,6.27,D,0
30.72959,75.85998,347.56,0.46,0.39,2023-11-05,815,N,VIIRS,n,2,303.76,7.79,D,0
30.72987,76.47495,343.47,0.49,0.4,2023-11-05,815,N,VIIRS,n,2,303.85,16.39,D,0
30.73,74.87264,336.69,0.42,0.38,2023-11-05,815,N,VIIRS,n,2,306.29,22.5,D,0
30.73003,75.6266,343.15,0.45,0.39,2023-11-05,815,N,VIIRS,n,2,303.6,6.91,D,0
30.73118,74.51015,338.97,0.41,0.37,2023-11-05,815,N,VIIRS,n,2,307.39,3.67,D,0
30.73163,75.75695,332.23,0.46,0.39,2023-11-05,815,N,VIIRS,n,2,302.84,2.18,D,0
30.73168,74.77757,334.27,0.42,0.38,2023-11-05,815,N,VIIRS,n,2,303.8,13.9,D,0
30.73169,74.48798,335.09,0.41,0.37,2023-11-05,815,N,VIIRS,n,2,303.28,2.56,D,0
30.73221,74.31229,333.45,0.41,0.37,2023-11-05,815,N,VIIRS,n,2,303.16,3.43,D,0
30.73285,75.03158,332.29,0.43,0.38,2023-11-05,815,N,VIIRS,n,2,301.43,1.91,D,0
30.73424,75.5731,331.72,0.45,0.39,2023-11-05,815,N,VIIRS,l,2,301.82,2.57,D,0
30.73456,74.77256,333.19,0.42,0.38,2023-11-05,815,N,VIIRS,n,2,304.5,13.9,D,0
30.73514,74.77696,346.96,0.42,0.38,2023-11-05,815,N,VIIRS,n,2,308.47,13.9,D,0
30.7357,74.49168,354.43,0.41,0.37,2023-11-05,815,N,VIIRS,n,2,306.36,14.23,D,0
30.73593,74.57131,333.77,0.41,0.37,2023-11-05,815,N,VIIRS,n,2,304.87,2.62,D,0
30.7364,75.76589,336.71,0.46,0.39,2023-11-05,815,N,VIIRS,n,2,302.57,3.85,D,0
30.73659,75.3922,333.65,0.44,0.38,2023-11-05,815,N,VIIRS,n,2,302.37,2.6,D,0
30.73675,74.32188,334.51,0.41,0.37,2023-11-05,815,N,VIIRS,n,2,303.58,10.08,D,0
30.73679,74.3202,349.01,0.41,0.37,2023-11-05,815,N,VIIRS,n,2,306.55,15.77,D,0
30.737,75.25617,332.39,0.44,0.38,2023-11-05,815,N,VIIRS,n,2,301.13,2.93,D,0
30.73732,74.68687,334.7,0.42,0.38,2023-11-05,815,N,VIIRS,n,2,302.5,3.09,D,0
30.73751,75.01245,344.99,0.43,0.38,2023-11-05,815,N,VIIRS,n,2,301.77,7.08,D,0
30.73808,74.82601,333.83,0.42,0.38,2023-11-05,815,N,VIIRS,n,2,301.58,3.44,D,0
30.73898,75.43903,334.77,0.44,0.39,2023-11-05,815,N,VIIRS,n,2,302.19,3.28,D,0
30.739,75.49596,339.72,0.45,0.39,2023-11-05,815,N,VIIRS,n,2,301.11,3.85,D,0
30.73936,74.57069,333.58,0.41,0.37,2023-11-05,815,N,VIIRS,n,2,301.36,3.19,D,0
30.74038,74.81658,346.0,0.42,0.38,2023-11-05,815,N,VIIRS,n,2,305.63,9.9,D,0
30.74138,75.54323,330.99,0.45,0.39,2023-11-05,815,N,VIIRS,n,2,302.6,3.1,D,0
30.7423,76.45211,335.05,0.49,0.4,2023-11-05,815,N,VIIRS,n,2,303.08,8.79,D,0
30.74287,74.4155,330.92,0.41,0.37,2023-11-05,815,N,VIIRS,l,2,302.53,2.45,D,0
30.74291,76.45722,334.51,0.49,0.4,2023-11-05,815,N,VIIRS,n,2,302.81,8.79,D,0
30.743,74.65013,339.18,0.42,0.37,2023-11-05,815,N,VIIRS,n,2,305.19,9.28,D,0
30.74306,74.46829,345.42,0.41,0.37,2023-11-05,815,N,VIIRS,n,2,306.11,14.48,D,0
30.74375,75.50468,333.57,0.45,0.39,2023-11-05,815,N,VIIRS,n,2,301.69,15.2,D,0
30.74385,74.81597,333.28,0.42,0.38,2023-11-05,815,N,VIIRS,n,2,300.62,3.04,D,0
30.74602,75.38116,334.68,0.44,0.38,2023-11-05,815,N,VIIRS,n,2,303.76,4.15,D,0
30.74603,74.72562,335.65,0.42,0.38,2023-11-05,815,N,VIIRS,n,2,303.9,3.14,D,0
30.74773,74.71188,339.93,0.42,0.38,2023-11-05,815,N,VIIRS,n,2,302.93,1.72,D,0
30.74847,75.15321,340.76,0.43,0.38,2023-11-05,815,N,VIIRS,n,2,302.47,5.68,D,0
30.7485,74.56018,335.36,0.41,0.37,2023-11-05,815,N,VIIRS,n,2,304.84,2.09,D,0
30.74884,75.86663,333.73,0.46,0.39,2023-11-05,815,N,VIIRS,n,2,302.77,4.86,D,0
30.74923,74.43635,332.47,0.41,0.37,2023-11-05,815,N,VIIRS,l,2,303.79,6.17,D,0
30.74956,75.38055,335.69,0.44,0.38,2023-11-05,815,N,VIIRS,n,2,303.76,4.15,D,0
30.7497,75.60887,335.41,0.45,0.39,2023-11-05,815,N,VIIRS,n,2,304.24,13.1,D,0
30.74981,74.44064,334.41,0.41,0.37,2023-11-05,815,N,VIIRS,l,2,305.56,10.08,D,0
30.75035,76.45603,330.56,0.49,0.4,2023-11-05,815,N,VIIRS,n,2,302.2,2.74,D,0
30.7504,74.3194,333.02,0.41,0.37,2023-11-05,815,N,VIIRS,n,2,302.48,2.5,D,0
30.75055,75.27718,336.18,0.44,0.38,2023-11-05,815,N,VIIRS,n,2,300.14,2.64,D,0
30.751,74.63087,337.88,0.42,0.37,2023-11-05,815,N,VIIRS,n,2,309.1,34.83,D,0
30.75144,75.47959,345.17,0.44,0.39,2023-11-05,815,N,VIIRS,n,2,304.78,9.27,D,0
30.75224,74.43753,347.89,0.41,0.37,2023-11-05,815,N,VIIRS,n,2,302.95,8.14,D,0
30.75293,74.7244,333.84,0.42,0.38,2023-11-05,815,N,VIIRS,n,2,302.91,5.05,D,0
30.75386,75.55546,338.4,0.45,0.39,2023-11-05,815,N,VIIRS,n,2,302.27,5.62,D,0
30.7541,74.73316,335.39,0.42,0.38,2023-11-05,815,N,VIIRS,n,2,304.04,4.15,D,0
30.75433,75.14294,330.74,0.43,0.38,2023-11-05,815,N,VIIRS,n,2,301.9,1.5,D,0
30.75442,75.7337,339.54,0.45,0.39,2023-11-05,815,N,VIIRS,n,2,301.93,4.69,D,0
30.755,75.47899,343.63,0.44,0.39,2023-11-05,815,N,VIIRS,n,2,302.0,9.27,D,0
30.75531,76.43441,342.09,0.49,0.4,2023-11-05,815,N,VIIRS,n,2,306.32,5.65,D,0
30.7555,74.90445,333.2,0.42,0.38,2023-11-05,815,N,VIIRS,n,2,302.27,4.18,D,0
30.75581,74.7194,335.23,0.42,0.38,2023-11-05,815,N,VIIRS,l,2,305.23,5.71,D,0
30.75653,76.47592,334.19,0.49,0.4,2023-11-05,815,N,VIIRS,n,2,302.35,2.19,D,0
30.75708,75.27733,335.87,0.44,0.38,2023-11-05,815,N,VIIRS,n,2,301.47,4.22,D,0
30.75756,74.73255,337.72,0.42,0.38,2023-11-05,815,N,VIIRS,n,2,303.42,4.15,D,0
30.75821,75.28054,333.42,0.44,0.38,2023-11-05,815,N,VIIRS,n,2,301.56,4.58,D,0
30.7584,76.33562,347.61,0.48,0.4,2023-11-05,815,N,VIIRS,n,2,305.99,7.38,D,0
30.75872,74.53175,340.27,0.41,0.37,2023-11-05,815,N,VIIRS,n,2,305.0,5.72,D,0
30.75958,75.15591,347.65,0.43,0.38,2023-11-05,815,N,VIIRS,n,2,308.73,7.26,D,0
30.76021,74.41848,334.8,0.41,0.37,2023-11-05,815,N,VIIRS,n,2,303.48,6.42,D,0
30.76056,75.30482,336.05,0.44,0.38,2023-11-05,815,N,VIIRS,n,2,301.62,3.53,D,0
30.76088,74.49599,332.01,0.41,0.37,2023-11-05,815,N,VIIRS,n,2,303.76,1.01,D,0
30.7618,75.308,332.16,0.44,0.38,2023-11-05,815,N,VIIRS,n,2,301.09,2.63,D,0
30.76192,74.63338,334.99,0.42,0.37,2023-11-05,815,N,VIIRS,n,2,302.67,2.38,D,0
30.76309,75.1553,336.13,0.43,0.38,2023-11-05,815,N,VIIRS,n,2,304.34,7.26,D,0
30.7637,74.49724,336.21,0.41,0.37,2023-11-05,815,N,VIIRS,n,2,302.26,5.48,D,0
30.76458,76.38625,335.41,0.48,0.4,2023-11-05,815,N,VIIRS,n,2,304.3,5.05,D,0
30.76478,75.22466,337.14,0.44,0.38,2023-11-05,815,N,VIIRS,n,2,300.65,5.91,D,0
30.76486,75.1134,338.27,0.43,0.38,2023-11-05,815,N,VIIRS,n,2,307.45,6.37,D,0
30.76641,76.33949,334.93,0.48,0.4,2023-11-05,815,N,VIIRS,n,2,305.59,3.29,D,0
30.76668,76.01229,340.28,0.47,0.39,2023-11-05,815,N,VIIRS,n,2,304.65,9.28,D,0
30.76675,74.72194,334.22,0.42,0.38,2023-11-05,815,N,VIIRS,n,2,300.72,2.07,D,0
30.76701,74.39088,334.16,0.41,0.37,2023-11-05,815,N,VIIRS,l,2,304.39,5.65,D,0
30.76707,75.27093,347.42,0.44,0.38,2023-11-05,815,N,VIIRS,n,2,303.6,7.53,D,0
30.76709,74.44366,330.79,0.41,0.37,2023-11-05,815,N,VIIRS,n,2,302.22,1.88,D,0
30.76833,75.19614,335.98,0.43,0.38,2023-11-05,815,N,VIIRS,n,2,302.19,3.61,D,0
30.76837,75.11279,348.09,0.43,0.38,2023-11-05,815,N,VIIRS,n,2,310.14,18.37,D,0
30.76895,75.11731,334.34,0.43,0.38,2023-11-05,815,N,VIIRS,n,2,301.06,18.37,D,0
30.77237,74.95154,339.55,0.43,0.38,2023-11-05,815,N,VIIRS,n,2,301.41,10.12,D,0
30.77249,74.71196,333.55,0.42,0.38,2023-11-05,815,N,VIIRS,n,2,301.78,1.3,D,0
30.77292,75.59055,334.1,0.45,0.39,2023-11-05,815,N,VIIRS,n,2,302.7,2.26,D,0
30.7731,76.31519,338.36,0.48,0.4,2023-11-05,815,N,VIIRS,n,2,303.76,6.47,D,0
30.77321,76.36419,336.22,0.48,0.4,2023-11-05,815,N,VIIRS,n,2,304.36,3.37,D,0
30.77392,75.45679,333.83,0.44,0.39,2023-11-05,815,N,VIIRS,n,2,301.75,3.19,D,0
30.77405,75.95138,333.27,0.46,0.39,2023-11-05,815,N,VIIRS,n,2,304.87,4.43,D,0
30.77421,75.13025,330.37,0.43,0.38,2023-11-05,815,N,VIIRS,n,2,299.93,2.55,D,0
30.77477,75.05179,333.14,0.43,0.38,2023-11-05,815,N,VIIRS,n,2,301.99,3.68,D,0
30.77501,76.31753,340.25,0.48,0.4,2023-11-05,815,N,VIIRS,n,2,304.41,6.15,D,0
30.7753,74.97385,332.52,0.43,0.38,2023-11-05,815,N,VIIRS,n,2,300.57,5.26,D,0
30.77561,75.41389,335.37,0.44,0.39,2023-11-05,815,N,VIIRS,n,2,300.61,2.83,D,0
30.77567,75.44228,330.4,0.44,0.39,2023-11-05,815,N,VIIRS,l,2,302.55,4.18,D,0
30.77578,74.65768,332.93,0.42,0.37,2023-11-05,815,N,VIIRS,l,2,304.02,3.89,D,0
30.77588,74.97831,332.49,0.43,0.38,2023-11-05,815,N,VIIRS,n,2,300.3,5.26,D,0
30.77595,74.30163,333.27,0.41,0.37,2023-11-05,815,N,VIIRS,n,2,304.13,3.91,D,0
30.77629,76.35854,335.04,0.48,0.4,2023-11-05,815,N,VIIRS,n,2,303.9,8.32,D,0
30.77635,74.61926,332.13,0.42,0.37,2023-11-05,815,N,VIIRS,n,2,302.05,1.27,D,0
30.77653,74.30589,332.49,0.41,0.37,2023-11-05,815,N,VIIRS,n,2,301.93,3.31,D,0
30.7767,74.38472,337.57,0.41,0.37,2023-11-05,815,N,VIIRS,n,2,304.33,8.2,D,0
30.77719,75.79816,333.67,0.46,0.39,2023-11-05,815,N,VIIRS,n,2,302.94,1.76,D,0
30.77739,75.43863,335.94,0.44,0.39,2023-11-05,815,N,VIIRS,n,2,301.68,4.32,D,0
30.77818,75.51792,335.81,0.45,0.39,2023-11-05,815,N,VIIRS,n,2,303.66,3.91,D,0
30.77847,76.36073,334.38,0.48,0.4,2023-11-05,815,N,VIIRS,l,2,304.46,16.97,D,0
30.77994,74.30527,335.01,0.41,0.37,2023-11-05,815,N,VIIRS,n,2,302.62,3.31,D,0
30.77999,76.35794,340.09,0.48,0.4,2023-11-05,815,N,VIIRS,n,2,306.25,8.32,D,0
30.78015,75.67607,333.57,0.45,0.39,2023-11-05,815,N,VIIRS,n,2,303.37,2.69,D,0
30.78016,74.41046,334.02,0.41,0.37,2023-11-05,815,N,VIIRS,n,2,301.48,1.73,D,0
30.78046,75.37663,333.87,0.44,0.38,2023-11-05,815,N,VIIRS,n,2,301.16,4.03,D,0
30.78076,75.68081,334.39,0.45,0.39,2023-11-05,815,N,VIIRS,n,2,303.0,2.69,D,0
30.78163,75.46024,334.63,0.44,0.39,2023-11-05,815,N,VIIRS,n,2,303.26,47.77,D,0
30.78301,74.76398,334.62,0.42,0.38,2023-11-05,815,N,VIIRS,l,2,305.42,5.63,D,0
30.78438,74.85403,334.33,0.42,0.38,2023-11-05,815,N,VIIRS,n,2,303.97,9.3,D,0
30.78463,74.36573,332.04,0.41,0.37,2023-11-05,815,N,VIIRS,l,2,302.46,5.42,D,0
30.78478,74.77718,344.57,0.42,0.38,2023-11-05,815,N,VIIRS,n,2,301.76,5.61,D,0
30.78521,74.37001,333.27,0.41,0.37,2023-11-05,815,N,VIIRS,n,2,302.74,5.42,D,0
30.78532,75.18857,330.85,0.43,0.38,2023-11-05,815,N,VIIRS,n,2,300.66,1.89,D,0
30.7854,75.57407,345.21,0.45,0.39,2023-11-05,815,N,VIIRS,n,2,305.31,8.38,D,0
30.78609,74.84015,335.89,0.42,0.38,2023-11-05,815,N,VIIRS,n,2,305.44,4.38,D,0
30.78689,74.71389,345.22,0.42,0.38,2023-11-05,815,N,VIIRS,n,2,308.44,8.54,D,0
30.78727,74.84899,333.91,0.42,0.38,2023-11-05,815,N,VIIRS,n,2,303.26,15.13,D,0
30.78786,74.85342,331.56,0.42,0.38,2023-11-05,815,N,VIIRS,n,2,301.21,9.3,D,0
30.78824,74.77657,332.61,0.42,0.38,2023-11-05,815,N,VIIRS,n,2,300.88,10.21,D,0
30.78841,74.71102,336.29,0.42,0.38,2023-11-05,815,N,VIIRS,l,2,309.38,16.42,D,0
30.78876,75.04935,334.21,0.43,0.38,2023-11-05,815,N,VIIRS,n,2,303.54,2.9,D,0
30.78963,74.8667,332.93,0.42,0.38,2023-11-05,815,N,VIIRS,n,2,301.55,3.27,D,0
30.79035,74.71327,341.69,0.42,0.38,2023-11-05,815,N,VIIRS,n,2,302.7,8.54,D,0
30.79059,75.20161,337.04,0.43,0.38,2023-11-05,815,N,VIIRS,n,2,302.98,8.77,D,0
30.79111,74.77155,341.55,0.42,0.38,2023-11-05,815,N,VIIRS,n,2,306.33,10.21,D,0
30.79237,74.55412,331.3,0.41,0.37,2023-11-05,815,N,VIIRS,n,2,302.56,1.04,D,0
30.79284,74.47873,334.11,0.41,0.37,2023-11-05,815,N,VIIRS,n,2,303.05,1.72,D,0
30.79287,75.36035,330.07,0.44,0.38,2023-11-05,815,N,VIIRS,n,2,300.82,2.23,D,0
30.79429,76.2094,335.77,0.48,0.4,2023-11-05,815,N,VIIRS,n,2,304.46,3.96,D,0
30.79444,74.95679,333.61,0.43,0.38,2023-11-05,815,N,VIIRS,n,2,301.34,1.96,D,0
30.79447,76.3685,336.79,0.48,0.4,2023-11-05,815,N,VIIRS,n,2,301.38,3.81,D,0
30.79486,75.57879,343.53,0.45,0.39,2023-11-05,815,N,VIIRS,n,2,303.61,3.98,D,0
30.79586,76.31667,334.66,0.48,0.4,2023-11-05,815,N,VIIRS,n,2,304.84,4.47,D,0
30.79631,75.6879,345.13,0.45,0.39,2023-11-05,815,N,VIIRS,n,2,306.63,11.06,D,0
30.79647,74.74554,334.54,0.42,0.38,2023-11-05,815,N,VIIRS,n,2,303.54,3.21,D,0
30.79672,75.57697,343.28,0.45,0.39,2023-11-05,815,N,VIIRS,n,2,306.27,5.11,D,0
30.79716,74.86991,345.05,0.42,0.38,2023-11-05,815,N,VIIRS,n,2,303.95,3.61,D,0
30.79753,74.79296,334.24,0.42,0.38,2023-11-05,815,N,VIIRS,n,2,301.85,5.79,D,0
30.79836,74.38959,338.78,0.41,0.37,2023-11-05,815,N,VIIRS,n,2,305.5,2.79,D,0
30.79864,75.64881,336.74,0.45,0.39,2023-11-05,815,N,VIIRS,n,2,302.98,4.89,D,0
30.79887,76.34195,337.85,0.48,0.4,2023-11-05,815,N,VIIRS,n,2,303.04,5.66,D,0
30.80004,75.65017,335.14,0.45,0.39,2023-11-05,815,N,VIIRS,n,2,303.56,9.08,D,0
30.80108,76.42452,334.37,0.49,0.4,2023-11-05,815,N,VIIRS,l,2,305.37,6.13,D,0
30.80206,74.52132,334.07,0.41,0.37,2023-11-05,815,N,VIIRS,n,2,305.2,2.49,D,0
30.80222,75.64822,332.77,0.45,0.39,2023-11-05,815,N,VIIRS,n,2,301.87,3.48,D,0
30.80339,74.34917,340.46,0.41,0.37,2023-11-05,815,N,VIIRS,n,2,303.3,5.32,D,0
30.80513,76.29974,334.17,0.48,0.4,2023-11-05,815,N,VIIRS,n,2,303.96,2.91,D,0
30.8055,74.52071,330.22,0.41,0.37,2023-11-05,815,N,VIIRS,l,2,302.91,2.72,D,0
30.80624,74.65857,332.7,0.42,0.38,2023-11-05,815,N,VIIRS,n,2,303.12,1.91,D,0
30.80627,74.7393,334.24,0.42,0.38,2023-11-05,815,N,VIIRS,n,2,302.29,2.84,D,0
30.80634,76.6365,330.3,0.5,0.41,2023-11-05,815,N,VIIRS,l,2,303.42,3.61,D,0
30.80691,75.10609,338.84,0.43,0.38,2023-11-05,815,N,VIIRS,n,2,302.83,11.49,D,0
30.80739,76.38196,339.33,0.48,0.4,2023-11-05,815,N,VIIRS,n,2,304.92,3.2,D,0
30.80866,75.51421,335.35,0.45,0.39,2023-11-05,815,N,VIIRS,n,2,305.37,6.37,D,0
30.80924,75.51889,335.63,0.45,0.39,2023-11-05,815,N,VIIRS,n,2,304.11,11.61,D,0
30.80995,75.21223,345.59,0.44,0.38,2023-11-05,815,N,VIIRS,n,2,303.07,7.58,D,0
30.80997,75.2402,338.46,0.44,0.38,2023-11-05,815,N,VIIRS,n,2,303.23,6.12,D,0
30.81096,74.40489,336.54,0.41,0.37,2023-11-05,815,N,VIIRS,l,2,307.17,13.76,D,0
30.81104,75.50426,333.55,0.45,0.39,2023-11-05,815,N,VIIRS,n,2,304.09,2.96,D,0
30.81378,76.2778,336.12,0.48,0.4,2023-11-05,815,N,VIIRS,n,2,304.03,3.25,D,0
30.81429,74.66608,333.48,0.42,0.38,2023-11-05,815,N,VIIRS,l,2,304.02,1.75,D,0
30.81451,74.45715,340.05,0.41,0.37,2023-11-05,815,N,VIIRS,n,2,305.62,8.75,D,0
30.81524,75.22529,333.79,0.44,0.38,2023-11-05,815,N,VIIRS,n,2,303.01,2.6,D,0
30.81589,74.57211,337.64,0.42,0.37,2023-11-05,815,N,VIIRS,n,2,310.62,12.01,D,0
30.81637,76.17532,346.08,0.47,0.4,2023-11-05,815,N,VIIRS,n,2,309.21,14.54,D,0
30.81651,74.60316,340.42,0.42,0.37,2023-11-05,815,N,VIIRS,n,2,302.65,4.08,D,0
30.81706,74.93915,332.64,0.43,0.38,2023-11-05,815,N,VIIRS,n,2,302.62,3.43,D,0
30.81765,74.94361,333.84,0.43,0.38,2023-11-05,815,N,VIIRS,l,2,305.0,3.43,D,0
30.81829,74.64301,334.17,0.42,0.37,2023-11-05,815,N,VIIRS,l,2,304.95,11.54,D,0
30.81833,74.94101,339.56,0.43,0.38,2023-11-05,815,N,VIIRS,n,2,305.56,7.0,D,0
30.82005,76.14431,332.25,0.47,0.4,2023-11-05,815,N,VIIRS,n,2,302.32,4.05,D,0
30.82049,74.58018,343.78,0.42,0.37,2023-11-05,815,N,VIIRS,n,2,310.38,20.9,D,0
30.82114,74.37667,344.04,0.41,0.37,2023-11-05,815,N,VIIRS,n,2,312.27,31.51,D,0
30.82118,75.32727,330.43,0.44,0.38,2023-11-05,815,N,VIIRS,n,2,300.65,1.67,D,0
30.82121,74.96335,333.69,0.43,0.38,2023-11-05,815,N,VIIRS,n,2,304.73,10.36,D,0
30.82129,74.99785,356.57,0.43,0.38,2023-11-05,815,N,VIIRS,n,2,308.09,17.4,D,0
30.82351,74.96085,343.71,0.43,0.38,2023-11-05,815,N,VIIRS,n,2,301.33,8.58,D,0
30.82377,74.49969,343.08,0.41,0.37,2023-11-05,815,N,VIIRS,n,2,304.45,8.9,D,0
30.82414,74.74062,347.78,0.42,0.38,2023-11-05,815,N,VIIRS,n,2,305.09,6.54,D,0
30.8247,74.96979,334.66,0.43,0.38,2023-11-05,815,N,VIIRS,n,2,301.45,4.49,D,0
30.82471,75.32667,334.46,0.44,0.38,2023-11-05,815,N,VIIRS,n,2,300.74,4.99,D,0
30.82491,75.05225,331.01,0.43,0.38,2023-11-05,815,N,VIIRS,n,2,302.27,2.3,D,0
30.82494,76.15364,335.28,0.47,0.4,2023-11-05,815,N,VIIRS,n,2,306.71,4.36,D,0
30.82527,74.96722,338.31,0.43,0.38,2023-11-05,815,N,VIIRS,n,2,303.11,4.09,D,0
30.82529,74.9398,344.74,0.43,0.38,2023-11-05,815,N,VIIRS,n,2,304.14,5.68,D,0
30.82797,74.37543,331.23,0.41,0.37,2023-11-05,815,N,VIIRS,n,2,305.3,8.16,D,0
30.82856,74.37971,338.55,0.41,0.37,2023-11-05,815,N,VIIRS,n,2,305.03,8.16,D,0
30.82874,74.72182,338.52,0.42,0.38,2023-11-05,815,N,VIIRS,n,2,303.8,4.45,D,0
30.82946,74.48981,334.27,0.41,0.37,2023-11-05,815,N,VIIRS,n,2,302.63,1.64,D,0
30.82953,75.03309,345.42,0.43,0.38,2023-11-05,815,N,VIIRS,n,2,304.42,5.99,D,0
30.82998,74.46761,335.38,0.41,0.37,2023-11-05,815,N,VIIRS,n,2,301.98,2.36,D,0
30.83042,75.68865,331.63,0.45,0.39,2023-11-05,815,N,VIIRS,n,2,303.8,1.99,D,0
30.83043,75.0351,343.97,0.43,0.38,2023-11-05,815,N,VIIRS,n,2,304.14,8.29,D,0
30.8305,75.23199,336.78,0.44,0.38,2023-11-05,815,N,VIIRS,n,2,305.33,10.89,D,0
30.83053,74.81618,341.65,0.42,0.38,2023-11-05,815,N,VIIRS,n,2,303.27,4.93,D,0
30.83165,74.98899,333.63,0.43,0.38,2023-11-05,815,N,VIIRS,n,2,300.39,2.87,D,0
30.83182,75.49597,332.9,0.45,0.39,2023-11-05,815,N,VIIRS,n,2,301.74,2.07,D,0
30.8322,74.72121,340.34,0.42,0.38,2023-11-05,815,N,VIIRS,n,2,301.32,5.3,D,0
30.83229,75.2457,333.31,0.44,0.38,2023-11-05,815,N,VIIRS,n,2,301.09,2.62,D,0
30.83242,75.47204,334.89,0.45,0.39,2023-11-05,815,N,VIIRS,n,2,303.38,3.47,D,0
30.83272,76.3727,334.87,0.48,0.4,2023-11-05,815,N,VIIRS,n,2,304.32,2.89,D,0
30.83499,74.42697,346.97,0.41,0.37,2023-11-05,815,N,VIIRS,n,2,303.69,8.26,D,0
30.83566,74.45774,335.0,0.41,0.37,2023-11-05,815,N,VIIRS,l,2,305.22,14.55,D,0
30.83587,76.03098,347.56,0.47,0.4,2023-11-05,815,N,VIIRS,n,2,305.79,10.24,D,0
30.83685,75.02938,339.85,0.43,0.38,2023-11-05,815,N,VIIRS,n,2,303.41,4.74,D,0
30.83757,74.5238,345.44,0.41,0.37,2023-11-05,815,N,VIIRS,n,2,306.63,27.28,D,0
30.83769,76.3512,334.43,0.48,0.4,2023-11-05,815,N,VIIRS,n,2,302.15,4.05,D,0
30.83952,76.36643,339.16,0.48,0.4,2023-11-05,815,N,VIIRS,n,2,302.79,8.21,D,0
30.84037,74.83708,344.37,0.42,0.38,2023-11-05,815,N,VIIRS,n,2,306.01,5.52,D,0
30.84097,74.86874,332.66,0.42,0.38,2023-11-05,815,N,VIIRS,n,2,304.12,2.34,D,0
30.84184,74.42573,346.37,0.41,0.37,2023-11-05,815,N,VIIRS,n,2,310.0,9.96,D,0
30.84242,75.35189,333.13,0.44,0.38,2023-11-05,815,N,VIIRS,n,2,302.49,5.56,D,0
30.84258,76.39188,331.73,0.49,0.4,2023-11-05,815,N,VIIRS,n,2,303.78,1.16,D,0
30.84328,74.99612,339.73,0.43,0.38,2023-11-05,815,N,VIIRS,n,2,304.65,9.72,D,0
30.84369,74.46513,332.55,0.41,0.37,2023-11-05,815,N,VIIRS,n,2,301.64,1.8,D,0
30.84384,74.83648,336.09,0.42,0.38,2023-11-05,815,N,VIIRS,n,2,301.07,5.52,D,0
30.84393,74.54487,333.91,0.41,0.37,2023-11-05,815,N,VIIRS,n,2,303.68,2.72,D,0
30.84451,74.5492,347.59,0.42,0.37,2023-11-05,815,N,VIIRS,n,2,305.94,12.22,D,0
30.84452,76.22167,333.19,0.48,0.4,2023-11-05,815,N,VIIRS,l,2,303.72,4.98,D,0
30.84526,74.42513,342.31,0.41,0.37,2023-11-05,815,N,VIIRS,n,2,303.03,9.96,D,0
30.84537,75.34667,332.77,0.44,0.38,2023-11-05,815,N,VIIRS,n,2,302.16,1.68,D,0
30.84545,74.47808,343.53,0.41,0.37,2023-11-05,815,N,VIIRS,n,2,302.16,5.73,D,0
30.84555,75.06929,330.22,0.43,0.38,2023-11-05,815,N,VIIRS,n,2,302.68,1.7,D,0
30.84785,74.78602,334.19,0.42,0.38,2023-11-05,815,N,VIIRS,n,2,302.79,2.67,D,0
30.84927,76.04885,334.5,0.47,0.4,2023-11-05,815,N,VIIRS,n,2,301.83,3.17,D,0
30.85087,74.57028,345.5,0.42,0.37,2023-11-05,815,N,VIIRS,n,2,310.54,30.41,D,0
30.85241,76.05029,344.69,0.47,0.4,2023-11-05,815,N,VIIRS,n,2,303.89,7.58,D,0
30.85271,75.18159,331.09,0.43,0.38,2023-11-05,815,N,VIIRS,n,2,301.73,2.38,D,0
30.85292,76.04826,344.29,0.47,0.4,2023-11-05,815,N,VIIRS,n,2,304.46,7.35,D,0
30.85308,74.37967,333.93,0.41,0.37,2023-11-05,815,N,VIIRS,l,2,304.15,3.42,D,0
30.85377,74.41035,336.15,0.41,0.37,2023-11-05,815,N,VIIRS,n,2,303.15,3.8,D,0
30.85508,74.37563,337.96,0.41,0.37,2023-11-05,815,N,VIIRS,n,2,304.87,6.96,D,0
30.85565,74.37993,341.07,0.41,0.37,2023-11-05,815,N,VIIRS,n,2,303.0,4.28,D,0
30.85586,75.23463,333.82,0.44,0.38,2023-11-05,815,N,VIIRS,n,2,301.99,3.16,D,0
30.85625,74.41065,345.49,0.41,0.37,2023-11-05,815,N,VIIRS,n,2,303.55,4.21,D,0
30.85632,74.48055,338.22,0.41,0.37,2023-11-05,815,N,VIIRS,n,2,304.93,12.51,D,0
30.85636,75.23689,334.48,0.44,0.38,2023-11-05,815,N,VIIRS,n,2,301.87,5.11,D,0
30.85644,75.2392,332.01,0.44,0.38,2023-11-05,815,N,VIIRS,n,2,300.65,2.49,D,0
30.85658,74.56036,333.05,0.42,0.37,2023-11-05,815,N,VIIRS,l,2,303.18,5.3,D,0
30.8574,74.46266,338.56,0.41,0.37,2023-11-05,815,N,VIIRS,n,2,303.72,3.12,D,0
30.85756,74.72569,332.88,0.42,0.38,2023-11-05,815,N,VIIRS,n,2,301.89,1.14,D,0
30.85799,74.46698,332.4,0.41,0.37,2023-11-05,815,N,VIIRS,n,2,301.21,2.34,D,0
30.85808,74.49351,331.31,0.41,0.37,2023-11-05,815,N,VIIRS,n,2,302.61,2.05,D,0
30.85858,74.47129,338.88,0.41,0.37,2023-11-05,815,N,VIIRS,n,2,300.88,2.34,D,0
30.85961,75.40094,335.99,0.44,0.39,2023-11-05,815,N,VIIRS,n,2,305.07,5.59,D,0
30.86002,74.55975,333.79,0.42,0.37,2023-11-05,815,N,VIIRS,n,2,301.74,10.19,D,0
30.86054,75.24317,334.39,0.44,0.38,2023-11-05,815,N,VIIRS,n,2,300.93,2.49,D,0
30.86083,74.46204,337.45,0.41,0.37,2023-11-05,815,N,VIIRS,n,2,303.2,2.82,D,0
30.86108,75.24543,334.12,0.44,0.38,2023-11-05,815,N,VIIRS,n,2,300.71,2.37,D,0
30.86175,76.33186,335.87,0.48,0.4,2023-11-05,815,N,VIIRS,n,2,305.74,3.05,D,0
30.86348,75.23799,330.44,0.44,0.38,2023-11-05,815,N,VIIRS,l,2,302.58,8.77,D,0
30.86446,75.49522,334.01,0.45,0.39,2023-11-05,815,N,VIIRS,n,2,303.48,1.71,D,0
30.86506,75.79016,331.07,0.46,0.39,2023-11-05,815,N,VIIRS,n,2,302.94,2.32,D,0
30.86597,75.00591,333.77,0.43,0.38,2023-11-05,815,N,VIIRS,n,2,301.13,3.73,D,0
30.86701,75.23738,333.37,0.44,0.38,2023-11-05,815,N,VIIRS,n,2,301.32,8.77,D,0
30.86759,75.24196,333.89,0.44,0.38,2023-11-05,815,N,VIIRS,n,2,301.01,8.77,D,0
30.86824,74.91401,331.27,0.43,0.38,2023-11-05,815,N,VIIRS,n,2,301.07,1.99,D,0
30.86888,74.50565,333.18,0.41,0.37,2023-11-05,815,N,VIIRS,n,2,301.83,1.46,D,0
30.87056,74.90448,352.4,0.43,0.38,2023-11-05,815,N,VIIRS,n,2,310.75,32.3,D,0
30.87098,75.32587,332.16,0.44,0.38,2023-11-05,815,N,VIIRS,n,2,300.13,8.23,D,0
30.87127,75.32342,336.54,0.44,0.38,2023-11-05,815,N,VIIRS,n,2,303.33,8.18,D,0
30.87226,76.38712,335.21,0.49,0.4,2023-11-05,815,N,VIIRS,n,2,303.92,4.56,D,0
30.87233,74.53168,349.5,0.41,0.37,2023-11-05,815,N,VIIRS,n,2,303.86,8.14,D,0
30.8725,74.52197,336.63,0.41,0.37,2023-11-05,815,N,VIIRS,n,2,303.71,3.14,D,0
30.8727,75.44617,341.44,0.44,0.39,2023-11-05,815,N,VIIRS,n,2,302.84,3.23,D,0
30.87292,75.19901,332.28,0.44,0.38,2023-11-05,815,N,VIIRS,n,2,300.07,1.92,D,0
30.87368,74.53064,341.49,0.41,0.37,2023-11-05,815,N,VIIRS,n,2,303.91,5.68,D,0
30.87403,74.90387,342.44,0.43,0.38,2023-11-05,815,N,VIIRS,n,2,309.71,32.3,D,0
30.87409,74.95866,336.59,0.43,0.38,2023-11-05,815,N,VIIRS,n,2,305.32,8.98,D,0
30.87427,74.53498,342.4,0.41,0.37,2023-11-05,815,N,VIIRS,n,2,302.62,6.36,D,0
30.87462,74.90833,339.23,0.43,0.38,2023-11-05,815,N,VIIRS,n,2,309.05,32.3,D,0
30.87564,74.39833,341.78,0.41,0.37,2023-11-05,815,N,VIIRS,n,2,312.15,10.37,D,0
30.87571,74.45128,345.17,0.41,0.37,2023-11-05,815,N,VIIRS,n,2,308.67,17.13,D,0
30.87634,74.53541,334.85,0.42,0.37,2023-11-05,815,N,VIIRS,n,2,303.94,9.11,D,0
30.87662,76.45421,330.09,0.49,0.4,2023-11-05,815,N,VIIRS,l,2,304.51,2.68,D,0
30.8774,75.42637,334.61,0.44,0.39,2023-11-05,815,N,VIIRS,n,2,309.03,9.24,D,0
30.87765,75.59851,334.67,0.45,0.39,2023-11-05,815,N,VIIRS,n,2,304.44,4.25,D,0
30.8781,75.29642,330.02,0.44,0.38,2023-11-05,815,N,VIIRS,n,2,302.67,2.65,D,0
30.87868,75.30102,333.48,0.44,0.38,2023-11-05,815,N,VIIRS,n,2,303.18,3.91,D,0
30.87906,74.39771,335.35,0.41,0.37,2023-11-05,815,N,VIIRS,n,2,305.24,10.37,D,0
30.87978,74.86645,337.43,0.42,0.38,2023-11-05,815,N,VIIRS,n,2,302.98,4.37,D,0
30.88022,75.42839,343.76,0.44,0.39,2023-11-05,815,N,VIIRS,n,2,303.72,7.89,D,0
30.88036,74.53913,340.84,0.42,0.37,2023-11-05,815,N,VIIRS,n,2,303.57,10.15,D,0
30.88295,74.73019,334.32,0.42,0.38,2023-11-05,815,N,VIIRS,n,2,304.06,2.56,D,0
30.8832,74.50751,333.72,0.41,0.37,2023-11-05,815,N,VIIRS,n,2,304.33,4.0,D,0
30.88326,74.86583,341.65,0.42,0.38,2023-11-05,815,N,VIIRS,n,2,302.65,4.37,D,0
30.8838,74.63132,348.72,0.42,0.37,2023-11-05,815,N,VIIRS,n,2,302.22,25.45,D,0
30.88429,74.46301,336.55,0.41,0.37,2023-11-05,815,N,VIIRS,n,2,304.36,6.87,D,0
30.88452,74.92941,344.07,0.43,0.38,2023-11-05,815,N,VIIRS,n,2,303.1,7.38,D,0
30.88506,74.66691,346.82,0.42,0.38,2023-11-05,815,N,VIIRS,n,2,305.03,8.88,D,0
30.88555,74.6319,346.14,0.42,0.38,2023-11-05,815,N,VIIRS,n,2,316.11,23.99,D,0
30.88556,74.85635,340.27,0.42,0.38,2023-11-05,815,N,VIIRS,n,2,302.74,3.45,D,0
30.88643,74.37434,341.43,0.41,0.37,2023-11-05,815,N,VIIRS,n,2,305.84,14.02,D,0
30.88663,74.5069,337.51,0.41,0.37,2023-11-05,815,N,VIIRS,n,2,303.46,4.0,D,0
30.88725,74.63071,347.59,0.42,0.37,2023-11-05,815,N,VIIRS,n,2,312.85,25.45,D,0
30.88832,74.79693,332.76,0.42,0.38,2023-11-05,815,N,VIIRS,n,2,302.0,2.75,D,0
30.8888,76.32457,331.38,0.48,0.4,2023-11-05,815,N,VIIRS,n,2,300.7,5.73,D,0
30.889,74.63129,341.22,0.42,0.38,2023-11-05,815,N,VIIRS,n,2,302.38,23.99,D,0
30.88913,74.91034,331.6,0.43,0.38,2023-11-05,815,N,VIIRS,n,2,303.71,2.31,D,0
30.88989,75.2756,339.17,0.44,0.38,2023-11-05,815,N,VIIRS,n,2,303.11,4.39,D,0
30.89043,74.37801,344.29,0.41,0.37,2023-11-05,815,N,VIIRS,n,2,309.98,14.02,D,0
30.89072,76.32206,334.94,0.48,0.4,2023-11-05,815,N,VIIRS,n,2,303.41,2.88,D,0
30.89108,75.25664,337.95,0.44,0.38,2023-11-05,815,N,VIIRS,n,2,303.83,8.92,D,0
30.89178,74.79633,336.48,0.42,0.38,2023-11-05,815,N,VIIRS,n,2,301.89,5.66,D,0
30.89327,74.3731,335.07,0.41,0.37,2023-11-05,815,N,VIIRS,n,2,302.61,2.65,D,0
30.89338,75.33146,338.83,0.44,0.38,2023-11-05,815,N,VIIRS,n,2,303.3,4.56,D,0
30.89385,74.3774,333.27,0.41,0.37,2023-11-05,815,N,VIIRS,n,2,303.14,2.65,D,0
30.89461,75.25603,337.83,0.44,0.38,2023-11-05,815,N,VIIRS,n,2,302.69,4.85,D,0
30.89486,74.87289,340.2,0.42,0.38,2023-11-05,815,N,VIIRS,n,2,302.77,5.04,D,0
30.89497,74.92757,338.24,0.43,0.38,2023-11-05,815,N,VIIRS,n,2,302.94,3.31,D,0
30.89758,74.56276,355.87,0.42,0.37,2023-11-05,815,N,VIIRS,n,2,309.52,14.82,D,0
30.89878,74.65194,344.68,0.42,0.38,2023-11-05,815,N,VIIRS,n,2,307.98,28.18,D,0
30.90043,74.55779,333.05,0.42,0.37,2023-11-05,815,N,VIIRS,n,2,302.21,14.82,D,0
30.90165,74.64694,331.52,0.42,0.38,2023-11-05,815,N,VIIRS,n,2,302.46,4.08,D,0
30.90214,74.54412,332.83,0.42,0.37,2023-11-05,815,N,VIIRS,n,2,302.11,1.29,D,0
30.90223,74.65132,333.04,0.42,0.38,2023-11-05,815,N,VIIRS,n,2,301.18,4.08,D,0
30.90263,74.98574,347.68,0.43,0.38,2023-11-05,815,N,VIIRS,n,2,307.49,12.97,D,0
30.903,74.88057,332.48,0.43,0.38,2023-11-05,815,N,VIIRS,n,2,302.47,4.85,D,0
30.90326,76.42392,332.79,0.49,0.4,2023-11-05,815,N,VIIRS,n,2,301.1,1.64,D,0
30.90339,74.74104,333.94,0.42,0.38,2023-11-05,815,N,VIIRS,l,2,304.95,5.89,D,0
30.90359,74.88501,334.21,0.43,0.38,2023-11-05,815,N,VIIRS,n,2,304.03,4.85,D,0
30.90449,74.58828,343.1,0.42,0.37,2023-11-05,815,N,VIIRS,n,2,304.62,12.65,D,0
30.90452,76.42606,335.08,0.49,0.4,2023-11-05,815,N,VIIRS,n,2,305.05,4.02,D,0
30.90563,75.0358,333.5,0.43,0.38,2023-11-05,815,N,VIIRS,n,2,303.37,4.58,D,0
30.90612,74.98513,349.33,0.43,0.38,2023-11-05,815,N,VIIRS,n,2,304.02,12.97,D,0
30.90617,75.49071,331.3,0.45,0.39,2023-11-05,815,N,VIIRS,n,2,302.22,1.79,D,0
30.90622,75.0403,334.04,0.43,0.38,2023-11-05,815,N,VIIRS,n,2,302.02,4.58,D,0
30.90632,75.3765,333.04,0.44,0.39,2023-11-05,815,N,VIIRS,n,2,301.85,1.69,D,0
30.90684,74.65947,339.29,0.42,0.38,2023-11-05,815,N,VIIRS,n,2,304.12,5.4,D,0
30.90724,74.50318,333.58,0.41,0.37,2023-11-05,815,N,VIIRS,l,2,304.06,2.53,D,0
30.90734,75.50008,336.95,0.45,0.39,2023-11-05,815,N,VIIRS,n,2,305.45,6.23,D,0
30.90742,74.66384,332.41,0.42,0.38,2023-11-05,815,N,VIIRS,n,2,301.87,5.44,D,0
30.90907,75.00758,346.9,0.43,0.38,2023-11-05,815,N,VIIRS,n,2,303.36,12.24,D,0
30.90956,74.52054,333.85,0.41,0.37,2023-11-05,815,N,VIIRS,n,2,302.22,3.1,D,0
30.9106,76.22341,331.5,0.48,0.4,2023-11-05,815,N,VIIRS,l,2,303.11,3.26,D,0
30.91062,74.47596,339.07,0.41,0.37,2023-11-05,815,N,VIIRS,n,2,303.76,3.01,D,0
30.91064,76.446,336.36,0.49,0.4,2023-11-05,815,N,VIIRS,n,2,304.7,3.8,D,0
30.91154,75.47547,333.63,0.45,0.39,2023-11-05,815,N,VIIRS,n,2,306.78,4.97,D,0
30.91203,75.03008,337.79,0.43,0.38,2023-11-05,815,N,VIIRS,n,2,302.85,3.38,D,0
30.91212,75.48014,334.54,0.45,0.39,2023-11-05,815,N,VIIRS,n,2,304.95,4.97,D,0
30.91283,75.22948,338.09,0.44,0.38,2023-11-05,815,N,VIIRS,n,2,301.88,3.81,D,0
30.9132,74.76188,343.95,0.42,0.38,2023-11-05,815,N,VIIRS,n,2,302.35,3.78,D,0
30.91327,76.00023,341.31,0.47,0.4,2023-11-05,815,N,VIIRS,n,2,303.74,4.3,D,0
30.9135,76.31035,342.73,0.48,0.4,2023-11-05,815,N,VIIRS,n,2,304.3,6.04,D,0
30.91365,74.57771,332.39,0.42,0.37,2023-11-05,815,N,VIIRS,n,2,301.9,8.95,D,0
30.91405,74.47533,338.69,0.41,0.37,2023-11-05,815,N,VIIRS,n,2,302.63,3.07,D,0
30.91488,74.99738,346.43,0.43,0.38,2023-11-05,815,N,VIIRS,n,2,302.2,6.33,D,0
30.91665,74.70714,340.37,0.42,0.38,2023-11-05,815,N,VIIRS,n,2,308.54,18.98,D,0
30.9168,75.09387,333.91,0.43,0.38,2023-11-05,815,N,VIIRS,l,2,305.37,13.35,D,0
30.91838,74.82889,338.09,0.42,0.38,2023-11-05,815,N,VIIRS,n,2,306.72,23.76,D,0
30.92107,75.43571,333.56,0.44,0.39,2023-11-05,815,N,VIIRS,l,2,303.85,3.37,D,0
30.92186,74.82828,339.71,0.42,0.38,2023-11-05,815,N,VIIRS,n,2,299.06,23.76,D,0
30.923,74.72853,332.23,0.42,0.38,2023-11-05,815,N,VIIRS,n,2,304.72,2.15,D,0
30.92324,74.49142,347.37,0.41,0.37,2023-11-05,815,N,VIIRS,n,2,305.1,9.55,D,0
30.9233,74.51807,341.17,0.41,0.37,2023-11-05,815,N,VIIRS,n,2,304.09,4.83,D,0
30.9242,76.05872,341.24,0.47,0.4,2023-11-05,815,N,VIIRS,n,2,303.58,4.74,D,0
30.9252,76.31364,345.16,0.48,0.4,2023-11-05,815,N,VIIRS,n,2,304.8,9.26,D,0
30.92538,74.42904,344.31,0.41,0.37,2023-11-05,815,N,VIIRS,n,2,304.47,5.96,D,0
30.92696,75.48241,335.22,0.45,0.39,2023-11-05,815,N,VIIRS,n,2,304.39,4.38,D,0
30.92786,76.05813,331.25,0.47,0.4,2023-11-05,815,N,VIIRS,l,2,301.48,4.74,D,0
30.92816,74.6871,338.64,0.42,0.38,2023-11-05,815,N,VIIRS,n,2,312.1,26.91,D,0
30.93088,76.17418,335.95,0.48,0.4,2023-11-05,815,N,VIIRS,n,2,302.32,2.45,D,0
30.93112,74.81756,344.54,0.42,0.38,2023-11-05,815,N,VIIRS,n,2,306.84,18.97,D,0
30.93219,74.9909,334.05,0.43,0.38,2023-11-05,815,N,VIIRS,n,2,302.43,1.96,D,0
30.93392,76.2299,336.78,0.48,0.4,2023-11-05,815,N,VIIRS,n,2,303.72,4.89,D,0
30.93401,74.86705,331.45,0.43,0.38,2023-11-05,815,N,VIIRS,n,2,301.32,2.19,D,0
30.93408,75.33867,334.18,0.44,0.38,2023-11-05,815,N,VIIRS,n,2,302.69,2.1,D,0
30.93419,74.52055,343.24,0.41,0.37,2023-11-05,815,N,VIIRS,n,2,301.71,4.41,D,0
30.93755,76.29101,336.07,0.48,0.4,2023-11-05,815,N,VIIRS,n,2,302.1,5.85,D,0
30.93761,76.19859,335.48,0.48,0.4,2023-11-05,815,N,VIIRS,n,2,303.27,4.82,D,0
30.93861,74.7664,341.03,0.42,0.38,2023-11-05,815,N,VIIRS,n,2,303.7,8.73,D,0
30.93863,74.79356,345.88,0.42,0.38,2023-11-05,815,N,VIIRS,n,2,304.13,13.41,D,0
30.93923,74.85247,343.85,0.42,0.38,2023-11-05,815,N,VIIRS,n,2,304.23,9.28,D,0
30.93981,74.88426,334.35,0.43,0.38,2023-11-05,815,N,VIIRS,n,2,303.42,2.57,D,0
30.93992,75.27172,338.36,0.44,0.38,2023-11-05,815,N,VIIRS,n,2,308.96,34.1,D,0
30.93998,75.32822,331.37,0.44,0.38,2023-11-05,815,N,VIIRS,n,2,301.54,1.94,D,0
30.94058,75.98074,333.25,0.47,0.4,2023-11-05,815,N,VIIRS,n,2,301.94,3.05,D,0
30.94247,76.30054,334.38,0.48,0.4,2023-11-05,815,N,VIIRS,n,2,303.04,3.91,D,0
30.94299,74.04639,332.38,0.4,0.37,2023-11-05,815,N,VIIRS,n,2,300.19,4.82,D,0
30.94352,75.32761,332.31,0.44,0.38,2023-11-05,815,N,VIIRS,n,2,300.9,1.94,D,0
30.94381,75.0257,332.75,0.43,0.38,2023-11-05,815,N,VIIRS,n,2,301.82,4.6,D,0
30.94406,74.5678,336.62,0.42,0.37,2023-11-05,815,N,VIIRS,n,2,304.57,3.19,D,0
30.94497,76.16679,333.73,0.48,0.4,2023-11-05,815,N,VIIRS,n,2,302.32,2.98,D,0
30.94503,74.86967,341.34,0.43,0.38,2023-11-05,815,N,VIIRS,n,2,307.98,27.4,D,0
30.94649,75.35072,338.21,0.44,0.38,2023-11-05,815,N,VIIRS,n,2,301.86,3.39,D,0
30.94676,74.96539,336.65,0.43,0.38,2023-11-05,815,N,VIIRS,n,2,301.15,2.81,D,0
30.95049,76.27345,344.59,0.48,0.4,2023-11-05,815,N,VIIRS,n,2,305.6,10.2,D,0
30.95084,74.91428,335.27,0.43,0.38,2023-11-05,815,N,VIIRS,n,2,306.77,5.65,D,0
30.95118,74.674,338.83,0.42,0.38,2023-11-05,815,N,VIIRS,n,2,303.8,4.63,D,0
30.95123,74.70098,343.62,0.42,0.38,2023-11-05,815,N,VIIRS,n,2,304.44,13.02,D,0
30.95252,75.06572,346.21,0.43,0.38,2023-11-05,815,N,VIIRS,n,2,304.71,13.08,D,0
30.95311,74.82275,338.98,0.42,0.38,2023-11-05,815,N,VIIRS,n,2,303.95,5.53,D,0
30.95356,76.29874,333.71,0.48,0.4,2023-11-05,815,N,VIIRS,n,2,303.08,3.93,D,0
30.95364,74.77279,347.34,0.42,0.38,2023-11-05,815,N,VIIRS,n,2,306.09,12.27,D,0
30.95413,76.00163,332.49,0.47,0.4,2023-11-05,815,N,VIIRS,n,2,301.38,3.35,D,0
30.95418,76.27286,332.49,0.48,0.4,2023-11-05,815,N,VIIRS,l,2,302.77,10.2,D,0
30.95458,76.00351,335.39,0.47,0.4,2023-11-05,815,N,VIIRS,n,2,302.02,5.19,D,0
30.95478,74.7545,351.08,0.42,0.38,2023-11-05,815,N,VIIRS,n,2,302.75,11.27,D,0
30.95661,75.42967,337.25,0.44,0.39,2023-11-05,815,N,VIIRS,n,2,303.92,3.51,D,0
30.95897,74.922,334.55,0.43,0.38,2023-11-05,815,N,VIIRS,n,2,305.41,2.85,D,0
30.9616,74.69913,333.01,0.42,0.38,2023-11-05,815,N,VIIRS,n,2,302.77,5.6,D,0
30.9621,76.15383,331.32,0.48,0.4,2023-11-05,815,N,VIIRS,n,2,302.22,2.1,D,0
30.9626,75.50512,337.54,0.45,0.39,2023-11-05,815,N,VIIRS,n,2,303.12,5.12,D,0
30.96295,74.81647,349.43,0.42,0.38,2023-11-05,815,N,VIIRS,n,2,306.08,8.93,D,0
30.96342,76.28684,337.0,0.48,0.4,2023-11-05,815,N,VIIRS,n,2,301.98,3.63,D,0
30.96361,74.9029,334.78,0.43,0.38,2023-11-05,815,N,VIIRS,n,2,302.74,3.71,D,0
30.96361,75.34307,333.57,0.44,0.38,2023-11-05,815,N,VIIRS,n,2,302.55,2.54,D,0
30.96392,76.13828,333.29,0.47,0.4,2023-11-05,815,N,VIIRS,n,2,303.08,7.43,D,0
30.96559,74.67593,336.77,0.42,0.38,2023-11-05,815,N,VIIRS,n,2,305.53,8.27,D,0
30.96584,74.81142,334.67,0.42,0.38,2023-11-05,815,N,VIIRS,n,2,301.63,4.6,D,0
30.96642,74.81586,347.52,0.42,0.38,2023-11-05,815,N,VIIRS,n,2,304.05,21.67,D,0
30.96655,75.0079,339.71,0.43,0.38,2023-11-05,815,N,VIIRS,n,2,302.11,5.79,D,0
30.96706,76.14098,333.71,0.48,0.4,2023-11-05,815,N,VIIRS,n,2,302.76,5.08,D,0
30.96711,74.92973,332.71,0.43,0.38,2023-11-05,815,N,VIIRS,n,2,302.21,3.77,D,0
30.9678,74.6396,339.6,0.42,0.38,2023-11-05,815,N,VIIRS,n,2,303.93,3.39,D,0
30.9682,76.14268,350.49,0.47,0.4,2023-11-05,815,N,VIIRS,n,2,303.81,5.39,D,0
30.96852,74.6979,336.18,0.42,0.38,2023-11-05,815,N,VIIRS,n,2,304.52,7.5,D,0
30.96887,76.17822,340.17,0.48,0.4,2023-11-05,815,N,VIIRS,n,2,304.3,4.66,D,0
30.96892,75.90926,336.93,0.46,0.39,2023-11-05,815,N,VIIRS,n,2,302.23,3.04,D,0
30.96916,74.72936,343.84,0.42,0.38,2023-11-05,815,N,VIIRS,n,2,305.28,13.75,D,0
30.96969,74.7067,336.78,0.42,0.38,2023-11-05,815,N,VIIRS,n,2,303.51,7.54,D,0
30.96975,74.73378,340.93,0.42,0.38,2023-11-05,815,N,VIIRS,n,2,302.08,9.09,D,0
30.97024,76.1049,345.46,0.47,0.4,2023-11-05,815,N,VIIRS,n,2,305.2,14.25,D,0
30.97028,74.71111,337.94,0.42,0.38,2023-11-05,815,N,VIIRS,n,2,304.49,7.54,D,0
30.97033,74.52742,334.23,0.42,0.37,2023-11-05,815,N,VIIRS,n,2,302.87,3.29,D,0
30.97058,76.10168,345.45,0.47,0.4,2023-11-05,815,N,VIIRS,n,2,302.35,8.05,D,0
30.97121,76.10665,346.13,0.47,0.4,2023-11-05,815,N,VIIRS,n,2,305.35,8.05,D,0
30.97132,76.14537,332.72,0.48,0.4,2023-11-05,815,N,VIIRS,n,2,301.07,3.14,D,0
30.97181,76.18099,334.47,0.48,0.4,2023-11-05,815,N,VIIRS,n,2,303.07,10.76,D,0
30.97254,76.17763,339.37,0.48,0.4,2023-11-05,815,N,VIIRS,n,2,303.75,4.66,D,0
30.97331,76.09933,337.02,0.47,0.4,2023-11-05,815,N,VIIRS,n,2,301.06,4.66,D,0
30.97367,74.68348,332.57,0.42,0.38,2023-11-05,815,N,VIIRS,n,2,301.01,2.13,D,0
30.97489,75.37429,332.23,0.44,0.39,2023-11-05,815,N,VIIRS,n,2,304.94,7.1,D,0
30.97549,75.37893,333.12,0.44,0.39,2023-11-05,815,N,VIIRS,n,2,303.03,6.33,D,0
30.97667,74.73254,332.99,0.42,0.38,2023-11-05,815,N,VIIRS,n,2,302.0,2.51,D,0
30.97673,74.75965,336.05,0.42,0.38,2023-11-05,815,N,VIIRS,n,2,301.39,2.42,D,0
30.97705,75.06144,335.17,0.43,0.38,2023-11-05,815,N,VIIRS,n,2,301.7,4.43,D,0
30.97801,74.82291,333.33,0.42,0.38,2023-11-05,815,N,VIIRS,n,2,302.03,2.63,D,0
30.97941,74.67346,332.17,0.42,0.38,2023-11-05,815,N,VIIRS,n,2,301.55,1.94,D,0
30.98161,74.90432,331.99,0.43,0.38,2023-11-05,815,N,VIIRS,l,2,302.77,49.53,D,0
30.98169,74.66406,331.12,0.42,0.38,2023-11-05,815,N,VIIRS,l,2,303.41,2.96,D,0
30.98211,74.61463,341.72,0.42,0.38,2023-11-05,815,N,VIIRS,n,2,305.73,4.82,D,0
30.98248,76.25801,330.31,0.48,0.4,2023-11-05,815,N,VIIRS,l,2,301.24,1.89,D,0
30.9827,74.61901,338.8,0.42,0.38,2023-11-05,815,N,VIIRS,n,2,303.66,4.82,D,0
30.98281,74.94073,341.23,0.43,0.38,2023-11-05,815,N,VIIRS,n,2,309.33,25.2,D,0
30.9835,75.84731,341.34,0.46,0.39,2023-11-05,815,N,VIIRS,n,2,309.81,26.95,D,0
30.98353,74.70425,334.6,0.42,0.38,2023-11-05,815,N,VIIRS,l,2,306.31,9.35,D,0
30.98412,74.70864,335.79,0.42,0.38,2023-11-05,815,N,VIIRS,l,2,309.36,9.35,D,0
30.98496,74.82169,339.76,0.42,0.38,2023-11-05,815,N,VIIRS,n,2,301.08,5.28,D,0
30.98623,74.88522,339.12,0.43,0.38,2023-11-05,815,N,VIIRS,n,2,308.89,19.35,D,0
30.98647,75.57806,351.07,0.45,0.39,2023-11-05,815,N,VIIRS,n,2,305.38,12.92,D,0
30.98698,75.13862,341.75,0.43,0.38,2023-11-05,815,N,VIIRS,n,2,300.09,2.92,D,0
30.98699,74.70363,339.4,0.42,0.38,2023-11-05,815,N,VIIRS,n,2,305.97,6.48,D,0
30.98756,75.05962,335.75,0.43,0.38,2023-11-05,815,N,VIIRS,n,2,300.57,2.88,D,0
30.98843,74.82107,341.36,0.42,0.38,2023-11-05,815,N,VIIRS,n,2,304.06,21.04,D,0
30.98862,74.93054,330.13,0.43,0.38,2023-11-05,815,N,VIIRS,n,2,300.95,1.82,D,0
30.98866,75.26466,343.85,0.44,0.38,2023-11-05,815,N,VIIRS,n,2,306.6,23.19,D,0
30.98948,75.60167,337.48,0.45,0.39,2023-11-05,815,N,VIIRS,n,2,303.77,9.11,D,0
30.98961,74.82995,342.16,0.42,0.38,2023-11-05,815,N,VIIRS,n,2,302.95,3.99,D,0
30.98993,74.72567,338.83,0.42,0.38,2023-11-05,815,N,VIIRS,n,2,302.21,5.33,D,0
30.99103,74.70741,338.39,0.42,0.38,2023-11-05,815,N,VIIRS,n,2,303.3,6.48,D,0
30.99132,75.64503,345.83,0.45,0.39,2023-11-05,815,N,VIIRS,n,2,303.67,7.46,D,0
30.99213,74.6892,332.76,0.42,0.38,2023-11-05,815,N,VIIRS,l,2,304.34,3.34,D,0
30.99254,75.68376,336.3,0.45,0.39,2023-11-05,815,N,VIIRS,n,2,302.66,4.69,D,0
30.99273,74.6936,334.62,0.42,0.38,2023-11-05,815,N,VIIRS,l,2,305.03,4.77,D,0
30.99308,74.82933,331.91,0.42,0.38,2023-11-05,815,N,VIIRS,n,2,300.97,3.99,D,0
30.99608,75.43871,340.76,0.45,0.39,2023-11-05,815,N,VIIRS,n,2,304.09,4.4,D,0
30.99626,75.32466,335.79,0.44,0.38,2023-11-05,815,N,VIIRS,n,2,302.86,8.57,D,0
30.99627,76.19748,338.47,0.48,0.4,2023-11-05,815,N,VIIRS,n,2,305.73,5.09,D,0
30.99664,75.60047,336.04,0.45,0.39,2023-11-05,815,N,VIIRS,n,2,304.48,7.88,D,0
30.9969,75.27265,344.18,0.44,0.38,2023-11-05,815,N,VIIRS,n,2,303.43,9.23,D,0
30.99806,74.61295,342.56,0.42,0.38,2023-11-05,815,N,VIIRS,n,2,304.21,4.07,D,0
30.99864,74.61732,332.27,0.42,0.38,2023-11-05,815,N,VIIRS,n,2,301.48,4.07,D,0
30.99964,75.43811,338.47,0.45,0.39,2023-11-05,815,N,VIIRS,n,2,303.0,4.4,D,0
31.00081,75.44746,333.16,0.45,0.39,2023-11-05,815,N,VIIRS,n,2,300.97,3.6,D,0
31.00151,75.66764,331.92,0.45,0.39,2023-11-05,815,N,VIIRS,n,2,300.43,2.52,D,0
31.00212,75.67241,340.15,0.45,0.39,2023-11-05,815,N,VIIRS,n,2,300.52,5.8,D,0
31.00266,74.98318,335.33,0.43,0.38,2023-11-05,815,N,VIIRS,n,2,303.62,5.2,D,0
31.00267,74.62109,330.73,0.42,0.38,2023-11-05,815,N,VIIRS,l,2,304.53,3.44,D,0
31.00295,75.55269,333.09,0.45,0.39,2023-11-05,815,N,VIIRS,n,2,301.35,1.95,D,0
31.00552,75.55554,336.81,0.45,0.39,2023-11-05,815,N,VIIRS,n,2,301.27,2.52,D,0
31.00612,75.4609,332.15,0.45,0.39,2023-11-05,815,N,VIIRS,l,2,302.77,3.4,D,0
31.00639,74.82244,332.92,0.42,0.38,2023-11-05,815,N,VIIRS,n,2,301.38,2.97,D,0
31.00669,74.62486,333.73,0.42,0.38,2023-11-05,815,N,VIIRS,n,2,302.81,32.27,D,0
31.00674,74.74529,346.64,0.42,0.38,2023-11-05,815,N,VIIRS,n,2,305.73,4.83,D,0
31.00678,76.15999,332.65,0.48,0.4,2023-11-05,815,N,VIIRS,n,2,301.68,2.77,D,0
31.00703,75.79897,351.39,0.46,0.39,2023-11-05,815,N,VIIRS,n,2,303.97,6.0,D,0
31.00753,75.68613,339.02,0.46,0.39,2023-11-05,815,N,VIIRS,n,2,304.71,13.92,D,0
31.00764,75.80381,340.79,0.46,0.39,2023-11-05,815,N,VIIRS,n,2,301.19,6.0,D,0
31.00777,74.91344,337.98,0.43,0.38,2023-11-05,815,N,VIIRS,n,2,300.93,2.38,D,0
31.00786,74.74181,332.18,0.42,0.38,2023-11-05,815,N,VIIRS,n,2,303.82,4.39,D,0
31.00843,74.74622,333.21,0.42,0.38,2023-11-05,815,N,VIIRS,n,2,304.16,6.3,D,0
31.01021,74.74468,340.99,0.42,0.38,2023-11-05,815,N,VIIRS,n,2,302.48,4.83,D,0
31.01066,74.90836,330.19,0.43,0.38,2023-11-05,815,N,VIIRS,n,2,300.94,2.38,D,0
31.01124,75.8032,335.48,0.46,0.39,2023-11-05,815,N,VIIRS,n,2,301.02,6.0,D,0
31.01148,75.44565,333.72,0.45,0.39,2023-11-05,815,N,VIIRS,n,2,303.16,3.25,D,0
31.01154,76.23093,334.6,0.48,0.4,2023-11-05,815,N,VIIRS,n,2,302.53,3.31,D,0
31.01158,75.6028,333.33,0.45,0.39,2023-11-05,815,N,VIIRS,n,2,303.2,4.19,D,0
31.01188,74.6374,340.79,0.42,0.38,2023-11-05,815,N,VIIRS,n,2,306.98,11.07,D,0
31.01237,75.5994,336.08,0.45,0.39,2023-11-05,815,N,VIIRS,n,2,301.84,4.03,D,0
31.01281,76.21018,337.75,0.48,0.4,2023-11-05,815,N,VIIRS,n,2,300.66,5.18,D,0
31.0142,74.68197,332.11,0.42,0.38,2023-11-05,815,N,VIIRS,n,2,302.25,2.49,D,0
31.01477,74.79497,341.25,0.42,0.38,2023-11-05,815,N,VIIRS,n,2,302.92,5.47,D,0
31.01533,74.63678,346.51,0.42,0.38,2023-11-05,815,N,VIIRS,n,2,305.07,8.32,D,0
31.01645,74.8982,333.05,0.43,0.38,2023-11-05,815,N,VIIRS,n,2,300.6,8.94,D,0
31.01673,74.79337,332.57,0.42,0.38,2023-11-05,815,N,VIIRS,n,2,301.55,2.49,D,0
31.01705,74.62301,338.52,0.42,0.38,2023-11-05,815,N,VIIRS,n,2,308.98,25.94,D,0
31.01753,74.5468,333.0,0.42,0.37,2023-11-05,815,N,VIIRS,n,2,299.93,2.04,D,0
31.01792,74.80223,336.39,0.42,0.38,2023-11-05,815,N,VIIRS,n,2,302.22,6.61,D,0
31.01862,75.13314,334.77,0.43,0.38,2023-11-05,815,N,VIIRS,n,2,302.16,2.58,D,0
31.01897,75.71842,335.21,0.46,0.39,2023-11-05,815,N,VIIRS,n,2,301.38,4.48,D,0
31.01897,76.19893,347.86,0.48,0.4,2023-11-05,815,N,VIIRS,n,2,303.69,8.75,D,0
31.01927,74.55989,342.3,0.42,0.37,2023-11-05,815,N,VIIRS,n,2,302.07,4.63,D,0
31.01939,74.80324,337.12,0.42,0.38,2023-11-05,815,N,VIIRS,n,2,302.57,5.04,D,0
31.0203,75.8165,332.89,0.46,0.39,2023-11-05,815,N,VIIRS,n,2,301.01,4.86,D,0
31.02042,75.40118,338.74,0.44,0.39,2023-11-05,815,N,VIIRS,l,2,312.62,39.3,D,0
31.02145,75.76705,330.78,0.46,0.39,2023-11-05,815,N,VIIRS,l,2,301.22,3.19,D,0
31.0229,74.91996,333.05,0.43,0.38,2023-11-05,815,N,VIIRS,n,2,301.05,2.26,D,0
31.02474,74.96092,332.66,0.43,0.38,2023-11-05,815,N,VIIRS,n,2,299.64,2.8,D,0
31.02571,74.6619,346.99,0.42,0.38,2023-11-05,815,N,VIIRS,n,2,304.41,5.48,D,0
31.02587,74.94236,346.31,0.43,0.38,2023-11-05,815,N,VIIRS,n,2,312.07,29.25,D,0
31.02691,74.72485,330.99,0.42,0.38,2023-11-05,815,N,VIIRS,l,2,304.01,2.09,D,0
31.02693,75.25338,338.97,0.44,0.38,2023-11-05,815,N,VIIRS,n,2,302.0,4.96,D,0
31.02801,74.87789,339.71,0.43,0.38,2023-11-05,815,N,VIIRS,n,2,302.53,3.44,D,0
31.02843,75.04325,340.66,0.43,0.38,2023-11-05,815,N,VIIRS,n,2,302.5,5.66,D,0
31.02863,74.87453,332.32,0.43,0.38,2023-11-05,815,N,VIIRS,n,2,301.94,3.08,D,0
31.02872,76.24873,332.47,0.48,0.4,2023-11-05,815,N,VIIRS,n,2,302.52,1.87,D,0
31.02873,75.32383,342.17,0.44,0.38,2023-11-05,815,N,VIIRS,n,2,304.52,4.12,D,0
31.02887,75.9743,340.2,0.47,0.4,2023-11-05,815,N,VIIRS,n,2,302.96,4.01,D,0
31.02935,74.94175,343.14,0.43,0.38,2023-11-05,815,N,VIIRS,n,2,303.36,29.25,D,0
31.02975,74.66568,340.0,0.42,0.38,2023-11-05,815,N,VIIRS,n,2,303.6,5.48,D,0
31.03091,74.67448,330.28,0.42,0.38,2023-11-05,815,N,VIIRS,l,2,301.01,0.91,D,0
31.03149,75.1216,346.21,0.43,0.38,2023-11-05,815,N,VIIRS,n,2,302.41,7.42,D,0
31.03297,76.28416,332.88,0.48,0.4,2023-11-05,815,N,VIIRS,n,2,302.8,6.51,D,0
31.03434,74.64687,330.88,0.42,0.38,2023-11-05,815,N,VIIRS,n,2,303.59,1.52,D,0
31.03537,75.01434,352.05,0.43,0.38,2023-11-05,815,N,VIIRS,n,2,306.65,8.62,D,0
31.03727,74.6959,340.2,0.42,0.38,2023-11-05,815,N,VIIRS,n,2,305.73,10.49,D,0
31.03849,74.78622,346.26,0.42,0.38,2023-11-05,815,N,VIIRS,n,2,303.6,7.51,D,0
31.0385,74.84082,335.54,0.43,0.38,2023-11-05,815,N,VIIRS,l,2,306.78,12.05,D,0
31.04076,74.72238,340.99,0.42,0.38,2023-11-05,815,N,VIIRS,n,2,307.17,13.65,D,0
31.04296,75.01762,339.63,0.43,0.38,2023-11-05,815,N,VIIRS,n,2,304.72,4.89,D,0
31.04313,74.84914,332.89,0.43,0.38,2023-11-05,815,N,VIIRS,n,2,302.55,3.7,D,0
31.04362,75.01895,334.52,0.43,0.38,2023-11-05,815,N,VIIRS,n,2,303.18,4.52,D,0
31.04369,74.936,340.98,0.43,0.38,2023-11-05,815,N,VIIRS,n,2,301.89,4.06,D,0
31.04394,75.88689,338.19,0.46,0.39,2023-11-05,815,N,VIIRS,n,2,306.12,7.82,D,0
31.04399,75.88872,346.75,0.46,0.39,2023-11-05,815,N,VIIRS,n,2,306.02,13.66,D,0
31.04422,74.72176,332.79,0.42,0.38,2023-11-05,815,N,VIIRS,l,2,303.88,13.65,D,0
31.04481,74.72618,349.07,0.42,0.38,2023-11-05,815,N,VIIRS,n,2,309.48,13.65,D,0
31.04525,76.61359,332.62,0.5,0.41,2023-11-05,815,N,VIIRS,n,2,303.0,3.69,D,0
31.04597,74.73503,332.75,0.42,0.38,2023-11-05,815,N,VIIRS,l,2,304.75,3.63,D,0
31.04603,74.84406,336.39,0.43,0.38,2023-11-05,815,N,VIIRS,n,2,302.81,3.45,D,0
31.04655,74.73946,333.04,0.42,0.38,2023-11-05,815,N,VIIRS,l,2,303.53,3.43,D,0
31.04659,74.79387,332.97,0.42,0.38,2023-11-05,815,N,VIIRS,n,2,302.35,3.57,D,0
31.04675,75.7596,335.96,0.46,0.39,2023-11-05,815,N,VIIRS,n,2,301.41,3.62,D,0
31.04709,75.9713,333.41,0.47,0.4,2023-11-05,815,N,VIIRS,n,2,302.66,2.86,D,0
31.04765,74.69405,334.59,0.42,0.38,2023-11-05,815,N,VIIRS,n,2,306.61,2.96,D,0
31.04767,75.50179,345.34,0.45,0.39,2023-11-05,815,N,VIIRS,n,2,305.83,10.16,D,0
31.04776,74.93989,337.46,0.43,0.38,2023-11-05,815,N,VIIRS,n,2,306.0,28.95,D,0
31.04834,74.80721,336.3,0.42,0.38,2023-11-05,815,N,VIIRS,n,2,301.71,2.47,D,0
31.04885,75.03508,330.75,0.43,0.38,2023-11-05,815,N,VIIRS,n,2,301.06,3.23,D,0
31.04943,75.03643,345.18,0.43,0.38,2023-11-05,815,N,VIIRS,n,2,302.64,8.04,D,0
31.04944,75.0396,333.0,0.43,0.38,2023-11-05,815,N,VIIRS,n,2,301.66,5.09,D,0
31.05002,74.73884,337.05,0.42,0.38,2023-11-05,815,N,VIIRS,n,2,304.89,2.71,D,0
31.0506,74.74326,330.92,0.42,0.38,2023-11-05,815,N,VIIRS,n,2,303.5,2.71,D,0
31.05112,74.69344,332.32,0.42,0.38,2023-11-05,815,N,VIIRS,n,2,302.6,1.85,D,0
31.05123,74.80214,332.67,0.42,0.38,2023-11-05,815,N,VIIRS,n,2,302.47,3.75,D,0
31.05124,75.50117,341.11,0.45,0.39,2023-11-05,815,N,VIIRS,n,2,302.45,10.16,D,0
31.05179,75.36255,340.95,0.44,0.39,2023-11-05,815,N,VIIRS,n,2,301.1,3.62,D,0
31.05181,74.80659,338.21,0.42,0.38,2023-11-05,815,N,VIIRS,n,2,301.51,3.75,D,0
31.05239,74.81104,336.33,0.42,0.38,2023-11-05,815,N,VIIRS,n,2,302.51,2.89,D,0
31.05348,74.73823,333.57,0.42,0.38,2023-11-05,815,N,VIIRS,l,2,303.91,2.71,D,0
31.05578,74.72876,335.22,0.42,0.38,2023-11-05,815,N,VIIRS,n,2,303.79,2.85,D,0
31.05589,74.83775,334.35,0.43,0.38,2023-11-05,815,N,VIIRS,n,2,302.71,2.83,D,0
31.05645,74.81487,332.59,0.42,0.38,2023-11-05,815,N,VIIRS,n,2,301.72,2.89,D,0
31.05648,74.95214,337.93,0.43,0.38,2023-11-05,815,N,VIIRS,n,2,303.17,6.31,D,0
31.05684,75.98978,335.92,0.47,0.4,2023-11-05,815,N,VIIRS,n,2,302.3,3.51,D,0
31.05701,74.79203,340.93,0.42,0.38,2023-11-05,815,N,VIIRS,n,2,304.94,15.62,D,0
31.05703,74.81932,332.64,0.42,0.38,2023-11-05,815,N,VIIRS,n,2,303.71,3.07,D,0
31.05766,75.97147,335.38,0.47,0.4,2023-11-05,815,N,VIIRS,n,2,303.37,4.75,D,0
31.05802,75.96948,340.65,0.47,0.4,2023-11-05,815,N,VIIRS,n,2,303.54,5.25,D,0
31.05834,75.4138,306.54,0.44,0.39,2023-11-05,815,N,VIIRS,l,2,308.94,46.62,D,0
31.0587,74.75089,345.69,0.42,0.38,2023-11-05,815,N,VIIRS,n,2,308.42,17.91,D,0
31.05894,75.41847,339.52,0.45,0.39,2023-11-05,815,N,VIIRS,l,2,313.85,46.62,D,0
31.05932,74.78253,332.82,0.42,0.38,2023-11-05,815,N,VIIRS,n,2,302.73,4.93,D,0
31.05932,75.25253,334.81,0.44,0.38,2023-11-05,815,N,VIIRS,l,2,306.58,11.74,D,0
31.05936,74.83714,337.53,0.43,0.38,2023-11-05,815,N,VIIRS,n,2,301.56,2.83,D,0
31.06053,74.84607,339.08,0.43,0.38,2023-11-05,815,N,VIIRS,n,2,300.37,5.31,D,0
31.06054,75.01137,346.16,0.43,0.38,2023-11-05,815,N,VIIRS,n,2,308.38,16.89,D,0
31.06075,75.54772,337.54,0.45,0.39,2023-11-05,815,N,VIIRS,n,2,309.34,27.64,D,0
31.06231,74.94192,331.43,0.43,0.38,2023-11-05,815,N,VIIRS,l,2,304.11,6.55,D,0
31.06245,75.70789,332.06,0.46,0.39,2023-11-05,815,N,VIIRS,n,2,300.43,1.72,D,0
31.06284,74.83653,354.38,0.43,0.38,2023-11-05,815,N,VIIRS,n,2,306.55,8.51,D,0
31.06289,74.94642,332.94,0.43,0.38,2023-11-05,815,N,VIIRS,n,2,301.4,5.36,D,0
31.06404,75.01076,340.71,0.43,0.38,2023-11-05,815,N,VIIRS,n,2,302.95,4.27,D,0
31.06462,75.01527,333.93,0.43,0.38,2023-11-05,815,N,VIIRS,n,2,300.25,4.27,D,0
31.06521,74.93682,347.36,0.43,0.38,2023-11-05,815,N,VIIRS,n,2,305.57,6.55,D,0
31.06534,75.79098,342.21,0.46,0.39,2023-11-05,815,N,VIIRS,n,2,303.15,7.3,D,0
31.06539,75.7614,338.96,0.46,0.39,2023-11-05,815,N,VIIRS,n,2,302.67,4.3,D,0
31.0658,74.94131,334.16,0.43,0.38,2023-11-05,815,N,VIIRS,n,2,302.09,6.55,D,0
31.06638,74.9458,333.4,0.43,0.38,2023-11-05,815,N,VIIRS,n,2,300.21,5.36,D,0
31.0669,74.84038,331.99,0.43,0.38,2023-11-05,815,N,VIIRS,n,2,299.52,8.51,D,0
31.06731,76.0738,331.77,0.47,0.4,2023-11-05,815,N,VIIRS,n,2,304.3,2.54,D,0
31.06754,74.98245,332.94,0.43,0.38,2023-11-05,815,N,VIIRS,n,2,302.71,3.79,D,0
31.06791,75.57551,335.72,0.45,0.39,2023-11-05,815,N,VIIRS,n,2,301.9,3.93,D,0
31.0701,76.07539,336.32,0.47,0.4,2023-11-05,815,N,VIIRS,n,2,304.87,6.43,D,0
31.07055,76.25222,335.92,0.48,0.4,2023-11-05,815,N,VIIRS,n,2,304.36,4.17,D,0
31.0716,76.07818,340.27,0.47,0.4,2023-11-05,815,N,VIIRS,n,2,303.82,4.61,D,0
31.07296,76.17989,333.19,0.48,0.4,2023-11-05,815,N,VIIRS,l,2,303.53,5.36,D,0
31.07504,74.84808,346.38,0.43,0.38,2023-11-05,815,N,VIIRS,n,2,302.8,7.93,D,0
31.07602,76.17428,337.27,0.48,0.4,2023-11-05,815,N,VIIRS,n,2,304.38,3.91,D,0
31.07615,75.21833,335.89,0.44,0.38,2023-11-05,815,N,VIIRS,n,2,305.37,3.06,D,0
31.07664,76.17929,335.32,0.48,0.4,2023-11-05,815,N,VIIRS,n,2,303.17,6.67,D,0
31.07678,75.79401,339.52,0.46,0.39,2023-11-05,815,N,VIIRS,n,2,305.42,8.87,D,0
31.07738,75.79885,339.32,0.46,0.39,2023-11-05,815,N,VIIRS,n,2,305.37,6.21,D,0
31.07831,76.17604,343.5,0.48,0.4,2023-11-05,815,N,VIIRS,n,2,304.6,5.18,D,0
31.08038,75.02641,332.29,0.43,0.38,2023-11-05,815,N,VIIRS,n,2,301.9,2.87,D,0
31.0819,74.79217,354.5,0.42,0.38,2023-11-05,815,N,VIIRS,n,2,303.55,9.2,D,0
31.0822,75.80795,334.15,0.46,0.39,2023-11-05,815,N,VIIRS,n,2,302.76,3.99,D,0
31.08272,75.04453,332.32,0.43,0.38,2023-11-05,815,N,VIIRS,n,2,304.05,4.76,D,0
31.08308,75.30202,334.69,0.44,0.38,2023-11-05,815,N,VIIRS,n,2,304.03,2.92,D,0
31.0833,75.04906,332.85,0.43,0.38,2023-11-05,815,N,VIIRS,n,2,301.23,4.76,D,0
31.0836,75.30025,333.61,0.44,0.38,2023-11-05,815,N,VIIRS,n,2,302.98,1.84,D,0
31.08375,75.24995,331.71,0.44,0.38,2023-11-05,815,N,VIIRS,l,2,304.53,4.48,D,0
31.08456,75.85713,334.5,0.46,0.39,2023-11-05,815,N,VIIRS,n,2,302.43,3.04,D,0
31.08739,75.05299,340.28,0.43,0.38,2023-11-05,815,N,VIIRS,n,2,303.68,8.21,D,0
31.08739,75.10878,337.8,0.43,0.38,2023-11-05,815,N,VIIRS,n,2,302.28,7.79,D,0
31.08746,76.18994,333.01,0.48,0.4,2023-11-05,815,N,VIIRS,n,2,304.37,6.73,D,0
31.08806,76.19498,333.71,0.48,0.4,2023-11-05,815,N,VIIRS,n,2,305.14,6.73,D,0
31.08854,75.39433,333.46,0.44,0.39,2023-11-05,815,N,VIIRS,n,2,304.59,1.36,D,0
31.08857,75.08995,343.69,0.43,0.38,2023-11-05,815,N,VIIRS,n,2,304.34,11.31,D,0
31.08955,76.1926,339.26,0.48,0.4,2023-11-05,815,N,VIIRS,n,2,303.94,13.2,D,0
31.09087,74.99683,345.78,0.43,0.38,2023-11-05,815,N,VIIRS,n,2,305.97,11.09,D,0
31.09087,75.19232,344.21,0.44,0.38,2023-11-05,815,N,VIIRS,n,2,300.76,6.82,D,0
31.09116,75.39564,335.77,0.44,0.39,2023-11-05,815,N,VIIRS,n,2,306.05,4.14,D,0
31.0914,75.25334,338.32,0.44,0.38,2023-11-05,815,N,VIIRS,n,2,304.05,4.86,D,0
31.09193,74.89542,339.69,0.43,0.38,2023-11-05,815,N,VIIRS,n,2,304.14,5.54,D,0
31.09209,75.39371,331.31,0.44,0.39,2023-11-05,815,N,VIIRS,n,2,304.03,1.45,D,0
31.09233,75.40498,332.24,0.45,0.39,2023-11-05,815,N,VIIRS,n,2,305.06,2.16,D,0
31.09244,75.34781,341.81,0.44,0.39,2023-11-05,815,N,VIIRS,n,2,303.81,4.28,D,0
31.09384,75.37914,336.22,0.44,0.39,2023-11-05,815,N,VIIRS,n,2,303.12,3.59,D,0
31.09441,75.05177,344.06,0.43,0.38,2023-11-05,815,N,VIIRS,n,2,305.38,11.47,D,0
31.09669,75.26659,333.49,0.44,0.38,2023-11-05,815,N,VIIRS,l,2,304.87,9.54,D,0
31.09731,75.01881,334.74,0.43,0.38,2023-11-05,815,N,VIIRS,n,2,304.52,12.5,D,0
31.09786,75.69707,333.81,0.46,0.39,2023-11-05,815,N,VIIRS,n,2,301.33,2.78,D,0
31.09905,75.67729,331.02,0.46,0.39,2023-11-05,815,N,VIIRS,n,2,301.23,2.24,D,0
31.09907,75.70668,339.79,0.46,0.39,2023-11-05,815,N,VIIRS,n,2,304.43,6.21,D,0
31.09971,76.19823,336.84,0.48,0.4,2023-11-05,815,N,VIIRS,n,2,302.64,3.5,D,0
31.10024,75.65757,341.19,0.45,0.39,2023-11-05,815,N,VIIRS,n,2,303.54,6.72,D,0
31.10139,75.60869,335.68,0.45,0.39,2023-11-05,815,N,VIIRS,n,2,302.38,3.46,D,0
31.10151,76.21336,331.03,0.48,0.4,2023-11-05,815,N,VIIRS,l,2,302.19,1.65,D,0
31.10321,74.56812,347.85,0.42,0.37,2023-11-05,815,N,VIIRS,n,2,305.24,19.68,D,0
31.10372,76.04456,335.49,0.47,0.4,2023-11-05,815,N,VIIRS,n,2,304.59,3.66,D,0
31.1039,75.74516,330.89,0.46,0.39,2023-11-05,815,N,VIIRS,n,2,302.23,3.1,D,0
31.10429,74.72014,333.06,0.42,0.38,2023-11-05,815,N,VIIRS,n,2,302.57,3.03,D,0
31.10497,75.60809,344.26,0.45,0.39,2023-11-05,815,N,VIIRS,n,2,303.08,5.13,D,0
31.1051,75.87363,333.26,0.46,0.39,2023-11-05,815,N,VIIRS,n,2,302.43,2.52,D,0
31.10641,74.86997,336.36,0.43,0.38,2023-11-05,815,N,VIIRS,n,2,303.33,4.99,D,0
31.10738,76.04397,334.5,0.47,0.4,2023-11-05,815,N,VIIRS,n,2,305.34,7.38,D,0
31.1079,75.24108,338.6,0.44,0.38,2023-11-05,815,N,VIIRS,n,2,302.5,3.23,D,0
31.10829,76.20712,335.56,0.48,0.4,2023-11-05,815,N,VIIRS,n,2,305.24,7.63,D,0
31.10837,74.55373,344.38,0.42,0.37,2023-11-05,815,N,VIIRS,n,2,311.57,26.48,D,0
31.10847,75.274,330.53,0.44,0.38,2023-11-05,815,N,VIIRS,l,2,302.94,4.33,D,0
31.10932,75.93789,333.17,0.47,0.4,2023-11-05,815,N,VIIRS,l,2,303.5,7.18,D,0
31.11045,75.68027,331.66,0.46,0.39,2023-11-05,815,N,VIIRS,n,2,302.15,2.18,D,0
31.11144,75.24049,339.31,0.44,0.38,2023-11-05,815,N,VIIRS,n,2,300.93,3.23,D,0
31.11608,75.36278,333.59,0.44,0.39,2023-11-05,815,N,VIIRS,n,2,306.09,3.26,D,0
31.11673,75.25372,343.86,0.44,0.38,2023-11-05,815,N,VIIRS,n,2,305.31,11.49,D,0
31.11754,76.1902,343.41,0.48,0.4,2023-11-05,815,N,VIIRS,n,2,305.57,9.01,D,0
31.1185,75.23926,334.7,0.44,0.38,2023-11-05,815,N,VIIRS,n,2,301.22,2.97,D,0
31.11968,74.83562,352.7,0.43,0.38,2023-11-05,815,N,VIIRS,n,2,309.42,13.87,D,0
31.11968,75.2485,330.76,0.44,0.38,2023-11-05,815,N,VIIRS,n,2,300.71,3.62,D,0
31.12027,75.25311,341.92,0.44,0.38,2023-11-05,815,N,VIIRS,n,2,300.96,11.49,D,0
31.12122,76.18961,346.06,0.48,0.4,2023-11-05,815,N,VIIRS,n,2,303.69,9.01,D,0
31.12277,75.62162,346.37,0.45,0.39,2023-11-05,815,N,VIIRS,n,2,304.68,10.7,D,0
31.12315,74.83501,350.72,0.43,0.38,2023-11-05,815,N,VIIRS,n,2,301.28,13.87,D,0
31.12379,75.3377,340.81,0.44,0.39,2023-11-05,815,N,VIIRS,n,2,305.74,5.32,D,0
31.12473,75.61935,345.97,0.45,0.39,2023-11-05,815,N,VIIRS,n,2,303.8,9.42,D,0
31.12501,74.87586,346.03,0.43,0.38,2023-11-05,815,N,VIIRS,n,2,312.26,22.67,D,0
31.12502,74.54626,340.06,0.42,0.37,2023-11-05,815,N,VIIRS,n,2,304.99,4.46,D,0
31.12689,74.72164,333.45,0.42,0.38,2023-11-05,815,N,VIIRS,n,2,301.25,3.87,D,0
31.12784,75.67249,336.37,0.46,0.39,2023-11-05,815,N,VIIRS,n,2,303.74,4.24,D,0
31.12851,75.23283,346.64,0.44,0.38,2023-11-05,815,N,VIIRS,n,2,305.36,8.02,D,0
31.12857,74.90274,335.2,0.43,0.38,2023-11-05,815,N,VIIRS,n,2,303.5,2.8,D,0
31.12922,75.67424,342.12,0.46,0.39,2023-11-05,815,N,VIIRS,n,2,304.59,5.89,D,0
31.13041,76.20354,333.97,0.48,0.4,2023-11-05,815,N,VIIRS,n,2,302.24,2.37,D,0
31.13143,75.67188,339.08,0.46,0.39,2023-11-05,815,N,VIIRS,n,2,303.31,4.24,D,0
31.13205,75.23222,346.04,0.44,0.38,2023-11-05,815,N,VIIRS,n,2,300.75,8.02,D,0
31.13333,75.70786,337.8,0.46,0.39,2023-11-05,815,N,VIIRS,n,2,302.39,3.24,D,0
31.13399,75.75,343.28,0.46,0.39,2023-11-05,815,N,VIIRS,n,2,303.34,3.85,D,0
31.1341,76.20294,339.57,0.48,0.4,2023-11-05,815,N,VIIRS,n,2,303.14,7.07,D,0
31.13438,74.69766,348.19,0.42,0.38,2023-11-05,815,N,VIIRS,n,2,306.02,12.77,D,0
31.13442,75.74705,333.94,0.46,0.39,2023-11-05,815,N,VIIRS,n,2,303.73,3.72,D,0
31.13614,75.20798,336.82,0.44,0.38,2023-11-05,815,N,VIIRS,n,2,304.5,5.42,D,0
31.13674,75.21258,347.99,0.44,0.38,2023-11-05,815,N,VIIRS,n,2,304.79,12.33,D,0
31.1371,74.55752,334.58,0.42,0.37,2023-11-05,815,N,VIIRS,l,2,305.08,14.82,D,0
31.13718,74.6114,345.98,0.42,0.38,2023-11-05,815,N,VIIRS,n,2,309.58,10.95,D,0
31.1376,75.7494,331.63,0.46,0.39,2023-11-05,815,N,VIIRS,n,2,301.6,2.06,D,0
31.13904,74.76034,331.76,0.42,0.38,2023-11-05,815,N,VIIRS,n,2,300.17,1.95,D,0
31.13938,75.73434,334.94,0.46,0.39,2023-11-05,815,N,VIIRS,n,2,303.31,3.4,D,0
31.13967,75.20737,342.17,0.44,0.38,2023-11-05,815,N,VIIRS,n,2,302.42,16.42,D,0
31.14024,75.18379,345.23,0.44,0.38,2023-11-05,815,N,VIIRS,n,2,304.94,13.06,D,0
31.14261,75.20216,344.88,0.44,0.38,2023-11-05,815,N,VIIRS,n,2,313.25,16.42,D,0
31.14262,75.54544,330.51,0.45,0.39,2023-11-05,815,N,VIIRS,n,2,301.47,2.64,D,0
31.14276,76.05846,340.77,0.47,0.4,2023-11-05,815,N,VIIRS,n,2,303.4,5.29,D,0
31.1432,75.20677,340.19,0.44,0.38,2023-11-05,815,N,VIIRS,n,2,302.44,16.42,D,0
31.14333,76.18603,330.14,0.48,0.4,2023-11-05,815,N,VIIRS,l,2,301.42,3.1,D,0
31.14336,76.03303,334.96,0.47,0.4,2023-11-05,815,N,VIIRS,n,2,305.83,2.5,D,0
31.14337,76.06345,332.89,0.47,0.4,2023-11-05,815,N,VIIRS,n,2,302.75,5.29,D,0
31.14439,75.21597,345.98,0.44,0.38,2023-11-05,815,N,VIIRS,n,2,303.18,10.59,D,0
31.14499,75.22057,333.06,0.44,0.38,2023-11-05,815,N,VIIRS,n,2,300.0,3.98,D,0
31.14614,75.20156,346.85,0.44,0.38,2023-11-05,815,N,VIIRS,n,2,301.56,10.72,D,0
31.14695,74.60515,336.04,0.42,0.38,2023-11-05,815,N,VIIRS,n,2,304.77,52.1,D,0
31.14716,74.82269,342.53,0.43,0.38,2023-11-05,815,N,VIIRS,n,2,304.71,5.63,D,0
31.14745,75.35268,337.94,0.44,0.39,2023-11-05,815,N,VIIRS,n,2,304.79,3.68,D,0
31.14923,75.39529,334.28,0.45,0.39,2023-11-05,815,N,VIIRS,l,2,305.63,7.07,D,0
31.15064,74.82208,351.98,0.43,0.38,2023-11-05,815,N,VIIRS,n,2,303.81,5.63,D,0
31.15131,76.18987,348.05,0.48,0.4,2023-11-05,815,N,VIIRS,n,2,304.7,11.43,D,0
31.15159,75.35674,332.62,0.44,0.39,2023-11-05,815,N,VIIRS,n,2,302.9,2.44,D,0
31.15173,74.72174,339.07,0.42,0.38,2023-11-05,815,N,VIIRS,n,2,302.96,6.5,D,0
31.15231,74.72617,335.61,0.42,0.38,2023-11-05,815,N,VIIRS,n,2,304.46,6.5,D,0
31.15279,75.39469,335.03,0.45,0.39,2023-11-05,815,N,VIIRS,n,2,303.34,7.07,D,0
31.15391,74.63091,338.8,0.42,0.38,2023-11-05,815,N,VIIRS,n,2,303.96,3.86,D,0
31.15436,75.69944,344.17,0.46,0.39,2023-11-05,815,N,VIIRS,n,2,304.57,4.29,D,0
31.15439,75.20953,334.58,0.44,0.38,2023-11-05,815,N,VIIRS,n,2,301.8,1.92,D,0
31.15462,75.85268,330.15,0.46,0.39,2023-11-05,815,N,VIIRS,n,2,303.7,1.24,D,0
31.15512,75.32758,333.39,0.44,0.39,2023-11-05,815,N,VIIRS,l,2,305.39,2.05,D,0
31.15618,75.22336,331.8,0.44,0.38,2023-11-05,815,N,VIIRS,n,2,300.7,1.25,D,0
31.15668,75.74827,338.06,0.46,0.39,2023-11-05,815,N,VIIRS,n,2,304.76,7.31,D,0
31.15727,75.7531,347.24,0.46,0.39,2023-11-05,815,N,VIIRS,n,2,302.59,7.31,D,0
31.15761,74.84829,341.59,0.43,0.38,2023-11-05,815,N,VIIRS,n,2,302.31,3.6,D,0
31.15845,75.76276,343.36,0.46,0.39,2023-11-05,815,N,VIIRS,n,2,304.11,18.57,D,0
31.15901,74.5895,334.42,0.42,0.38,2023-11-05,815,N,VIIRS,n,2,304.2,0.92,D,0
31.16171,75.55191,332.99,0.45,0.39,2023-11-05,815,N,VIIRS,n,2,300.0,2.26,D,0
31.16181,74.55756,342.92,0.42,0.37,2023-11-05,815,N,VIIRS,n,2,311.66,22.44,D,0
31.16289,75.41688,338.49,0.45,0.39,2023-11-05,815,N,VIIRS,n,2,303.8,5.6,D,0
31.16432,75.17494,335.84,0.44,0.38,2023-11-05,815,N,VIIRS,n,2,302.84,2.34,D,0
31.16443,74.71042,331.23,0.42,0.38,2023-11-05,815,N,VIIRS,n,2,301.93,1.38,D,0
31.16468,75.57565,346.12,0.45,0.39,2023-11-05,815,N,VIIRS,n,2,304.71,13.65,D,0
31.16617,75.21693,341.52,0.44,0.38,2023-11-05,815,N,VIIRS,n,2,309.51,26.94,D,0
31.16664,76.131,342.79,0.48,0.4,2023-11-05,815,N,VIIRS,n,2,304.52,6.92,D,0
31.16789,74.7098,333.84,0.42,0.38,2023-11-05,815,N,VIIRS,n,2,301.43,2.91,D,0
31.16884,75.43504,336.78,0.45,0.39,2023-11-05,815,N,VIIRS,n,2,302.27,3.98,D,0
31.16911,76.15106,338.2,0.48,0.4,2023-11-05,815,N,VIIRS,n,2,304.99,9.91,D,0
31.16924,74.8829,331.97,0.43,0.38,2023-11-05,815,N,VIIRS,n,2,301.58,1.95,D,0
31.17008,74.64607,333.43,0.42,0.38,2023-11-05,815,N,VIIRS,n,2,302.19,1.63,D,0
31.1709,76.10478,336.54,0.48,0.4,2023-11-05,815,N,VIIRS,n,2,301.52,3.04,D,0
31.17234,75.37701,330.22,0.44,0.39,2023-11-05,815,N,VIIRS,n,2,302.96,1.95,D,0
31.17338,76.1248,333.94,0.48,0.4,2023-11-05,815,N,VIIRS,l,2,304.23,4.89,D,0
31.17385,74.83625,335.7,0.43,0.38,2023-11-05,815,N,VIIRS,n,2,302.01,2.52,D,0
31.17421,75.47736,338.87,0.45,0.39,2023-11-05,815,N,VIIRS,n,2,303.62,4.9,D,0
31.17433,74.75861,334.55,0.42,0.38,2023-11-05,815,N,VIIRS,n,2,303.09,3.19,D,0
31.17479,75.45322,336.94,0.45,0.39,2023-11-05,815,N,VIIRS,n,2,303.92,2.89,D,0
31.17704,75.82408,335.38,0.46,0.39,2023-11-05,815,N,VIIRS,n,2,303.03,3.0,D,0
31.17772,75.76945,335.1,0.46,0.39,2023-11-05,815,N,VIIRS,n,2,302.19,2.68,D,0
31.17898,75.71991,334.45,0.46,0.39,2023-11-05,815,N,VIIRS,n,2,302.68,2.8,D,0
31.17985,75.93857,347.44,0.47,0.4,2023-11-05,815,N,VIIRS,n,2,305.77,7.23,D,0
31.18011,75.78884,333.57,0.46,0.39,2023-11-05,815,N,VIIRS,n,2,301.51,3.47,D,0
31.18021,75.67059,336.97,0.46,0.39,2023-11-05,815,N,VIIRS,n,2,302.55,3.91,D,0
31.18087,75.11245,333.54,0.44,0.38,2023-11-05,815,N,VIIRS,n,2,302.07,4.74,D,0
31.18147,74.92209,330.35,0.43,0.38,2023-11-05,815,N,VIIRS,n,2,303.09,2.38,D,0
31.18214,74.63039,334.35,0.42,0.38,2023-11-05,815,N,VIIRS,n,2,302.73,2.15,D,0
31.18229,76.14627,331.32,0.48,0.4,2023-11-05,815,N,VIIRS,l,2,304.27,7.09,D,0
31.18288,76.15131,332.94,0.48,0.4,2023-11-05,815,N,VIIRS,n,2,302.65,7.09,D,0
31.18378,76.118,337.49,0.48,0.4,2023-11-05,815,N,VIIRS,n,2,306.29,13.37,D,0
31.18383,76.14869,340.02,0.48,0.4,2023-11-05,815,N,VIIRS,n,2,306.98,13.66,D,0
31.18384,74.61656,333.93,0.42,0.38,2023-11-05,815,N,VIIRS,n,2,303.86,2.74,D,0
31.18442,74.62096,334.29,0.42,0.38,2023-11-05,815,N,VIIRS,n,2,302.51,2.74,D,0
31.18478,76.13561,331.06,0.48,0.4,2023-11-05,815,N,VIIRS,l,2,302.91,2.8,D,0
31.18484,74.81145,331.11,0.43,0.38,2023-11-05,815,N,VIIRS,l,2,303.44,3.25,D,0
31.18501,75.65022,335.43,0.46,0.39,2023-11-05,815,N,VIIRS,n,2,301.43,4.07,D,0
31.18537,76.14064,332.93,0.48,0.4,2023-11-05,815,N,VIIRS,l,2,303.7,2.8,D,0
31.18558,74.98141,345.26,0.43,0.38,2023-11-05,815,N,VIIRS,n,2,301.04,8.16,D,0
31.1856,74.62976,333.34,0.42,0.38,2023-11-05,815,N,VIIRS,n,2,301.51,1.3,D,0
31.18584,75.31282,333.53,0.44,0.39,2023-11-05,815,N,VIIRS,n,2,303.22,2.01,D,0
31.18616,74.98594,332.37,0.43,0.38,2023-11-05,815,N,VIIRS,n,2,300.16,8.16,D,0
31.18666,76.11994,336.02,0.48,0.4,2023-11-05,815,N,VIIRS,n,2,305.63,9.44,D,0
31.18726,76.12497,337.11,0.48,0.4,2023-11-05,815,N,VIIRS,n,2,306.84,5.61,D,0
31.18808,76.12241,346.93,0.48,0.4,2023-11-05,815,N,VIIRS,n,2,306.29,7.57,D,0
31.18824,75.3138,333.47,0.44,0.39,2023-11-05,815,N,VIIRS,n,2,304.58,2.45,D,0
31.18897,75.23318,335.27,0.44,0.38,2023-11-05,815,N,VIIRS,n,2,303.4,3.42,D,0
31.18919,75.74284,330.5,0.46,0.39,2023-11-05,815,N,VIIRS,n,2,301.97,2.33,D,0
31.19061,76.17321,334.84,0.48,0.4,2023-11-05,815,N,VIIRS,n,2,302.69,3.03,D,0
31.19096,75.55183,337.52,0.45,0.39,2023-11-05,815,N,VIIRS,n,2,303.72,10.19,D,0
31.19146,75.46964,334.45,0.45,0.39,2023-11-05,815,N,VIIRS,n,2,300.75,2.85,D,0
31.19263,76.17023,330.24,0.48,0.4,2023-11-05,815,N,VIIRS,l,2,302.48,1.6,D,0
31.19312,75.20887,346.9,0.44,0.38,2023-11-05,815,N,VIIRS,n,2,302.24,8.91,D,0
31.19375,74.98922,337.99,0.43,0.38,2023-11-05,815,N,VIIRS,n,2,303.27,3.26,D,0
31.19431,75.18983,334.14,0.44,0.38,2023-11-05,815,N,VIIRS,n,2,305.03,2.28,D,0
31.19503,75.46904,340.03,0.45,0.39,2023-11-05,815,N,VIIRS,n,2,302.31,4.03,D,0
31.19586,74.81405,350.59,0.43,0.38,2023-11-05,815,N,VIIRS,n,2,310.75,24.81,D,0
31.19785,75.18923,333.78,0.44,0.38,2023-11-05,815,N,VIIRS,n,2,301.29,2.28,D,0
31.19881,75.67239,336.02,0.46,0.39,2023-11-05,815,N,VIIRS,n,2,303.1,3.48,D,0
31.19934,74.81343,340.96,0.43,0.38,2023-11-05,815,N,VIIRS,n,2,302.84,24.81,D,0
31.19948,74.89591,335.44,0.43,0.38,2023-11-05,815,N,VIIRS,n,2,302.59,2.86,D,0
31.20133,74.57409,331.26,0.42,0.38,2023-11-05,815,N,VIIRS,n,2,303.58,2.06,D,0
31.20269,74.57269,330.91,0.42,0.38,2023-11-05,815,N,VIIRS,n,2,303.71,1.37,D,0
31.20276,74.78542,333.43,0.42,0.38,2023-11-05,815,N,VIIRS,n,2,302.15,2.23,D,0
31.20603,75.70064,332.54,0.46,0.39,2023-11-05,815,N,VIIRS,n,2,301.6,2.5,D,0
31.20837,75.95902,339.82,0.47,0.4,2023-11-05,815,N,VIIRS,n,2,303.68,4.03,D,0
31.20886,74.94033,339.43,0.43,0.38,2023-11-05,815,N,VIIRS,n,2,304.24,3.85,D,0
31.21068,75.56309,330.36,0.45,0.39,2023-11-05,815,N,VIIRS,n,2,301.22,2.23,D,0
31.2124,76.11576,331.31,0.48,0.4,2023-11-05,815,N,VIIRS,l,2,302.27,7.51,D,0
31.21254,75.21968,335.14,0.44,0.38,2023-11-05,815,N,VIIRS,n,2,303.15,3.58,D,0
31.21342,74.58541,333.45,0.42,0.38,2023-11-05,815,N,VIIRS,n,2,302.33,2.14,D,0
31.21456,74.56721,334.19,0.42,0.38,2023-11-05,815,N,VIIRS,n,2,303.97,2.9,D,0
31.21608,75.21906,334.34,0.44,0.38,2023-11-05,815,N,VIIRS,n,2,302.51,3.58,D,0
31.21806,75.70846,338.99,0.46,0.39,2023-11-05,815,N,VIIRS,n,2,302.83,5.43,D,0
31.21866,75.71327,332.4,0.46,0.39,2023-11-05,815,N,VIIRS,n,2,302.07,5.43,D,0
31.21898,75.10115,334.25,0.44,0.38,2023-11-05,815,N,VIIRS,n,2,301.19,3.67,D,0
31.21927,75.7181,333.44,0.46,0.39,2023-11-05,815,N,VIIRS,l,2,304.32,7.1,D,0
31.21936,74.03138,344.5,0.4,0.37,2023-11-05,815,N,VIIRS,n,2,300.89,5.23,D,0
31.21972,74.5528,340.7,0.42,0.38,2023-11-05,815,N,VIIRS,n,2,302.78,3.85,D,0
31.22124,74.76392,333.97,0.42,0.38,2023-11-05,815,N,VIIRS,n,2,302.64,2.99,D,0
31.22132,74.79127,342.28,0.42,0.38,2023-11-05,815,N,VIIRS,n,2,303.4,4.03,D,0
31.22265,74.62884,333.04,0.42,0.38,2023-11-05,815,N,VIIRS,n,2,302.62,4.8,D,0
31.22372,75.16595,344.78,0.44,0.38,2023-11-05,815,N,VIIRS,n,2,302.18,5.59,D,0
31.2264,74.74934,334.17,0.42,0.38,2023-11-05,815,N,VIIRS,n,2,302.43,1.77,D,0
31.22786,74.75037,332.19,0.42,0.38,2023-11-05,815,N,VIIRS,n,2,300.83,2.42,D,0
31.22901,75.82542,334.78,0.46,0.39,2023-11-05,815,N,VIIRS,n,2,302.82,2.74,D,0
31.22904,75.88532,332.46,0.47,0.39,2023-11-05,815,N,VIIRS,n,2,301.74,2.88,D,0
31.22956,75.1274,331.1,0.44,0.38,2023-11-05,815,N,VIIRS,n,2,301.68,2.12,D,0
31.23144,76.05651,337.4,0.47,0.4,2023-11-05,815,N,VIIRS,n,2,303.52,3.41,D,0
31.23207,74.89938,337.76,0.43,0.38,2023-11-05,815,N,VIIRS,n,2,304.81,3.22,D,0
31.23259,74.8763,335.32,0.43,0.38,2023-11-05,815,N,VIIRS,n,2,302.8,4.07,D,0
31.23268,75.88472,333.04,0.47,0.39,2023-11-05,815,N,VIIRS,n,2,301.65,7.62,D,0
31.23326,74.90839,334.59,0.43,0.38,2023-11-05,815,N,VIIRS,n,2,304.01,3.21,D,0
31.23351,74.55033,336.74,0.42,0.38,2023-11-05,815,N,VIIRS,n,2,304.13,1.82,D,0
31.2337,75.15952,333.57,0.44,0.38,2023-11-05,815,N,VIIRS,n,2,302.17,1.7,D,0
31.23477,75.63702,332.12,0.46,0.39,2023-11-05,815,N,VIIRS,n,2,303.54,4.5,D,0
31.23508,76.08649,333.02,0.48,0.4,2023-11-05,815,N,VIIRS,n,2,302.44,5.93,D,0
31.23538,75.64181,332.3,0.46,0.39,2023-11-05,815,N,VIIRS,n,2,301.34,4.5,D,0
31.23573,75.63853,343.32,0.46,0.39,2023-11-05,815,N,VIIRS,n,2,303.89,8.26,D,0
31.23573,75.93943,330.96,0.47,0.4,2023-11-05,815,N,VIIRS,n,2,303.63,3.46,D,0
31.23614,75.73502,335.92,0.46,0.39,2023-11-05,815,N,VIIRS,n,2,302.99,6.39,D,0
31.23634,75.94436,334.83,0.47,0.4,2023-11-05,815,N,VIIRS,n,2,305.04,4.94,D,0
31.23751,75.86391,331.82,0.47,0.39,2023-11-05,815,N,VIIRS,n,2,303.84,4.32,D,0
31.23753,75.89393,336.7,0.47,0.39,2023-11-05,815,N,VIIRS,n,2,304.6,3.42,D,0
31.23778,74.8616,334.97,0.43,0.38,2023-11-05,815,N,VIIRS,n,2,302.58,3.81,D,0
31.23794,74.91679,333.13,0.43,0.38,2023-11-05,815,N,VIIRS,l,2,303.14,4.23,D,0
31.23812,75.8688,333.63,0.47,0.39,2023-11-05,815,N,VIIRS,n,2,304.16,4.32,D,0
31.23882,74.86279,335.69,0.43,0.38,2023-11-05,815,N,VIIRS,n,2,303.1,3.57,D,0
31.2396,75.17731,336.1,0.44,0.38,2023-11-05,815,N,VIIRS,n,2,303.34,3.68,D,0
31.23998,75.04149,339.46,0.43,0.38,2023-11-05,815,N,VIIRS,n,2,304.18,5.25,D,0
31.24001,74.70726,340.29,0.42,0.38,2023-11-05,815,N,VIIRS,n,2,304.09,4.6,D,0
31.2402,75.18191,333.36,0.44,0.38,2023-11-05,815,N,VIIRS,n,2,302.78,3.68,D,0
31.24058,75.04604,337.11,0.43,0.38,2023-11-05,815,N,VIIRS,n,2,303.17,3.88,D,0
31.24543,75.13872,339.07,0.44,0.38,2023-11-05,815,N,VIIRS,n,2,304.6,4.33,D,0
31.24556,75.25181,333.46,0.44,0.38,2023-11-05,815,N,VIIRS,l,2,304.4,6.55,D,0
31.24581,75.03116,339.12,0.43,0.38,2023-11-05,815,N,VIIRS,n,2,303.47,2.09,D,0
31.24754,74.73776,334.69,0.42,0.38,2023-11-05,815,N,VIIRS,n,2,301.58,2.54,D,0
31.25269,75.33607,356.42,0.44,0.39,2023-11-05,815,N,VIIRS,n,2,312.13,30.42,D,0
31.25506,75.32616,333.67,0.44,0.39,2023-11-05,815,N,VIIRS,n,2,302.96,1.85,D,0
31.25624,74.91499,335.15,0.43,0.38,2023-11-05,815,N,VIIRS,n,2,304.64,10.34,D,0
31.2592,75.33021,332.23,0.44,0.39,2023-11-05,815,N,VIIRS,n,2,303.41,1.85,D,0
31.26017,75.16904,333.75,0.44,0.38,2023-11-05,815,N,VIIRS,n,2,303.53,3.31,D,0
31.26077,75.17365,342.82,0.44,0.38,2023-11-05,815,N,VIIRS,n,2,304.01,6.79,D,0
31.26205,74.7945,335.22,0.43,0.38,2023-11-05,815,N,VIIRS,n,2,301.73,3.02,D,0
31.26205,74.96018,333.74,0.43,0.38,2023-11-05,815,N,VIIRS,n,2,301.99,3.79,D,0
31.26323,74.91375,332.98,0.43,0.38,2023-11-05,815,N,VIIRS,n,2,304.01,4.93,D,0
31.26335,75.33426,335.66,0.44,0.39,2023-11-05,815,N,VIIRS,n,2,303.48,6.31,D,0
31.26343,75.05603,344.78,0.43,0.38,2023-11-05,815,N,VIIRS,n,2,305.92,11.61,D,0
31.26371,75.0575,344.74,0.43,0.38,2023-11-05,815,N,VIIRS,n,2,306.74,14.08,D,0
31.26435,75.20129,330.74,0.44,0.38,2023-11-05,815,N,VIIRS,n,2,300.8,2.06,D,0
31.26497,74.95504,334.8,0.43,0.38,2023-11-05,815,N,VIIRS,n,2,302.51,2.87,D,0
31.26794,75.22902,331.05,0.44,0.38,2023-11-05,815,N,VIIRS,n,2,302.14,1.55,D,0
31.26859,75.26206,335.05,0.44,0.38,2023-11-05,815,N,VIIRS,n,2,303.15,4.04,D,0
31.27328,75.2423,335.34,0.44,0.38,2023-11-05,815,N,VIIRS,n,2,302.72,2.18,D,0
31.27357,75.13542,330.89,0.44,0.38,2023-11-05,815,N,VIIRS,n,2,302.82,2.8,D,0
31.27362,75.13383,331.43,0.44,0.38,2023-11-05,815,N,VIIRS,n,2,302.6,2.84,D,0
31.27366,75.0511,333.73,0.43,0.38,2023-11-05,815,N,VIIRS,n,2,302.32,2.55,D,0
31.27425,75.05566,332.61,0.43,0.38,2023-11-05,815,N,VIIRS,n,2,301.25,2.55,D,0
31.27572,75.28932,334.28,0.44,0.39,2023-11-05,815,N,VIIRS,n,2,303.63,4.65,D,0
31.27805,75.83411,334.21,0.46,0.39,2023-11-05,815,N,VIIRS,n,2,300.73,4.0,D,0
31.27807,75.27941,331.83,0.44,0.38,2023-11-05,815,N,VIIRS,n,2,306.83,7.79,D,0
31.27867,75.28406,333.21,0.44,0.39,2023-11-05,815,N,VIIRS,n,2,301.95,7.21,D,0
31.27915,75.23182,339.28,0.44,0.38,2023-11-05,815,N,VIIRS,n,2,303.91,3.39,D,0
31.28184,74.8644,332.43,0.43,0.38,2023-11-05,815,N,VIIRS,n,2,301.12,2.47,D,0
31.28188,74.94744,334.88,0.43,0.38,2023-11-05,815,N,VIIRS,n,2,302.67,4.36,D,0
31.28269,75.23122,331.77,0.44,0.38,2023-11-05,815,N,VIIRS,l,2,303.73,3.39,D,0
31.28359,74.87788,339.42,0.43,0.38,2023-11-05,815,N,VIIRS,n,2,302.47,5.85,D,0
31.28362,75.04469,331.18,0.43,0.38,2023-11-05,815,N,VIIRS,n,2,300.88,1.85,D,0
31.28364,74.98887,336.89,0.43,0.38,2023-11-05,815,N,VIIRS,n,2,302.78,3.88,D,0
31.28714,74.98825,346.81,0.43,0.38,2023-11-05,815,N,VIIRS,n,2,303.8,3.88,D,0
31.28769,74.90945,346.96,0.43,0.38,2023-11-05,815,N,VIIRS,n,2,302.87,7.73,D,0
31.2879,74.66696,338.5,0.42,0.38,2023-11-05,815,N,VIIRS,n,2,305.28,3.23,D,0
31.29031,74.71195,339.32,0.42,0.38,2023-11-05,815,N,VIIRS,n,2,306.89,12.7,D,0
31.29105,75.24564,354.09,0.44,0.38,2023-11-05,815,N,VIIRS,n,2,310.06,28.85,D,0
31.29157,75.24389,346.77,0.44,0.38,2023-11-05,815,N,VIIRS,n,2,307.85,13.78,D,0
31.29179,74.94108,338.63,0.43,0.38,2023-11-05,815,N,VIIRS,n,2,304.54,4.61,D,0
31.29217,75.24852,337.44,0.44,0.38,2023-11-05,815,N,VIIRS,n,2,305.34,13.78,D,0
31.29377,75.84148,340.93,0.46,0.39,2023-11-05,815,N,VIIRS,n,2,302.13,3.56,D,0
31.29409,74.9037,334.43,0.43,0.38,2023-11-05,815,N,VIIRS,n,2,302.47,3.16,D,0
31.29527,74.91272,347.16,0.43,0.38,2023-11-05,815,N,VIIRS,n,2,305.13,14.53,D,0
31.29529,74.94047,335.9,0.43,0.38,2023-11-05,815,N,VIIRS,n,2,301.89,4.61,D,0
31.29876,74.91211,346.84,0.43,0.38,2023-11-05,815,N,VIIRS,n,2,307.35,14.53,D,0
31.30049,74.89796,330.26,0.43,0.38,2023-11-05,815,N,VIIRS,l,2,302.18,1.99,D,0
31.30284,75.2531,335.49,0.44,0.38,2023-11-05,815,N,VIIRS,n,2,302.95,5.16,D,0
31.30285,74.91602,339.72,0.43,0.38,2023-11-05,815,N,VIIRS,n,2,303.7,4.99,D,0
31.30411,75.06446,331.93,0.43,0.38,2023-11-05,815,N,VIIRS,n,2,301.63,2.94,D,0
31.30879,75.18581,336.13,0.44,0.38,2023-11-05,815,N,VIIRS,n,2,302.57,5.4,D,0
31.30997,75.19505,334.6,0.44,0.38,2023-11-05,815,N,VIIRS,n,2,301.75,4.16,D,0
31.31288,75.24662,332.32,0.44,0.38,2023-11-05,815,N,VIIRS,n,2,304.32,1.82,D,0
31.31505,74.90001,333.27,0.43,0.38,2023-11-05,815,N,VIIRS,n,2,303.93,20.32,D,0
31.31642,75.24601,333.75,0.44,0.38,2023-11-05,815,N,VIIRS,n,2,302.07,2.16,D,0
31.31739,74.67532,336.74,0.42,0.38,2023-11-05,815,N,VIIRS,n,2,302.3,3.28,D,0
31.31809,74.97818,341.77,0.43,0.38,2023-11-05,815,N,VIIRS,n,2,308.98,11.82,D,0
31.31855,74.8994,342.4,0.43,0.38,2023-11-05,815,N,VIIRS,n,2,310.39,20.32,D,0
31.31868,74.98272,346.9,0.43,0.38,2023-11-05,815,N,VIIRS,n,2,300.9,11.82,D,0
31.32159,74.97756,330.36,0.43,0.38,2023-11-05,815,N,VIIRS,n,2,300.92,11.82,D,0
31.32204,74.68358,346.6,0.42,0.38,2023-11-05,815,N,VIIRS,n,2,305.93,6.2,D,0
31.32217,75.71256,332.81,0.46,0.39,2023-11-05,815,N,VIIRS,n,2,301.21,1.77,D,0
31.32331,74.6851,332.65,0.42,0.38,2023-11-05,815,N,VIIRS,l,2,304.2,6.73,D,0
31.32406,75.30653,334.48,0.44,0.39,2023-11-05,815,N,VIIRS,n,2,300.98,2.55,D,0
31.32429,74.45038,330.79,0.42,0.37,2023-11-05,815,N,VIIRS,n,2,301.76,2.07,D,0
31.32551,74.68295,339.38,0.42,0.38,2023-11-05,815,N,VIIRS,n,2,304.82,6.2,D,0
31.32582,77.3806,337.33,0.55,0.43,2023-11-05,815,N,VIIRS,n,2,296.7,5.75,D,0
31.32619,74.9304,346.65,0.43,0.38,2023-11-05,815,N,VIIRS,n,2,302.19,7.02,D,0
31.3262,74.71468,345.98,0.42,0.38,2023-11-05,815,N,VIIRS,n,2,307.78,16.1,D,0
31.32649,77.38222,332.31,0.55,0.43,2023-11-05,815,N,VIIRS,n,2,295.49,4.09,D,0
31.32677,74.71178,345.21,0.42,0.38,2023-11-05,815,N,VIIRS,n,2,306.29,8.18,D,0
31.32705,75.21574,337.32,0.44,0.38,2023-11-05,815,N,VIIRS,n,2,302.78,3.63,D,0
31.32735,74.71624,331.19,0.42,0.38,2023-11-05,815,N,VIIRS,n,2,301.1,8.18,D,0
31.32738,74.72356,345.41,0.42,0.38,2023-11-05,815,N,VIIRS,n,2,304.9,9.09,D,0
31.32793,74.7207,335.41,0.42,0.38,2023-11-05,815,N,VIIRS,n,2,303.1,8.08,D,0
31.32855,74.94851,333.5,0.43,0.38,2023-11-05,815,N,VIIRS,n,2,302.24,2.28,D,0
31.32943,75.74104,339.45,0.46,0.39,2023-11-05,815,N,VIIRS,n,2,302.27,5.47,D,0
31.32947,75.9511,332.16,0.47,0.4,2023-11-05,815,N,VIIRS,l,2,303.12,2.04,D,0
31.3314,74.69275,332.33,0.42,0.38,2023-11-05,815,N,VIIRS,n,2,302.97,2.88,D,0
31.33305,74.87378,341.27,0.43,0.38,2023-11-05,815,N,VIIRS,n,2,305.22,4.69,D,0
31.33364,74.87828,330.56,0.43,0.38,2023-11-05,815,N,VIIRS,l,2,300.76,4.69,D,0
31.33541,74.61487,336.04,0.42,0.38,2023-11-05,815,N,VIIRS,n,2,302.37,5.26,D,0
31.33654,74.87316,331.19,0.43,0.38,2023-11-05,815,N,VIIRS,l,2,301.98,4.69,D,0
31.33703,75.38084,330.91,0.45,0.39,2023-11-05,815,N,VIIRS,l,2,301.54,2.32,D,0
31.33771,74.60541,338.22,0.42,0.38,2023-11-05,815,N,VIIRS,n,2,301.62,3.79,D,0
31.33892,74.8912,330.03,0.43,0.38,2023-11-05,815,N,VIIRS,n,2,301.21,1.44,D,0
31.34058,74.60036,341.43,0.42,0.38,2023-11-05,815,N,VIIRS,n,2,302.03,6.19,D,0
31.34155,75.02061,332.64,0.43,0.38,2023-11-05,815,N,VIIRS,n,2,301.08,3.53,D,0
31.34181,75.30347,337.99,0.44,0.39,2023-11-05,815,N,VIIRS,n,2,301.79,2.69,D,0
31.34297,74.72713,330.06,0.42,0.38,2023-11-05,815,N,VIIRS,l,2,301.64,2.26,D,0
31.34398,75.79823,344.76,0.46,0.39,2023-11-05,815,N,VIIRS,n,2,302.53,5.27,D,0
31.34463,74.85331,344.18,0.43,0.38,2023-11-05,815,N,VIIRS,n,2,303.16,12.62,D,0
31.34526,74.85506,338.11,0.43,0.38,2023-11-05,815,N,VIIRS,n,2,303.22,10.14,D,0
31.34529,74.7176,334.2,0.42,0.38,2023-11-05,815,N,VIIRS,n,2,302.05,3.0,D,0
31.34575,74.58588,351.02,0.42,0.38,2023-11-05,815,N,VIIRS,n,2,314.61,40.23,D,0
31.34724,74.95451,332.83,0.43,0.38,2023-11-05,815,N,VIIRS,n,2,300.91,2.36,D,0
31.34986,75.08458,337.96,0.44,0.38,2023-11-05,815,N,VIIRS,n,2,300.73,3.03,D,0
31.35127,75.29232,338.57,0.44,0.39,2023-11-05,815,N,VIIRS,n,2,303.14,5.02,D,0
31.35305,74.94421,347.22,0.43,0.38,2023-11-05,815,N,VIIRS,n,2,305.26,9.27,D,0
31.35365,75.33968,333.28,0.44,0.39,2023-11-05,815,N,VIIRS,n,2,301.38,3.01,D,0
31.35452,74.92734,334.11,0.43,0.38,2023-11-05,815,N,VIIRS,n,2,302.11,5.85,D,0
31.35476,74.93002,339.71,0.43,0.38,2023-11-05,815,N,VIIRS,n,2,301.7,4.86,D,0
31.35565,75.04613,333.74,0.43,0.38,2023-11-05,815,N,VIIRS,l,2,303.91,8.95,D,0
31.3562,74.63834,330.84,0.42,0.38,2023-11-05,815,N,VIIRS,n,2,299.56,2.67,D,0
31.3613,75.25727,347.13,0.44,0.38,2023-11-05,815,N,VIIRS,n,2,302.49,5.56,D,0
31.36152,74.76039,330.08,0.43,0.38,2023-11-05,815,N,VIIRS,l,2,300.78,3.51,D,0
31.36328,75.04948,335.9,0.43,0.38,2023-11-05,815,N,VIIRS,n,2,301.75,5.46,D,0
31.36547,75.28989,330.97,0.44,0.39,2023-11-05,815,N,VIIRS,n,2,302.61,2.33,D,0
31.36664,74.99294,332.55,0.43,0.38,2023-11-05,815,N,VIIRS,n,2,300.96,1.41,D,0
31.36671,74.99487,333.99,0.43,0.38,2023-11-05,815,N,VIIRS,n,2,301.87,2.67,D,0
31.36673,74.74574,333.02,0.42,0.38,2023-11-05,815,N,VIIRS,n,2,301.33,3.17,D,0
31.36903,74.73619,336.48,0.42,0.38,2023-11-05,815,N,VIIRS,n,2,302.7,2.61,D,0
31.36944,75.18004,345.46,0.44,0.38,2023-11-05,815,N,VIIRS,n,2,304.49,13.67,D,0
31.3702,74.74512,330.71,0.42,0.38,2023-11-05,815,N,VIIRS,n,2,300.53,3.17,D,0
31.37024,74.96633,333.96,0.43,0.38,2023-11-05,815,N,VIIRS,n,2,301.77,3.47,D,0
31.37131,74.69929,333.03,0.42,0.38,2023-11-05,815,N,VIIRS,n,2,300.87,2.2,D,0
31.37197,75.284,335.56,0.44,0.39,2023-11-05,815,N,VIIRS,n,2,303.78,26.95,D,0
31.37201,74.86877,344.36,0.43,0.38,2023-11-05,815,N,VIIRS,n,2,302.4,4.97,D,0
31.37225,75.11824,332.39,0.44,0.38,2023-11-05,815,N,VIIRS,n,2,300.34,2.1,D,0
31.37244,74.68087,342.58,0.42,0.38,2023-11-05,815,N,VIIRS,n,2,301.89,3.2,D,0
31.37251,74.73557,346.33,0.42,0.38,2023-11-05,815,N,VIIRS,n,2,302.47,7.57,D,0
31.37318,74.87781,335.52,0.43,0.38,2023-11-05,815,N,VIIRS,n,2,300.26,3.14,D,0
31.37477,75.1933,335.18,0.44,0.38,2023-11-05,815,N,VIIRS,n,2,302.68,10.32,D,0
31.37478,74.69866,335.36,0.42,0.38,2023-11-05,815,N,VIIRS,n,2,300.63,2.05,D,0
31.37527,74.64854,333.48,0.42,0.38,2023-11-05,815,N,VIIRS,n,2,302.78,19.89,D,0
31.37542,75.06342,339.67,0.44,0.38,2023-11-05,815,N,VIIRS,n,2,301.92,4.38,D,0
31.37556,75.31202,339.03,0.44,0.39,2023-11-05,815,N,VIIRS,n,2,301.45,2.64,D,0
31.37562,75.06136,341.23,0.43,0.38,2023-11-05,815,N,VIIRS,n,2,302.3,5.51,D,0
31.37703,74.66187,334.22,0.42,0.38,2023-11-05,815,N,VIIRS,n,2,300.33,3.31,D,0
31.37717,75.21183,331.35,0.44,0.38,2023-11-05,815,N,VIIRS,n,2,301.47,2.25,D,0
31.37735,75.32605,334.97,0.44,0.39,2023-11-05,815,N,VIIRS,n,2,303.24,12.75,D,0
31.37771,75.18806,344.05,0.44,0.38,2023-11-05,815,N,VIIRS,n,2,307.28,24.96,D,0
31.37795,75.33073,344.84,0.44,0.39,2023-11-05,815,N,VIIRS,n,2,305.58,12.75,D,0
31.37831,75.1927,334.12,0.44,0.38,2023-11-05,815,N,VIIRS,n,2,301.75,10.32,D,0
31.37901,74.89525,338.74,0.43,0.38,2023-11-05,815,N,VIIRS,n,2,302.49,4.87,D,0
31.38201,74.56583,333.13,0.42,0.38,2023-11-05,815,N,VIIRS,n,2,302.0,3.0,D,0
31.38538,75.19147,332.77,0.44,0.38,2023-11-05,815,N,VIIRS,n,2,301.69,2.53,D,0
31.38596,74.83867,341.25,0.43,0.38,2023-11-05,815,N,VIIRS,n,2,303.08,6.43,D,0
31.38762,74.76948,330.71,0.43,0.38,2023-11-05,815,N,VIIRS,l,2,302.37,1.79,D,0
31.38821,74.77396,333.06,0.43,0.38,2023-11-05,815,N,VIIRS,n,2,301.54,5.75,D,0
31.38948,74.8657,332.35,0.43,0.38,2023-11-05,815,N,VIIRS,n,2,300.99,4.41,D,0
31.39357,74.89732,332.6,0.43,0.38,2023-11-05,815,N,VIIRS,n,2,302.59,5.01,D,0
31.39429,74.63152,350.98,0.42,0.38,2023-11-05,815,N,VIIRS,n,2,302.78,7.84,D,0
31.39663,74.13221,334.02,0.41,0.37,2023-11-05,815,N,VIIRS,n,2,301.49,2.39,D,0
31.39868,75.3224,344.14,0.44,0.39,2023-11-05,815,N,VIIRS,n,2,307.76,29.5,D,0
31.39928,75.25293,343.92,0.44,0.39,2023-11-05,815,N,VIIRS,n,2,302.83,4.54,D,0
31.39946,74.99847,334.9,0.43,0.38,2023-11-05,815,N,VIIRS,n,2,301.59,3.69,D,0
31.40089,75.25523,337.48,0.44,0.39,2023-11-05,815,N,VIIRS,n,2,302.35,4.24,D,0
31.40169,75.34583,340.0,0.45,0.39,2023-11-05,815,N,VIIRS,n,2,302.99,4.14,D,0
31.40235,74.93748,331.91,0.43,0.38,2023-11-05,815,N,VIIRS,n,2,301.37,2.13,D,0
31.40239,75.02129,333.4,0.43,0.38,2023-11-05,815,N,VIIRS,n,2,302.45,4.15,D,0
31.40353,74.94656,333.38,0.43,0.38,2023-11-05,815,N,VIIRS,n,2,302.57,3.45,D,0
31.40411,74.95111,331.82,0.43,0.38,2023-11-05,815,N,VIIRS,n,2,301.08,3.45,D,0
31.40531,75.37402,331.0,0.45,0.39,2023-11-05,815,N,VIIRS,n,2,302.58,2.72,D,0
31.40586,74.63853,330.37,0.42,0.38,2023-11-05,815,N,VIIRS,n,2,300.52,1.8,D,0
31.40757,75.23246,335.2,0.44,0.38,2023-11-05,815,N,VIIRS,l,2,305.8,24.15,D,0
31.41397,74.64617,330.88,0.42,0.38,2023-11-05,815,N,VIIRS,l,2,301.36,1.16,D,0
31.41586,75.21204,346.79,0.44,0.38,2023-11-05,815,N,VIIRS,n,2,303.69,9.75,D,0
31.41995,75.01822,335.72,0.43,0.38,2023-11-05,815,N,VIIRS,n,2,303.65,3.98,D,0
31.42078,74.80491,330.88,0.43,0.38,2023-11-05,815,N,VIIRS,l,2,305.19,3.48,D,0
31.42463,74.7263,337.24,0.42,0.38,2023-11-05,815,N,VIIRS,n,2,302.23,2.53,D,0
31.42803,75.42547,340.52,0.45,0.39,2023-11-05,815,N,VIIRS,n,2,301.65,3.95,D,0
31.42996,75.06798,331.19,0.44,0.38,2023-11-05,815,N,VIIRS,n,2,300.71,2.03,D,0
31.43057,75.30003,345.93,0.44,0.39,2023-11-05,815,N,VIIRS,n,2,305.3,12.04,D,0
31.43118,75.27603,332.82,0.44,0.39,2023-11-05,815,N,VIIRS,n,2,303.14,2.68,D,0
31.43159,74.72507,332.66,0.42,0.38,2023-11-05,815,N,VIIRS,n,2,301.99,3.81,D,0
31.4316,75.42487,336.02,0.45,0.39,2023-11-05,815,N,VIIRS,n,2,303.49,4.25,D,0
31.43437,74.69261,346.04,0.42,0.38,2023-11-05,815,N,VIIRS,n,2,302.9,4.88,D,0
31.43473,75.24682,333.57,0.44,0.39,2023-11-05,815,N,VIIRS,n,2,304.08,6.97,D,0
31.43527,74.68918,333.2,0.42,0.38,2023-11-05,815,N,VIIRS,n,2,301.95,2.85,D,0
31.43585,74.69363,335.6,0.42,0.38,2023-11-05,815,N,VIIRS,n,2,301.25,4.41,D,0
31.4359,75.28477,345.25,0.44,0.39,2023-11-05,815,N,VIIRS,n,2,306.71,8.75,D,0
31.43707,75.15149,332.04,0.44,0.38,2023-11-05,815,N,VIIRS,n,2,303.17,1.33,D,0
31.43767,75.2988,343.44,0.44,0.39,2023-11-05,815,N,VIIRS,n,2,303.29,6.5,D,0
31.43807,74.99171,333.01,0.43,0.38,2023-11-05,815,N,VIIRS,n,2,303.21,3.29,D,0
31.44162,75.01911,342.62,0.43,0.38,2023-11-05,815,N,VIIRS,n,2,306.39,16.06,D,0
31.44237,74.83331,334.39,0.43,0.38,2023-11-05,815,N,VIIRS,n,2,302.88,3.16,D,0
31.44518,74.80059,331.23,0.43,0.38,2023-11-05,815,N,VIIRS,l,2,302.95,1.81,D,0
31.44769,75.40763,335.37,0.45,0.39,2023-11-05,815,N,VIIRS,n,2,302.69,3.72,D,0
31.45126,75.40702,343.9,0.45,0.39,2023-11-05,815,N,VIIRS,n,2,302.11,4.96,D,0
31.45185,75.41176,330.17,0.45,0.39,2023-11-05,815,N,VIIRS,n,2,300.64,2.65,D,0
31.45286,75.07808,330.89,0.44,0.38,2023-11-05,815,N,VIIRS,l,2,301.5,5.57,D,0
31.45345,75.08268,337.41,0.44,0.38,2023-11-05,815,N,VIIRS,n,2,303.98,5.57,D,0
31.45662,75.30511,333.43,0.44,0.39,2023-11-05,815,N,VIIRS,n,2,301.35,4.44,D,0
31.46014,75.47815,337.9,0.45,0.39,2023-11-05,815,N,VIIRS,n,2,304.97,6.18,D,0
31.4629,75.64912,333.3,0.46,0.39,2023-11-05,815,N,VIIRS,n,2,303.61,3.75,D,0
31.46435,74.97312,333.57,0.43,0.38,2023-11-05,815,N,VIIRS,n,2,300.35,2.41,D,0
31.46484,74.83537,345.26,0.43,0.38,2023-11-05,815,N,VIIRS,n,2,303.96,9.78,D,0
31.4649,75.28456,335.63,0.44,0.39,2023-11-05,815,N,VIIRS,n,2,302.43,3.8,D,0
31.46715,74.88118,334.54,0.43,0.38,2023-11-05,815,N,VIIRS,n,2,302.18,13.16,D,0
31.46846,75.28395,345.34,0.44,0.39,2023-11-05,815,N,VIIRS,n,2,303.5,3.8,D,0
31.47201,74.04873,332.13,0.41,0.37,2023-11-05,815,N,VIIRS,n,2,300.9,2.07,D,0
31.47603,75.2016,330.7,0.44,0.38,2023-11-05,815,N,VIIRS,n,2,301.09,2.05,D,0
31.47864,75.45077,340.61,0.45,0.39,2023-11-05,815,N,VIIRS,n,2,304.3,8.14,D,0
31.48154,75.32961,335.9,0.45,0.39,2023-11-05,815,N,VIIRS,n,2,304.36,4.53,D,0
31.48288,74.94807,332.45,0.43,0.38,2023-11-05,815,N,VIIRS,n,2,301.46,1.63,D,0
31.48347,74.86904,338.18,0.43,0.38,2023-11-05,815,N,VIIRS,n,2,302.25,3.76,D,0
31.4845,74.71239,336.87,0.42,0.38,2023-11-05,815,N,VIIRS,n,2,302.63,2.38,D,0
31.48592,75.13831,332.73,0.44,0.38,2023-11-05,815,N,VIIRS,n,2,300.4,2.98,D,0
31.49103,75.04013,348.05,0.44,0.38,2023-11-05,815,N,VIIRS,n,2,304.65,12.15,D,0
31.49144,74.71116,331.93,0.42,0.38,2023-11-05,815,N,VIIRS,n,2,300.9,2.69,D,0
31.49218,74.82592,332.63,0.43,0.38,2023-11-05,815,N,VIIRS,n,2,300.93,4.27,D,0
31.49707,75.39439,332.81,0.45,0.39,2023-11-05,815,N,VIIRS,n,2,301.32,2.86,D,0
31.50013,75.47626,344.93,0.45,0.39,2023-11-05,815,N,VIIRS,n,2,302.94,5.03,D,0
31.50042,75.27846,347.33,0.44,0.39,2023-11-05,815,N,VIIRS,n,2,305.39,4.6,D,0
31.50068,75.42279,339.93,0.45,0.39,2023-11-05,815,N,VIIRS,n,2,302.16,3.53,D,0
31.50077,75.53954,331.45,0.45,0.39,2023-11-05,815,N,VIIRS,n,2,301.57,2.05,D,0
31.50143,74.7874,347.85,0.43,0.38,2023-11-05,815,N,VIIRS,n,2,303.32,5.48,D,0
31.50235,75.35008,347.7,0.45,0.39,2023-11-05,815,N,VIIRS,n,2,304.87,14.55,D,0
31.50267,75.16071,347.79,0.44,0.38,2023-11-05,815,N,VIIRS,n,2,301.26,9.42,D,0
31.50326,75.16534,333.28,0.44,0.38,2023-11-05,815,N,VIIRS,n,2,301.06,5.9,D,0
31.5038,75.19849,336.12,0.44,0.38,2023-11-05,815,N,VIIRS,n,2,301.79,3.39,D,0
31.50397,75.27784,335.6,0.44,0.39,2023-11-05,815,N,VIIRS,n,2,303.07,4.6,D,0
31.50436,75.53893,340.79,0.45,0.39,2023-11-05,815,N,VIIRS,n,2,304.19,12.66,D,0
31.50569,75.01413,331.53,0.43,0.38,2023-11-05,815,N,VIIRS,n,2,300.59,2.43,D,0
31.50898,75.40202,330.49,0.45,0.39,2023-11-05,815,N,VIIRS,l,2,304.72,1.83,D,0
31.51001,75.32473,335.44,0.45,0.39,2023-11-05,815,N,VIIRS,n,2,302.13,2.83,D,0
31.51019,75.27851,331.77,0.44,0.39,2023-11-05,815,N,VIIRS,n,2,302.47,1.7,D,0
31.51107,75.2766,333.63,0.44,0.39,2023-11-05,815,N,VIIRS,n,2,302.95,2.27,D,0
31.512,75.4257,350.66,0.45,0.39,2023-11-05,815,N,VIIRS,n,2,305.28,5.58,D,0
31.51247,75.32612,340.74,0.45,0.39,2023-11-05,815,N,VIIRS,n,2,302.05,4.15,D,0
31.51326,75.18735,335.14,0.44,0.38,2023-11-05,815,N,VIIRS,n,2,303.86,7.06,D,0
31.51424,75.35768,347.41,0.45,0.39,2023-11-05,815,N,VIIRS,n,2,304.91,8.72,D,0
31.51545,74.59747,347.2,0.42,0.38,2023-11-05,815,N,VIIRS,n,2,303.09,12.03,D,0
31.51558,75.42509,332.14,0.45,0.39,2023-11-05,815,N,VIIRS,l,2,303.14,5.58,D,0
31.51597,75.3544,333.58,0.45,0.39,2023-11-05,815,N,VIIRS,n,2,302.66,3.85,D,0
31.51656,75.35912,330.98,0.45,0.39,2023-11-05,815,N,VIIRS,l,2,301.85,3.85,D,0
31.51735,74.93736,333.04,0.43,0.38,2023-11-05,815,N,VIIRS,n,2,303.01,1.89,D,0
31.51866,74.70173,332.82,0.42,0.38,2023-11-05,815,N,VIIRS,n,2,302.99,1.62,D,0
31.52023,75.37595,335.38,0.45,0.39,2023-11-05,815,N,VIIRS,n,2,303.2,3.93,D,0
31.52188,75.37269,335.6,0.45,0.39,2023-11-05,815,N,VIIRS,n,2,303.85,7.65,D,0
31.5238,75.37534,334.92,0.45,0.39,2023-11-05,815,N,VIIRS,n,2,301.69,3.93,D,0
31.52788,78.0525,347.28,0.4,0.44,2023-11-05,815,N,VIIRS,n,2,305.65,9.23,D,0
31.52818,75.46665,354.66,0.45,0.39,2023-11-05,815,N,VIIRS,n,2,305.06,8.91,D,0
31.52943,75.4635,336.41,0.45,0.39,2023-11-05,815,N,VIIRS,n,2,303.08,2.82,D,0
31.53254,75.39987,333.04,0.45,0.39,2023-11-05,815,N,VIIRS,n,2,303.52,3.19,D,0
31.53312,75.4046,332.57,0.45,0.39,2023-11-05,815,N,VIIRS,n,2,302.12,3.19,D,0
31.54157,75.2683,330.37,0.44,0.39,2023-11-05,815,N,VIIRS,n,2,302.67,1.17,D,0
31.54206,74.77099,332.57,0.43,0.38,2023-11-05,815,N,VIIRS,l,2,302.87,2.91,D,0
31.54717,74.94611,334.47,0.43,0.38,2023-11-05,815,N,VIIRS,n,2,303.83,2.8,D,0
31.54782,75.52382,331.32,0.45,0.39,2023-11-05,815,N,VIIRS,l,2,304.0,8.62,D,0
31.548,75.40691,332.96,0.45,0.39,2023-11-05,815,N,VIIRS,l,2,303.0,2.74,D,0
31.54829,74.09615,332.35,0.41,0.37,2023-11-05,815,N,VIIRS,n,2,299.85,3.19,D,0
31.54841,75.52862,343.8,0.45,0.39,2023-11-05,815,N,VIIRS,n,2,306.93,8.62,D,0
31.55205,75.49866,333.27,0.45,0.39,2023-11-05,815,N,VIIRS,n,2,302.33,2.11,D,0
31.5599,75.41457,333.4,0.45,0.39,2023-11-05,815,N,VIIRS,n,2,302.14,4.37,D,0
31.56051,75.39024,336.83,0.45,0.39,2023-11-05,815,N,VIIRS,n,2,303.19,3.19,D,0
31.56708,74.71252,334.3,0.43,0.38,2023-11-05,815,N,VIIRS,n,2,302.97,3.14,D,0
31.57167,75.59839,343.01,0.46,0.39,2023-11-05,815,N,VIIRS,n,2,303.89,5.81,D,0
31.57177,75.50997,334.07,0.45,0.39,2023-11-05,815,N,VIIRS,n,2,304.2,2.61,D,0
31.57573,74.66975,333.69,0.42,0.38,2023-11-05,815,N,VIIRS,n,2,301.53,4.19,D,0
31.57598,75.45557,343.58,0.45,0.39,2023-11-05,815,N,VIIRS,n,2,303.59,4.62,D,0
31.58132,75.3528,344.5,0.45,0.39,2023-11-05,815,N,VIIRS,n,2,308.87,21.25,D,0
31.5993,75.55437,339.67,0.46,0.39,2023-11-05,815,N,VIIRS,n,2,304.49,4.5,D,0
31.60896,75.21032,333.41,0.44,0.39,2023-11-05,815,N,VIIRS,n,2,302.2,3.18,D,0
31.61012,75.20869,334.76,0.44,0.39,2023-11-05,815,N,VIIRS,n,2,302.13,2.89,D,0
31.61221,75.33786,333.45,0.45,0.39,2023-11-05,815,N,VIIRS,n,2,303.74,2.35,D,0
31.61294,74.7365,333.21,0.43,0.38,2023-11-05,815,N,VIIRS,n,2,300.92,1.64,D,0
31.6184,75.47274,330.77,0.45,0.39,2023-11-05,815,N,VIIRS,n,2,302.07,1.34,D,0
31.62479,75.3792,334.47,0.45,0.39,2023-11-05,815,N,VIIRS,n,2,304.14,3.53,D,0
31.62539,75.38394,334.26,0.45,0.39,2023-11-05,815,N,VIIRS,l,2,306.25,4.97,D,0
31.62696,74.57392,333.65,0.42,0.38,2023-11-05,815,N,VIIRS,n,2,302.92,2.25,D,0
31.63329,74.56824,341.83,0.42,0.38,2023-11-05,815,N,VIIRS,n,2,302.47,4.16,D,0
31.63502,74.56919,343.49,0.42,0.38,2023-11-05,815,N,VIIRS,n,2,302.66,3.94,D,0
31.63716,75.37865,340.76,0.45,0.39,2023-11-05,815,N,VIIRS,n,2,304.19,4.12,D,0
31.63958,75.61169,346.6,0.46,0.39,2023-11-05,815,N,VIIRS,n,2,302.5,9.57,D,0
31.64071,75.56213,340.23,0.46,0.39,2023-11-05,815,N,VIIRS,n,2,304.3,4.59,D,0
31.64102,74.62609,332.7,0.42,0.38,2023-11-05,815,N,VIIRS,n,2,301.05,4.16,D,0
31.64196,74.62265,337.08,0.42,0.38,2023-11-05,815,N,VIIRS,n,2,299.53,4.42,D,0
31.64425,75.53202,347.37,0.46,0.39,2023-11-05,815,N,VIIRS,n,2,303.9,8.63,D,0
31.64462,75.52876,333.3,0.46,0.39,2023-11-05,815,N,VIIRS,n,2,302.19,3.83,D,0
31.64521,75.53358,334.54,0.46,0.39,2023-11-05,815,N,VIIRS,n,2,301.4,3.83,D,0
31.64654,74.54892,334.12,0.42,0.38,2023-11-05,815,N,VIIRS,n,2,301.93,3.02,D,0
31.64906,75.54104,335.46,0.46,0.39,2023-11-05,815,N,VIIRS,n,2,302.21,3.36,D,0
31.64915,75.15571,335.41,0.44,0.38,2023-11-05,815,N,VIIRS,n,2,302.66,3.97,D,0
31.64957,75.44955,332.47,0.45,0.39,2023-11-05,815,N,VIIRS,n,2,302.84,2.5,D,0
31.64999,75.54261,333.03,0.46,0.39,2023-11-05,815,N,VIIRS,n,2,301.78,3.54,D,0
31.65162,75.61954,331.06,0.46,0.39,2023-11-05,815,N,VIIRS,l,2,301.48,2.05,D,0
31.66268,74.53693,332.7,0.42,0.38,2023-11-05,815,N,VIIRS,n,2,302.57,3.16,D,0
31.66327,74.54137,333.89,0.42,0.38,2023-11-05,815,N,VIIRS,n,2,302.0,3.16,D,0
31.66991,75.31984,339.01,0.45,0.39,2023-11-05,815,N,VIIRS,n,2,304.11,5.87,D,0
31.67166,75.24736,333.61,0.44,0.39,2023-11-05,815,N,VIIRS,n,2,303.01,3.18,D,0
31.67344,75.46497,333.25,0.45,0.39,2023-11-05,815,N,VIIRS,n,2,303.98,3.52,D,0
31.68749,74.53701,333.18,0.42,0.38,2023-11-05,815,N,VIIRS,n,2,300.85,2.56,D,0
31.68808,74.54145,333.46,0.42,0.38,2023-11-05,815,N,VIIRS,n,2,301.41,3.63,D,0
31.68957,75.53591,331.14,0.46,0.39,2023-11-05,815,N,VIIRS,l,2,302.31,4.13,D,0
31.70525,74.12712,332.33,0.41,0.37,2023-11-05,815,N,VIIRS,n,2,300.03,1.67,D,0
31.70936,75.54734,336.71,0.46,0.39,2023-11-05,815,N,VIIRS,n,2,301.52,3.83,D,0
31.71403,75.18913,333.7,0.44,0.39,2023-11-05,815,N,VIIRS,n,2,303.92,2.97,D,0
31.71537,75.19195,333.03,0.44,0.39,2023-11-05,815,N,VIIRS,n,2,303.28,3.1,D,0
31.72029,74.21323,332.29,0.41,0.37,2023-11-05,815,N,VIIRS,n,2,299.07,3.41,D,0
31.72259,75.59454,330.03,0.46,0.39,2023-11-05,815,N,VIIRS,n,2,303.17,1.65,D,0
31.72397,75.26898,332.47,0.45,0.39,2023-11-05,815,N,VIIRS,n,2,304.32,1.76,D,0
31.72402,75.2401,331.23,0.44,0.39,2023-11-05,815,N,VIIRS,l,2,304.51,1.98,D,0
31.72409,75.18259,333.63,0.44,0.39,2023-11-05,815,N,VIIRS,n,2,303.63,2.3,D,0
31.72946,74.66654,334.34,0.42,0.38,2023-11-05,815,N,VIIRS,n,2,303.01,6.59,D,0
31.72982,75.31624,333.07,0.45,0.39,2023-11-05,815,N,VIIRS,n,2,304.52,2.44,D,0
31.73053,74.02961,334.69,0.41,0.37,2023-11-05,815,N,VIIRS,n,2,301.28,4.47,D,0
31.73394,74.02898,338.99,0.41,0.37,2023-11-05,815,N,VIIRS,n,2,301.49,4.47,D,0
31.73982,75.46835,330.03,0.45,0.39,2023-11-05,815,N,VIIRS,n,2,302.96,1.8,D,0
31.74331,74.09793,330.88,0.41,0.37,2023-11-05,815,N,VIIRS,n,2,300.91,1.97,D,0
31.74414,74.72375,335.05,0.43,0.38,2023-11-05,815,N,VIIRS,n,2,303.83,4.96,D,0
31.75119,74.75021,335.58,0.43,0.38,2023-11-05,815,N,VIIRS,n,2,302.22,2.18,D,0
31.7534,74.71289,330.31,0.43,0.38,2023-11-05,815,N,VIIRS,n,2,301.69,2.75,D,0
31.75386,74.17588,336.75,0.41,0.37,2023-11-05,815,N,VIIRS,n,2,300.24,2.48,D,0
31.75445,74.18023,346.55,0.41,0.37,2023-11-05,815,N,VIIRS,n,2,301.66,5.16,D,0
31.75817,74.74896,332.23,0.43,0.38,2023-11-05,815,N,VIIRS,n,2,301.77,3.13,D,0
31.7606,74.01962,333.95,0.41,0.37,2023-11-05,815,N,VIIRS,n,2,302.14,3.18,D,0
31.76569,75.60921,330.38,0.46,0.39,2023-11-05,815,N,VIIRS,l,2,302.04,2.42,D,0
31.7665,74.37508,335.45,0.42,0.37,2023-11-05,815,N,VIIRS,n,2,301.73,2.96,D,0
31.76835,75.60667,334.06,0.46,0.39,2023-11-05,815,N,VIIRS,n,2,303.14,6.45,D,0
31.76869,74.7722,331.08,0.43,0.38,2023-11-05,815,N,VIIRS,n,2,298.53,2.03,D,0
31.76873,74.77486,340.24,0.43,0.38,2023-11-05,815,N,VIIRS,n,2,301.06,4.21,D,0
31.7693,75.60861,332.46,0.46,0.39,2023-11-05,815,N,VIIRS,n,2,301.03,2.37,D,0
31.77023,75.34805,335.29,0.45,0.39,2023-11-05,815,N,VIIRS,n,2,303.67,3.01,D,0
31.77499,75.35695,338.99,0.45,0.39,2023-11-05,815,N,VIIRS,n,2,302.65,3.94,D,0
31.78452,75.3456,338.68,0.45,0.39,2023-11-05,815,N,VIIRS,n,2,303.35,3.94,D,0
31.78615,74.85279,332.48,0.43,0.38,2023-11-05,815,N,VIIRS,n,2,301.12,1.1,D,0
31.78688,75.48196,336.05,0.45,0.39,2023-11-05,815,N,VIIRS,n,2,303.1,4.04,D,0
31.79548,74.81387,333.88,0.43,0.38,2023-11-05,815,N,VIIRS,n,2,302.99,1.47,D,0
31.79898,74.81326,332.89,0.43,0.38,2023-11-05,815,N,VIIRS,n,2,301.87,2.01,D,0
31.80192,74.32362,334.04,0.42,0.37,2023-11-05,815,N,VIIRS,n,2,300.3,2.42,D,0
31.80447,74.58164,332.57,0.42,0.38,2023-11-05,815,N,VIIRS,n,2,301.08,3.55,D,0
31.80536,74.323,335.09,0.42,0.37,2023-11-05,815,N,VIIRS,n,2,301.44,4.14,D,0
31.80652,75.31759,335.81,0.45,0.39,2023-11-05,815,N,VIIRS,n,2,305.61,3.47,D,0
31.80665,74.35877,330.49,0.42,0.37,2023-11-05,815,N,VIIRS,n,2,300.91,2.13,D,0
31.80772,74.34056,335.37,0.42,0.37,2023-11-05,815,N,VIIRS,n,2,300.39,2.64,D,0
31.81009,74.35815,339.81,0.42,0.37,2023-11-05,815,N,VIIRS,n,2,301.21,5.09,D,0
31.81234,75.11702,333.29,0.44,0.38,2023-11-05,815,N,VIIRS,n,2,302.29,2.56,D,0
31.8138,75.1193,333.21,0.44,0.38,2023-11-05,815,N,VIIRS,n,2,303.19,2.5,D,0
31.8178,74.41545,332.8,0.42,0.38,2023-11-05,815,N,VIIRS,n,2,300.42,2.01,D,0
31.81866,74.32624,339.78,0.42,0.37,2023-11-05,815,N,VIIRS,n,2,301.44,3.95,D,0
31.81959,75.30566,330.82,0.45,0.39,2023-11-05,815,N,VIIRS,l,2,303.08,2.11,D,0
31.82003,75.09186,333.32,0.44,0.38,2023-11-05,815,N,VIIRS,n,2,303.54,2.49,D,0
31.82583,74.82713,334.45,0.43,0.38,2023-11-05,815,N,VIIRS,n,2,303.64,2.03,D,0
31.82682,74.72483,331.52,0.43,0.38,2023-11-05,815,N,VIIRS,l,2,302.83,1.99,D,0
31.82975,75.32816,334.05,0.45,0.39,2023-11-05,815,N,VIIRS,n,2,303.62,4.18,D,0
31.82985,74.01657,334.37,0.41,0.37,2023-11-05,815,N,VIIRS,n,2,301.68,3.55,D,0
31.83043,74.02087,339.83,0.41,0.37,2023-11-05,815,N,VIIRS,n,2,299.65,3.55,D,0
31.83271,75.32278,335.0,0.45,0.39,2023-11-05,815,N,VIIRS,n,2,303.17,4.18,D,0
31.83325,74.01594,334.22,0.41,0.37,2023-11-05,815,N,VIIRS,n,2,304.76,3.55,D,0
31.83384,74.02024,341.25,0.41,0.37,2023-11-05,815,N,VIIRS,n,2,302.99,3.55,D,0
31.83393,75.32012,344.24,0.45,0.39,2023-11-05,815,N,VIIRS,n,2,303.78,5.39,D,0
31.83701,74.88589,333.77,0.43,0.38,2023-11-05,815,N,VIIRS,n,2,301.48,2.86,D,0
31.83764,75.39008,333.01,0.45,0.39,2023-11-05,815,N,VIIRS,n,2,302.85,2.77,D,0
31.83781,74.17934,330.75,0.41,0.37,2023-11-05,815,N,VIIRS,n,2,300.81,1.92,D,0
31.83847,74.21048,333.26,0.41,0.37,2023-11-05,815,N,VIIRS,n,2,300.26,2.67,D,0
31.83856,75.6019,332.56,0.46,0.39,2023-11-05,815,N,VIIRS,n,2,301.87,2.36,D,0
31.84268,74.79157,338.39,0.43,0.38,2023-11-05,815,N,VIIRS,n,2,302.45,4.1,D,0
31.8429,74.00973,336.24,0.41,0.37,2023-11-05,815,N,VIIRS,n,2,302.64,1.56,D,0
31.84707,75.27911,346.61,0.45,0.39,2023-11-05,815,N,VIIRS,n,2,305.04,8.81,D,0
31.84925,74.18616,332.78,0.41,0.37,2023-11-05,815,N,VIIRS,n,2,300.12,1.52,D,0
31.85188,75.14358,339.95,0.44,0.39,2023-11-05,815,N,VIIRS,n,2,306.03,12.21,D,0
31.85489,74.77547,334.94,0.43,0.38,2023-11-05,815,N,VIIRS,n,2,301.42,3.4,D,0
31.85719,74.76578,333.2,0.43,0.38,2023-11-05,815,N,VIIRS,n,2,303.22,2.24,D,0
31.85898,75.17108,334.47,0.44,0.39,2023-11-05,815,N,VIIRS,n,2,303.48,2.17,D,0
31.86308,74.44926,333.54,0.42,0.38,2023-11-05,815,N,VIIRS,n,2,301.91,2.48,D,0
31.87256,75.39634,337.15,0.45,0.39,2023-11-05,815,N,VIIRS,n,2,303.88,4.49,D,0
31.8744,75.29378,332.33,0.45,0.39,2023-11-05,815,N,VIIRS,n,2,302.23,1.33,D,0
31.87701,74.97289,333.38,0.44,0.38,2023-11-05,815,N,VIIRS,n,2,301.5,2.59,D,0
31.87784,75.49873,339.1,0.46,0.39,2023-11-05,815,N,VIIRS,n,2,301.61,4.54,D,0
31.88627,75.44792,334.08,0.45,0.39,2023-11-05,815,N,VIIRS,n,2,301.63,5.89,D,0
31.8892,75.53142,334.38,0.46,0.39,2023-11-05,815,N,VIIRS,n,2,302.4,5.97,D,0
31.89107,75.33949,335.42,0.45,0.39,2023-11-05,815,N,VIIRS,n,2,302.82,3.84,D,0
31.89203,75.11749,337.29,0.44,0.38,2023-11-05,815,N,VIIRS,n,2,302.0,3.62,D,0
31.89285,74.3804,335.32,0.42,0.38,2023-11-05,815,N,VIIRS,n,2,300.63,3.2,D,0
31.89584,75.49567,335.35,0.46,0.39,2023-11-05,815,N,VIIRS,n,2,304.07,7.92,D,0
31.89585,75.43647,337.45,0.45,0.39,2023-11-05,815,N,VIIRS,n,2,302.11,3.91,D,0
31.89704,74.84879,338.44,0.43,0.38,2023-11-05,815,N,VIIRS,n,2,303.49,4.04,D,0
31.89915,74.37473,334.48,0.42,0.37,2023-11-05,815,N,VIIRS,l,2,304.78,3.14,D,0
31.89956,74.32498,335.4,0.42,0.37,2023-11-05,815,N,VIIRS,n,2,301.99,2.62,D,0
31.91427,74.62296,351.73,0.43,0.38,2023-11-05,815,N,VIIRS,n,2,304.12,8.73,D,0
31.91521,74.36278,333.44,0.42,0.37,2023-11-05,815,N,VIIRS,n,2,301.18,2.18,D,0
31.92405,75.63504,330.05,0.46,0.39,2023-11-05,815,N,VIIRS,n,2,301.9,2.53,D,0
31.927,75.45093,331.4,0.45,0.39,2023-11-05,815,N,VIIRS,n,2,300.42,2.23,D,0
31.928,74.83864,341.99,0.43,0.38,2023-11-05,815,N,VIIRS,n,2,303.16,3.31,D,0
31.92821,75.46057,335.62,0.46,0.39,2023-11-05,815,N,VIIRS,n,2,300.69,2.84,D,0
31.9304,75.33276,333.47,0.45,0.39,2023-11-05,815,N,VIIRS,n,2,301.97,2.2,D,0
31.93797,74.86029,331.46,0.43,0.38,2023-11-05,815,N,VIIRS,n,2,302.68,1.69,D,0
31.94389,74.32687,345.17,0.42,0.37,2023-11-05,815,N,VIIRS,n,2,303.83,6.74,D,0
31.94452,74.96741,340.87,0.44,0.38,2023-11-05,815,N,VIIRS,n,2,305.03,3.45,D,0
31.94679,75.46235,335.49,0.46,0.39,2023-11-05,815,N,VIIRS,n,2,304.24,9.2,D,0
31.94733,74.32625,344.87,0.42,0.37,2023-11-05,815,N,VIIRS,n,2,300.4,6.74,D,0
31.94839,74.80231,332.53,0.43,0.38,2023-11-05,815,N,VIIRS,n,2,301.14,3.65,D,0
31.95272,74.94708,333.62,0.44,0.38,2023-11-05,815,N,VIIRS,n,2,303.13,3.08,D,0
31.9548,74.79652,347.32,0.43,0.38,2023-11-05,815,N,VIIRS,n,2,301.6,6.39,D,0
31.95624,74.94647,335.65,0.44,0.38,2023-11-05,815,N,VIIRS,n,2,304.92,3.08,D,0
31.95873,75.13638,331.27,0.44,0.39,2023-11-05,815,N,VIIRS,l,2,303.15,2.52,D,0
31.96221,74.30548,341.69,0.42,0.37,2023-11-05,815,N,VIIRS,n,2,303.74,10.5,D,0
31.96643,74.3907,330.13,0.42,0.38,2023-11-05,815,N,VIIRS,l,2,301.05,2.63,D,0
31.96693,75.34793,331.06,0.45,0.39,2023-11-05,815,N,VIIRS,n,2,302.16,1.25,D,0
31.96729,74.89269,337.17,0.43,0.38,2023-11-05,815,N,VIIRS,n,2,303.46,5.78,D,0
31.96936,75.1058,334.81,0.44,0.38,2023-11-05,815,N,VIIRS,n,2,305.38,2.21,D,0
31.96988,74.39007,336.65,0.42,0.38,2023-11-05,815,N,VIIRS,n,2,301.87,2.63,D,0
31.97623,74.96185,339.6,0.44,0.38,2023-11-05,815,N,VIIRS,n,2,304.46,2.68,D,0
31.98363,75.36462,334.81,0.45,0.39,2023-11-05,815,N,VIIRS,n,2,303.76,6.16,D,0
31.98524,75.06005,338.37,0.44,0.38,2023-11-05,815,N,VIIRS,n,2,305.66,6.3,D,0
31.98573,75.00759,339.31,0.44,0.38,2023-11-05,815,N,VIIRS,n,2,303.16,3.08,D,0
31.99771,74.46693,335.5,0.42,0.38,2023-11-05,815,N,VIIRS,n,2,302.29,4.0,D,0
31.99913,75.28394,337.16,0.45,0.39,2023-11-05,815,N,VIIRS,n,2,303.45,3.92,D,0
32.0051,75.30237,334.12,0.45,0.39,2023-11-05,815,N,VIIRS,n,2,305.1,4.41,D,0
32.0068,75.22927,335.57,0.45,0.39,2023-11-05,815,N,VIIRS,n,2,303.67,2.46,D,0
32.02209,74.98841,330.31,0.44,0.38,2023-11-05,815,N,VIIRS,n,2,301.29,1.57,D,0
32.03036,75.50465,333.18,0.46,0.39,2023-11-05,815,N,VIIRS,n,2,299.48,3.33,D,0
32.04208,74.94696,346.27,0.44,0.38,2023-11-05,815,N,VIIRS,n,2,302.26,5.73,D,0
32.04794,74.93645,333.76,0.44,0.38,2023-11-05,815,N,VIIRS,n,2,301.85,4.93,D,0
32.0764,75.21887,339.23,0.45,0.39,2023-11-05,815,N,VIIRS,n,2,302.92,9.3,D,0
32.07758,75.25751,335.8,0.45,0.39,2023-11-05,815,N,VIIRS,n,2,302.71,5.14,D,0
32.08049,75.36948,333.66,0.45,0.39,2023-11-05,815,N,VIIRS,n,2,301.95,2.19,D,0
32.08175,75.26167,332.65,0.45,0.39,2023-11-05,815,N,VIIRS,n,2,301.53,5.14,D,0
32.08532,75.26105,332.68,0.45,0.39,2023-11-05,815,N,VIIRS,n,2,302.39,4.62,D,0
32.10201,75.33634,331.87,0.45,0.39,2023-11-05,815,N,VIIRS,n,2,301.46,5.36,D,0
32.02888,74.07469,332.42,0.41,0.37,2023-11-05,816,N,VIIRS,n,2,302.69,2.09,D,0
32.05874,74.35246,357.0,0.42,0.38,2023-11-05,816,N,VIIRS,n,2,303.45,8.32,D,0
32.06866,74.42801,343.61,0.42,0.38,2023-11-05,816,N,VIIRS,n,2,304.75,18.34,D,0
32.07423,74.33601,330.86,0.42,0.38,2023-11-05,816,N,VIIRS,l,2,302.21,1.94,D,0
32.08654,74.42933,334.58,0.42,0.38,2023-11-05,816,N,VIIRS,n,2,302.48,2.39,D,0
32.08903,74.52966,333.67,0.42,0.38,2023-11-05,816,N,VIIRS,n,2,299.88,2.57,D,0
32.08961,74.53415,333.94,0.42,0.38,2023-11-05,816,N,VIIRS,n,2,300.11,2.57,D,0
32.09097,74.35566,334.15,0.42,0.38,2023-11-05,816,N,VIIRS,n,2,302.71,3.12,D,0
32.1073,74.06622,343.77,0.41,0.37,2023-11-05,816,N,VIIRS,n,2,303.33,4.48,D,0
32.12746,74.41733,337.63,0.42,0.38,2023-11-05,816,N,VIIRS,n,2,305.33,4.01,D,0
32.16964,74.29767,335.85,0.42,0.37,2023-11-05,816,N,VIIRS,n,2,301.81,2.8,D,0
32.17726,75.31072,337.91,0.45,0.39,2023-11-05,816,N,VIIRS,n,2,299.84,2.57,D,0
32.20934,74.51907,338.91,0.42,0.38,2023-11-05,816,N,VIIRS,n,2,303.49,8.64,D,0
32.23078,74.51981,338.07,0.42,0.38,2023-11-05,816,N,VIIRS,n,2,300.67,2.74,D,0
32.23468,74.46846,332.66,0.42,0.38,2023-11-05,816,N,VIIRS,n,2,302.95,2.53,D,0
32.25489,74.46021,334.38,0.42,0.38,2023-11-05,816,N,VIIRS,n,2,301.71,3.47,D,0
32.26435,74.09199,338.58,0.41,0.37,2023-11-05,816,N,VIIRS,n,2,302.91,6.69,D,0
32.28177,74.38333,333.35,0.42,0.38,2023-11-05,816,N,VIIRS,n,2,300.27,2.34,D,0
32.30586,75.33547,329.45,0.45,0.39,2023-11-05,816,N,VIIRS,n,2,300.44,1.84,D,0
32.31664,75.33362,341.33,0.45,0.39,2023-11-05,816,N,VIIRS,n,2,301.38,4.07,D,0
32.31664,75.36327,337.68,0.46,0.39,2023-11-05,816,N,VIIRS,n,2,302.07,4.72,D,0
32.32777,74.19745,336.17,0.42,0.37,2023-11-05,816,N,VIIRS,n,2,303.05,2.71,D,0
32.35283,74.05406,335.25,0.41,0.37,2023-11-05,816,N,VIIRS,n,2,305.27,3.59,D,0
32.36879,74.04212,344.01,0.41,0.37,2023-11-05,816,N,VIIRS,n,2,303.18,5.68,D,0
32.40219,74.89863,332.91,0.44,0.38,2023-11-05,816,N,VIIRS,n,2,301.94,3.14,D,0
28.77175,76.9475,298.97,0.39,0.36,2023-11-05,2039,N,VIIRS,n,2,287.19,0.35,N,0
28.79617,77.07098,301.69,0.39,0.36,2023-11-05,2039,N,VIIRS,n,2,290.89,0.44,N,0
29.45649,76.86845,303.52,0.39,0.36,2023-11-05,2039,N,VIIRS,n,2,292.29,0.9,N,2
29.45713,76.86449,306.23,0.39,0.36,2023-11-05,2039,N,VIIRS,n,2,291.36,0.9,N,2
29.45979,76.86913,305.56,0.39,0.36,2023-11-05,2039,N,VIIRS,n,2,290.15,0.9,N,2
29.46043,76.86519,320.26,0.39,0.36,2023-11-05,2039,N,VIIRS,n,2,291.95,0.9,N,2
29.90778,74.94782,304.44,0.4,0.37,2023-11-05,2039,N,VIIRS,n,2,287.36,0.89,N,2
29.91114,74.94846,315.73,0.4,0.37,2023-11-05,2039,N,VIIRS,n,2,289.17,1.55,N,2
30.84291,74.46594,324.82,0.42,0.37,2023-11-05,2039,N,VIIRS,n,2,288.59,2.86,N,0
30.84949,75.94896,300.14,0.39,0.36,2023-11-05,2039,N,VIIRS,n,2,288.82,0.56,N,0
30.90563,78.059,299.24,0.39,0.36,2023-11-05,2039,N,VIIRS,n,2,282.96,0.83,N,0
30.95889,76.36788,319.39,0.39,0.36,2023-11-05,2039,N,VIIRS,n,2,286.7,1.45,N,0
31.05184,77.81293,295.37,0.39,0.36,2023-11-05,2039,N,VIIRS,n,2,281.56,0.46,N,0
31.25125,76.92891,307.3,0.38,0.36,2023-11-05,2039,N,VIIRS,n,2,285.47,0.6,N,2
31.36697,77.6488,296.3,0.39,0.36,2023-11-05,2039,N,VIIRS,n,2,280.45,0.26,N,0
31.36958,77.6328,300.83,0.39,0.36,2023-11-05,2039,N,VIIRS,n,2,280.62,0.23,N,0
31.37022,77.62882,297.8,0.39,0.36,2023-11-05,2039,N,VIIRS,n,2,279.76,0.45,N,0
27.66723,76.13092,312.14,0.38,0.36,2023-11-05,2040,N,VIIRS,n,2,291.95,1.81,N,2
28.27009,77.27163,301.47,0.39,0.36,2023-11-05,2040,N,VIIRS,n,2,289.18,0.81,N,2
27.70068,77.4275,330.69,0.39,0.36,2023-11-06,755,N,VIIRS,n,2,300.91,5.55,D,0
27.70399,77.42685,348.03,0.39,0.36,2023-11-06,755,N,VIIRS,n,2,303.98,5.55,D,0
28.30643,75.36999,339.8,0.42,0.37,2023-11-06,756,N,VIIRS,n,2,308.01,1.17,D,0
28.51455,77.74463,330.04,0.38,0.36,2023-11-06,756,N,VIIRS,l,2,303.82,2.29,D,0
28.74744,76.58186,341.08,0.39,0.36,2023-11-06,756,N,VIIRS,n,2,302.45,3.23,D,0
28.75819,76.47692,340.7,0.39,0.36,2023-11-06,756,N,VIIRS,n,2,302.46,5.69,D,0
28.77865,75.82616,336.38,0.4,0.37,2023-11-06,756,N,VIIRS,n,2,306.48,2.11,D,0
28.77952,75.82654,335.61,0.4,0.37,2023-11-06,756,N,VIIRS,n,2,305.5,2.25,D,0
28.81684,77.68625,333.12,0.38,0.36,2023-11-06,756,N,VIIRS,n,2,301.66,3.03,D,0
28.88831,77.57635,332.57,0.38,0.36,2023-11-06,756,N,VIIRS,n,2,301.09,2.76,D,0
28.90209,76.27831,331.21,0.39,0.36,2023-11-06,756,N,VIIRS,n,2,301.53,1.47,D,0
28.95579,75.55953,336.53,0.41,0.37,2023-11-06,756,N,VIIRS,n,2,306.04,2.3,D,0
28.95918,75.5588,339.1,0.41,0.37,2023-11-06,756,N,VIIRS,n,2,306.57,2.34,D,0
28.96972,76.33466,333.64,0.39,0.36,2023-11-06,756,N,VIIRS,n,2,303.4,10.02,D,0
28.97066,76.33055,333.41,0.39,0.36,2023-11-06,756,N,VIIRS,n,2,302.09,4.44,D,0
28.97299,76.44135,330.76,0.39,0.36,2023-11-06,756,N,VIIRS,n,2,300.03,4.47,D,0
29.00067,77.33598,334.72,0.38,0.36,2023-11-06,756,N,VIIRS,n,2,303.14,2.47,D,0
29.05295,75.89198,333.84,0.4,0.37,2023-11-06,756,N,VIIRS,n,2,304.23,3.14,D,0
29.09921,76.32491,333.96,0.39,0.36,2023-11-06,756,N,VIIRS,n,2,301.45,2.15,D,0
29.10666,77.40836,332.78,0.38,0.36,2023-11-06,756,N,VIIRS,n,2,301.36,3.18,D,0
29.14111,76.43598,331.2,0.39,0.36,2023-11-06,756,N,VIIRS,n,2,299.64,2.21,D,0
29.1758,76.02253,331.39,0.4,0.37,2023-11-06,756,N,VIIRS,n,2,304.27,2.01,D,0
29.28142,74.09334,336.53,0.45,0.39,2023-11-06,756,N,VIIRS,n,2,304.07,2.8,D,0
29.28198,75.7729,334.54,0.4,0.37,2023-11-06,756,N,VIIRS,n,2,303.71,4.09,D,0
29.30553,76.27906,334.95,0.39,0.36,2023-11-06,756,N,VIIRS,n,2,301.18,3.09,D,0
29.3101,75.72912,333.21,0.4,0.37,2023-11-06,756,N,VIIRS,n,2,302.09,2.01,D,0
29.3463,76.36161,336.19,0.39,0.36,2023-11-06,756,N,VIIRS,n,2,301.11,3.98,D,0
29.39425,76.3392,332.36,0.39,0.36,2023-11-06,756,N,VIIRS,n,2,300.02,3.57,D,0
29.39505,76.07742,345.09,0.39,0.37,2023-11-06,756,N,VIIRS,n,2,302.77,6.74,D,0
29.42802,74.01302,333.94,0.45,0.39,2023-11-06,756,N,VIIRS,n,2,300.09,2.97,D,0
29.42901,75.5162,333.82,0.4,0.37,2023-11-06,756,N,VIIRS,l,2,304.02,8.13,D,0
29.44492,76.70314,330.63,0.39,0.36,2023-11-06,756,N,VIIRS,l,2,301.57,1.68,D,0
29.44633,74.89196,332.82,0.42,0.38,2023-11-06,756,N,VIIRS,n,2,301.51,2.88,D,0
29.44905,76.68591,340.33,0.39,0.36,2023-11-06,756,N,VIIRS,n,2,308.41,11.9,D,0
29.46995,76.30708,334.59,0.39,0.36,2023-11-06,756,N,VIIRS,n,2,301.37,1.84,D,0
29.47057,76.41856,347.24,0.39,0.36,2023-11-06,756,N,VIIRS,n,2,305.28,8.62,D,0
29.47507,76.02752,332.94,0.39,0.37,2023-11-06,756,N,VIIRS,n,2,300.74,2.39,D,0
29.47786,76.59402,333.41,0.39,0.36,2023-11-06,756,N,VIIRS,n,2,302.97,1.31,D,0
29.47799,76.40051,335.06,0.39,0.36,2023-11-06,756,N,VIIRS,n,2,302.22,4.14,D,0
29.48083,76.13861,332.93,0.39,0.36,2023-11-06,756,N,VIIRS,n,2,300.39,4.04,D,0
29.48287,74.0832,333.16,0.45,0.39,2023-11-06,756,N,VIIRS,n,2,301.35,4.87,D,0
29.48713,74.43356,341.2,0.44,0.38,2023-11-06,756,N,VIIRS,n,2,302.47,8.54,D,0
29.5004,75.56625,335.18,0.4,0.37,2023-11-06,756,N,VIIRS,n,2,302.4,3.09,D,0
29.51267,74.20921,346.37,0.44,0.39,2023-11-06,756,N,VIIRS,n,2,302.93,8.61,D,0
29.52242,74.20224,336.69,0.44,0.39,2023-11-06,756,N,VIIRS,n,2,301.53,7.35,D,0
29.5225,75.23727,338.35,0.41,0.37,2023-11-06,756,N,VIIRS,n,2,302.22,9.35,D,0
29.52594,74.20144,341.69,0.44,0.39,2023-11-06,756,N,VIIRS,n,2,299.67,7.35,D,0
29.53161,76.7183,340.01,0.39,0.36,2023-11-06,756,N,VIIRS,n,2,308.97,14.02,D,0
29.53374,74.55659,334.23,0.43,0.38,2023-11-06,756,N,VIIRS,l,2,304.5,6.52,D,0
29.55893,74.45071,336.46,0.43,0.38,2023-11-06,756,N,VIIRS,n,2,302.19,2.68,D,0
29.56206,75.74889,333.31,0.4,0.37,2023-11-06,756,N,VIIRS,n,2,301.71,3.03,D,0
29.56237,74.40826,333.27,0.44,0.38,2023-11-06,756,N,VIIRS,n,2,301.95,3.32,D,0
29.56608,74.30497,337.61,0.44,0.38,2023-11-06,756,N,VIIRS,n,2,300.6,3.48,D,0
29.56839,76.52226,337.06,0.39,0.36,2023-11-06,756,N,VIIRS,n,2,303.9,2.08,D,0
29.56934,74.40668,337.54,0.44,0.38,2023-11-06,756,N,VIIRS,n,2,302.35,5.61,D,0
29.56945,74.87,341.58,0.42,0.38,2023-11-06,756,N,VIIRS,n,2,304.66,13.35,D,0
29.57215,76.11562,345.8,0.39,0.36,2023-11-06,756,N,VIIRS,n,2,301.34,4.33,D,0
29.58179,76.58528,335.0,0.39,0.36,2023-11-06,756,N,VIIRS,n,2,306.18,3.12,D,0
29.58259,75.28156,332.8,0.41,0.37,2023-11-06,756,N,VIIRS,n,2,302.45,2.38,D,0
29.58273,74.25428,339.45,0.44,0.38,2023-11-06,756,N,VIIRS,n,2,306.58,25.38,D,0
29.58426,75.22892,332.56,0.41,0.37,2023-11-06,756,N,VIIRS,n,2,302.44,1.57,D,0
29.58681,75.9209,334.36,0.4,0.37,2023-11-06,756,N,VIIRS,n,2,301.06,2.98,D,0
29.59628,75.72456,333.89,0.4,0.37,2023-11-06,756,N,VIIRS,n,2,303.87,5.6,D,0
29.60151,74.40394,341.36,0.44,0.38,2023-11-06,756,N,VIIRS,n,2,301.18,3.83,D,0
29.61374,75.68256,342.05,0.4,0.37,2023-11-06,756,N,VIIRS,n,2,302.16,3.9,D,0
29.61453,76.07007,340.96,0.39,0.36,2023-11-06,756,N,VIIRS,n,2,303.47,5.49,D,0
29.61546,74.40074,333.73,0.44,0.38,2023-11-06,756,N,VIIRS,n,2,301.77,2.68,D,0
29.61654,74.32279,330.07,0.44,0.38,2023-11-06,756,N,VIIRS,n,2,301.79,2.52,D,0
29.62543,75.98824,337.61,0.39,0.37,2023-11-06,756,N,VIIRS,n,2,305.15,4.21,D,0
29.62641,75.82395,333.0,0.4,0.37,2023-11-06,756,N,VIIRS,n,2,302.44,4.53,D,0
29.63685,74.35542,347.17,0.44,0.38,2023-11-06,756,N,VIIRS,n,2,302.17,8.52,D,0
29.63841,75.85515,336.63,0.4,0.37,2023-11-06,756,N,VIIRS,n,2,304.54,7.18,D,0
29.64499,77.47806,332.99,0.38,0.36,2023-11-06,756,N,VIIRS,l,2,303.14,3.46,D,0
29.64589,75.47098,335.84,0.4,0.37,2023-11-06,756,N,VIIRS,n,2,303.67,6.37,D,0
29.64658,75.79062,333.48,0.4,0.37,2023-11-06,756,N,VIIRS,n,2,302.29,2.68,D,0
29.64883,74.53148,345.53,0.43,0.38,2023-11-06,756,N,VIIRS,n,2,308.53,19.19,D,0
29.64994,74.53246,334.52,0.43,0.38,2023-11-06,756,N,VIIRS,l,2,306.49,25.63,D,0
29.65799,75.81776,331.84,0.4,0.37,2023-11-06,756,N,VIIRS,n,2,302.01,0.87,D,0
29.6597,75.19984,344.27,0.41,0.37,2023-11-06,756,N,VIIRS,n,2,302.01,6.78,D,0
29.66185,75.65153,333.39,0.4,0.37,2023-11-06,756,N,VIIRS,n,2,303.53,3.63,D,0
29.67383,75.09589,333.67,0.41,0.37,2023-11-06,756,N,VIIRS,n,2,302.2,1.78,D,0
29.68299,76.10986,330.13,0.39,0.36,2023-11-06,756,N,VIIRS,n,2,301.47,1.66,D,0
29.68496,77.16093,333.52,0.38,0.36,2023-11-06,756,N,VIIRS,n,2,306.26,3.03,D,0
29.68918,75.22826,341.48,0.41,0.37,2023-11-06,756,N,VIIRS,n,2,300.6,4.04,D,0
29.69011,75.00401,339.84,0.42,0.37,2023-11-06,756,N,VIIRS,n,2,302.53,3.56,D,0
29.70445,75.27713,335.0,0.41,0.37,2023-11-06,756,N,VIIRS,n,2,299.33,2.8,D,0
29.70809,75.44505,334.37,0.4,0.37,2023-11-06,756,N,VIIRS,n,2,302.7,2.79,D,0
29.71161,75.34065,338.53,0.41,0.37,2023-11-06,756,N,VIIRS,n,2,301.63,4.13,D,0
29.71603,75.96112,330.91,0.39,0.37,2023-11-06,756,N,VIIRS,n,2,303.31,1.37,D,0
29.71832,76.10291,336.16,0.39,0.36,2023-11-06,756,N,VIIRS,n,2,304.25,5.62,D,0
29.71895,75.78777,339.39,0.4,0.37,2023-11-06,756,N,VIIRS,n,2,305.89,13.36,D,0
29.71958,75.83411,347.46,0.4,0.37,2023-11-06,756,N,VIIRS,n,2,303.51,10.0,D,0
29.72585,75.34187,332.63,0.41,0.37,2023-11-06,756,N,VIIRS,n,2,301.6,2.16,D,0
29.72901,75.29781,332.51,0.41,0.37,2023-11-06,756,N,VIIRS,l,2,306.47,17.6,D,0
29.72934,75.36274,346.1,0.41,0.37,2023-11-06,756,N,VIIRS,n,2,305.57,12.93,D,0
29.72971,75.302,334.72,0.41,0.37,2023-11-06,756,N,VIIRS,n,2,300.86,10.35,D,0
29.73003,75.36691,333.64,0.41,0.37,2023-11-06,756,N,VIIRS,n,2,301.36,12.93,D,0
29.7313,76.45638,340.45,0.39,0.36,2023-11-06,756,N,VIIRS,n,2,302.4,3.66,D,0
29.73153,75.39682,333.74,0.41,0.37,2023-11-06,756,N,VIIRS,n,2,304.25,9.69,D,0
29.7393,75.99811,332.33,0.39,0.36,2023-11-06,756,N,VIIRS,n,2,301.48,2.2,D,0
29.74045,75.28227,330.87,0.41,0.37,2023-11-06,756,N,VIIRS,n,2,300.13,3.93,D,0
29.74087,75.36886,345.83,0.41,0.37,2023-11-06,756,N,VIIRS,n,2,304.47,11.23,D,0
29.74683,75.50964,333.03,0.4,0.37,2023-11-06,756,N,VIIRS,n,2,303.98,6.67,D,0
29.74751,75.51379,335.52,0.4,0.37,2023-11-06,756,N,VIIRS,n,2,303.88,4.76,D,0
29.75088,75.51305,332.71,0.4,0.37,2023-11-06,756,N,VIIRS,n,2,302.39,4.76,D,0
29.75363,75.87321,346.17,0.4,0.37,2023-11-06,756,N,VIIRS,n,2,302.17,4.53,D,0
29.75449,75.38748,344.25,0.41,0.37,2023-11-06,756,N,VIIRS,n,2,303.9,9.03,D,0
29.75518,75.39165,335.71,0.41,0.37,2023-11-06,756,N,VIIRS,n,2,303.67,7.08,D,0
29.7556,75.88541,334.15,0.4,0.37,2023-11-06,756,N,VIIRS,n,2,303.53,3.75,D,0
29.7557,75.35263,333.48,0.41,0.37,2023-11-06,756,N,VIIRS,n,2,301.21,3.86,D,0
29.75639,75.3568,332.48,0.41,0.37,2023-11-06,756,N,VIIRS,n,2,301.6,3.95,D,0
29.7604,76.06477,333.51,0.39,0.36,2023-11-06,756,N,VIIRS,l,2,304.02,3.11,D,0
29.76114,76.04789,335.21,0.39,0.36,2023-11-06,756,N,VIIRS,n,2,304.99,4.46,D,0
29.76263,75.39433,332.95,0.41,0.37,2023-11-06,756,N,VIIRS,n,2,301.54,4.46,D,0
29.76585,76.03432,333.18,0.39,0.36,2023-11-06,756,N,VIIRS,n,2,302.82,2.24,D,0
29.76978,75.5218,330.37,0.4,0.37,2023-11-06,756,N,VIIRS,l,2,302.27,3.63,D,0
29.77077,75.40118,332.12,0.41,0.37,2023-11-06,756,N,VIIRS,n,2,300.8,2.56,D,0
29.77216,75.89486,332.77,0.4,0.37,2023-11-06,756,N,VIIRS,n,2,300.38,3.5,D,0
29.77593,76.01125,331.57,0.39,0.36,2023-11-06,756,N,VIIRS,l,2,302.45,1.43,D,0
29.7774,75.63125,330.03,0.4,0.37,2023-11-06,756,N,VIIRS,n,2,302.76,1.97,D,0
29.77751,75.88529,330.04,0.4,0.37,2023-11-06,756,N,VIIRS,n,2,298.66,1.35,D,0
29.7795,75.70734,332.1,0.4,0.37,2023-11-06,756,N,VIIRS,n,2,301.38,4.42,D,0
29.78215,75.66003,331.96,0.4,0.37,2023-11-06,756,N,VIIRS,n,2,299.88,2.14,D,0
29.78217,75.68129,336.94,0.4,0.37,2023-11-06,756,N,VIIRS,n,2,299.34,3.54,D,0
29.7857,75.32082,333.04,0.41,0.37,2023-11-06,756,N,VIIRS,n,2,302.67,3.71,D,0
29.78887,75.89129,340.92,0.4,0.37,2023-11-06,756,N,VIIRS,n,2,300.1,14.45,D,0
29.78909,75.32008,338.6,0.41,0.37,2023-11-06,756,N,VIIRS,n,2,300.48,3.9,D,0
29.78963,75.115,334.6,0.41,0.37,2023-11-06,756,N,VIIRS,n,2,301.18,2.89,D,0
29.79078,75.58569,332.47,0.4,0.37,2023-11-06,756,N,VIIRS,n,2,301.62,4.3,D,0
29.79089,75.6709,335.46,0.4,0.37,2023-11-06,756,N,VIIRS,l,2,305.69,5.87,D,0
29.79126,75.48281,347.5,0.4,0.37,2023-11-06,756,N,VIIRS,n,2,304.85,15.72,D,0
29.79202,76.01653,333.43,0.39,0.36,2023-11-06,756,N,VIIRS,n,2,302.16,2.38,D,0
29.79374,75.30606,347.81,0.41,0.37,2023-11-06,756,N,VIIRS,n,2,312.01,29.45,D,0
29.79415,75.58496,333.64,0.4,0.37,2023-11-06,756,N,VIIRS,n,2,301.5,6.23,D,0
29.79424,75.67017,334.17,0.4,0.37,2023-11-06,756,N,VIIRS,n,2,301.99,2.91,D,0
29.79472,75.52495,341.14,0.4,0.37,2023-11-06,756,N,VIIRS,n,2,302.73,3.82,D,0
29.79527,75.46474,332.37,0.4,0.37,2023-11-06,756,N,VIIRS,n,2,301.45,3.29,D,0
29.79605,75.99892,347.37,0.39,0.36,2023-11-06,756,N,VIIRS,n,2,306.07,7.45,D,0
29.7968,75.55874,333.0,0.4,0.37,2023-11-06,756,N,VIIRS,n,2,302.27,5.11,D,0
29.79812,75.54563,345.55,0.4,0.37,2023-11-06,756,N,VIIRS,n,2,303.21,5.76,D,0
29.79939,75.99821,346.83,0.39,0.36,2023-11-06,756,N,VIIRS,n,2,303.67,5.95,D,0
29.8003,75.7071,348.67,0.4,0.37,2023-11-06,756,N,VIIRS,n,2,308.85,22.74,D,0
29.80031,75.77069,345.81,0.4,0.37,2023-11-06,756,N,VIIRS,n,2,305.88,8.48,D,0
29.80123,74.95355,334.71,0.42,0.37,2023-11-06,756,N,VIIRS,n,2,301.79,2.8,D,0
29.80145,75.96843,343.41,0.39,0.36,2023-11-06,756,N,VIIRS,n,2,303.19,12.4,D,0
29.80362,75.64261,330.53,0.4,0.37,2023-11-06,756,N,VIIRS,n,2,302.34,2.17,D,0
29.80366,75.76996,346.36,0.4,0.37,2023-11-06,756,N,VIIRS,n,2,301.04,9.49,D,0
29.80494,75.86259,333.55,0.4,0.37,2023-11-06,756,N,VIIRS,n,2,302.12,2.61,D,0
29.80555,75.14655,331.99,0.41,0.37,2023-11-06,756,N,VIIRS,n,2,301.31,2.0,D,0
29.80983,75.27648,332.36,0.41,0.37,2023-11-06,756,N,VIIRS,n,2,301.24,1.94,D,0
29.81066,76.02512,331.09,0.39,0.36,2023-11-06,756,N,VIIRS,n,2,299.84,1.7,D,0
29.81301,75.61501,336.16,0.4,0.37,2023-11-06,756,N,VIIRS,n,2,302.7,3.03,D,0
29.81506,75.73361,333.24,0.4,0.37,2023-11-06,756,N,VIIRS,n,2,300.96,1.77,D,0
29.8162,75.93171,338.6,0.39,0.37,2023-11-06,756,N,VIIRS,n,2,300.81,3.32,D,0
29.81804,76.00681,346.25,0.39,0.36,2023-11-06,756,N,VIIRS,n,2,308.16,17.37,D,0
29.81899,75.12165,333.48,0.41,0.37,2023-11-06,756,N,VIIRS,n,2,301.95,2.79,D,0
29.81908,75.65204,330.39,0.4,0.37,2023-11-06,756,N,VIIRS,n,2,301.77,2.02,D,0
29.82232,75.86308,335.37,0.4,0.37,2023-11-06,756,N,VIIRS,n,2,301.44,3.59,D,0
29.82239,75.1209,333.87,0.41,0.37,2023-11-06,756,N,VIIRS,n,2,300.81,2.79,D,0
29.8231,75.74035,340.45,0.4,0.37,2023-11-06,756,N,VIIRS,n,2,303.05,2.75,D,0
29.82376,75.76563,343.87,0.4,0.37,2023-11-06,756,N,VIIRS,n,2,306.2,11.04,D,0
29.82445,75.6849,330.78,0.4,0.37,2023-11-06,756,N,VIIRS,l,2,302.3,2.43,D,0
29.82548,75.07627,334.23,0.41,0.37,2023-11-06,756,N,VIIRS,n,2,300.01,1.99,D,0
29.82902,75.45378,333.03,0.4,0.37,2023-11-06,756,N,VIIRS,n,2,300.43,5.55,D,0
29.82948,75.5822,334.64,0.4,0.37,2023-11-06,756,N,VIIRS,n,2,302.57,2.07,D,0
29.8301,75.56497,330.69,0.4,0.37,2023-11-06,756,N,VIIRS,n,2,302.96,1.86,D,0
29.83049,75.48353,337.13,0.4,0.37,2023-11-06,756,N,VIIRS,n,2,302.56,3.58,D,0
29.83452,75.66145,336.83,0.4,0.37,2023-11-06,756,N,VIIRS,n,2,303.77,6.19,D,0
29.83565,75.28383,339.88,0.41,0.37,2023-11-06,756,N,VIIRS,n,2,301.82,3.62,D,0
29.83578,75.79689,334.22,0.4,0.37,2023-11-06,756,N,VIIRS,n,2,304.48,5.93,D,0
29.83644,75.80097,336.9,0.4,0.37,2023-11-06,756,N,VIIRS,n,2,303.62,4.92,D,0
29.8378,75.788,340.42,0.4,0.37,2023-11-06,756,N,VIIRS,n,2,303.38,3.7,D,0
29.83787,75.68199,335.03,0.4,0.37,2023-11-06,756,N,VIIRS,n,2,301.09,5.11,D,0
29.84112,75.44254,333.11,0.4,0.37,2023-11-06,756,N,VIIRS,n,2,299.54,3.0,D,0
29.84424,75.56618,341.35,0.4,0.37,2023-11-06,756,N,VIIRS,n,2,302.61,2.98,D,0
29.84478,75.98016,346.33,0.39,0.36,2023-11-06,756,N,VIIRS,n,2,301.51,5.14,D,0
29.84674,75.99232,333.88,0.39,0.36,2023-11-06,756,N,VIIRS,n,2,300.23,3.98,D,0
29.84717,75.66784,338.59,0.4,0.37,2023-11-06,756,N,VIIRS,n,2,300.44,6.01,D,0
29.85021,76.142,331.0,0.39,0.36,2023-11-06,756,N,VIIRS,l,2,302.37,3.02,D,0
29.85121,75.67122,340.16,0.4,0.37,2023-11-06,756,N,VIIRS,n,2,302.89,6.35,D,0
29.85132,75.46181,338.63,0.4,0.37,2023-11-06,756,N,VIIRS,n,2,300.62,4.51,D,0
29.85252,75.65818,343.39,0.4,0.37,2023-11-06,756,N,VIIRS,n,2,301.08,4.92,D,0
29.85466,76.01994,333.43,0.39,0.36,2023-11-06,756,N,VIIRS,n,2,301.52,4.79,D,0
29.85614,75.49081,333.03,0.4,0.37,2023-11-06,756,N,VIIRS,n,2,301.45,3.29,D,0
29.85621,75.94416,333.94,0.39,0.37,2023-11-06,756,N,VIIRS,n,2,301.89,2.14,D,0
29.85641,75.85998,334.48,0.4,0.37,2023-11-06,756,N,VIIRS,n,2,303.69,3.28,D,0
29.85707,75.86406,346.13,0.4,0.37,2023-11-06,756,N,VIIRS,n,2,307.42,19.87,D,0
29.85753,75.95229,341.9,0.39,0.36,2023-11-06,756,N,VIIRS,n,2,301.54,4.21,D,0
29.85798,75.71222,336.09,0.4,0.37,2023-11-06,756,N,VIIRS,n,2,301.54,2.01,D,0
29.85935,75.7416,330.55,0.4,0.37,2023-11-06,756,N,VIIRS,l,2,303.47,3.53,D,0
29.8627,75.74088,340.31,0.4,0.37,2023-11-06,756,N,VIIRS,n,2,301.75,3.53,D,0
29.86356,75.49348,345.51,0.4,0.37,2023-11-06,756,N,VIIRS,n,2,302.4,7.57,D,0
29.86386,76.05563,338.08,0.39,0.36,2023-11-06,756,N,VIIRS,n,2,300.81,5.26,D,0
29.86631,75.32044,332.63,0.41,0.37,2023-11-06,756,N,VIIRS,n,2,300.7,2.73,D,0
29.86823,75.1253,339.23,0.41,0.37,2023-11-06,756,N,VIIRS,n,2,303.03,3.84,D,0
29.86855,75.60786,339.32,0.4,0.37,2023-11-06,756,N,VIIRS,n,2,302.35,3.33,D,0
29.86856,75.08574,336.08,0.41,0.37,2023-11-06,756,N,VIIRS,n,2,302.3,4.89,D,0
29.86871,75.71415,337.16,0.4,0.37,2023-11-06,756,N,VIIRS,n,2,303.88,8.85,D,0
29.87367,75.30148,336.19,0.41,0.37,2023-11-06,756,N,VIIRS,n,2,301.03,4.11,D,0
29.87608,75.7168,335.57,0.4,0.37,2023-11-06,756,N,VIIRS,n,2,302.75,2.7,D,0
29.87971,74.96415,332.71,0.42,0.37,2023-11-06,756,N,VIIRS,n,2,302.08,1.87,D,0
29.88013,75.86807,336.32,0.4,0.37,2023-11-06,756,N,VIIRS,n,2,301.98,3.09,D,0
29.88084,75.40801,331.02,0.4,0.37,2023-11-06,756,N,VIIRS,n,2,299.77,2.15,D,0
29.88197,74.91483,343.0,0.42,0.37,2023-11-06,756,N,VIIRS,n,2,302.56,7.38,D,0
29.88208,75.92233,330.53,0.39,0.37,2023-11-06,756,N,VIIRS,n,2,303.43,10.65,D,0
29.88215,75.79592,334.14,0.4,0.37,2023-11-06,756,N,VIIRS,l,2,304.66,5.91,D,0
29.88247,74.89693,337.8,0.42,0.37,2023-11-06,756,N,VIIRS,n,2,299.42,3.47,D,0
29.8829,75.42049,332.25,0.4,0.37,2023-11-06,756,N,VIIRS,n,2,300.06,2.1,D,0
29.88538,74.91407,341.06,0.42,0.37,2023-11-06,756,N,VIIRS,n,2,298.58,5.79,D,0
29.88542,75.92162,343.22,0.39,0.37,2023-11-06,756,N,VIIRS,n,2,306.06,10.65,D,0
29.88549,75.7952,334.8,0.4,0.37,2023-11-06,756,N,VIIRS,n,2,303.22,5.91,D,0
29.88595,75.56566,332.37,0.4,0.37,2023-11-06,756,N,VIIRS,n,2,301.5,1.39,D,0
29.88735,75.59525,335.98,0.4,0.37,2023-11-06,756,N,VIIRS,n,2,301.57,2.55,D,0
29.8875,75.80744,343.02,0.4,0.37,2023-11-06,756,N,VIIRS,n,2,302.33,3.55,D,0
29.88937,75.3327,332.34,0.41,0.37,2023-11-06,756,N,VIIRS,n,2,301.22,1.84,D,0
29.89146,75.89511,334.04,0.39,0.37,2023-11-06,756,N,VIIRS,n,2,304.7,2.82,D,0
29.89149,75.70499,331.84,0.4,0.37,2023-11-06,756,N,VIIRS,n,2,305.4,11.16,D,0
29.89217,75.70908,338.57,0.4,0.37,2023-11-06,756,N,VIIRS,n,2,306.24,11.16,D,0
29.89265,74.95684,335.39,0.42,0.37,2023-11-06,756,N,VIIRS,n,2,302.44,4.09,D,0
29.89274,75.60688,335.6,0.4,0.37,2023-11-06,756,N,VIIRS,n,2,302.56,6.12,D,0
29.89285,75.75556,338.58,0.4,0.37,2023-11-06,756,N,VIIRS,n,2,304.08,5.89,D,0
29.89552,75.70836,337.24,0.4,0.37,2023-11-06,756,N,VIIRS,n,2,302.91,10.54,D,0
29.89735,75.19319,337.11,0.41,0.37,2023-11-06,756,N,VIIRS,n,2,300.49,3.44,D,0
29.89813,75.6185,340.4,0.4,0.37,2023-11-06,756,N,VIIRS,n,2,302.13,3.11,D,0
29.89863,76.0027,338.22,0.39,0.36,2023-11-06,756,N,VIIRS,n,2,307.29,8.94,D,0
29.8988,75.89774,336.78,0.39,0.37,2023-11-06,756,N,VIIRS,n,2,301.43,5.38,D,0
29.90056,76.17716,334.73,0.39,0.36,2023-11-06,756,N,VIIRS,n,2,302.51,4.34,D,0
29.90149,75.61777,336.6,0.4,0.37,2023-11-06,756,N,VIIRS,n,2,299.61,2.79,D,0
29.90196,76.00198,335.12,0.39,0.36,2023-11-06,756,N,VIIRS,n,2,302.44,3.67,D,0
29.90205,75.96006,335.04,0.39,0.36,2023-11-06,756,N,VIIRS,n,2,302.01,1.94,D,0
29.90211,75.57923,339.77,0.4,0.37,2023-11-06,756,N,VIIRS,n,2,303.39,10.09,D,0
29.90271,75.9641,334.39,0.39,0.36,2023-11-06,756,N,VIIRS,n,2,301.82,4.2,D,0
29.90945,75.92069,332.63,0.39,0.37,2023-11-06,756,N,VIIRS,n,2,302.13,6.06,D,0
29.9109,75.82352,342.84,0.4,0.37,2023-11-06,756,N,VIIRS,n,2,306.68,16.39,D,0
29.91131,75.99581,330.77,0.39,0.36,2023-11-06,756,N,VIIRS,n,2,300.94,1.69,D,0
29.91162,75.1944,333.95,0.41,0.37,2023-11-06,756,N,VIIRS,n,2,300.39,3.32,D,0
29.9122,75.57704,337.63,0.4,0.37,2023-11-06,756,N,VIIRS,n,2,305.71,16.5,D,0
29.91279,75.91998,333.77,0.39,0.37,2023-11-06,756,N,VIIRS,n,2,300.77,6.06,D,0
29.91699,75.18449,342.2,0.41,0.37,2023-11-06,756,N,VIIRS,n,2,299.68,5.41,D,0
29.91815,75.37952,331.16,0.4,0.37,2023-11-06,756,N,VIIRS,n,2,300.74,4.56,D,0
29.91886,75.38367,341.66,0.4,0.37,2023-11-06,756,N,VIIRS,n,2,299.53,7.31,D,0
29.92093,75.2707,336.24,0.41,0.37,2023-11-06,756,N,VIIRS,n,2,301.61,4.38,D,0
29.92099,75.69437,332.3,0.4,0.37,2023-11-06,756,N,VIIRS,n,2,301.3,1.6,D,0
29.92175,75.42184,333.94,0.4,0.37,2023-11-06,756,N,VIIRS,n,2,302.23,2.88,D,0
29.92203,75.48623,334.89,0.4,0.37,2023-11-06,756,N,VIIRS,n,2,300.77,4.18,D,0
29.92273,76.17291,345.87,0.39,0.36,2023-11-06,756,N,VIIRS,n,2,301.33,5.91,D,0
29.92432,75.26996,333.71,0.41,0.37,2023-11-06,756,N,VIIRS,n,2,298.82,4.86,D,0
29.92873,75.95437,334.64,0.39,0.36,2023-11-06,756,N,VIIRS,n,2,301.31,3.78,D,0
29.92903,75.61605,333.33,0.4,0.37,2023-11-06,756,N,VIIRS,n,2,302.06,3.04,D,0
29.93071,75.96652,333.66,0.39,0.36,2023-11-06,756,N,VIIRS,n,2,302.07,3.33,D,0
29.93074,75.32922,344.0,0.41,0.37,2023-11-06,756,N,VIIRS,n,2,305.34,17.09,D,0
29.93149,74.56736,332.72,0.43,0.38,2023-11-06,756,N,VIIRS,l,2,302.74,2.97,D,0
29.93204,75.46259,346.15,0.4,0.37,2023-11-06,756,N,VIIRS,n,2,300.33,6.67,D,0
29.93207,75.95366,344.15,0.39,0.36,2023-11-06,756,N,VIIRS,n,2,301.51,3.78,D,0
29.9325,76.04153,331.73,0.39,0.36,2023-11-06,756,N,VIIRS,n,2,301.38,2.31,D,0
29.93273,75.95771,333.14,0.39,0.36,2023-11-06,756,N,VIIRS,n,2,302.15,4.69,D,0
29.93352,76.13316,347.15,0.39,0.36,2023-11-06,756,N,VIIRS,n,2,303.01,6.01,D,0
29.93417,76.13718,332.33,0.39,0.36,2023-11-06,756,N,VIIRS,n,2,298.97,6.01,D,0
29.93439,75.71269,332.35,0.4,0.37,2023-11-06,756,N,VIIRS,l,2,302.77,7.68,D,0
29.93447,76.05367,336.64,0.39,0.36,2023-11-06,756,N,VIIRS,n,2,300.38,2.09,D,0
29.93471,75.31104,331.61,0.41,0.37,2023-11-06,756,N,VIIRS,n,2,299.65,2.09,D,0
29.93512,76.0577,334.49,0.39,0.36,2023-11-06,756,N,VIIRS,n,2,301.75,5.72,D,0
29.9363,75.83073,341.17,0.4,0.37,2023-11-06,756,N,VIIRS,n,2,302.47,4.02,D,0
29.93739,75.30611,338.12,0.41,0.37,2023-11-06,756,N,VIIRS,n,2,300.3,5.22,D,0
29.93784,75.5812,346.24,0.4,0.37,2023-11-06,756,N,VIIRS,n,2,302.3,5.42,D,0
29.9391,75.65646,333.92,0.4,0.37,2023-11-06,756,N,VIIRS,n,2,303.06,3.24,D,0
29.93977,75.66056,334.16,0.4,0.37,2023-11-06,756,N,VIIRS,n,2,301.87,4.25,D,0
29.94043,75.70715,333.07,0.4,0.37,2023-11-06,756,N,VIIRS,n,2,304.72,7.99,D,0
29.94044,75.68592,347.0,0.4,0.37,2023-11-06,756,N,VIIRS,n,2,302.94,7.68,D,0
29.9409,75.88032,331.3,0.39,0.37,2023-11-06,756,N,VIIRS,n,2,302.89,1.7,D,0
29.94107,75.75363,338.19,0.4,0.37,2023-11-06,756,N,VIIRS,n,2,303.23,5.17,D,0
29.9411,75.71125,335.06,0.4,0.37,2023-11-06,756,N,VIIRS,n,2,304.41,7.5,D,0
29.942,75.6272,333.26,0.4,0.37,2023-11-06,756,N,VIIRS,n,2,302.31,3.37,D,0
29.94246,75.65573,334.61,0.4,0.37,2023-11-06,756,N,VIIRS,n,2,301.87,5.54,D,0
29.94298,75.33952,340.49,0.41,0.37,2023-11-06,756,N,VIIRS,n,2,300.06,4.82,D,0
29.94299,75.50739,337.9,0.4,0.37,2023-11-06,756,N,VIIRS,n,2,301.44,6.0,D,0
29.94378,75.70642,330.93,0.4,0.37,2023-11-06,756,N,VIIRS,n,2,301.16,7.96,D,0
29.94423,75.8796,335.22,0.39,0.37,2023-11-06,756,N,VIIRS,n,2,301.15,3.09,D,0
29.94431,75.83746,338.63,0.4,0.37,2023-11-06,756,N,VIIRS,n,2,302.53,3.46,D,0
29.94445,75.71053,335.44,0.4,0.37,2023-11-06,756,N,VIIRS,n,2,305.46,9.03,D,0
29.94474,75.28716,337.36,0.41,0.37,2023-11-06,756,N,VIIRS,n,2,303.07,6.96,D,0
29.94506,75.51979,334.94,0.4,0.37,2023-11-06,756,N,VIIRS,n,2,301.08,2.25,D,0
29.94519,75.56252,349.47,0.4,0.37,2023-11-06,756,N,VIIRS,n,2,303.39,7.89,D,0
29.94536,75.62647,333.59,0.4,0.37,2023-11-06,756,N,VIIRS,n,2,300.33,3.37,D,0
29.94665,76.17203,335.0,0.39,0.36,2023-11-06,756,N,VIIRS,n,2,300.96,2.75,D,0
29.94691,74.96781,333.62,0.41,0.37,2023-11-06,756,N,VIIRS,n,2,300.45,3.95,D,0
29.94837,76.07579,332.78,0.39,0.36,2023-11-06,756,N,VIIRS,n,2,300.82,1.46,D,0
29.94929,75.2514,330.18,0.41,0.37,2023-11-06,756,N,VIIRS,n,2,300.14,2.4,D,0
29.94999,75.2556,331.0,0.41,0.37,2023-11-06,756,N,VIIRS,n,2,301.61,2.98,D,0
29.95116,75.53559,338.48,0.4,0.37,2023-11-06,756,N,VIIRS,n,2,303.85,9.84,D,0
29.95137,75.96632,334.51,0.39,0.36,2023-11-06,756,N,VIIRS,l,2,305.38,21.41,D,0
29.9529,75.16779,342.19,0.41,0.37,2023-11-06,756,N,VIIRS,n,2,298.37,3.38,D,0
29.95294,75.86932,342.95,0.4,0.37,2023-11-06,756,N,VIIRS,n,2,302.08,5.3,D,0
29.95315,75.72136,342.52,0.4,0.37,2023-11-06,756,N,VIIRS,n,2,303.5,7.51,D,0
29.95343,75.63323,352.01,0.4,0.37,2023-11-06,756,N,VIIRS,n,2,307.21,15.47,D,0
29.95411,75.63734,340.38,0.4,0.37,2023-11-06,756,N,VIIRS,n,2,301.29,15.47,D,0
29.95424,75.44913,330.81,0.4,0.37,2023-11-06,756,N,VIIRS,n,2,300.93,3.39,D,0
29.95493,75.45329,333.2,0.4,0.37,2023-11-06,756,N,VIIRS,n,2,303.3,5.47,D,0
29.95537,75.24571,337.87,0.41,0.37,2023-11-06,756,N,VIIRS,n,2,299.81,3.16,D,0
29.95667,75.37971,333.96,0.4,0.37,2023-11-06,756,N,VIIRS,n,2,302.13,2.83,D,0
29.95739,75.96084,335.78,0.39,0.36,2023-11-06,756,N,VIIRS,n,2,303.41,7.17,D,0
29.9574,74.92558,332.86,0.42,0.37,2023-11-06,756,N,VIIRS,n,2,301.74,2.81,D,0
29.958,75.57684,347.81,0.4,0.37,2023-11-06,756,N,VIIRS,n,2,304.39,8.07,D,0
29.95896,75.86382,336.36,0.4,0.37,2023-11-06,756,N,VIIRS,n,2,302.16,3.38,D,0
29.95935,75.973,330.33,0.39,0.36,2023-11-06,756,N,VIIRS,n,2,301.4,12.11,D,0
29.95988,76.01898,332.55,0.39,0.36,2023-11-06,756,N,VIIRS,n,2,300.68,1.78,D,0
29.9606,76.00208,345.65,0.39,0.36,2023-11-06,756,N,VIIRS,n,2,305.24,3.79,D,0
29.96072,75.96013,346.18,0.39,0.36,2023-11-06,756,N,VIIRS,n,2,304.7,7.17,D,0
29.96074,75.38313,332.43,0.4,0.37,2023-11-06,756,N,VIIRS,n,2,300.6,5.29,D,0
29.96082,74.92482,332.57,0.42,0.37,2023-11-06,756,N,VIIRS,n,2,299.78,4.89,D,0
29.96095,76.08981,332.73,0.39,0.36,2023-11-06,756,N,VIIRS,n,2,301.65,2.65,D,0
29.96131,74.90695,344.95,0.42,0.37,2023-11-06,756,N,VIIRS,n,2,303.3,6.49,D,0
29.96143,75.38729,339.94,0.4,0.37,2023-11-06,756,N,VIIRS,n,2,303.48,5.29,D,0
29.9616,76.09385,333.3,0.39,0.36,2023-11-06,756,N,VIIRS,n,2,302.65,3.92,D,0
29.96163,75.72491,333.14,0.4,0.37,2023-11-06,756,N,VIIRS,n,2,301.38,3.27,D,0
29.9623,75.729,334.29,0.4,0.37,2023-11-06,756,N,VIIRS,n,2,303.72,3.27,D,0
29.96238,75.82091,330.29,0.4,0.37,2023-11-06,756,N,VIIRS,n,2,300.62,1.77,D,0
29.96269,75.97229,340.39,0.39,0.36,2023-11-06,756,N,VIIRS,n,2,308.61,12.11,D,0
29.96291,75.88823,337.42,0.39,0.37,2023-11-06,756,N,VIIRS,n,2,302.84,2.86,D,0
29.96328,76.16852,335.16,0.39,0.36,2023-11-06,756,N,VIIRS,n,2,304.09,3.49,D,0
29.96334,75.97634,333.75,0.39,0.36,2023-11-06,756,N,VIIRS,n,2,301.42,12.72,D,0
29.96432,75.74127,333.78,0.4,0.37,2023-11-06,756,N,VIIRS,n,2,302.01,2.43,D,0
29.96483,75.92146,335.58,0.39,0.36,2023-11-06,756,N,VIIRS,n,2,304.42,4.62,D,0
29.96609,75.58361,331.86,0.4,0.37,2023-11-06,756,N,VIIRS,n,2,300.98,7.93,D,0
29.96625,75.88751,345.87,0.39,0.37,2023-11-06,756,N,VIIRS,n,2,310.91,16.71,D,0
29.96649,75.08246,333.77,0.41,0.37,2023-11-06,756,N,VIIRS,n,2,300.22,11.21,D,0
29.96649,75.48083,333.52,0.4,0.37,2023-11-06,756,N,VIIRS,n,2,300.69,3.7,D,0
29.96676,75.58773,333.53,0.4,0.37,2023-11-06,756,N,VIIRS,n,2,301.57,4.67,D,0
29.96778,75.79017,333.01,0.4,0.37,2023-11-06,756,N,VIIRS,n,2,302.18,3.29,D,0
29.96821,75.63855,336.6,0.4,0.37,2023-11-06,756,N,VIIRS,n,2,306.68,10.22,D,0
29.9683,75.70226,335.44,0.4,0.37,2023-11-06,756,N,VIIRS,n,2,303.74,13.33,D,0
29.96879,75.36842,338.36,0.4,0.37,2023-11-06,756,N,VIIRS,n,2,304.59,11.26,D,0
29.96893,75.88273,333.79,0.39,0.37,2023-11-06,756,N,VIIRS,n,2,301.66,16.71,D,0
29.96904,75.791,338.91,0.4,0.37,2023-11-06,756,N,VIIRS,n,2,301.71,3.86,D,0
29.96907,75.81947,343.62,0.4,0.37,2023-11-06,756,N,VIIRS,n,2,303.05,6.03,D,0
29.96965,75.71046,340.84,0.4,0.37,2023-11-06,756,N,VIIRS,n,2,301.46,3.23,D,0
29.97002,75.5443,331.81,0.4,0.37,2023-11-06,756,N,VIIRS,n,2,300.6,1.79,D,0
29.97032,75.71455,341.01,0.4,0.37,2023-11-06,756,N,VIIRS,n,2,302.07,4.1,D,0
29.97033,75.41982,334.24,0.4,0.37,2023-11-06,756,N,VIIRS,n,2,303.23,3.44,D,0
29.97144,75.94104,339.7,0.39,0.36,2023-11-06,756,N,VIIRS,n,2,300.78,3.59,D,0
29.97156,75.63783,335.24,0.4,0.37,2023-11-06,756,N,VIIRS,n,2,300.85,4.13,D,0
29.97165,75.70154,340.26,0.4,0.37,2023-11-06,756,N,VIIRS,n,2,304.54,13.33,D,0
29.97216,75.03281,331.4,0.41,0.37,2023-11-06,756,N,VIIRS,n,2,297.64,2.63,D,0
29.97276,75.56081,335.07,0.4,0.37,2023-11-06,756,N,VIIRS,n,2,304.69,5.74,D,0
29.97298,75.68853,341.16,0.4,0.37,2023-11-06,756,N,VIIRS,n,2,301.65,5.08,D,0
29.97343,75.56493,332.82,0.4,0.37,2023-11-06,756,N,VIIRS,n,2,301.42,5.74,D,0
29.97353,76.10384,340.31,0.39,0.36,2023-11-06,756,N,VIIRS,n,2,297.78,2.05,D,0
29.97425,74.7746,333.66,0.42,0.38,2023-11-06,756,N,VIIRS,n,2,300.64,10.43,D,0
29.97638,74.97449,331.6,0.41,0.37,2023-11-06,756,N,VIIRS,n,2,299.29,1.83,D,0
29.97869,75.51246,331.39,0.4,0.37,2023-11-06,756,N,VIIRS,n,2,301.55,1.95,D,0
29.98041,75.83923,337.97,0.4,0.37,2023-11-06,756,N,VIIRS,n,2,301.53,2.82,D,0
29.98091,75.61024,347.67,0.4,0.37,2023-11-06,756,N,VIIRS,n,2,306.57,5.92,D,0
29.98205,75.51173,334.03,0.4,0.37,2023-11-06,756,N,VIIRS,n,2,300.56,1.95,D,0
29.98239,75.72466,335.56,0.4,0.37,2023-11-06,756,N,VIIRS,n,2,302.85,3.39,D,0
29.98242,75.80925,331.64,0.4,0.37,2023-11-06,756,N,VIIRS,n,2,301.9,4.11,D,0
29.98279,75.53725,333.21,0.4,0.37,2023-11-06,756,N,VIIRS,n,2,300.71,3.42,D,0
29.98308,75.81333,333.91,0.4,0.37,2023-11-06,756,N,VIIRS,n,2,302.63,6.07,D,0
29.9832,74.97296,336.54,0.41,0.37,2023-11-06,756,N,VIIRS,n,2,298.97,3.08,D,0
29.98427,75.6095,335.55,0.4,0.37,2023-11-06,756,N,VIIRS,n,2,299.15,5.92,D,0
29.98439,75.71576,336.71,0.4,0.37,2023-11-06,756,N,VIIRS,n,2,301.96,3.17,D,0
29.98458,76.00115,334.9,0.39,0.36,2023-11-06,756,N,VIIRS,n,2,300.06,2.93,D,0
29.98495,75.61362,345.26,0.4,0.37,2023-11-06,756,N,VIIRS,n,2,301.97,5.92,D,0
29.98508,75.84666,333.97,0.4,0.37,2023-11-06,756,N,VIIRS,n,2,300.81,2.02,D,0
29.98547,75.53239,339.96,0.4,0.37,2023-11-06,756,N,VIIRS,n,2,302.67,3.42,D,0
29.98573,75.70274,339.07,0.4,0.37,2023-11-06,756,N,VIIRS,n,2,303.1,7.21,D,0
29.98615,75.53651,333.56,0.4,0.37,2023-11-06,756,N,VIIRS,n,2,299.49,3.42,D,0
29.9863,75.62185,342.69,0.4,0.37,2023-11-06,756,N,VIIRS,n,2,302.47,4.39,D,0
29.9882,75.5489,339.75,0.4,0.37,2023-11-06,756,N,VIIRS,n,2,305.96,11.84,D,0
29.98845,74.75343,339.53,0.42,0.38,2023-11-06,756,N,VIIRS,n,2,298.66,2.12,D,0
29.98886,74.92297,332.95,0.42,0.37,2023-11-06,756,N,VIIRS,n,2,300.93,2.62,D,0
29.9891,75.82893,334.94,0.4,0.37,2023-11-06,756,N,VIIRS,n,2,299.92,1.89,D,0
29.98936,75.47153,332.95,0.4,0.37,2023-11-06,756,N,VIIRS,n,2,302.56,5.61,D,0
29.98977,75.833,332.58,0.4,0.37,2023-11-06,756,N,VIIRS,n,2,300.88,1.89,D,0
29.99002,74.97144,334.26,0.41,0.37,2023-11-06,756,N,VIIRS,n,2,299.22,2.08,D,0
29.99039,75.66776,343.14,0.4,0.37,2023-11-06,756,N,VIIRS,n,2,301.87,5.15,D,0
29.9904,75.8792,331.25,0.39,0.37,2023-11-06,756,N,VIIRS,n,2,302.84,2.22,D,0
29.99104,75.65062,335.74,0.4,0.37,2023-11-06,756,N,VIIRS,n,2,301.7,4.59,D,0
29.99177,75.84522,331.87,0.4,0.37,2023-11-06,756,N,VIIRS,n,2,300.56,1.76,D,0
29.99178,75.80301,347.51,0.4,0.37,2023-11-06,756,N,VIIRS,n,2,302.68,5.84,D,0
29.99255,76.00783,335.15,0.39,0.36,2023-11-06,756,N,VIIRS,n,2,298.05,5.05,D,0
29.99259,75.19479,335.94,0.41,0.37,2023-11-06,756,N,VIIRS,n,2,302.41,4.61,D,0
29.994,75.97398,345.17,0.39,0.36,2023-11-06,756,N,VIIRS,n,2,300.83,14.51,D,0
29.99598,75.19405,335.04,0.41,0.37,2023-11-06,756,N,VIIRS,n,2,299.08,4.61,D,0
29.99627,75.55569,341.36,0.4,0.37,2023-11-06,756,N,VIIRS,n,2,302.47,7.91,D,0
29.99646,75.81046,340.2,0.4,0.37,2023-11-06,756,N,VIIRS,n,2,305.8,10.7,D,0
29.99779,75.81861,330.86,0.4,0.37,2023-11-06,756,N,VIIRS,l,2,302.67,2.0,D,0
29.99833,75.94895,338.11,0.39,0.36,2023-11-06,756,N,VIIRS,n,2,303.0,3.39,D,0
29.99899,75.953,330.58,0.39,0.36,2023-11-06,756,N,VIIRS,n,2,300.94,2.23,D,0
29.99968,74.60285,330.81,0.42,0.38,2023-11-06,756,N,VIIRS,n,2,300.11,2.15,D,0
29.99973,74.98695,352.83,0.41,0.37,2023-11-06,756,N,VIIRS,n,2,301.65,8.79,D,0
30.00038,75.60175,334.63,0.4,0.37,2023-11-06,756,N,VIIRS,n,2,300.67,2.02,D,0
30.0017,75.92724,343.49,0.39,0.36,2023-11-06,756,N,VIIRS,n,2,301.94,4.78,D,0
30.00253,74.9199,336.48,0.42,0.37,2023-11-06,756,N,VIIRS,n,2,300.01,3.42,D,0
30.00413,76.10152,333.54,0.39,0.36,2023-11-06,756,N,VIIRS,n,2,296.33,4.87,D,0
30.00508,75.88447,332.91,0.39,0.37,2023-11-06,756,N,VIIRS,n,2,301.66,3.09,D,0
30.00516,75.77901,335.87,0.4,0.37,2023-11-06,756,N,VIIRS,n,2,300.56,2.45,D,0
30.00716,75.79126,337.14,0.4,0.37,2023-11-06,756,N,VIIRS,n,2,303.87,4.08,D,0
30.00783,75.79533,331.42,0.4,0.37,2023-11-06,756,N,VIIRS,n,2,301.11,4.08,D,0
30.00821,76.32101,340.48,0.39,0.36,2023-11-06,756,N,VIIRS,n,2,308.38,6.64,D,0
30.00825,75.98875,346.97,0.39,0.36,2023-11-06,756,N,VIIRS,n,2,302.93,6.76,D,0
30.00829,75.9678,343.84,0.39,0.36,2023-11-06,756,N,VIIRS,n,2,301.89,5.61,D,0
30.00843,75.88376,340.13,0.39,0.37,2023-11-06,756,N,VIIRS,n,2,300.87,3.09,D,0
30.00849,75.67234,333.4,0.4,0.37,2023-11-06,756,N,VIIRS,n,2,300.33,2.02,D,0
30.0091,75.59133,332.01,0.4,0.37,2023-11-06,756,N,VIIRS,n,2,300.42,2.98,D,0
30.00982,76.15867,339.9,0.39,0.36,2023-11-06,756,N,VIIRS,n,2,301.36,6.17,D,0
30.01133,74.46332,338.1,0.43,0.38,2023-11-06,756,N,VIIRS,n,2,303.53,5.38,D,0
30.01159,75.98804,341.99,0.39,0.36,2023-11-06,756,N,VIIRS,n,2,298.88,6.76,D,0
30.01252,75.69696,350.46,0.4,0.37,2023-11-06,756,N,VIIRS,n,2,299.92,7.27,D,0
30.01311,75.87012,344.8,0.39,0.37,2023-11-06,756,N,VIIRS,n,2,303.66,7.33,D,0
30.01444,75.87826,344.38,0.39,0.37,2023-11-06,756,N,VIIRS,n,2,306.29,35.36,D,0
30.0148,74.46252,335.74,0.43,0.38,2023-11-06,756,N,VIIRS,n,2,299.15,5.38,D,0
30.0152,75.7557,331.25,0.4,0.37,2023-11-06,756,N,VIIRS,n,2,301.04,3.71,D,0
30.01576,75.88638,331.48,0.39,0.37,2023-11-06,756,N,VIIRS,n,2,300.48,1.87,D,0
30.01648,75.84835,333.88,0.4,0.37,2023-11-06,756,N,VIIRS,n,2,303.74,2.7,D,0
30.0165,74.87677,332.38,0.42,0.37,2023-11-06,756,N,VIIRS,n,2,299.6,2.03,D,0
30.01653,75.65785,336.06,0.4,0.37,2023-11-06,756,N,VIIRS,n,2,303.01,7.79,D,0
30.01677,74.98315,336.17,0.41,0.37,2023-11-06,756,N,VIIRS,n,2,299.38,3.39,D,0
30.01743,76.0454,333.42,0.39,0.36,2023-11-06,756,N,VIIRS,n,2,298.97,2.08,D,0
30.01749,74.9874,335.95,0.41,0.37,2023-11-06,756,N,VIIRS,n,2,299.02,2.7,D,0
30.01787,75.64481,334.2,0.4,0.37,2023-11-06,756,N,VIIRS,n,2,299.99,2.49,D,0
30.01854,75.77612,336.14,0.4,0.37,2023-11-06,756,N,VIIRS,n,2,302.28,3.28,D,0
30.0191,75.88567,332.83,0.39,0.37,2023-11-06,756,N,VIIRS,n,2,302.22,2.17,D,0
30.0209,74.98664,333.45,0.41,0.37,2023-11-06,756,N,VIIRS,n,2,298.21,5.7,D,0
30.02122,75.64407,346.42,0.4,0.37,2023-11-06,756,N,VIIRS,n,2,301.75,8.38,D,0
30.02174,75.49877,334.23,0.4,0.37,2023-11-06,756,N,VIIRS,n,2,304.06,7.52,D,0
30.02244,75.88496,335.36,0.39,0.37,2023-11-06,756,N,VIIRS,n,2,304.05,2.17,D,0
30.02318,75.5712,333.63,0.4,0.37,2023-11-06,756,N,VIIRS,n,2,301.62,2.3,D,0
30.0232,74.51097,333.73,0.43,0.38,2023-11-06,756,N,VIIRS,n,2,299.69,2.47,D,0
30.02582,75.4342,337.23,0.4,0.37,2023-11-06,756,N,VIIRS,n,2,301.58,3.47,D,0
30.02641,75.90934,332.51,0.39,0.36,2023-11-06,756,N,VIIRS,n,2,300.61,2.38,D,0
30.02773,75.91747,347.17,0.39,0.36,2023-11-06,756,N,VIIRS,n,2,303.66,10.11,D,0
30.02918,76.11806,330.7,0.39,0.36,2023-11-06,756,N,VIIRS,n,2,301.04,1.56,D,0
30.0292,75.8203,341.8,0.4,0.37,2023-11-06,756,N,VIIRS,n,2,302.91,4.07,D,0
30.02991,75.59106,330.49,0.4,0.37,2023-11-06,756,N,VIIRS,n,2,301.41,12.75,D,0
30.03022,75.99665,330.71,0.39,0.36,2023-11-06,756,N,VIIRS,l,2,301.49,2.68,D,0
30.03059,75.59518,346.57,0.4,0.37,2023-11-06,756,N,VIIRS,n,2,306.3,12.75,D,0
30.03153,76.00475,331.69,0.39,0.36,2023-11-06,756,N,VIIRS,n,2,301.01,2.12,D,0
30.0326,75.75617,338.82,0.4,0.37,2023-11-06,756,N,VIIRS,n,2,301.5,11.99,D,0
30.03375,75.39804,340.76,0.4,0.37,2023-11-06,756,N,VIIRS,n,2,302.36,4.28,D,0
30.03396,75.72201,338.79,0.4,0.37,2023-11-06,756,N,VIIRS,n,2,301.5,10.15,D,0
30.03415,75.02338,341.89,0.41,0.37,2023-11-06,756,N,VIIRS,n,2,299.64,3.1,D,0
30.03447,75.87397,335.91,0.39,0.37,2023-11-06,756,N,VIIRS,n,2,303.27,2.1,D,0
30.03454,75.42369,332.34,0.4,0.37,2023-11-06,756,N,VIIRS,n,2,300.69,2.45,D,0
30.03485,76.00404,335.42,0.39,0.36,2023-11-06,756,N,VIIRS,n,2,301.22,2.12,D,0
30.03494,75.36329,330.54,0.4,0.37,2023-11-06,756,N,VIIRS,n,2,299.45,2.01,D,0
30.03594,75.75546,342.27,0.4,0.37,2023-11-06,756,N,VIIRS,n,2,306.28,11.99,D,0
30.03597,76.07488,333.99,0.39,0.36,2023-11-06,756,N,VIIRS,n,2,302.05,3.15,D,0
30.03753,75.99928,336.94,0.39,0.36,2023-11-06,756,N,VIIRS,n,2,302.71,2.72,D,0
30.0393,76.07418,335.64,0.39,0.36,2023-11-06,756,N,VIIRS,n,2,300.89,3.15,D,0
30.03988,76.09911,330.32,0.39,0.36,2023-11-06,756,N,VIIRS,n,2,303.12,1.5,D,0
30.03994,75.77998,335.27,0.4,0.37,2023-11-06,756,N,VIIRS,n,2,301.5,1.72,D,0
30.03995,76.07822,342.86,0.39,0.36,2023-11-06,756,N,VIIRS,n,2,303.5,8.23,D,0
30.04058,75.80519,341.2,0.4,0.37,2023-11-06,756,N,VIIRS,n,2,304.61,5.91,D,0
30.04067,75.6356,331.95,0.4,0.37,2023-11-06,756,N,VIIRS,n,2,301.08,1.67,D,0
30.04159,75.10963,343.45,0.41,0.37,2023-11-06,756,N,VIIRS,n,2,298.56,3.76,D,0
30.04333,75.71574,337.57,0.4,0.37,2023-11-06,756,N,VIIRS,n,2,300.34,3.08,D,0
30.04342,75.18355,346.37,0.41,0.37,2023-11-06,756,N,VIIRS,n,2,303.26,9.28,D,0
30.04407,76.03974,334.77,0.39,0.36,2023-11-06,756,N,VIIRS,n,2,301.51,1.83,D,0
30.04421,75.48172,331.43,0.4,0.37,2023-11-06,756,N,VIIRS,n,2,301.93,4.49,D,0
30.04456,75.82967,335.95,0.4,0.37,2023-11-06,756,N,VIIRS,n,2,308.29,4.52,D,0
30.04469,75.63898,344.67,0.4,0.37,2023-11-06,756,N,VIIRS,n,2,302.98,6.88,D,0
30.04485,75.31789,344.61,0.41,0.37,2023-11-06,756,N,VIIRS,n,2,296.75,5.53,D,0
30.0449,75.48585,334.32,0.4,0.37,2023-11-06,756,N,VIIRS,n,2,301.78,5.42,D,0
30.04536,75.64309,334.98,0.4,0.37,2023-11-06,756,N,VIIRS,n,2,300.84,6.88,D,0
30.04594,75.79559,339.2,0.4,0.37,2023-11-06,756,N,VIIRS,n,2,303.97,2.28,D,0
30.04618,74.98981,340.4,0.41,0.37,2023-11-06,756,N,VIIRS,n,2,301.31,4.54,D,0
30.04649,75.24381,339.23,0.41,0.37,2023-11-06,756,N,VIIRS,n,2,298.6,3.73,D,0
30.0467,75.6938,346.97,0.4,0.37,2023-11-06,756,N,VIIRS,n,2,302.31,6.01,D,0
30.04683,75.30881,340.47,0.41,0.37,2023-11-06,756,N,VIIRS,n,2,298.25,4.01,D,0
30.0479,75.82894,335.17,0.4,0.37,2023-11-06,756,N,VIIRS,n,2,304.52,4.52,D,0
30.0483,75.95925,332.3,0.39,0.36,2023-11-06,756,N,VIIRS,n,2,300.96,2.61,D,0
30.04872,75.64236,339.55,0.4,0.37,2023-11-06,756,N,VIIRS,n,2,303.62,9.83,D,0
30.04938,75.66774,334.03,0.4,0.37,2023-11-06,756,N,VIIRS,n,2,303.5,2.15,D,0
30.05005,75.67184,331.77,0.4,0.37,2023-11-06,756,N,VIIRS,n,2,302.47,3.37,D,0
30.05037,75.92943,332.8,0.39,0.36,2023-11-06,756,N,VIIRS,n,2,301.31,2.67,D,0
30.05092,75.08121,347.5,0.41,0.37,2023-11-06,756,N,VIIRS,n,2,302.12,9.15,D,0
30.05135,75.74367,338.67,0.4,0.37,2023-11-06,756,N,VIIRS,n,2,300.82,4.47,D,0
30.05395,75.24651,337.6,0.41,0.37,2023-11-06,756,N,VIIRS,n,2,300.12,7.91,D,0
30.05608,75.63715,332.66,0.4,0.37,2023-11-06,756,N,VIIRS,l,2,303.41,12.81,D,0
30.05693,75.96999,346.57,0.39,0.36,2023-11-06,756,N,VIIRS,n,2,301.91,4.52,D,0
30.05718,75.86488,341.09,0.39,0.37,2023-11-06,756,N,VIIRS,n,2,306.62,5.59,D,0
30.05734,76.48025,339.55,0.39,0.36,2023-11-06,756,N,VIIRS,n,2,297.67,3.33,D,0
30.05858,75.83087,334.69,0.4,0.37,2023-11-06,756,N,VIIRS,n,2,303.48,6.32,D,0
30.0587,75.74632,346.25,0.4,0.37,2023-11-06,756,N,VIIRS,n,2,306.7,21.47,D,0
30.0594,75.13193,333.03,0.41,0.37,2023-11-06,756,N,VIIRS,n,2,300.51,21.43,D,0
30.05947,75.65768,336.41,0.4,0.37,2023-11-06,756,N,VIIRS,n,2,300.52,3.13,D,0
30.06019,74.91218,338.95,0.42,0.37,2023-11-06,756,N,VIIRS,n,2,301.88,5.83,D,0
30.06032,75.9483,337.78,0.39,0.36,2023-11-06,756,N,VIIRS,n,2,301.47,3.29,D,0
30.06069,75.75858,330.07,0.4,0.37,2023-11-06,756,N,VIIRS,n,2,302.89,1.88,D,0
30.06136,75.76266,333.67,0.4,0.37,2023-11-06,756,N,VIIRS,n,2,304.02,3.67,D,0
30.06157,75.43928,335.71,0.4,0.37,2023-11-06,756,N,VIIRS,n,2,301.39,4.44,D,0
30.06188,74.81832,333.16,0.42,0.37,2023-11-06,756,N,VIIRS,n,2,301.27,1.73,D,0
30.06188,75.85124,333.79,0.39,0.37,2023-11-06,756,N,VIIRS,l,2,305.87,2.35,D,0
30.06188,76.77136,334.19,0.39,0.36,2023-11-06,756,N,VIIRS,n,2,304.76,2.61,D,0
30.06262,74.40556,334.66,0.43,0.38,2023-11-06,756,N,VIIRS,n,2,300.81,3.52,D,0
30.06306,75.92252,334.21,0.39,0.36,2023-11-06,756,N,VIIRS,n,2,301.29,2.53,D,0
30.06373,74.40658,331.99,0.43,0.38,2023-11-06,756,N,VIIRS,n,2,300.22,3.78,D,0
30.06377,75.49458,344.14,0.4,0.37,2023-11-06,756,N,VIIRS,n,2,300.86,4.33,D,0
30.06446,76.10224,335.06,0.39,0.36,2023-11-06,756,N,VIIRS,n,2,304.67,2.15,D,0
30.06488,75.69048,330.16,0.4,0.37,2023-11-06,756,N,VIIRS,n,2,297.87,2.67,D,0
30.06523,75.85052,335.76,0.39,0.37,2023-11-06,756,N,VIIRS,n,2,303.15,2.35,D,0
30.06533,75.78719,344.48,0.4,0.37,2023-11-06,756,N,VIIRS,n,2,304.9,5.23,D,0
30.06558,75.71577,331.52,0.4,0.37,2023-11-06,756,N,VIIRS,n,2,298.91,3.48,D,0
30.06583,75.50698,346.82,0.4,0.37,2023-11-06,756,N,VIIRS,n,2,303.9,12.89,D,0
30.06584,75.87566,335.91,0.39,0.37,2023-11-06,756,N,VIIRS,n,2,305.03,3.81,D,0
30.06631,75.44684,333.28,0.4,0.37,2023-11-06,756,N,VIIRS,n,2,300.85,3.62,D,0
30.06657,76.07256,332.04,0.39,0.36,2023-11-06,756,N,VIIRS,n,2,301.32,2.75,D,0
30.06702,74.84838,335.6,0.42,0.37,2023-11-06,756,N,VIIRS,n,2,303.16,4.56,D,0
30.06714,75.17828,346.25,0.41,0.37,2023-11-06,756,N,VIIRS,n,2,306.02,12.8,D,0
30.06746,75.39065,331.51,0.4,0.37,2023-11-06,756,N,VIIRS,n,2,301.42,1.21,D,0
30.06776,75.90891,333.65,0.39,0.36,2023-11-06,756,N,VIIRS,n,2,303.02,3.8,D,0
30.06795,75.82464,331.38,0.4,0.37,2023-11-06,756,N,VIIRS,n,2,304.69,1.91,D,0
30.06874,75.74415,330.5,0.4,0.37,2023-11-06,756,N,VIIRS,l,2,300.65,1.32,D,0
30.06907,75.91703,346.08,0.39,0.36,2023-11-06,756,N,VIIRS,n,2,305.34,3.8,D,0
30.06938,75.7694,355.91,0.4,0.37,2023-11-06,756,N,VIIRS,n,2,313.37,18.16,D,0
30.06941,75.59167,333.03,0.4,0.37,2023-11-06,756,N,VIIRS,n,2,300.84,4.15,D,0
30.06961,75.71915,333.53,0.4,0.37,2023-11-06,756,N,VIIRS,n,2,302.15,4.44,D,0
30.06963,75.74033,333.2,0.4,0.37,2023-11-06,756,N,VIIRS,n,2,301.97,1.61,D,0
30.07039,75.92515,332.58,0.39,0.36,2023-11-06,756,N,VIIRS,n,2,302.11,4.81,D,0
30.07044,74.84761,338.72,0.42,0.37,2023-11-06,756,N,VIIRS,n,2,300.49,9.55,D,0
30.07084,75.64246,332.06,0.4,0.37,2023-11-06,756,N,VIIRS,n,2,300.21,1.76,D,0
30.07103,76.1217,345.0,0.39,0.36,2023-11-06,756,N,VIIRS,n,2,303.36,8.15,D,0
30.07135,75.56138,342.02,0.4,0.37,2023-11-06,756,N,VIIRS,n,2,307.55,21.8,D,0
30.07256,75.85316,333.57,0.39,0.37,2023-11-06,756,N,VIIRS,n,2,302.11,1.69,D,0
30.07272,75.76868,333.22,0.4,0.37,2023-11-06,756,N,VIIRS,n,2,300.91,18.16,D,0
30.0738,74.97112,333.48,0.41,0.37,2023-11-06,756,N,VIIRS,n,2,300.53,9.68,D,0
30.07469,76.0374,331.57,0.39,0.36,2023-11-06,756,N,VIIRS,l,2,302.53,1.71,D,0
30.07527,74.7302,341.56,0.42,0.38,2023-11-06,756,N,VIIRS,n,2,301.04,3.42,D,0
30.0776,75.68347,336.09,0.4,0.37,2023-11-06,756,N,VIIRS,n,2,298.86,5.82,D,0
30.07788,75.86465,331.59,0.39,0.37,2023-11-06,756,N,VIIRS,l,2,301.9,3.37,D,0
30.07822,75.64511,338.61,0.4,0.37,2023-11-06,756,N,VIIRS,n,2,302.86,3.67,D,0
30.07853,75.86871,334.3,0.39,0.37,2023-11-06,756,N,VIIRS,n,2,304.51,5.71,D,0
30.07928,75.50404,333.11,0.4,0.37,2023-11-06,756,N,VIIRS,n,2,300.7,2.56,D,0
30.07954,75.98194,345.51,0.39,0.36,2023-11-06,756,N,VIIRS,n,2,305.76,13.5,D,0
30.07999,75.81361,336.46,0.4,0.37,2023-11-06,756,N,VIIRS,n,2,306.31,3.02,D,0
30.08056,75.85986,336.39,0.39,0.37,2023-11-06,756,N,VIIRS,n,2,303.95,3.37,D,0
30.08116,75.885,331.62,0.39,0.37,2023-11-06,756,N,VIIRS,n,2,300.83,1.55,D,0
30.08168,75.75043,334.22,0.4,0.37,2023-11-06,756,N,VIIRS,n,2,303.95,3.01,D,0
30.08169,75.8138,344.39,0.4,0.37,2023-11-06,756,N,VIIRS,n,2,307.64,11.37,D,0
30.08235,75.75452,334.5,0.4,0.37,2023-11-06,756,N,VIIRS,n,2,304.11,3.01,D,0
30.08295,75.67383,336.11,0.4,0.37,2023-11-06,756,N,VIIRS,n,2,299.87,4.02,D,0
30.08324,75.85508,346.96,0.39,0.37,2023-11-06,756,N,VIIRS,n,2,305.07,5.7,D,0
30.08337,76.02719,338.5,0.39,0.36,2023-11-06,756,N,VIIRS,n,2,300.64,4.55,D,0
30.08432,75.70324,334.35,0.4,0.37,2023-11-06,756,N,VIIRS,n,2,298.94,2.58,D,0
30.08458,75.47289,334.74,0.4,0.37,2023-11-06,756,N,VIIRS,n,2,301.16,2.84,D,0
30.08548,75.99744,336.46,0.39,0.36,2023-11-06,756,N,VIIRS,n,2,303.74,5.02,D,0
30.08769,75.72372,344.78,0.4,0.37,2023-11-06,756,N,VIIRS,n,2,304.87,5.7,D,0
30.08794,75.47215,335.96,0.4,0.37,2023-11-06,756,N,VIIRS,n,2,300.57,3.08,D,0
30.09038,75.8035,333.01,0.4,0.37,2023-11-06,756,N,VIIRS,l,2,303.8,1.42,D,0
30.09105,75.80757,335.34,0.4,0.37,2023-11-06,756,N,VIIRS,n,2,303.22,2.64,D,0
30.09163,75.95,346.25,0.39,0.36,2023-11-06,756,N,VIIRS,n,2,305.22,7.14,D,0
30.09172,75.81165,335.22,0.4,0.37,2023-11-06,756,N,VIIRS,n,2,301.76,2.64,D,0
30.09195,74.74438,334.22,0.42,0.38,2023-11-06,756,N,VIIRS,l,2,304.35,26.1,D,0
30.09303,74.18148,336.67,0.44,0.38,2023-11-06,756,N,VIIRS,n,2,300.48,4.03,D,0
30.09409,76.00817,335.82,0.39,0.36,2023-11-06,756,N,VIIRS,n,2,299.92,2.19,D,0
30.095,75.8952,331.59,0.39,0.36,2023-11-06,756,N,VIIRS,l,2,302.72,2.69,D,0
30.09559,75.12017,348.21,0.41,0.37,2023-11-06,756,N,VIIRS,n,2,302.2,13.03,D,0
30.09573,75.7939,343.74,0.4,0.37,2023-11-06,756,N,VIIRS,n,2,306.04,5.25,D,0
30.09612,75.99936,333.7,0.39,0.36,2023-11-06,756,N,VIIRS,n,2,302.29,4.92,D,0
30.09625,75.58583,343.19,0.4,0.37,2023-11-06,756,N,VIIRS,n,2,305.35,18.18,D,0
30.09834,75.34501,332.72,0.4,0.37,2023-11-06,756,N,VIIRS,n,2,300.08,1.98,D,0
30.09963,75.92363,339.06,0.39,0.36,2023-11-06,756,N,VIIRS,n,2,303.02,6.6,D,0
30.09965,75.33176,345.23,0.4,0.37,2023-11-06,756,N,VIIRS,n,2,302.18,6.83,D,0
30.09972,75.69143,334.57,0.4,0.37,2023-11-06,756,N,VIIRS,n,2,300.43,1.99,D,0
30.1004,76.09044,346.66,0.39,0.36,2023-11-06,756,N,VIIRS,n,2,303.94,5.64,D,0
30.1014,75.46921,334.36,0.4,0.37,2023-11-06,756,N,VIIRS,n,2,302.29,2.09,D,0
30.10213,75.99389,335.75,0.39,0.36,2023-11-06,756,N,VIIRS,n,2,302.38,2.52,D,0
30.10279,75.99795,334.85,0.39,0.36,2023-11-06,756,N,VIIRS,n,2,303.2,3.66,D,0
30.10356,75.29194,334.13,0.41,0.37,2023-11-06,756,N,VIIRS,n,2,300.71,3.43,D,0
30.1036,75.94798,332.3,0.39,0.36,2023-11-06,756,N,VIIRS,n,2,301.06,1.91,D,0
30.10362,75.29253,336.77,0.41,0.37,2023-11-06,756,N,VIIRS,n,2,300.51,3.19,D,0
30.10373,76.08973,346.24,0.39,0.36,2023-11-06,756,N,VIIRS,n,2,300.23,5.64,D,0
30.10391,76.0479,337.45,0.39,0.36,2023-11-06,756,N,VIIRS,n,2,302.67,2.55,D,0
30.10409,76.00604,336.62,0.39,0.36,2023-11-06,756,N,VIIRS,n,2,301.22,5.74,D,0
30.10443,75.76244,331.3,0.4,0.37,2023-11-06,756,N,VIIRS,l,2,304.32,2.56,D,0
30.10495,75.9351,330.51,0.39,0.36,2023-11-06,756,N,VIIRS,n,2,300.43,1.72,D,0
30.10572,75.85502,336.49,0.39,0.37,2023-11-06,756,N,VIIRS,n,2,307.93,12.25,D,0
30.10632,75.58365,330.23,0.4,0.37,2023-11-06,756,N,VIIRS,n,2,302.61,4.92,D,0
30.107,75.58775,331.07,0.4,0.37,2023-11-06,756,N,VIIRS,n,2,298.41,4.92,D,0
30.10778,75.33862,336.38,0.4,0.37,2023-11-06,756,N,VIIRS,n,2,305.31,35.06,D,0
30.10789,76.05125,333.96,0.39,0.36,2023-11-06,756,N,VIIRS,n,2,302.54,2.17,D,0
30.10833,74.57925,339.41,0.42,0.38,2023-11-06,756,N,VIIRS,n,2,299.31,3.1,D,0
30.10883,75.26102,333.88,0.41,0.37,2023-11-06,756,N,VIIRS,n,2,302.72,7.04,D,0
30.10909,75.81213,332.88,0.4,0.37,2023-11-06,756,N,VIIRS,n,2,302.36,2.02,D,0
30.11018,75.48015,333.68,0.4,0.37,2023-11-06,756,N,VIIRS,n,2,301.25,4.34,D,0
30.11023,75.96754,336.24,0.39,0.36,2023-11-06,756,N,VIIRS,n,2,305.76,4.4,D,0
30.11029,75.54435,331.77,0.4,0.37,2023-11-06,756,N,VIIRS,n,2,299.53,4.38,D,0
30.11089,75.97159,339.34,0.39,0.36,2023-11-06,756,N,VIIRS,n,2,301.48,4.66,D,0
30.11111,75.69746,332.83,0.4,0.37,2023-11-06,756,N,VIIRS,l,2,304.35,3.31,D,0
30.11162,75.93367,330.48,0.39,0.36,2023-11-06,756,N,VIIRS,l,2,300.87,3.6,D,0
30.11222,75.49256,332.68,0.4,0.37,2023-11-06,756,N,VIIRS,n,2,300.9,4.05,D,0
30.11356,75.96683,339.04,0.39,0.36,2023-11-06,756,N,VIIRS,n,2,305.57,8.47,D,0
30.11374,75.84065,337.81,0.39,0.37,2023-11-06,756,N,VIIRS,n,2,302.18,3.68,D,0
30.11558,75.49183,336.74,0.4,0.37,2023-11-06,756,N,VIIRS,n,2,301.56,4.05,D,0
30.11577,75.64122,346.89,0.4,0.37,2023-11-06,756,N,VIIRS,n,2,301.98,6.14,D,0
30.11598,75.32442,346.74,0.4,0.37,2023-11-06,756,N,VIIRS,n,2,302.23,7.47,D,0
30.11619,75.98302,331.79,0.39,0.36,2023-11-06,756,N,VIIRS,l,2,302.98,3.6,D,0
30.11639,75.85695,333.9,0.39,0.37,2023-11-06,756,N,VIIRS,l,2,304.28,3.12,D,0
30.11713,75.28955,332.8,0.41,0.37,2023-11-06,756,N,VIIRS,n,2,299.91,3.04,D,0
30.11714,75.73431,335.75,0.4,0.37,2023-11-06,756,N,VIIRS,n,2,303.47,3.52,D,0
30.11751,77.17763,330.36,0.38,0.36,2023-11-06,756,N,VIIRS,n,2,302.02,1.53,D,0
30.11763,75.92818,334.72,0.39,0.36,2023-11-06,756,N,VIIRS,n,2,301.7,2.75,D,0
30.11846,75.78478,345.84,0.4,0.37,2023-11-06,756,N,VIIRS,n,2,306.49,13.07,D,0
30.11904,75.87323,347.07,0.39,0.36,2023-11-06,756,N,VIIRS,n,2,309.26,12.64,D,0
30.11942,74.58126,334.54,0.42,0.38,2023-11-06,756,N,VIIRS,n,2,301.29,4.06,D,0
30.12012,76.00733,339.05,0.39,0.36,2023-11-06,756,N,VIIRS,n,2,302.0,4.13,D,0
30.12017,75.98637,344.22,0.39,0.36,2023-11-06,756,N,VIIRS,n,2,304.1,6.51,D,0
30.12018,74.58562,331.54,0.42,0.38,2023-11-06,756,N,VIIRS,n,2,298.56,4.06,D,0
30.12026,75.94441,333.02,0.39,0.36,2023-11-06,756,N,VIIRS,n,2,301.79,2.54,D,0
30.12048,75.75475,338.97,0.4,0.37,2023-11-06,756,N,VIIRS,n,2,302.32,4.76,D,0
30.1223,76.09832,333.93,0.39,0.36,2023-11-06,756,N,VIIRS,n,2,302.83,19.56,D,0
30.12436,75.8847,332.54,0.39,0.36,2023-11-06,756,N,VIIRS,n,2,302.87,6.72,D,0
30.12503,75.88878,334.95,0.39,0.36,2023-11-06,756,N,VIIRS,n,2,306.23,6.72,D,0
30.12651,75.70685,342.63,0.4,0.37,2023-11-06,756,N,VIIRS,n,2,302.66,6.58,D,0
30.1285,75.63419,342.12,0.4,0.37,2023-11-06,756,N,VIIRS,n,2,302.95,6.05,D,0
30.12968,75.23905,332.55,0.41,0.37,2023-11-06,756,N,VIIRS,n,2,299.47,1.93,D,0
30.13005,76.02613,346.75,0.39,0.36,2023-11-06,756,N,VIIRS,n,2,302.19,5.42,D,0
30.13046,75.56131,338.16,0.4,0.37,2023-11-06,756,N,VIIRS,n,2,299.57,5.58,D,0
30.13053,75.689,331.66,0.4,0.37,2023-11-06,756,N,VIIRS,n,2,300.03,3.05,D,0
30.13186,75.73959,341.83,0.4,0.37,2023-11-06,756,N,VIIRS,n,2,306.64,6.69,D,0
30.13194,75.16889,333.26,0.41,0.37,2023-11-06,756,N,VIIRS,n,2,299.52,3.14,D,0
30.13236,75.8914,336.55,0.39,0.36,2023-11-06,756,N,VIIRS,n,2,304.47,3.73,D,0
30.13252,75.74368,334.02,0.4,0.37,2023-11-06,756,N,VIIRS,n,2,302.76,6.69,D,0
30.13397,76.05038,346.15,0.39,0.36,2023-11-06,756,N,VIIRS,n,2,303.54,7.01,D,0
30.13486,75.45811,336.86,0.4,0.37,2023-11-06,756,N,VIIRS,n,2,300.3,3.17,D,0
30.1352,75.73888,338.23,0.4,0.37,2023-11-06,756,N,VIIRS,n,2,300.35,6.69,D,0
30.13573,75.86964,332.05,0.39,0.36,2023-11-06,756,N,VIIRS,n,2,302.45,1.45,D,0
30.13627,75.93679,340.86,0.39,0.36,2023-11-06,756,N,VIIRS,n,2,310.12,14.28,D,0
30.13645,75.36311,344.69,0.4,0.37,2023-11-06,756,N,VIIRS,n,2,300.68,5.64,D,0
30.13693,75.94085,335.76,0.39,0.36,2023-11-06,756,N,VIIRS,l,2,309.33,23.09,D,0
30.13787,75.5853,340.49,0.4,0.37,2023-11-06,756,N,VIIRS,n,2,301.59,5.13,D,0
30.13854,75.3756,332.8,0.4,0.37,2023-11-06,756,N,VIIRS,n,2,301.0,5.23,D,0
30.13885,75.97401,334.01,0.39,0.36,2023-11-06,756,N,VIIRS,n,2,302.14,5.52,D,0
30.1389,75.95303,330.6,0.39,0.36,2023-11-06,756,N,VIIRS,n,2,300.97,2.3,D,0
30.1395,75.97806,333.39,0.39,0.36,2023-11-06,756,N,VIIRS,n,2,301.64,5.52,D,0
30.1396,75.93608,347.12,0.39,0.36,2023-11-06,756,N,VIIRS,n,2,301.7,14.28,D,0
30.13999,75.15401,338.02,0.41,0.37,2023-11-06,756,N,VIIRS,n,2,300.18,3.44,D,0
30.14004,76.02401,336.43,0.39,0.36,2023-11-06,756,N,VIIRS,n,2,301.91,2.68,D,0
30.14218,75.9733,330.65,0.39,0.36,2023-11-06,756,N,VIIRS,n,2,299.8,6.09,D,0
30.14244,75.84714,335.89,0.39,0.37,2023-11-06,756,N,VIIRS,n,2,304.42,2.12,D,0
30.14263,74.46653,342.49,0.43,0.38,2023-11-06,756,N,VIIRS,n,2,303.83,9.72,D,0
30.14278,75.99831,336.13,0.39,0.36,2023-11-06,756,N,VIIRS,n,2,303.79,9.45,D,0
30.14283,75.97734,334.06,0.39,0.36,2023-11-06,756,N,VIIRS,n,2,304.87,6.09,D,0
30.14309,74.40675,342.45,0.43,0.38,2023-11-06,756,N,VIIRS,n,2,304.11,11.16,D,0
30.14525,75.58796,333.12,0.4,0.37,2023-11-06,756,N,VIIRS,n,2,300.66,2.57,D,0
30.1466,75.59619,333.98,0.4,0.37,2023-11-06,756,N,VIIRS,n,2,299.38,4.75,D,0
30.14671,75.257,335.59,0.41,0.37,2023-11-06,756,N,VIIRS,n,2,301.29,5.73,D,0
30.14693,75.44688,338.69,0.4,0.37,2023-11-06,756,N,VIIRS,n,2,304.37,12.77,D,0
30.14729,75.2395,332.72,0.41,0.37,2023-11-06,756,N,VIIRS,n,2,300.59,1.36,D,0
30.1486,75.5659,335.41,0.4,0.37,2023-11-06,756,N,VIIRS,n,2,300.8,2.73,D,0
30.14872,76.65576,331.84,0.39,0.36,2023-11-06,756,N,VIIRS,n,2,305.31,1.6,D,0
30.14884,75.97186,342.93,0.39,0.36,2023-11-06,756,N,VIIRS,n,2,302.66,7.58,D,0
30.14927,75.57002,330.49,0.4,0.37,2023-11-06,756,N,VIIRS,n,2,300.12,2.73,D,0
30.14936,75.56619,336.25,0.4,0.37,2023-11-06,756,N,VIIRS,n,2,301.99,3.82,D,0
30.1506,75.70588,336.32,0.4,0.37,2023-11-06,756,N,VIIRS,n,2,304.31,4.79,D,0
30.15087,75.96306,339.5,0.39,0.36,2023-11-06,756,N,VIIRS,n,2,300.96,4.13,D,0
30.15163,74.56029,337.67,0.42,0.38,2023-11-06,756,N,VIIRS,n,2,302.05,3.68,D,0
30.15188,75.77757,340.19,0.4,0.37,2023-11-06,756,N,VIIRS,n,2,301.4,4.95,D,0
30.15228,75.92916,334.33,0.39,0.36,2023-11-06,756,N,VIIRS,n,2,303.09,2.06,D,0
30.15289,75.95423,333.5,0.39,0.36,2023-11-06,756,N,VIIRS,n,2,303.53,5.28,D,0
30.15339,75.56958,331.7,0.4,0.37,2023-11-06,756,N,VIIRS,n,2,299.73,3.82,D,0
30.15354,74.36286,332.71,0.43,0.38,2023-11-06,756,N,VIIRS,n,2,300.71,2.47,D,0
30.15395,75.70515,331.47,0.4,0.37,2023-11-06,756,N,VIIRS,n,2,300.03,2.99,D,0
30.15464,75.53515,337.83,0.4,0.37,2023-11-06,756,N,VIIRS,n,2,301.29,5.13,D,0
30.1547,75.36774,330.33,0.4,0.37,2023-11-06,756,N,VIIRS,n,2,299.83,4.24,D,0
30.15491,74.86961,333.35,0.42,0.37,2023-11-06,756,N,VIIRS,n,2,300.97,3.05,D,0
30.15522,75.77686,333.13,0.4,0.37,2023-11-06,756,N,VIIRS,l,2,303.38,4.95,D,0
30.15539,75.37189,332.52,0.4,0.37,2023-11-06,756,N,VIIRS,n,2,300.17,4.24,D,0
30.15561,75.92845,332.46,0.39,0.36,2023-11-06,756,N,VIIRS,n,2,302.92,2.36,D,0
30.15589,75.78094,335.49,0.4,0.37,2023-11-06,756,N,VIIRS,n,2,302.7,4.95,D,0
30.15658,75.76388,333.49,0.4,0.37,2023-11-06,756,N,VIIRS,n,2,302.5,3.12,D,0
30.15753,75.96162,333.45,0.39,0.36,2023-11-06,756,N,VIIRS,n,2,302.24,5.79,D,0
30.15763,75.91962,332.66,0.39,0.36,2023-11-06,756,N,VIIRS,n,2,302.28,14.64,D,0
30.15829,75.92368,339.76,0.39,0.36,2023-11-06,756,N,VIIRS,n,2,310.59,14.64,D,0
30.15857,75.77613,334.95,0.4,0.37,2023-11-06,756,N,VIIRS,n,2,300.44,11.21,D,0
30.15923,75.78022,338.79,0.4,0.37,2023-11-06,756,N,VIIRS,n,2,300.68,11.21,D,0
30.15924,75.49993,331.74,0.4,0.37,2023-11-06,756,N,VIIRS,n,2,299.51,1.94,D,0
30.15941,75.22812,349.7,0.41,0.37,2023-11-06,756,N,VIIRS,n,2,301.13,7.26,D,0
30.15992,75.76315,336.18,0.4,0.37,2023-11-06,756,N,VIIRS,n,2,301.78,3.12,D,0
30.16125,75.77132,335.41,0.4,0.37,2023-11-06,756,N,VIIRS,n,2,302.5,7.24,D,0
30.16134,75.34468,331.48,0.4,0.37,2023-11-06,756,N,VIIRS,n,2,300.5,1.98,D,0
30.16184,75.30567,341.4,0.4,0.37,2023-11-06,756,N,VIIRS,n,2,300.16,3.99,D,0
30.16268,75.20567,335.98,0.41,0.37,2023-11-06,756,N,VIIRS,n,2,301.51,5.12,D,0
30.16309,75.86798,333.65,0.39,0.36,2023-11-06,756,N,VIIRS,n,2,302.91,1.38,D,0
30.16506,74.74232,333.92,0.42,0.38,2023-11-06,756,N,VIIRS,n,2,300.72,4.02,D,0
30.16637,75.88832,333.29,0.39,0.36,2023-11-06,756,N,VIIRS,l,2,304.16,3.85,D,0
30.16639,75.14378,332.58,0.41,0.37,2023-11-06,756,N,VIIRS,n,2,300.54,2.5,D,0
30.16687,75.23082,330.48,0.41,0.37,2023-11-06,756,N,VIIRS,n,2,299.64,1.67,D,0
30.16703,75.89238,334.28,0.39,0.36,2023-11-06,756,N,VIIRS,n,2,302.34,6.34,D,0
30.16878,75.34736,331.92,0.4,0.37,2023-11-06,756,N,VIIRS,n,2,299.61,2.53,D,0
30.16886,75.57902,333.0,0.4,0.37,2023-11-06,756,N,VIIRS,n,2,301.19,2.81,D,0
30.16895,76.11811,336.75,0.39,0.36,2023-11-06,756,N,VIIRS,n,2,300.77,3.61,D,0
30.16927,76.03452,342.21,0.39,0.36,2023-11-06,756,N,VIIRS,n,2,302.65,6.95,D,0
30.16933,75.71454,333.5,0.4,0.37,2023-11-06,756,N,VIIRS,n,2,302.15,3.54,D,0
30.16978,75.14302,336.93,0.41,0.37,2023-11-06,756,N,VIIRS,n,2,299.95,3.54,D,0
30.17009,75.08165,332.4,0.41,0.37,2023-11-06,756,N,VIIRS,n,2,300.53,3.57,D,0
30.17031,75.9127,345.72,0.39,0.36,2023-11-06,756,N,VIIRS,n,2,303.08,6.89,D,0
30.17112,75.85361,347.21,0.39,0.37,2023-11-06,756,N,VIIRS,n,2,304.3,5.33,D,0
30.17137,76.00477,350.98,0.39,0.36,2023-11-06,756,N,VIIRS,n,2,308.12,23.37,D,0
30.17306,74.55993,339.35,0.42,0.38,2023-11-06,756,N,VIIRS,n,2,302.98,11.16,D,0
30.17323,75.45829,335.76,0.4,0.37,2023-11-06,756,N,VIIRS,n,2,300.28,3.24,D,0
30.17342,75.18586,334.08,0.41,0.37,2023-11-06,756,N,VIIRS,n,2,299.85,3.35,D,0
30.17348,75.08089,330.16,0.41,0.37,2023-11-06,756,N,VIIRS,n,2,299.79,2.26,D,0
30.17375,75.8699,337.83,0.39,0.36,2023-11-06,756,N,VIIRS,n,2,303.71,2.57,D,0
30.17455,75.27687,332.37,0.41,0.37,2023-11-06,756,N,VIIRS,n,2,299.89,6.68,D,0
30.17524,75.28106,333.58,0.41,0.37,2023-11-06,756,N,VIIRS,n,2,303.4,6.68,D,0
30.17534,75.30269,333.54,0.4,0.37,2023-11-06,756,N,VIIRS,n,2,301.59,6.94,D,0
30.17556,75.94518,331.95,0.39,0.36,2023-11-06,756,N,VIIRS,n,2,302.2,3.14,D,0
30.17578,75.86104,335.83,0.39,0.36,2023-11-06,756,N,VIIRS,n,2,303.01,10.62,D,0
30.17621,75.94924,334.22,0.39,0.36,2023-11-06,756,N,VIIRS,n,2,304.35,4.43,D,0
30.17667,75.05909,334.65,0.41,0.37,2023-11-06,756,N,VIIRS,n,2,300.12,2.73,D,0
30.1768,75.97428,335.66,0.39,0.36,2023-11-06,756,N,VIIRS,n,2,301.85,4.27,D,0
30.17723,75.27195,333.24,0.41,0.37,2023-11-06,756,N,VIIRS,n,2,302.11,1.68,D,0
30.17792,75.78886,348.88,0.4,0.37,2023-11-06,756,N,VIIRS,n,2,304.03,4.07,D,0
30.17845,75.85625,333.26,0.39,0.37,2023-11-06,756,N,VIIRS,n,2,300.48,2.03,D,0
30.17871,75.30195,341.63,0.4,0.37,2023-11-06,756,N,VIIRS,n,2,303.21,6.94,D,0
30.17915,75.7467,339.88,0.4,0.37,2023-11-06,756,N,VIIRS,n,2,302.15,4.83,D,0
30.17928,75.77589,345.95,0.4,0.37,2023-11-06,756,N,VIIRS,n,2,304.7,8.94,D,0
30.18013,75.97357,338.69,0.39,0.36,2023-11-06,756,N,VIIRS,n,2,300.67,4.27,D,0
30.18037,74.64433,338.03,0.42,0.38,2023-11-06,756,N,VIIRS,n,2,303.16,12.54,D,0
30.1804,76.08231,333.68,0.39,0.36,2023-11-06,756,N,VIIRS,n,2,300.27,3.65,D,0
30.18102,74.31142,333.46,0.43,0.38,2023-11-06,756,N,VIIRS,n,2,299.88,3.09,D,0
30.18179,75.85554,335.91,0.39,0.37,2023-11-06,756,N,VIIRS,n,2,300.48,2.03,D,0
30.18216,75.96475,343.53,0.39,0.36,2023-11-06,756,N,VIIRS,n,2,305.59,17.92,D,0
30.18242,75.0929,333.89,0.41,0.37,2023-11-06,756,N,VIIRS,n,2,300.32,4.58,D,0
30.18249,75.74598,340.86,0.4,0.37,2023-11-06,756,N,VIIRS,n,2,299.32,4.83,D,0
30.18306,75.64406,332.45,0.4,0.37,2023-11-06,756,N,VIIRS,n,2,299.84,1.95,D,0
30.18381,74.64355,351.86,0.42,0.38,2023-11-06,756,N,VIIRS,n,2,307.36,12.54,D,0
30.18427,75.18781,330.5,0.41,0.37,2023-11-06,756,N,VIIRS,n,2,298.56,3.17,D,0
30.18445,76.06474,340.76,0.39,0.36,2023-11-06,756,N,VIIRS,n,2,305.43,10.96,D,0
30.18456,75.80853,339.44,0.4,0.37,2023-11-06,756,N,VIIRS,n,2,307.0,12.03,D,0
30.18492,74.79601,341.69,0.42,0.37,2023-11-06,756,N,VIIRS,n,2,301.34,4.74,D,0
30.18563,75.57537,333.6,0.4,0.37,2023-11-06,756,N,VIIRS,n,2,300.11,2.34,D,0
30.18599,76.01003,333.89,0.39,0.36,2023-11-06,756,N,VIIRS,n,2,304.34,3.41,D,0
30.18648,75.707,333.53,0.4,0.37,2023-11-06,756,N,VIIRS,l,2,304.03,4.71,D,0
30.18695,75.56228,334.02,0.4,0.37,2023-11-06,756,N,VIIRS,n,2,300.68,4.47,D,0
30.18778,76.06403,342.85,0.39,0.36,2023-11-06,756,N,VIIRS,n,2,304.81,10.96,D,0
30.18806,75.46362,332.6,0.4,0.37,2023-11-06,756,N,VIIRS,n,2,299.56,3.58,D,0
30.18859,76.02621,333.26,0.39,0.36,2023-11-06,756,N,VIIRS,n,2,301.23,2.07,D,0
30.18922,75.81597,333.97,0.39,0.37,2023-11-06,756,N,VIIRS,n,2,300.81,3.43,D,0
30.18974,76.50308,341.58,0.39,0.36,2023-11-06,756,N,VIIRS,n,2,300.94,6.26,D,0
30.18978,75.86224,331.82,0.39,0.36,2023-11-06,756,N,VIIRS,n,2,300.62,1.99,D,0
30.18983,75.70628,332.96,0.4,0.37,2023-11-06,756,N,VIIRS,n,2,301.15,4.71,D,0
30.18986,75.812,333.37,0.39,0.37,2023-11-06,756,N,VIIRS,n,2,301.44,2.97,D,0
30.19026,75.92943,335.63,0.39,0.36,2023-11-06,756,N,VIIRS,n,2,300.85,1.54,D,0
30.19041,74.61944,337.87,0.42,0.38,2023-11-06,756,N,VIIRS,n,2,307.57,27.22,D,0
30.19052,75.81609,332.57,0.39,0.37,2023-11-06,756,N,VIIRS,n,2,300.27,2.97,D,0
30.19115,75.8493,345.38,0.39,0.37,2023-11-06,756,N,VIIRS,n,2,307.75,16.76,D,0
30.19452,75.71374,335.31,0.4,0.37,2023-11-06,756,N,VIIRS,n,2,301.96,4.0,D,0
30.19452,76.04168,339.36,0.39,0.36,2023-11-06,756,N,VIIRS,n,2,301.89,3.68,D,0
30.1951,75.14693,332.47,0.41,0.37,2023-11-06,756,N,VIIRS,n,2,299.42,2.67,D,0
30.19559,75.29822,341.5,0.4,0.37,2023-11-06,756,N,VIIRS,n,2,302.7,10.33,D,0
30.19573,76.07069,333.97,0.39,0.36,2023-11-06,756,N,VIIRS,n,2,299.82,1.97,D,0
30.19581,75.15114,332.53,0.41,0.37,2023-11-06,756,N,VIIRS,n,2,299.3,4.24,D,0
30.19598,76.0079,338.77,0.39,0.36,2023-11-06,756,N,VIIRS,n,2,300.82,3.21,D,0
30.19601,75.2374,341.88,0.41,0.37,2023-11-06,756,N,VIIRS,n,2,303.6,13.05,D,0
30.19666,75.41019,332.69,0.4,0.37,2023-11-06,756,N,VIIRS,n,2,299.26,4.51,D,0
30.19688,75.49598,335.82,0.4,0.37,2023-11-06,756,N,VIIRS,n,2,300.01,2.42,D,0
30.19693,75.51737,339.78,0.4,0.37,2023-11-06,756,N,VIIRS,n,2,300.59,3.55,D,0
30.19711,76.05786,330.05,0.39,0.36,2023-11-06,756,N,VIIRS,n,2,299.88,2.65,D,0
30.1972,75.81464,331.84,0.39,0.37,2023-11-06,756,N,VIIRS,n,2,300.9,1.5,D,0
30.19734,75.41434,333.75,0.4,0.37,2023-11-06,756,N,VIIRS,n,2,302.84,4.51,D,0
30.1977,75.89001,332.79,0.39,0.36,2023-11-06,756,N,VIIRS,n,2,300.96,2.06,D,0
30.1992,75.7212,331.47,0.4,0.37,2023-11-06,756,N,VIIRS,n,2,300.14,3.07,D,0
30.19921,75.74236,333.44,0.4,0.37,2023-11-06,756,N,VIIRS,n,2,303.88,3.98,D,0
30.20221,74.62579,338.06,0.42,0.38,2023-11-06,756,N,VIIRS,n,2,300.66,6.0,D,0
30.203,75.90149,340.09,0.39,0.36,2023-11-06,756,N,VIIRS,n,2,305.34,6.76,D,0
30.20339,75.40871,335.49,0.4,0.37,2023-11-06,756,N,VIIRS,n,2,299.83,6.05,D,0
30.20447,75.90151,333.83,0.39,0.36,2023-11-06,756,N,VIIRS,n,2,302.35,5.54,D,0
30.20582,75.8886,348.5,0.39,0.36,2023-11-06,756,N,VIIRS,n,2,302.85,5.6,D,0
30.20612,74.6068,348.05,0.42,0.38,2023-11-06,756,N,VIIRS,n,2,304.44,9.87,D,0
30.20644,74.24986,336.12,0.43,0.38,2023-11-06,756,N,VIIRS,n,2,301.1,4.2,D,0
30.20654,75.68145,334.01,0.4,0.37,2023-11-06,756,N,VIIRS,n,2,301.03,2.51,D,0
30.20685,75.94688,337.67,0.39,0.36,2023-11-06,756,N,VIIRS,n,2,301.28,2.63,D,0
30.20702,75.2827,336.11,0.4,0.37,2023-11-06,756,N,VIIRS,n,2,300.48,3.71,D,0
30.20714,75.89674,332.24,0.39,0.36,2023-11-06,756,N,VIIRS,n,2,302.8,4.36,D,0
30.20739,75.15729,345.26,0.41,0.37,2023-11-06,756,N,VIIRS,n,2,303.39,11.82,D,0
30.20757,75.92992,333.82,0.39,0.36,2023-11-06,756,N,VIIRS,n,2,302.19,3.48,D,0
30.20761,74.60743,340.77,0.42,0.38,2023-11-06,756,N,VIIRS,n,2,302.96,8.75,D,0
30.2078,75.90079,334.12,0.39,0.36,2023-11-06,756,N,VIIRS,n,2,303.08,5.54,D,0
30.20823,75.93398,347.51,0.39,0.36,2023-11-06,756,N,VIIRS,n,2,301.53,5.34,D,0
30.20847,75.90485,340.08,0.39,0.36,2023-11-06,756,N,VIIRS,n,2,305.84,5.54,D,0
30.20865,76.00101,334.38,0.39,0.36,2023-11-06,756,N,VIIRS,l,2,304.74,8.02,D,0
30.20909,75.92993,335.28,0.39,0.36,2023-11-06,756,N,VIIRS,n,2,300.01,1.92,D,0
30.20912,76.04694,336.3,0.39,0.36,2023-11-06,756,N,VIIRS,n,2,305.76,6.18,D,0
30.20975,75.93398,346.57,0.39,0.36,2023-11-06,756,N,VIIRS,n,2,301.19,5.95,D,0
30.20979,75.91299,331.35,0.39,0.36,2023-11-06,756,N,VIIRS,l,2,301.38,2.06,D,0
30.20982,75.59569,333.88,0.4,0.37,2023-11-06,756,N,VIIRS,n,2,301.7,2.95,D,0
30.21121,75.83692,333.93,0.39,0.37,2023-11-06,756,N,VIIRS,n,2,300.87,2.58,D,0
30.21258,75.78178,347.23,0.4,0.37,2023-11-06,756,N,VIIRS,n,2,304.62,8.79,D,0
30.2144,75.94138,333.8,0.39,0.36,2023-11-06,756,N,VIIRS,n,2,302.55,2.94,D,0
30.21458,75.75174,345.99,0.4,0.37,2023-11-06,756,N,VIIRS,n,2,302.63,6.52,D,0
30.21491,75.43627,332.74,0.4,0.37,2023-11-06,756,N,VIIRS,n,2,301.45,1.97,D,0
30.21504,75.50058,331.42,0.4,0.37,2023-11-06,756,N,VIIRS,n,2,300.27,2.05,D,0
30.21524,75.67108,339.83,0.4,0.37,2023-11-06,756,N,VIIRS,n,2,303.54,9.08,D,0
30.21566,74.592,332.8,0.42,0.38,2023-11-06,756,N,VIIRS,n,2,301.28,1.99,D,0
30.21595,76.00363,346.76,0.39,0.36,2023-11-06,756,N,VIIRS,n,2,306.09,9.33,D,0
30.21617,75.4016,330.24,0.4,0.37,2023-11-06,756,N,VIIRS,n,2,298.71,2.58,D,0
30.21642,75.93256,345.57,0.39,0.36,2023-11-06,756,N,VIIRS,n,2,307.79,14.97,D,0
30.21644,75.53022,337.46,0.4,0.37,2023-11-06,756,N,VIIRS,n,2,300.41,2.21,D,0
30.21685,75.40575,331.2,0.4,0.37,2023-11-06,756,N,VIIRS,n,2,299.34,2.83,D,0
30.21712,75.91561,335.33,0.39,0.36,2023-11-06,756,N,VIIRS,n,2,303.05,2.58,D,0
30.21827,75.43554,335.54,0.4,0.37,2023-11-06,756,N,VIIRS,n,2,300.59,4.8,D,0
30.21842,75.28525,346.23,0.4,0.37,2023-11-06,756,N,VIIRS,n,2,303.18,9.44,D,0
30.21922,75.61068,344.22,0.4,0.37,2023-11-06,756,N,VIIRS,n,2,301.83,6.13,D,0
30.22039,75.27615,337.56,0.4,0.37,2023-11-06,756,N,VIIRS,n,2,300.07,5.51,D,0
30.22062,74.59993,332.19,0.42,0.38,2023-11-06,756,N,VIIRS,n,2,298.99,3.9,D,0
30.22063,74.73421,333.65,0.42,0.38,2023-11-06,756,N,VIIRS,n,2,302.22,2.94,D,0
30.22135,75.32353,333.0,0.4,0.37,2023-11-06,756,N,VIIRS,n,2,299.25,2.85,D,0
30.22173,75.94402,337.43,0.39,0.36,2023-11-06,756,N,VIIRS,n,2,302.94,3.81,D,0
30.22179,74.58607,335.45,0.42,0.38,2023-11-06,756,N,VIIRS,n,2,300.12,4.34,D,0
30.22188,76.01911,335.1,0.39,0.36,2023-11-06,756,N,VIIRS,n,2,301.95,3.23,D,0
30.22289,76.01502,332.6,0.39,0.36,2023-11-06,756,N,VIIRS,n,2,300.79,3.23,D,0
30.2229,75.40012,332.5,0.4,0.37,2023-11-06,756,N,VIIRS,n,2,299.55,2.13,D,0
30.22312,75.91012,342.98,0.39,0.36,2023-11-06,756,N,VIIRS,n,2,308.82,16.02,D,0
30.22355,76.01907,347.44,0.39,0.36,2023-11-06,756,N,VIIRS,n,2,302.91,3.23,D,0
30.22358,75.40427,330.23,0.4,0.37,2023-11-06,756,N,VIIRS,n,2,299.99,2.03,D,0
30.22453,75.85513,334.38,0.39,0.36,2023-11-06,756,N,VIIRS,n,2,303.72,5.43,D,0
30.22501,75.96429,333.15,0.39,0.36,2023-11-06,756,N,VIIRS,n,2,300.19,2.07,D,0
30.22511,76.03934,340.8,0.39,0.36,2023-11-06,756,N,VIIRS,n,2,304.28,4.09,D,0
30.22588,75.5666,332.09,0.4,0.37,2023-11-06,756,N,VIIRS,n,2,299.99,3.27,D,0
30.22627,75.39938,330.55,0.4,0.37,2023-11-06,756,N,VIIRS,n,2,298.35,2.41,D,0
30.22645,75.9094,346.67,0.39,0.36,2023-11-06,756,N,VIIRS,n,2,302.21,8.44,D,0
30.22661,75.78297,333.48,0.4,0.37,2023-11-06,756,N,VIIRS,n,2,302.61,2.69,D,0
30.22682,76.03928,335.84,0.39,0.36,2023-11-06,756,N,VIIRS,n,2,304.71,4.83,D,0
30.22684,75.12677,330.05,0.41,0.37,2023-11-06,756,N,VIIRS,n,2,300.63,5.32,D,0
30.22729,75.72359,330.77,0.4,0.37,2023-11-06,756,N,VIIRS,n,2,299.51,1.77,D,0
30.22756,75.13098,332.87,0.41,0.37,2023-11-06,756,N,VIIRS,n,2,303.13,5.32,D,0
30.22795,75.77,332.77,0.4,0.37,2023-11-06,756,N,VIIRS,n,2,300.77,2.44,D,0
30.22862,75.75294,334.56,0.4,0.37,2023-11-06,756,N,VIIRS,n,2,302.45,2.09,D,0
30.22895,75.39449,331.02,0.4,0.37,2023-11-06,756,N,VIIRS,n,2,299.78,2.41,D,0
30.2292,75.07808,331.98,0.41,0.37,2023-11-06,756,N,VIIRS,n,2,299.22,2.08,D,0
30.2295,76.03454,341.92,0.39,0.36,2023-11-06,756,N,VIIRS,n,2,302.51,5.82,D,0
30.22992,75.08231,331.14,0.41,0.37,2023-11-06,756,N,VIIRS,n,2,299.91,2.82,D,0
30.22994,75.78226,335.31,0.4,0.37,2023-11-06,756,N,VIIRS,n,2,302.86,2.69,D,0
30.23007,75.31296,332.99,0.4,0.37,2023-11-06,756,N,VIIRS,n,2,299.72,3.13,D,0
30.23016,76.4166,338.53,0.39,0.36,2023-11-06,756,N,VIIRS,n,2,296.65,5.5,D,0
30.23129,75.76928,346.24,0.4,0.37,2023-11-06,756,N,VIIRS,n,2,300.49,7.84,D,0
30.23131,75.70577,339.13,0.4,0.37,2023-11-06,756,N,VIIRS,n,2,300.98,6.77,D,0
30.23136,74.57936,335.88,0.42,0.38,2023-11-06,756,N,VIIRS,n,2,300.79,5.53,D,0
30.23209,74.728,333.86,0.42,0.38,2023-11-06,756,N,VIIRS,n,2,300.83,2.11,D,0
30.23233,75.96692,337.79,0.39,0.36,2023-11-06,756,N,VIIRS,n,2,303.58,2.91,D,0
30.2325,75.88289,333.25,0.39,0.36,2023-11-06,756,N,VIIRS,n,2,300.18,0.99,D,0
30.23259,75.56514,347.36,0.4,0.37,2023-11-06,756,N,VIIRS,n,2,300.5,6.07,D,0
30.23306,76.17538,337.79,0.39,0.36,2023-11-06,756,N,VIIRS,n,2,302.63,2.88,D,0
30.23641,75.92828,333.4,0.39,0.36,2023-11-06,756,N,VIIRS,n,2,301.66,2.69,D,0
30.23863,75.40594,335.91,0.4,0.37,2023-11-06,756,N,VIIRS,n,2,299.23,2.9,D,0
30.23934,75.71251,334.65,0.4,0.37,2023-11-06,756,N,VIIRS,n,2,301.74,4.68,D,0
30.23981,75.37125,333.93,0.4,0.37,2023-11-06,756,N,VIIRS,n,2,300.76,35.24,D,0
30.24158,75.31906,346.66,0.4,0.37,2023-11-06,756,N,VIIRS,n,2,300.48,6.54,D,0
30.24268,75.71178,336.09,0.4,0.37,2023-11-06,756,N,VIIRS,n,2,301.31,10.64,D,0
30.24298,75.3274,343.67,0.4,0.37,2023-11-06,756,N,VIIRS,n,2,303.37,10.44,D,0
30.24358,75.99385,334.41,0.39,0.36,2023-11-06,756,N,VIIRS,n,2,299.08,4.14,D,0
30.24363,75.97289,330.57,0.39,0.36,2023-11-06,756,N,VIIRS,l,2,302.69,3.13,D,0
30.24367,75.33157,333.25,0.4,0.37,2023-11-06,756,N,VIIRS,n,2,299.46,5.66,D,0
30.24389,76.10249,334.89,0.39,0.36,2023-11-06,756,N,VIIRS,n,2,297.89,4.46,D,0
30.24397,75.52847,337.35,0.4,0.37,2023-11-06,756,N,VIIRS,n,2,301.41,5.56,D,0
30.24467,75.40031,332.12,0.4,0.37,2023-11-06,756,N,VIIRS,n,2,299.76,2.5,D,0
30.24619,76.01005,333.81,0.39,0.36,2023-11-06,756,N,VIIRS,n,2,299.04,1.75,D,0
30.24837,75.93831,331.63,0.39,0.36,2023-11-06,756,N,VIIRS,n,2,300.61,1.72,D,0
30.25004,76.05525,331.43,0.39,0.36,2023-11-06,756,N,VIIRS,n,2,296.9,1.31,D,0
30.25006,75.67202,334.66,0.4,0.37,2023-11-06,756,N,VIIRS,n,2,300.69,3.11,D,0
30.25067,75.76087,334.02,0.4,0.37,2023-11-06,756,N,VIIRS,n,2,302.59,3.18,D,0
30.25134,75.76496,333.38,0.4,0.37,2023-11-06,756,N,VIIRS,n,2,302.22,5.8,D,0
30.25158,75.29523,337.62,0.4,0.37,2023-11-06,756,N,VIIRS,n,2,300.12,5.56,D,0
30.2525,75.87859,336.13,0.39,0.36,2023-11-06,756,N,VIIRS,n,2,303.21,7.48,D,0
30.25316,75.88266,343.71,0.39,0.36,2023-11-06,756,N,VIIRS,n,2,300.84,7.31,D,0
30.2533,74.51981,332.54,0.42,0.38,2023-11-06,756,N,VIIRS,n,2,300.33,3.82,D,0
30.25335,75.75606,335.49,0.4,0.37,2023-11-06,756,N,VIIRS,n,2,301.65,3.18,D,0
30.25455,75.52254,348.57,0.4,0.37,2023-11-06,756,N,VIIRS,n,2,301.78,4.5,D,0
30.25599,76.2207,344.78,0.39,0.36,2023-11-06,756,N,VIIRS,n,2,300.28,7.5,D,0
30.25608,75.58134,336.05,0.4,0.37,2023-11-06,756,N,VIIRS,n,2,300.26,3.2,D,0
30.25624,74.68209,342.36,0.42,0.38,2023-11-06,756,N,VIIRS,n,2,300.13,6.33,D,0
30.25647,75.49216,332.14,0.4,0.37,2023-11-06,756,N,VIIRS,n,2,299.37,2.75,D,0
30.25664,75.11576,341.64,0.41,0.37,2023-11-06,756,N,VIIRS,n,2,301.27,7.71,D,0
30.25715,75.49629,332.5,0.4,0.37,2023-11-06,756,N,VIIRS,n,2,299.41,2.75,D,0
30.25715,75.88599,336.21,0.39,0.36,2023-11-06,756,N,VIIRS,n,2,302.23,3.77,D,0
30.25742,75.58958,343.46,0.4,0.37,2023-11-06,756,N,VIIRS,n,2,301.87,6.81,D,0
30.25819,75.146,331.85,0.41,0.37,2023-11-06,756,N,VIIRS,n,2,299.54,2.71,D,0
30.25876,76.19515,339.25,0.39,0.36,2023-11-06,756,N,VIIRS,n,2,303.15,3.49,D,0
30.25941,76.19918,331.01,0.39,0.36,2023-11-06,756,N,VIIRS,n,2,300.83,1.76,D,0
30.25945,74.51385,334.12,0.42,0.38,2023-11-06,756,N,VIIRS,n,2,299.04,3.13,D,0
30.2625,75.31877,338.44,0.4,0.37,2023-11-06,756,N,VIIRS,n,2,301.1,5.98,D,0
30.2625,75.87644,330.99,0.39,0.36,2023-11-06,756,N,VIIRS,l,2,302.85,3.27,D,0
30.26252,76.24009,331.96,0.39,0.36,2023-11-06,756,N,VIIRS,n,2,299.99,3.31,D,0
30.26285,75.13187,335.7,0.41,0.37,2023-11-06,756,N,VIIRS,n,2,301.59,3.0,D,0
30.2635,74.41231,337.12,0.43,0.38,2023-11-06,756,N,VIIRS,n,2,302.75,6.61,D,0
30.26357,75.40907,334.91,0.4,0.37,2023-11-06,756,N,VIIRS,n,2,301.27,6.39,D,0
30.26501,76.59505,335.81,0.39,0.36,2023-11-06,756,N,VIIRS,n,2,303.9,2.74,D,0
30.2651,75.46028,344.47,0.4,0.37,2023-11-06,756,N,VIIRS,n,2,304.0,8.63,D,0
30.2664,75.92185,346.89,0.39,0.36,2023-11-06,756,N,VIIRS,n,2,302.38,9.73,D,0
30.26792,74.97781,338.44,0.41,0.37,2023-11-06,756,N,VIIRS,n,2,302.66,4.6,D,0
30.26805,74.24703,333.12,0.43,0.38,2023-11-06,756,N,VIIRS,n,2,299.44,3.12,D,0
30.26805,75.3521,331.09,0.4,0.37,2023-11-06,756,N,VIIRS,n,2,299.85,1.44,D,0
30.26831,76.59435,349.8,0.39,0.36,2023-11-06,756,N,VIIRS,n,2,304.89,7.07,D,0
30.26861,74.97691,330.93,0.41,0.37,2023-11-06,756,N,VIIRS,l,2,301.67,4.36,D,0
30.2689,74.40187,332.9,0.43,0.38,2023-11-06,756,N,VIIRS,n,2,299.46,3.44,D,0
30.26925,75.31728,334.05,0.4,0.37,2023-11-06,756,N,VIIRS,n,2,299.87,3.52,D,0
30.27004,75.34303,340.45,0.4,0.37,2023-11-06,756,N,VIIRS,n,2,302.26,7.15,D,0
30.27132,75.80289,333.51,0.39,0.37,2023-11-06,756,N,VIIRS,n,2,301.29,3.62,D,0
30.27198,75.80697,339.62,0.39,0.37,2023-11-06,756,N,VIIRS,n,2,300.32,3.62,D,0
30.27232,75.25166,332.4,0.41,0.37,2023-11-06,756,N,VIIRS,n,2,298.73,2.91,D,0
30.27346,76.00842,334.64,0.39,0.36,2023-11-06,756,N,VIIRS,n,2,299.48,1.63,D,0
30.27349,74.98978,336.01,0.41,0.37,2023-11-06,756,N,VIIRS,n,2,300.23,3.81,D,0
30.27462,75.82328,335.04,0.39,0.37,2023-11-06,756,N,VIIRS,n,2,300.78,4.23,D,0
30.27599,75.3158,357.27,0.4,0.37,2023-11-06,756,N,VIIRS,n,2,306.36,24.66,D,0
30.27627,75.96171,338.81,0.39,0.36,2023-11-06,756,N,VIIRS,n,2,302.81,4.11,D,0
30.27654,76.22051,335.96,0.39,0.36,2023-11-06,756,N,VIIRS,n,2,298.0,10.12,D,0
30.27668,75.50914,330.56,0.4,0.37,2023-11-06,756,N,VIIRS,n,2,299.51,1.67,D,0
30.27677,75.72983,334.49,0.4,0.37,2023-11-06,756,N,VIIRS,n,2,302.42,3.77,D,0
30.27679,75.55185,344.73,0.4,0.37,2023-11-06,756,N,VIIRS,n,2,300.08,6.26,D,0
30.27907,76.10753,341.64,0.39,0.36,2023-11-06,756,N,VIIRS,n,2,303.59,9.35,D,0
30.27921,76.21579,352.51,0.39,0.36,2023-11-06,756,N,VIIRS,n,2,305.78,31.18,D,0
30.2796,75.961,340.29,0.39,0.36,2023-11-06,756,N,VIIRS,n,2,298.91,4.11,D,0
30.28007,76.17816,336.96,0.39,0.36,2023-11-06,756,N,VIIRS,n,2,304.52,8.02,D,0
30.28023,75.59374,339.5,0.4,0.37,2023-11-06,756,N,VIIRS,n,2,300.92,3.94,D,0
30.28071,76.18218,347.62,0.39,0.36,2023-11-06,756,N,VIIRS,n,2,302.56,8.02,D,0
30.28181,75.88912,330.87,0.39,0.36,2023-11-06,756,N,VIIRS,n,2,297.42,0.83,D,0
30.28238,75.39632,333.42,0.4,0.37,2023-11-06,756,N,VIIRS,n,2,299.83,2.14,D,0
30.28256,76.06504,336.98,0.39,0.36,2023-11-06,756,N,VIIRS,n,2,300.17,2.84,D,0
30.28271,75.50354,333.82,0.4,0.37,2023-11-06,756,N,VIIRS,n,2,299.95,3.62,D,0
30.28273,75.76662,334.0,0.4,0.37,2023-11-06,756,N,VIIRS,n,2,302.9,7.13,D,0
30.28339,76.17746,339.69,0.39,0.36,2023-11-06,756,N,VIIRS,n,2,301.58,10.38,D,0
30.28383,75.88027,344.81,0.39,0.36,2023-11-06,756,N,VIIRS,n,2,297.53,3.19,D,0
30.28457,75.13577,346.85,0.41,0.37,2023-11-06,756,N,VIIRS,n,2,301.48,3.65,D,0
30.2858,76.08524,335.15,0.39,0.36,2023-11-06,756,N,VIIRS,n,2,302.94,4.58,D,0
30.28617,75.54553,343.51,0.4,0.37,2023-11-06,756,N,VIIRS,n,2,299.96,3.92,D,0
30.28763,75.94669,345.47,0.39,0.36,2023-11-06,756,N,VIIRS,n,2,306.09,12.59,D,0
30.28783,76.07645,344.87,0.39,0.36,2023-11-06,756,N,VIIRS,n,2,302.02,5.28,D,0
30.28842,75.7067,335.61,0.4,0.37,2023-11-06,756,N,VIIRS,l,2,305.77,6.58,D,0
30.29032,75.61285,334.38,0.4,0.37,2023-11-06,756,N,VIIRS,n,2,302.71,5.93,D,0
30.29096,75.94598,342.37,0.39,0.36,2023-11-06,756,N,VIIRS,n,2,302.41,12.59,D,0
30.29109,75.21709,337.33,0.41,0.37,2023-11-06,756,N,VIIRS,n,2,302.76,4.99,D,0
30.29162,75.03413,335.73,0.41,0.37,2023-11-06,756,N,VIIRS,n,2,300.33,3.14,D,0
30.29306,74.77239,341.72,0.42,0.37,2023-11-06,756,N,VIIRS,n,2,301.15,7.41,D,0
30.29312,75.73532,332.92,0.4,0.37,2023-11-06,756,N,VIIRS,n,2,301.69,1.36,D,0
30.29379,74.7767,338.08,0.42,0.37,2023-11-06,756,N,VIIRS,n,2,301.88,7.89,D,0
30.294,76.02915,333.29,0.39,0.36,2023-11-06,756,N,VIIRS,n,2,301.08,2.81,D,0
30.29438,76.63015,342.73,0.39,0.36,2023-11-06,756,N,VIIRS,n,2,306.22,5.54,D,0
30.29452,75.13421,339.06,0.41,0.37,2023-11-06,756,N,VIIRS,n,2,301.05,2.99,D,0
30.29473,75.13349,341.61,0.41,0.37,2023-11-06,756,N,VIIRS,n,2,300.23,3.37,D,0
30.29516,75.22054,332.58,0.41,0.37,2023-11-06,756,N,VIIRS,n,2,299.65,4.99,D,0
30.29533,74.99371,335.53,0.41,0.37,2023-11-06,756,N,VIIRS,n,2,300.49,4.55,D,0
30.29546,75.99534,330.81,0.39,0.36,2023-11-06,756,N,VIIRS,l,2,301.63,5.23,D,0
30.2964,75.6498,338.89,0.4,0.37,2023-11-06,756,N,VIIRS,n,2,301.46,3.53,D,0
30.29691,75.31549,338.05,0.4,0.37,2023-11-06,756,N,VIIRS,n,2,304.43,10.31,D,0
30.2973,74.43406,332.94,0.43,0.38,2023-11-06,756,N,VIIRS,n,2,299.95,3.89,D,0
30.29741,76.0075,332.88,0.39,0.36,2023-11-06,756,N,VIIRS,n,2,299.43,3.23,D,0
30.2979,75.13346,332.19,0.41,0.37,2023-11-06,756,N,VIIRS,n,2,299.48,2.99,D,0
30.29806,76.01154,333.1,0.39,0.36,2023-11-06,756,N,VIIRS,n,2,299.36,3.23,D,0
30.29823,75.53436,332.88,0.4,0.37,2023-11-06,756,N,VIIRS,n,2,300.7,3.82,D,0
30.29862,76.03654,347.05,0.39,0.36,2023-11-06,756,N,VIIRS,n,2,305.64,11.69,D,0
30.29927,76.04058,331.7,0.39,0.36,2023-11-06,756,N,VIIRS,n,2,299.6,1.34,D,0
30.29929,75.82639,344.45,0.39,0.36,2023-11-06,756,N,VIIRS,n,2,304.4,14.42,D,0
30.30046,75.82246,330.39,0.39,0.36,2023-11-06,756,N,VIIRS,n,2,301.21,6.29,D,0
30.30113,75.82653,334.73,0.39,0.36,2023-11-06,756,N,VIIRS,n,2,300.35,6.29,D,0
30.30138,76.16115,332.96,0.39,0.36,2023-11-06,756,N,VIIRS,n,2,302.15,4.4,D,0
30.30175,75.64013,345.58,0.4,0.37,2023-11-06,756,N,VIIRS,n,2,301.7,9.86,D,0
30.30195,76.03583,347.85,0.39,0.36,2023-11-06,756,N,VIIRS,n,2,301.77,5.81,D,0
30.30297,76.10663,333.73,0.39,0.36,2023-11-06,756,N,VIIRS,n,2,300.67,1.07,D,0
30.30363,75.93906,338.13,0.39,0.36,2023-11-06,756,N,VIIRS,n,2,302.04,5.59,D,0
30.30428,76.52524,334.3,0.39,0.36,2023-11-06,756,N,VIIRS,n,2,303.69,4.2,D,0
30.30456,75.38284,334.3,0.4,0.37,2023-11-06,756,N,VIIRS,n,2,300.48,2.89,D,0
30.30528,76.03511,330.57,0.39,0.36,2023-11-06,756,N,VIIRS,l,2,302.25,5.81,D,0
30.30582,75.7495,330.37,0.4,0.37,2023-11-06,756,N,VIIRS,n,2,301.29,1.43,D,0
30.30631,75.9343,335.46,0.39,0.36,2023-11-06,756,N,VIIRS,n,2,301.17,5.49,D,0
30.30739,76.00536,339.35,0.39,0.36,2023-11-06,756,N,VIIRS,n,2,301.01,2.75,D,0
30.30847,75.82916,334.88,0.39,0.36,2023-11-06,756,N,VIIRS,n,2,302.66,2.73,D,0
30.30894,75.28255,330.96,0.4,0.37,2023-11-06,756,N,VIIRS,n,2,299.77,2.33,D,0
30.31024,75.26927,344.25,0.4,0.37,2023-11-06,756,N,VIIRS,n,2,305.32,12.52,D,0
30.31181,75.65919,336.13,0.4,0.37,2023-11-06,756,N,VIIRS,n,2,301.04,4.03,D,0
30.31181,75.82845,335.55,0.39,0.36,2023-11-06,756,N,VIIRS,n,2,301.55,2.73,D,0
30.31226,74.49916,333.58,0.42,0.38,2023-11-06,756,N,VIIRS,n,2,300.46,4.17,D,0
30.31239,76.07957,333.93,0.39,0.36,2023-11-06,756,N,VIIRS,n,2,303.14,2.1,D,0
30.31254,76.29597,339.89,0.39,0.36,2023-11-06,756,N,VIIRS,n,2,293.55,8.14,D,0
30.3129,75.95387,341.35,0.39,0.36,2023-11-06,756,N,VIIRS,n,2,302.49,5.66,D,0
30.31292,75.26434,330.36,0.4,0.37,2023-11-06,756,N,VIIRS,n,2,299.69,2.96,D,0
30.3145,75.76031,336.03,0.4,0.37,2023-11-06,756,N,VIIRS,n,2,302.58,2.75,D,0
30.31451,75.71799,333.48,0.4,0.37,2023-11-06,756,N,VIIRS,n,2,302.97,2.71,D,0
30.31491,74.53495,331.8,0.42,0.38,2023-11-06,756,N,VIIRS,n,2,299.58,2.83,D,0
30.31511,76.57246,333.73,0.39,0.36,2023-11-06,756,N,VIIRS,n,2,303.51,2.96,D,0
30.31515,75.65847,336.55,0.4,0.37,2023-11-06,756,N,VIIRS,n,2,301.32,2.93,D,0
30.31567,74.53932,332.65,0.42,0.38,2023-11-06,756,N,VIIRS,n,2,300.44,4.46,D,0
30.31626,76.1038,337.85,0.39,0.36,2023-11-06,756,N,VIIRS,n,2,303.44,4.38,D,0
30.31893,74.96637,334.7,0.41,0.37,2023-11-06,756,N,VIIRS,n,2,301.71,4.33,D,0
30.31909,75.87321,333.42,0.39,0.36,2023-11-06,756,N,VIIRS,n,2,299.56,7.26,D,0
30.32068,74.72584,333.16,0.42,0.38,2023-11-06,756,N,VIIRS,n,2,299.42,3.29,D,0
30.3207,76.00252,341.26,0.39,0.36,2023-11-06,756,N,VIIRS,n,2,304.75,19.34,D,0
30.32073,74.4241,332.71,0.43,0.38,2023-11-06,756,N,VIIRS,n,2,301.04,4.83,D,0
30.32101,75.92744,347.4,0.39,0.36,2023-11-06,756,N,VIIRS,n,2,300.35,13.14,D,0
30.32112,75.58909,339.75,0.4,0.37,2023-11-06,756,N,VIIRS,n,2,303.28,3.83,D,0
30.32117,76.04846,346.79,0.39,0.36,2023-11-06,756,N,VIIRS,n,2,304.78,10.78,D,0
30.3216,75.46504,333.45,0.4,0.37,2023-11-06,756,N,VIIRS,n,2,299.71,2.63,D,0
30.32228,75.46918,332.4,0.4,0.37,2023-11-06,756,N,VIIRS,n,2,300.61,2.92,D,0
30.32361,74.7431,341.14,0.42,0.37,2023-11-06,756,N,VIIRS,n,2,300.8,4.47,D,0
30.32389,75.26685,333.89,0.4,0.37,2023-11-06,756,N,VIIRS,n,2,304.23,5.8,D,0
30.32428,75.12321,347.33,0.41,0.37,2023-11-06,756,N,VIIRS,n,2,301.6,6.98,D,0
30.32457,75.31371,331.08,0.4,0.37,2023-11-06,756,N,VIIRS,l,2,301.34,1.86,D,0
30.32529,75.17097,339.51,0.41,0.37,2023-11-06,756,N,VIIRS,n,2,300.08,3.69,D,0
30.32653,75.66448,336.24,0.4,0.37,2023-11-06,756,N,VIIRS,n,2,301.75,3.85,D,0
30.32753,75.30932,330.73,0.4,0.37,2023-11-06,756,N,VIIRS,n,2,299.29,7.37,D,0
30.32822,75.31348,335.45,0.4,0.37,2023-11-06,756,N,VIIRS,n,2,303.23,22.07,D,0
30.32826,74.72859,335.5,0.42,0.38,2023-11-06,756,N,VIIRS,n,2,300.47,5.5,D,0
30.32852,75.78265,336.29,0.39,0.37,2023-11-06,756,N,VIIRS,n,2,301.02,4.06,D,0
30.32896,75.02577,332.74,0.41,0.37,2023-11-06,756,N,VIIRS,n,2,300.16,3.84,D,0
30.3296,75.95918,332.83,0.39,0.36,2023-11-06,756,N,VIIRS,n,2,300.68,2.48,D,0
30.32988,75.66376,347.24,0.4,0.37,2023-11-06,756,N,VIIRS,n,2,299.8,5.11,D,0
30.33022,75.41161,332.51,0.4,0.37,2023-11-06,756,N,VIIRS,n,2,299.62,3.2,D,0
30.33121,75.7567,345.83,0.4,0.37,2023-11-06,756,N,VIIRS,n,2,300.99,6.41,D,0
30.33176,75.12592,333.37,0.41,0.37,2023-11-06,756,N,VIIRS,n,2,300.01,2.76,D,0
30.33186,75.78193,337.11,0.39,0.37,2023-11-06,756,N,VIIRS,n,2,298.91,4.06,D,0
30.33206,76.24618,334.14,0.39,0.36,2023-11-06,756,N,VIIRS,n,2,298.0,2.14,D,0
30.33253,75.61643,334.49,0.4,0.37,2023-11-06,756,N,VIIRS,n,2,301.3,3.53,D,0
30.33363,75.94153,330.34,0.39,0.36,2023-11-06,756,N,VIIRS,n,2,300.7,2.37,D,0
30.3349,75.97062,339.35,0.39,0.36,2023-11-06,756,N,VIIRS,n,2,301.74,5.3,D,0
30.33514,75.12517,350.89,0.41,0.37,2023-11-06,756,N,VIIRS,n,2,301.57,12.63,D,0
30.33558,74.53024,331.87,0.42,0.38,2023-11-06,756,N,VIIRS,n,2,298.24,1.25,D,0
30.33797,75.24639,334.22,0.4,0.37,2023-11-06,756,N,VIIRS,n,2,303.53,14.0,D,0
30.33835,75.4399,333.7,0.4,0.37,2023-11-06,756,N,VIIRS,n,2,296.78,4.43,D,0
30.33853,75.78049,335.85,0.39,0.37,2023-11-06,756,N,VIIRS,n,2,300.38,6.49,D,0
30.33861,74.01125,335.86,0.44,0.38,2023-11-06,756,N,VIIRS,n,2,300.04,4.71,D,0
30.33893,75.95299,330.28,0.39,0.36,2023-11-06,756,N,VIIRS,l,2,300.88,1.27,D,0
30.33914,75.02349,342.94,0.41,0.37,2023-11-06,756,N,VIIRS,n,2,299.71,5.49,D,0
30.33992,75.66158,335.15,0.4,0.37,2023-11-06,756,N,VIIRS,n,2,301.4,4.26,D,0
30.34066,74.45612,345.54,0.43,0.38,2023-11-06,756,N,VIIRS,n,2,301.61,4.63,D,0
30.34104,74.02489,332.0,0.44,0.38,2023-11-06,756,N,VIIRS,n,2,299.07,2.49,D,0
30.34119,75.79681,333.36,0.39,0.37,2023-11-06,756,N,VIIRS,n,2,300.1,2.92,D,0
30.34201,76.59161,334.08,0.39,0.36,2023-11-06,756,N,VIIRS,l,2,305.1,2.01,D,0
30.34249,75.82605,332.86,0.39,0.36,2023-11-06,756,N,VIIRS,n,2,302.43,8.19,D,0
30.34254,75.78384,334.18,0.39,0.37,2023-11-06,756,N,VIIRS,n,2,298.59,32.48,D,0
30.34318,75.80904,334.44,0.39,0.36,2023-11-06,756,N,VIIRS,n,2,300.61,2.85,D,0
30.34371,75.89737,346.66,0.39,0.36,2023-11-06,756,N,VIIRS,n,2,297.79,11.48,D,0
30.34453,75.79608,333.04,0.39,0.37,2023-11-06,756,N,VIIRS,n,2,297.53,3.58,D,0
30.34532,76.59092,333.57,0.39,0.36,2023-11-06,756,N,VIIRS,l,2,306.53,2.01,D,0
30.34538,75.03965,347.5,0.41,0.37,2023-11-06,756,N,VIIRS,n,2,302.03,5.33,D,0
30.34594,75.65602,336.56,0.4,0.37,2023-11-06,756,N,VIIRS,n,2,302.57,2.96,D,0
30.34659,76.0644,330.76,0.39,0.36,2023-11-06,756,N,VIIRS,n,2,300.94,2.14,D,0
30.34756,75.40833,340.85,0.4,0.37,2023-11-06,756,N,VIIRS,n,2,307.81,37.86,D,0
30.34826,75.41248,339.86,0.4,0.37,2023-11-06,756,N,VIIRS,n,2,299.8,3.74,D,0
30.34854,75.10031,335.72,0.41,0.37,2023-11-06,756,N,VIIRS,n,2,302.21,7.14,D,0
30.35014,75.38196,330.75,0.4,0.37,2023-11-06,756,N,VIIRS,n,2,298.1,1.81,D,0
30.35019,75.2567,339.02,0.4,0.37,2023-11-06,756,N,VIIRS,n,2,299.56,2.81,D,0
30.35024,75.15234,333.21,0.41,0.37,2023-11-06,756,N,VIIRS,n,2,299.89,3.49,D,0
30.35101,75.28251,334.29,0.4,0.37,2023-11-06,756,N,VIIRS,n,2,301.28,2.83,D,0
30.35151,75.13898,342.34,0.41,0.37,2023-11-06,756,N,VIIRS,n,2,303.83,12.68,D,0
30.35184,75.81982,337.57,0.39,0.36,2023-11-06,756,N,VIIRS,n,2,300.34,3.06,D,0
30.35222,75.14319,332.76,0.41,0.37,2023-11-06,756,N,VIIRS,n,2,300.13,8.88,D,0
30.35256,76.59354,330.21,0.39,0.36,2023-11-06,756,N,VIIRS,n,2,303.71,1.03,D,0
30.35378,75.44562,339.37,0.4,0.37,2023-11-06,756,N,VIIRS,n,2,299.04,3.59,D,0
30.35385,75.81095,333.48,0.39,0.36,2023-11-06,756,N,VIIRS,n,2,300.85,3.49,D,0
30.35394,75.72639,333.49,0.4,0.37,2023-11-06,756,N,VIIRS,n,2,300.9,3.58,D,0
30.3546,75.73048,334.14,0.4,0.37,2023-11-06,756,N,VIIRS,n,2,298.48,3.58,D,0
30.35567,75.9074,339.45,0.39,0.36,2023-11-06,756,N,VIIRS,n,2,300.39,2.54,D,0
30.35596,76.50622,334.66,0.39,0.36,2023-11-06,756,N,VIIRS,n,2,303.58,2.55,D,0
30.35788,75.79321,331.83,0.39,0.37,2023-11-06,756,N,VIIRS,n,2,299.36,1.89,D,0
30.35809,76.21574,340.49,0.39,0.36,2023-11-06,756,N,VIIRS,n,2,300.29,4.08,D,0
30.3583,75.92365,332.35,0.39,0.36,2023-11-06,756,N,VIIRS,n,2,299.01,1.72,D,0
30.36102,75.40538,339.85,0.4,0.37,2023-11-06,756,N,VIIRS,n,2,300.52,4.57,D,0
30.36259,75.75838,332.81,0.39,0.37,2023-11-06,756,N,VIIRS,n,2,296.21,8.37,D,0
30.36326,75.76246,347.95,0.39,0.37,2023-11-06,756,N,VIIRS,n,2,300.32,8.37,D,0
30.36386,75.4434,332.44,0.4,0.37,2023-11-06,756,N,VIIRS,n,2,299.99,8.58,D,0
30.36668,74.48211,334.37,0.42,0.38,2023-11-06,756,N,VIIRS,n,2,303.16,10.28,D,0
30.36696,76.53281,341.79,0.39,0.36,2023-11-06,756,N,VIIRS,n,2,310.49,25.87,D,0
30.36741,74.98194,330.29,0.41,0.37,2023-11-06,756,N,VIIRS,n,2,300.39,2.03,D,0
30.36758,76.53681,338.1,0.39,0.36,2023-11-06,756,N,VIIRS,l,2,311.05,25.87,D,0
30.36789,75.79105,332.07,0.39,0.37,2023-11-06,756,N,VIIRS,n,2,299.62,1.61,D,0
30.36867,74.96843,334.99,0.41,0.37,2023-11-06,756,N,VIIRS,n,2,302.52,2.6,D,0
30.3692,75.43365,336.91,0.4,0.37,2023-11-06,756,N,VIIRS,n,2,303.06,5.15,D,0
30.36927,75.75693,333.99,0.39,0.37,2023-11-06,756,N,VIIRS,n,2,295.1,4.55,D,0
30.36996,75.73986,336.0,0.4,0.37,2023-11-06,756,N,VIIRS,n,2,296.14,5.9,D,0
30.37089,76.53613,336.6,0.39,0.36,2023-11-06,756,N,VIIRS,n,2,304.15,25.87,D,0
30.37123,75.79033,330.66,0.39,0.37,2023-11-06,756,N,VIIRS,n,2,297.36,2.2,D,0
30.37133,74.90326,343.78,0.41,0.37,2023-11-06,756,N,VIIRS,n,2,300.79,6.32,D,0
30.37207,74.96767,346.1,0.41,0.37,2023-11-06,756,N,VIIRS,n,2,301.63,9.02,D,0
30.37231,75.36847,333.42,0.4,0.37,2023-11-06,756,N,VIIRS,n,2,302.49,10.69,D,0
30.37256,75.43291,348.43,0.4,0.37,2023-11-06,756,N,VIIRS,n,2,305.8,26.48,D,0
30.37261,75.7562,337.9,0.39,0.37,2023-11-06,756,N,VIIRS,n,2,297.84,6.25,D,0
30.37328,76.18801,341.91,0.39,0.36,2023-11-06,756,N,VIIRS,n,2,303.64,11.11,D,0
30.37393,75.76438,341.61,0.39,0.37,2023-11-06,756,N,VIIRS,n,2,298.63,7.44,D,0
30.37401,74.89823,341.14,0.41,0.37,2023-11-06,756,N,VIIRS,n,2,301.44,3.31,D,0
30.37523,75.42803,338.7,0.4,0.37,2023-11-06,756,N,VIIRS,n,2,298.7,3.58,D,0
30.37566,75.90311,342.85,0.39,0.36,2023-11-06,756,N,VIIRS,n,2,298.77,4.33,D,0
30.37633,76.43997,337.85,0.39,0.36,2023-11-06,756,N,VIIRS,n,2,296.22,10.69,D,0
30.37816,75.96136,335.12,0.39,0.36,2023-11-06,756,N,VIIRS,n,2,302.16,3.4,D,0
30.37856,75.79296,332.92,0.39,0.37,2023-11-06,756,N,VIIRS,n,2,296.15,3.27,D,0
30.37896,74.47016,345.45,0.43,0.38,2023-11-06,756,N,VIIRS,n,2,299.9,6.21,D,0
30.37918,76.2034,336.07,0.39,0.36,2023-11-06,756,N,VIIRS,n,2,303.0,6.05,D,0
30.3798,75.8433,339.61,0.39,0.36,2023-11-06,756,N,VIIRS,n,2,298.45,2.94,D,0
30.37986,75.24578,336.8,0.4,0.37,2023-11-06,756,N,VIIRS,n,2,298.61,2.55,D,0
30.3805,75.82629,333.01,0.39,0.36,2023-11-06,756,N,VIIRS,n,2,297.22,1.54,D,0
30.38072,75.46114,343.65,0.4,0.37,2023-11-06,756,N,VIIRS,n,2,300.77,8.44,D,0
30.38116,75.83036,334.81,0.39,0.36,2023-11-06,756,N,VIIRS,n,2,298.36,3.43,D,0
30.38139,75.14978,346.74,0.41,0.37,2023-11-06,756,N,VIIRS,n,2,300.55,4.4,D,0
30.3814,75.46529,333.48,0.4,0.37,2023-11-06,756,N,VIIRS,n,2,301.85,9.63,D,0
30.3814,75.66106,349.54,0.4,0.37,2023-11-06,756,N,VIIRS,n,2,306.55,12.69,D,0
30.38206,75.66515,333.52,0.4,0.37,2023-11-06,756,N,VIIRS,n,2,299.56,12.69,D,0
30.38233,76.09438,332.66,0.39,0.36,2023-11-06,756,N,VIIRS,n,2,300.95,2.75,D,0
30.38251,75.66125,355.23,0.4,0.37,2023-11-06,756,N,VIIRS,n,2,310.53,40.15,D,0
30.38253,74.86526,333.16,0.41,0.37,2023-11-06,756,N,VIIRS,n,2,300.39,2.91,D,0
30.38298,76.09842,333.6,0.39,0.36,2023-11-06,756,N,VIIRS,n,2,302.63,4.59,D,0
30.3831,75.37039,339.22,0.4,0.37,2023-11-06,756,N,VIIRS,n,2,299.64,15.42,D,0
30.38326,74.86954,332.42,0.41,0.37,2023-11-06,756,N,VIIRS,n,2,301.62,2.91,D,0
30.3841,75.97686,334.09,0.39,0.36,2023-11-06,756,N,VIIRS,n,2,299.73,2.91,D,0
30.38477,75.46455,337.58,0.4,0.37,2023-11-06,756,N,VIIRS,n,2,299.13,4.83,D,0
30.38669,75.4341,332.81,0.4,0.37,2023-11-06,756,N,VIIRS,n,2,300.51,1.74,D,0
30.38686,76.12263,333.29,0.39,0.36,2023-11-06,756,N,VIIRS,n,2,301.73,5.22,D,0
30.38715,75.37381,339.62,0.4,0.37,2023-11-06,756,N,VIIRS,n,2,305.94,15.42,D,0
30.38717,75.64749,346.41,0.4,0.37,2023-11-06,756,N,VIIRS,n,2,302.48,7.58,D,0
30.38721,75.80375,345.08,0.39,0.36,2023-11-06,756,N,VIIRS,n,2,300.01,11.46,D,0
30.38779,74.97905,341.44,0.41,0.37,2023-11-06,756,N,VIIRS,n,2,311.76,40.54,D,0
30.38784,75.37796,335.18,0.4,0.37,2023-11-06,756,N,VIIRS,n,2,298.14,7.89,D,0
30.38821,75.02293,332.5,0.41,0.37,2023-11-06,756,N,VIIRS,n,2,299.45,2.79,D,0
30.38857,75.79079,340.41,0.39,0.37,2023-11-06,756,N,VIIRS,n,2,294.11,4.25,D,0
30.3888,75.96327,337.87,0.39,0.36,2023-11-06,756,N,VIIRS,n,2,300.39,3.19,D,0
30.38975,75.86223,337.96,0.39,0.36,2023-11-06,756,N,VIIRS,n,2,297.94,3.34,D,0
30.39003,74.93002,347.22,0.41,0.37,2023-11-06,756,N,VIIRS,n,2,303.16,8.02,D,0
30.39003,75.71433,338.59,0.4,0.37,2023-11-06,756,N,VIIRS,n,2,297.59,7.48,D,0
30.39068,75.24772,335.78,0.4,0.37,2023-11-06,756,N,VIIRS,n,2,300.45,4.72,D,0
30.39153,74.87655,345.35,0.41,0.37,2023-11-06,756,N,VIIRS,n,2,302.53,12.56,D,0
30.3919,76.02546,342.45,0.39,0.36,2023-11-06,756,N,VIIRS,n,2,307.41,20.73,D,0
30.39271,75.98759,333.94,0.39,0.36,2023-11-06,756,N,VIIRS,n,2,302.12,7.98,D,0
30.39393,75.7812,336.99,0.39,0.37,2023-11-06,756,N,VIIRS,n,2,295.42,3.34,D,0
30.39414,75.07861,334.88,0.41,0.37,2023-11-06,756,N,VIIRS,n,2,302.81,3.9,D,0
30.39456,75.08127,335.27,0.41,0.37,2023-11-06,756,N,VIIRS,n,2,303.31,4.04,D,0
30.39459,74.97752,350.88,0.41,0.37,2023-11-06,756,N,VIIRS,n,2,302.27,16.7,D,0
30.39478,75.4409,345.4,0.4,0.37,2023-11-06,756,N,VIIRS,n,2,302.41,6.9,D,0
30.39538,75.98283,332.8,0.39,0.36,2023-11-06,756,N,VIIRS,n,2,300.57,2.49,D,0
30.39595,75.38478,346.02,0.4,0.37,2023-11-06,756,N,VIIRS,n,2,304.0,15.93,D,0
30.39679,75.11578,332.57,0.41,0.37,2023-11-06,756,N,VIIRS,n,2,300.95,2.39,D,0
30.39743,75.24622,333.49,0.4,0.37,2023-11-06,756,N,VIIRS,n,2,301.15,3.83,D,0
30.3979,75.67064,334.2,0.4,0.37,2023-11-06,756,N,VIIRS,n,2,300.24,3.46,D,0
30.39862,75.21124,335.24,0.41,0.37,2023-11-06,756,N,VIIRS,n,2,299.59,3.07,D,0
30.39933,76.45584,338.72,0.39,0.36,2023-11-06,756,N,VIIRS,n,2,303.23,3.15,D,0
30.39969,75.30202,332.95,0.4,0.37,2023-11-06,756,N,VIIRS,n,2,299.22,8.87,D,0
30.39982,75.59796,331.24,0.4,0.37,2023-11-06,756,N,VIIRS,n,2,299.03,4.08,D,0
30.40008,74.7812,333.94,0.42,0.37,2023-11-06,756,N,VIIRS,n,2,301.28,5.29,D,0
30.40038,75.30618,337.84,0.4,0.37,2023-11-06,756,N,VIIRS,l,2,308.32,32.98,D,0
30.4004,75.15861,331.03,0.41,0.37,2023-11-06,756,N,VIIRS,n,2,299.87,1.7,D,0
30.40046,75.84306,339.3,0.39,0.36,2023-11-06,756,N,VIIRS,n,2,298.27,8.43,D,0
30.40068,75.39234,332.07,0.4,0.37,2023-11-06,756,N,VIIRS,n,2,300.75,2.14,D,0
30.4008,75.24548,334.16,0.4,0.37,2023-11-06,756,N,VIIRS,n,2,299.45,3.83,D,0
30.4009,75.26713,332.92,0.4,0.37,2023-11-06,756,N,VIIRS,n,2,299.31,4.52,D,0
30.40098,75.49953,344.36,0.4,0.37,2023-11-06,756,N,VIIRS,n,2,300.4,4.46,D,0
30.402,75.21049,336.47,0.41,0.37,2023-11-06,756,N,VIIRS,n,2,298.69,3.07,D,0
30.40207,76.45567,341.06,0.39,0.36,2023-11-06,756,N,VIIRS,n,2,308.07,17.5,D,0
30.40218,75.93942,340.74,0.39,0.36,2023-11-06,756,N,VIIRS,n,2,306.6,25.73,D,0
30.40587,75.17046,337.08,0.41,0.37,2023-11-06,756,N,VIIRS,n,2,301.6,5.19,D,0
30.40728,76.52854,335.64,0.39,0.36,2023-11-06,756,N,VIIRS,l,2,309.11,8.0,D,0
30.40734,75.36935,332.65,0.4,0.37,2023-11-06,756,N,VIIRS,n,2,300.56,3.39,D,0
30.40789,74.74368,346.41,0.42,0.37,2023-11-06,756,N,VIIRS,n,2,301.71,5.65,D,0
30.40809,75.39501,332.79,0.4,0.37,2023-11-06,756,N,VIIRS,n,2,299.64,2.72,D,0
30.40821,75.43795,331.05,0.4,0.37,2023-11-06,756,N,VIIRS,n,2,300.36,1.65,D,0
30.40857,75.6301,332.69,0.4,0.37,2023-11-06,756,N,VIIRS,n,2,299.7,9.06,D,0
30.40862,75.69376,330.14,0.4,0.37,2023-11-06,756,N,VIIRS,n,2,296.85,2.63,D,0
30.40878,75.39916,344.65,0.4,0.37,2023-11-06,756,N,VIIRS,n,2,300.28,8.01,D,0
30.40934,75.98403,345.65,0.39,0.36,2023-11-06,756,N,VIIRS,n,2,304.41,16.17,D,0
30.40992,75.6383,332.98,0.4,0.37,2023-11-06,756,N,VIIRS,n,2,301.2,7.38,D,0
30.40996,76.52386,332.68,0.39,0.36,2023-11-06,756,N,VIIRS,l,2,305.75,8.0,D,0
30.41,75.02684,336.91,0.41,0.37,2023-11-06,756,N,VIIRS,n,2,305.68,21.15,D,0
30.41014,75.21735,330.23,0.41,0.37,2023-11-06,756,N,VIIRS,n,2,297.52,1.98,D,0
30.41059,76.52785,334.9,0.39,0.36,2023-11-06,756,N,VIIRS,l,2,308.29,8.0,D,0
30.41064,75.17812,345.14,0.41,0.37,2023-11-06,756,N,VIIRS,n,2,299.06,6.34,D,0
30.41084,76.10084,331.92,0.39,0.36,2023-11-06,756,N,VIIRS,n,2,300.39,2.2,D,0
30.41112,75.84498,336.18,0.39,0.36,2023-11-06,756,N,VIIRS,n,2,298.5,2.2,D,0
30.41118,75.30811,331.64,0.4,0.37,2023-11-06,756,N,VIIRS,n,2,297.87,2.1,D,0
30.41122,75.17953,339.65,0.41,0.37,2023-11-06,756,N,VIIRS,n,2,299.06,4.16,D,0
30.41125,75.62526,346.15,0.4,0.37,2023-11-06,756,N,VIIRS,n,2,299.2,4.29,D,0
30.41131,74.74291,332.08,0.42,0.37,2023-11-06,756,N,VIIRS,n,2,297.68,5.65,D,0
30.41172,75.50146,336.87,0.4,0.37,2023-11-06,756,N,VIIRS,n,2,299.55,3.11,D,0
30.4126,75.84502,345.69,0.39,0.36,2023-11-06,756,N,VIIRS,n,2,299.9,5.93,D,0
30.41262,75.67593,335.52,0.4,0.37,2023-11-06,756,N,VIIRS,n,2,299.18,5.77,D,0
30.41464,75.77287,336.47,0.39,0.37,2023-11-06,756,N,VIIRS,n,2,295.56,3.06,D,0
30.41522,74.72411,333.46,0.42,0.37,2023-11-06,756,N,VIIRS,n,2,299.32,3.2,D,0
30.41537,75.35466,333.23,0.4,0.37,2023-11-06,756,N,VIIRS,n,2,302.56,7.41,D,0
30.41567,76.19568,337.56,0.39,0.36,2023-11-06,756,N,VIIRS,n,2,298.69,5.22,D,0
30.41752,75.92773,333.81,0.39,0.36,2023-11-06,756,N,VIIRS,n,2,301.16,4.35,D,0
30.4181,75.9528,343.34,0.39,0.36,2023-11-06,756,N,VIIRS,n,2,301.42,4.05,D,0
30.41818,75.93179,342.47,0.39,0.36,2023-11-06,756,N,VIIRS,n,2,300.49,6.75,D,0
30.41875,76.23662,332.54,0.39,0.36,2023-11-06,756,N,VIIRS,n,2,296.69,3.83,D,0
30.41954,75.20811,342.97,0.41,0.37,2023-11-06,756,N,VIIRS,n,2,300.99,6.45,D,0
30.41962,76.19901,335.47,0.39,0.36,2023-11-06,756,N,VIIRS,n,2,297.0,2.29,D,0
30.42036,75.04646,331.91,0.41,0.37,2023-11-06,756,N,VIIRS,n,2,298.67,1.2,D,0
30.4209,76.07781,330.35,0.39,0.36,2023-11-06,756,N,VIIRS,n,2,300.65,1.91,D,0
30.42143,75.95208,337.99,0.39,0.36,2023-11-06,756,N,VIIRS,n,2,299.96,4.05,D,0
30.4225,75.05914,334.21,0.41,0.37,2023-11-06,756,N,VIIRS,n,2,299.61,3.34,D,0
30.42259,75.58874,332.69,0.4,0.37,2023-11-06,756,N,VIIRS,n,2,299.15,2.59,D,0
30.42265,75.98118,332.02,0.39,0.36,2023-11-06,756,N,VIIRS,n,2,300.8,5.04,D,0
30.42294,76.1983,347.51,0.39,0.36,2023-11-06,756,N,VIIRS,n,2,300.4,10.42,D,0
30.42529,75.60519,331.96,0.4,0.37,2023-11-06,756,N,VIIRS,n,2,300.02,2.64,D,0
30.42535,74.99263,332.47,0.41,0.37,2023-11-06,756,N,VIIRS,n,2,300.03,5.28,D,0
30.4273,75.80813,330.49,0.39,0.36,2023-11-06,756,N,VIIRS,n,2,292.31,3.33,D,0
30.42866,75.77406,337.5,0.39,0.37,2023-11-06,756,N,VIIRS,n,2,296.6,6.93,D,0
30.42959,74.78789,338.46,0.42,0.37,2023-11-06,756,N,VIIRS,n,2,304.45,9.59,D,0
30.43063,75.80741,340.65,0.39,0.36,2023-11-06,756,N,VIIRS,n,2,291.4,3.33,D,0
30.43068,75.96688,335.02,0.39,0.36,2023-11-06,756,N,VIIRS,n,2,300.12,2.4,D,0
30.43236,75.41546,335.84,0.4,0.37,2023-11-06,756,N,VIIRS,n,2,302.45,28.96,D,0
30.43237,75.96685,330.24,0.39,0.36,2023-11-06,756,N,VIIRS,n,2,299.19,2.38,D,0
30.43484,76.07902,338.04,0.39,0.36,2023-11-06,756,N,VIIRS,n,2,305.52,10.37,D,0
30.43504,75.96209,334.61,0.39,0.36,2023-11-06,756,N,VIIRS,n,2,303.01,2.38,D,0
30.43572,75.41472,340.47,0.4,0.37,2023-11-06,756,N,VIIRS,l,2,312.33,28.96,D,0
30.43757,74.83508,330.44,0.41,0.37,2023-11-06,756,N,VIIRS,l,2,301.05,2.52,D,0
30.43798,75.57686,332.92,0.4,0.37,2023-11-06,756,N,VIIRS,n,2,298.48,5.55,D,0
30.43821,74.69196,345.58,0.42,0.38,2023-11-06,756,N,VIIRS,n,2,302.1,9.5,D,0
30.4384,75.40983,335.69,0.4,0.37,2023-11-06,756,N,VIIRS,n,2,298.8,3.19,D,0
30.43991,75.50384,332.85,0.4,0.37,2023-11-06,756,N,VIIRS,n,2,299.69,5.04,D,0
30.43997,75.80117,334.1,0.39,0.36,2023-11-06,756,N,VIIRS,n,2,295.07,4.95,D,0
30.44017,74.69241,340.06,0.42,0.38,2023-11-06,756,N,VIIRS,n,2,303.35,12.77,D,0
30.4412,75.46929,335.06,0.4,0.37,2023-11-06,756,N,VIIRS,n,2,301.23,4.6,D,0
30.44229,74.37421,346.74,0.43,0.38,2023-11-06,756,N,VIIRS,n,2,303.1,11.47,D,0
30.44253,75.45615,333.71,0.4,0.37,2023-11-06,756,N,VIIRS,n,2,299.03,2.34,D,0
30.44405,74.72649,333.45,0.42,0.37,2023-11-06,756,N,VIIRS,n,2,300.89,3.74,D,0
30.44416,75.14607,334.11,0.41,0.37,2023-11-06,756,N,VIIRS,n,2,300.02,2.04,D,0
30.4442,76.01879,346.21,0.39,0.36,2023-11-06,756,N,VIIRS,n,2,302.52,10.8,D,0
30.44464,74.93981,334.39,0.41,0.37,2023-11-06,756,N,VIIRS,n,2,300.48,2.03,D,0
30.44538,75.68578,336.59,0.4,0.37,2023-11-06,756,N,VIIRS,n,2,293.74,5.89,D,0
30.44609,76.05185,333.23,0.39,0.36,2023-11-06,756,N,VIIRS,n,2,301.99,3.17,D,0
30.44612,74.7269,337.04,0.42,0.37,2023-11-06,756,N,VIIRS,n,2,299.86,4.17,D,0
30.4466,75.01424,331.9,0.41,0.37,2023-11-06,756,N,VIIRS,n,2,299.18,1.87,D,0
30.44929,74.92551,344.26,0.41,0.37,2023-11-06,756,N,VIIRS,n,2,303.57,12.38,D,0
30.45106,75.16632,344.44,0.41,0.37,2023-11-06,756,N,VIIRS,n,2,302.2,8.29,D,0
30.4512,75.4242,333.53,0.4,0.37,2023-11-06,756,N,VIIRS,n,2,303.12,6.81,D,0
30.45173,75.42125,343.72,0.4,0.37,2023-11-06,756,N,VIIRS,n,2,304.07,11.05,D,0
30.45314,75.90364,332.43,0.39,0.36,2023-11-06,756,N,VIIRS,n,2,293.35,1.32,D,0
30.45316,76.12939,339.98,0.39,0.36,2023-11-06,756,N,VIIRS,n,2,303.23,10.56,D,0
30.45323,74.90693,330.16,0.41,0.37,2023-11-06,756,N,VIIRS,n,2,299.59,2.18,D,0
30.4536,75.13962,341.47,0.41,0.37,2023-11-06,756,N,VIIRS,n,2,299.3,4.53,D,0
30.45663,74.90616,347.2,0.41,0.37,2023-11-06,756,N,VIIRS,n,2,300.43,6.31,D,0
30.45666,75.47875,330.21,0.4,0.37,2023-11-06,756,N,VIIRS,n,2,300.32,2.56,D,0
30.4574,75.71709,335.89,0.4,0.37,2023-11-06,756,N,VIIRS,n,2,300.52,7.05,D,0
30.45844,75.91511,331.4,0.39,0.36,2023-11-06,756,N,VIIRS,n,2,295.62,2.8,D,0
30.45882,74.36579,344.78,0.43,0.38,2023-11-06,756,N,VIIRS,n,2,301.38,6.33,D,0
30.4591,75.91917,331.26,0.39,0.36,2023-11-06,756,N,VIIRS,n,2,296.89,2.8,D,0
30.45936,75.49529,330.01,0.4,0.37,2023-11-06,756,N,VIIRS,n,2,299.07,4.05,D,0
30.4594,75.53804,341.09,0.4,0.37,2023-11-06,756,N,VIIRS,n,2,299.98,4.43,D,0
30.45942,75.55939,347.45,0.4,0.37,2023-11-06,756,N,VIIRS,n,2,304.41,11.73,D,0
30.45943,75.66575,333.67,0.4,0.37,2023-11-06,756,N,VIIRS,n,2,294.33,2.43,D,0
30.45964,75.96521,335.12,0.39,0.36,2023-11-06,756,N,VIIRS,n,2,298.75,5.64,D,0
30.4612,75.43634,332.14,0.4,0.37,2023-11-06,756,N,VIIRS,n,2,301.39,2.38,D,0
30.46227,75.23335,332.01,0.4,0.37,2023-11-06,756,N,VIIRS,n,2,299.33,2.32,D,0
30.46228,74.36499,330.07,0.43,0.38,2023-11-06,756,N,VIIRS,n,2,298.25,6.33,D,0
30.46297,75.9645,338.79,0.39,0.36,2023-11-06,756,N,VIIRS,n,2,298.77,5.64,D,0
30.46325,75.83832,334.73,0.39,0.36,2023-11-06,756,N,VIIRS,n,2,295.23,3.5,D,0
30.46358,74.80775,332.43,0.41,0.37,2023-11-06,756,N,VIIRS,n,2,300.65,3.47,D,0
30.46458,74.83421,333.44,0.41,0.37,2023-11-06,756,N,VIIRS,n,2,303.06,12.37,D,0
30.46546,75.50393,344.7,0.4,0.37,2023-11-06,756,N,VIIRS,n,2,303.02,14.23,D,0
30.46557,76.44652,335.85,0.39,0.36,2023-11-06,756,N,VIIRS,n,2,305.24,3.25,D,0
30.46609,75.70673,331.75,0.4,0.37,2023-11-06,756,N,VIIRS,n,2,298.9,3.93,D,0
30.4669,74.01579,331.68,0.44,0.38,2023-11-06,756,N,VIIRS,n,2,297.92,3.71,D,0
30.46696,75.00967,332.71,0.41,0.37,2023-11-06,756,N,VIIRS,n,2,299.7,20.54,D,0
30.46772,75.92992,342.01,0.39,0.36,2023-11-06,756,N,VIIRS,n,2,294.53,3.93,D,0
30.46983,76.32135,333.93,0.39,0.36,2023-11-06,756,N,VIIRS,n,2,289.92,2.76,D,0
30.4703,76.43311,332.77,0.39,0.36,2023-11-06,756,N,VIIRS,n,2,302.07,3.15,D,0
30.47129,74.95145,345.33,0.41,0.37,2023-11-06,756,N,VIIRS,n,2,300.38,5.32,D,0
30.47343,75.70937,337.41,0.4,0.37,2023-11-06,756,N,VIIRS,n,2,299.37,2.74,D,0
30.47348,75.64571,339.92,0.4,0.37,2023-11-06,756,N,VIIRS,n,2,295.58,4.28,D,0
30.47414,74.96845,333.28,0.41,0.37,2023-11-06,756,N,VIIRS,n,2,299.93,11.62,D,0
30.47546,75.67924,333.65,0.4,0.37,2023-11-06,756,N,VIIRS,n,2,298.58,2.99,D,0
30.47593,75.42022,330.26,0.4,0.37,2023-11-06,756,N,VIIRS,n,2,298.72,1.97,D,0
30.47612,76.44844,338.19,0.39,0.36,2023-11-06,756,N,VIIRS,n,2,305.42,4.43,D,0
30.47678,75.70864,333.46,0.4,0.37,2023-11-06,756,N,VIIRS,n,2,297.64,2.74,D,0
30.47681,75.66621,334.79,0.4,0.37,2023-11-06,756,N,VIIRS,n,2,294.15,3.55,D,0
30.47764,75.94878,332.16,0.39,0.36,2023-11-06,756,N,VIIRS,n,2,298.56,3.57,D,0
30.47796,75.26454,346.41,0.4,0.37,2023-11-06,756,N,VIIRS,n,2,300.85,6.42,D,0
30.47808,75.738,343.15,0.39,0.37,2023-11-06,756,N,VIIRS,n,2,300.94,10.48,D,0
30.4781,74.7062,332.57,0.42,0.37,2023-11-06,756,N,VIIRS,n,2,300.1,2.41,D,0
30.4788,75.67852,337.52,0.4,0.37,2023-11-06,756,N,VIIRS,n,2,299.82,2.99,D,0
30.47997,76.19897,347.48,0.39,0.36,2023-11-06,756,N,VIIRS,n,2,299.91,5.2,D,0
30.48084,75.62711,331.84,0.4,0.37,2023-11-06,756,N,VIIRS,n,2,298.28,4.22,D,0
30.48133,75.26379,346.16,0.4,0.37,2023-11-06,756,N,VIIRS,n,2,297.59,5.22,D,0
30.48146,75.69491,336.79,0.4,0.37,2023-11-06,756,N,VIIRS,n,2,299.6,3.45,D,0
30.48151,75.63121,346.94,0.4,0.37,2023-11-06,756,N,VIIRS,n,2,298.98,7.06,D,0
30.48217,75.63531,333.54,0.4,0.37,2023-11-06,756,N,VIIRS,n,2,296.1,7.06,D,0
30.48274,75.74545,342.94,0.39,0.37,2023-11-06,756,N,VIIRS,n,2,300.96,6.99,D,0
30.48406,75.75362,334.33,0.39,0.37,2023-11-06,756,N,VIIRS,n,2,298.67,6.67,D,0
30.48433,75.53398,331.87,0.4,0.37,2023-11-06,756,N,VIIRS,n,2,298.87,3.67,D,0
30.4862,75.48227,338.95,0.4,0.37,2023-11-06,756,N,VIIRS,n,2,300.06,3.53,D,0
30.48646,74.24986,334.24,0.43,0.38,2023-11-06,756,N,VIIRS,n,2,297.63,2.63,D,0
30.48684,75.98454,336.68,0.39,0.36,2023-11-06,756,N,VIIRS,n,2,294.8,5.18,D,0
30.48685,75.64279,346.58,0.4,0.37,2023-11-06,756,N,VIIRS,n,2,297.7,8.77,D,0
30.48738,75.42629,345.89,0.4,0.37,2023-11-06,756,N,VIIRS,n,2,302.4,13.5,D,0
30.48855,75.64378,334.56,0.4,0.37,2023-11-06,756,N,VIIRS,n,2,298.19,7.28,D,0
30.48905,75.18397,342.36,0.41,0.37,2023-11-06,756,N,VIIRS,n,2,303.58,13.61,D,0
30.48923,75.64789,338.98,0.4,0.37,2023-11-06,756,N,VIIRS,n,2,297.58,14.3,D,0
30.48969,74.30923,342.39,0.43,0.38,2023-11-06,756,N,VIIRS,n,2,301.96,12.35,D,0
30.48984,75.6095,341.17,0.4,0.37,2023-11-06,756,N,VIIRS,n,2,298.63,4.14,D,0
30.49014,75.70574,342.67,0.4,0.37,2023-11-06,756,N,VIIRS,n,2,300.36,7.92,D,0
30.49017,75.98383,335.6,0.39,0.36,2023-11-06,756,N,VIIRS,n,2,292.68,4.07,D,0
30.49074,75.42555,345.75,0.4,0.37,2023-11-06,756,N,VIIRS,n,2,299.55,13.5,D,0
30.49084,75.66741,333.73,0.4,0.37,2023-11-06,756,N,VIIRS,n,2,299.72,3.15,D,0
30.4919,75.64306,333.15,0.4,0.37,2023-11-06,756,N,VIIRS,n,2,298.52,7.28,D,0
30.49235,76.10466,334.35,0.39,0.36,2023-11-06,756,N,VIIRS,n,2,299.37,3.31,D,0
30.49257,75.64716,342.02,0.4,0.37,2023-11-06,756,N,VIIRS,n,2,305.47,14.3,D,0
30.49315,74.30842,338.38,0.43,0.38,2023-11-06,756,N,VIIRS,n,2,302.94,30.49,D,0
30.49694,74.85795,334.35,0.41,0.37,2023-11-06,756,N,VIIRS,n,2,299.68,4.36,D,0
30.497,75.50558,339.81,0.4,0.37,2023-11-06,756,N,VIIRS,n,2,303.28,13.08,D,0
30.4972,74.81792,343.02,0.41,0.37,2023-11-06,756,N,VIIRS,n,2,302.49,6.24,D,0
30.49747,75.98646,346.24,0.39,0.36,2023-11-06,756,N,VIIRS,n,2,294.83,11.56,D,0
30.49813,75.11221,332.86,0.41,0.37,2023-11-06,756,N,VIIRS,n,2,299.79,3.57,D,0
30.49884,75.97359,335.68,0.39,0.36,2023-11-06,756,N,VIIRS,n,2,293.51,3.7,D,0
30.49901,74.17724,335.58,0.43,0.38,2023-11-06,756,N,VIIRS,n,2,298.26,4.22,D,0
30.49977,75.54342,338.62,0.4,0.37,2023-11-06,756,N,VIIRS,n,2,298.55,3.42,D,0
30.5001,75.04243,330.55,0.41,0.37,2023-11-06,756,N,VIIRS,n,2,300.32,2.32,D,0
30.50134,75.029,338.69,0.41,0.37,2023-11-06,756,N,VIIRS,n,2,304.66,11.85,D,0
30.50153,74.90564,332.1,0.41,0.37,2023-11-06,756,N,VIIRS,n,2,298.53,1.7,D,0
30.50246,76.31888,344.64,0.39,0.36,2023-11-06,756,N,VIIRS,n,2,290.12,6.17,D,0
30.50249,74.17643,338.79,0.43,0.38,2023-11-06,756,N,VIIRS,n,2,297.36,4.22,D,0
30.50314,75.87184,344.21,0.39,0.36,2023-11-06,756,N,VIIRS,n,2,299.56,8.83,D,0
30.50331,75.69149,342.86,0.4,0.37,2023-11-06,756,N,VIIRS,n,2,298.88,7.5,D,0
30.50443,76.07285,341.62,0.39,0.36,2023-11-06,756,N,VIIRS,n,2,300.37,3.31,D,0
30.50534,75.36644,346.79,0.4,0.37,2023-11-06,756,N,VIIRS,n,2,298.3,5.32,D,0
30.50646,74.78912,333.79,0.41,0.37,2023-11-06,756,N,VIIRS,n,2,303.3,6.59,D,0
30.50789,75.59279,330.21,0.4,0.37,2023-11-06,756,N,VIIRS,n,2,300.32,5.84,D,0
30.50815,75.40453,335.8,0.4,0.37,2023-11-06,756,N,VIIRS,n,2,298.34,3.28,D,0
30.50857,75.5969,332.43,0.4,0.37,2023-11-06,756,N,VIIRS,n,2,300.42,5.84,D,0
30.50859,75.61817,334.86,0.4,0.37,2023-11-06,756,N,VIIRS,n,2,296.01,3.63,D,0
30.51036,74.7704,339.23,0.42,0.37,2023-11-06,756,N,VIIRS,n,2,299.5,6.82,D,0
30.512,75.7235,344.25,0.39,0.37,2023-11-06,756,N,VIIRS,n,2,299.34,5.46,D,0
30.51741,75.35516,334.88,0.4,0.37,2023-11-06,756,N,VIIRS,n,2,298.6,3.77,D,0
30.51782,76.4813,335.58,0.39,0.36,2023-11-06,756,N,VIIRS,n,2,301.87,2.9,D,0
30.51822,74.47224,344.8,0.42,0.38,2023-11-06,756,N,VIIRS,n,2,299.92,7.55,D,0
30.52113,76.48061,343.38,0.39,0.36,2023-11-06,756,N,VIIRS,n,2,303.41,4.59,D,0
30.52125,75.29388,345.6,0.4,0.37,2023-11-06,756,N,VIIRS,n,2,301.03,9.12,D,0
30.52157,74.79461,344.08,0.41,0.37,2023-11-06,756,N,VIIRS,n,2,302.6,11.17,D,0
30.52416,74.99754,331.59,0.41,0.37,2023-11-06,756,N,VIIRS,n,2,299.51,3.07,D,0
30.52425,74.78954,333.92,0.41,0.37,2023-11-06,756,N,VIIRS,n,2,298.45,26.87,D,0
30.52434,75.01945,335.8,0.41,0.37,2023-11-06,756,N,VIIRS,n,2,298.46,3.09,D,0
30.52498,74.79383,336.97,0.41,0.37,2023-11-06,756,N,VIIRS,n,2,309.57,26.87,D,0
30.52518,75.50795,336.1,0.4,0.37,2023-11-06,756,N,VIIRS,n,2,298.4,3.72,D,0
30.52539,76.4425,332.3,0.39,0.36,2023-11-06,756,N,VIIRS,l,2,302.75,6.51,D,0
30.52586,75.51208,333.49,0.4,0.37,2023-11-06,756,N,VIIRS,n,2,300.49,3.51,D,0
30.52607,75.32307,349.42,0.4,0.37,2023-11-06,756,N,VIIRS,n,2,301.15,11.79,D,0
30.52613,75.07165,336.65,0.41,0.37,2023-11-06,756,N,VIIRS,n,2,299.31,3.65,D,0
30.52626,74.92657,335.1,0.41,0.37,2023-11-06,756,N,VIIRS,n,2,298.87,2.63,D,0
30.52934,75.6179,333.01,0.4,0.37,2023-11-06,756,N,VIIRS,n,2,301.81,6.87,D,0
30.52943,75.32232,342.41,0.4,0.37,2023-11-06,756,N,VIIRS,n,2,301.88,11.79,D,0
30.53001,75.62201,343.74,0.4,0.37,2023-11-06,756,N,VIIRS,n,2,303.13,19.02,D,0
30.53027,74.84598,342.59,0.41,0.37,2023-11-06,756,N,VIIRS,n,2,299.08,4.38,D,0
30.53077,75.05748,337.94,0.41,0.37,2023-11-06,756,N,VIIRS,n,2,300.12,4.67,D,0
30.53403,75.64663,335.49,0.4,0.37,2023-11-06,756,N,VIIRS,n,2,300.74,2.87,D,0
30.53609,75.29924,336.7,0.4,0.37,2023-11-06,756,N,VIIRS,n,2,298.83,2.64,D,0
30.53625,74.69294,336.82,0.42,0.37,2023-11-06,756,N,VIIRS,n,2,300.25,6.4,D,0
30.53738,75.6459,336.14,0.4,0.37,2023-11-06,756,N,VIIRS,n,2,299.81,4.12,D,0
30.53791,75.50089,341.36,0.4,0.37,2023-11-06,756,N,VIIRS,n,2,306.51,26.9,D,0
30.53866,75.98602,331.33,0.39,0.36,2023-11-06,756,N,VIIRS,n,2,294.78,2.12,D,0
30.53903,76.05292,343.5,0.39,0.36,2023-11-06,756,N,VIIRS,n,2,306.62,13.03,D,0
30.53929,76.24883,336.55,0.39,0.36,2023-11-06,756,N,VIIRS,n,2,299.9,3.45,D,0
30.53931,75.99007,332.11,0.39,0.36,2023-11-06,756,N,VIIRS,n,2,297.45,3.39,D,0
30.53936,75.7641,333.23,0.39,0.36,2023-11-06,756,N,VIIRS,n,2,297.11,3.87,D,0
30.53962,74.18173,337.0,0.43,0.38,2023-11-06,756,N,VIIRS,n,2,295.8,2.96,D,0
30.53994,75.51326,335.96,0.4,0.37,2023-11-06,756,N,VIIRS,n,2,298.46,2.73,D,0
30.54126,75.50014,337.78,0.4,0.37,2023-11-06,756,N,VIIRS,n,2,297.09,6.25,D,0
30.54184,75.18587,334.92,0.4,0.37,2023-11-06,756,N,VIIRS,n,2,298.06,3.93,D,0
30.54198,75.20756,336.85,0.4,0.37,2023-11-06,756,N,VIIRS,n,2,299.89,8.23,D,0
30.54206,76.33128,342.77,0.39,0.36,2023-11-06,756,N,VIIRS,n,2,291.81,3.35,D,0
30.54336,75.76746,344.6,0.39,0.36,2023-11-06,756,N,VIIRS,n,2,298.46,6.7,D,0
30.54339,75.72516,339.55,0.39,0.37,2023-11-06,756,N,VIIRS,n,2,298.24,5.78,D,0
30.54434,75.26338,332.67,0.4,0.37,2023-11-06,756,N,VIIRS,n,2,299.26,4.88,D,0
30.54447,75.41372,335.23,0.4,0.37,2023-11-06,756,N,VIIRS,n,2,298.15,2.54,D,0
30.54504,75.26756,332.27,0.4,0.37,2023-11-06,756,N,VIIRS,n,2,298.65,4.65,D,0
30.54739,75.72853,336.55,0.39,0.37,2023-11-06,756,N,VIIRS,n,2,296.99,3.78,D,0
30.54787,75.43443,330.03,0.4,0.37,2023-11-06,756,N,VIIRS,n,2,298.93,2.39,D,0
30.54938,75.74078,333.05,0.39,0.37,2023-11-06,756,N,VIIRS,n,2,296.91,3.95,D,0
30.54958,74.7927,336.03,0.41,0.37,2023-11-06,756,N,VIIRS,n,2,301.15,4.33,D,0
30.55299,74.79192,335.44,0.41,0.37,2023-11-06,756,N,VIIRS,n,2,299.94,5.09,D,0
30.55322,75.42467,343.67,0.4,0.37,2023-11-06,756,N,VIIRS,n,2,300.1,9.61,D,0
30.55461,75.45438,337.65,0.4,0.37,2023-11-06,756,N,VIIRS,n,2,298.79,5.72,D,0
30.55529,75.45853,332.2,0.4,0.37,2023-11-06,756,N,VIIRS,n,2,299.1,5.72,D,0
30.55569,75.37306,340.08,0.4,0.37,2023-11-06,756,N,VIIRS,n,2,299.23,4.0,D,0
30.55618,74.71184,344.29,0.42,0.37,2023-11-06,756,N,VIIRS,n,2,301.77,11.0,D,0
30.55647,76.66314,337.98,0.38,0.36,2023-11-06,756,N,VIIRS,n,2,304.32,2.7,D,0
30.55699,75.02529,333.81,0.41,0.37,2023-11-06,756,N,VIIRS,n,2,298.22,4.64,D,0
30.55877,75.64973,338.42,0.4,0.37,2023-11-06,756,N,VIIRS,n,2,298.37,3.78,D,0
30.5596,74.71106,349.58,0.42,0.37,2023-11-06,756,N,VIIRS,n,2,300.89,11.0,D,0
30.563,75.35423,335.99,0.4,0.37,2023-11-06,756,N,VIIRS,n,2,298.6,3.19,D,0
30.5636,76.53374,335.77,0.39,0.36,2023-11-06,756,N,VIIRS,n,2,301.93,1.78,D,0
30.56412,75.64007,332.68,0.4,0.37,2023-11-06,756,N,VIIRS,n,2,299.91,6.41,D,0
30.56479,75.64417,330.0,0.4,0.37,2023-11-06,756,N,VIIRS,n,2,297.36,6.41,D,0
30.56525,75.40965,334.82,0.4,0.37,2023-11-06,756,N,VIIRS,n,2,297.19,3.24,D,0
30.56544,75.56317,342.98,0.4,0.37,2023-11-06,756,N,VIIRS,n,2,301.92,6.47,D,0
30.56726,74.7763,333.79,0.41,0.37,2023-11-06,756,N,VIIRS,n,2,299.96,4.31,D,0
30.56741,75.49013,330.83,0.4,0.37,2023-11-06,756,N,VIIRS,n,2,297.76,1.83,D,0
30.56746,75.63934,332.79,0.4,0.37,2023-11-06,756,N,VIIRS,n,2,298.63,6.41,D,0
30.56851,75.2407,331.28,0.4,0.37,2023-11-06,756,N,VIIRS,n,2,297.74,3.6,D,0
30.56879,75.56245,332.41,0.4,0.37,2023-11-06,756,N,VIIRS,n,2,297.72,6.47,D,0
30.56912,75.01379,332.64,0.41,0.37,2023-11-06,756,N,VIIRS,n,2,298.94,2.64,D,0
30.56922,75.39159,332.08,0.4,0.37,2023-11-06,756,N,VIIRS,n,2,298.92,3.0,D,0
30.57028,75.08363,338.06,0.41,0.37,2023-11-06,756,N,VIIRS,n,2,300.12,7.19,D,0
30.57076,75.48939,332.56,0.4,0.37,2023-11-06,756,N,VIIRS,n,2,296.96,1.83,D,0
30.57158,75.48969,330.79,0.4,0.37,2023-11-06,756,N,VIIRS,n,2,296.84,2.74,D,0
30.5725,76.32903,335.83,0.39,0.36,2023-11-06,756,N,VIIRS,n,2,296.11,4.05,D,0
30.57327,75.24831,332.66,0.4,0.37,2023-11-06,756,N,VIIRS,n,2,298.64,3.7,D,0
30.57486,75.46758,331.37,0.4,0.37,2023-11-06,756,N,VIIRS,n,2,298.32,5.43,D,0
30.57487,76.36585,332.07,0.39,0.36,2023-11-06,756,N,VIIRS,n,2,301.5,2.77,D,0
30.57555,75.47169,333.18,0.4,0.37,2023-11-06,756,N,VIIRS,n,2,299.01,5.43,D,0
30.57612,75.69263,334.24,0.4,0.37,2023-11-06,756,N,VIIRS,n,2,298.11,2.32,D,0
30.57748,75.65839,338.13,0.4,0.37,2023-11-06,756,N,VIIRS,n,2,300.69,5.11,D,0
30.5789,75.47096,337.59,0.4,0.37,2023-11-06,756,N,VIIRS,n,2,298.64,5.43,D,0
30.57946,75.69189,332.38,0.4,0.37,2023-11-06,756,N,VIIRS,n,2,297.35,2.43,D,0
30.57975,75.90709,337.48,0.39,0.36,2023-11-06,756,N,VIIRS,n,2,300.15,4.1,D,0
30.58071,75.7636,331.96,0.39,0.36,2023-11-06,756,N,VIIRS,n,2,297.99,2.73,D,0
30.58107,75.19019,332.4,0.4,0.37,2023-11-06,756,N,VIIRS,n,2,298.6,3.57,D,0
30.58204,74.69699,339.09,0.42,0.37,2023-11-06,756,N,VIIRS,n,2,298.95,5.61,D,0
30.58226,75.47022,338.54,0.4,0.37,2023-11-06,756,N,VIIRS,n,2,297.35,3.98,D,0
30.58284,75.62749,344.67,0.4,0.37,2023-11-06,756,N,VIIRS,n,2,300.4,5.12,D,0
30.58386,75.35393,332.56,0.4,0.37,2023-11-06,756,N,VIIRS,n,2,298.2,2.4,D,0
30.58618,75.62675,331.39,0.4,0.37,2023-11-06,756,N,VIIRS,n,2,298.49,5.12,D,0
30.58629,74.88744,331.52,0.41,0.37,2023-11-06,756,N,VIIRS,n,2,299.2,3.2,D,0
30.58758,75.14523,331.21,0.41,0.37,2023-11-06,756,N,VIIRS,n,2,297.28,4.47,D,0
30.58969,74.88667,336.12,0.41,0.37,2023-11-06,756,N,VIIRS,n,2,297.05,3.2,D,0
30.59064,75.80368,348.75,0.39,0.36,2023-11-06,756,N,VIIRS,n,2,301.37,7.78,D,0
30.59169,75.48528,332.51,0.4,0.37,2023-11-06,756,N,VIIRS,n,2,298.37,2.39,D,0
30.59237,75.4894,333.1,0.4,0.37,2023-11-06,756,N,VIIRS,n,2,298.91,4.3,D,0
30.59243,75.51077,331.75,0.4,0.37,2023-11-06,756,N,VIIRS,n,2,299.16,1.67,D,0
30.59294,75.45075,333.46,0.4,0.37,2023-11-06,756,N,VIIRS,n,2,298.55,3.39,D,0
30.5935,74.68092,331.62,0.42,0.37,2023-11-06,756,N,VIIRS,n,2,297.72,4.25,D,0
30.59353,75.6294,333.37,0.4,0.37,2023-11-06,756,N,VIIRS,n,2,299.42,2.52,D,0
30.59424,74.68524,332.92,0.42,0.37,2023-11-06,756,N,VIIRS,n,2,299.65,5.65,D,0
30.59467,75.62961,333.32,0.4,0.37,2023-11-06,756,N,VIIRS,n,2,299.5,4.69,D,0
30.59561,75.44588,335.94,0.4,0.37,2023-11-06,756,N,VIIRS,n,2,297.9,3.39,D,0
30.59732,74.34872,332.11,0.43,0.38,2023-11-06,756,N,VIIRS,n,2,288.29,4.27,D,0
30.59829,74.34959,340.08,0.43,0.38,2023-11-06,756,N,VIIRS,n,2,288.04,4.96,D,0
30.59834,75.46242,348.65,0.4,0.37,2023-11-06,756,N,VIIRS,n,2,300.17,8.0,D,0
30.59918,75.53064,337.29,0.4,0.37,2023-11-06,756,N,VIIRS,n,2,300.46,4.36,D,0
30.60379,75.49545,346.57,0.4,0.37,2023-11-06,756,N,VIIRS,n,2,299.42,5.52,D,0
30.60527,74.74984,337.94,0.42,0.37,2023-11-06,756,N,VIIRS,n,2,298.41,3.52,D,0
30.60592,75.55051,337.1,0.4,0.37,2023-11-06,756,N,VIIRS,n,2,300.08,6.55,D,0
30.60641,75.46921,332.29,0.4,0.37,2023-11-06,756,N,VIIRS,n,2,298.37,2.28,D,0
30.6066,75.81709,335.11,0.39,0.36,2023-11-06,756,N,VIIRS,n,2,297.85,2.53,D,0
30.60821,74.43322,334.81,0.42,0.38,2023-11-06,756,N,VIIRS,n,2,286.9,10.56,D,0
30.60834,75.43879,337.57,0.4,0.37,2023-11-06,756,N,VIIRS,n,2,298.67,3.09,D,0
30.60872,74.42957,338.72,0.42,0.38,2023-11-06,756,N,VIIRS,n,2,290.55,20.32,D,0
30.60966,74.7756,332.97,0.41,0.37,2023-11-06,756,N,VIIRS,n,2,300.55,10.29,D,0
30.61095,75.41246,332.67,0.4,0.37,2023-11-06,756,N,VIIRS,n,2,300.06,4.24,D,0
30.61126,75.5408,335.88,0.4,0.37,2023-11-06,756,N,VIIRS,n,2,299.95,2.56,D,0
30.61165,74.43243,339.04,0.42,0.38,2023-11-06,756,N,VIIRS,n,2,287.16,10.56,D,0
30.61256,75.83267,337.72,0.39,0.36,2023-11-06,756,N,VIIRS,n,2,299.17,3.21,D,0
30.61272,75.63416,330.53,0.4,0.37,2023-11-06,756,N,VIIRS,n,2,298.51,3.02,D,0
30.61437,75.43317,333.26,0.4,0.37,2023-11-06,756,N,VIIRS,n,2,301.83,10.62,D,0
30.61438,75.05272,330.67,0.41,0.37,2023-11-06,756,N,VIIRS,n,2,297.29,4.82,D,0
30.61654,75.83603,345.4,0.39,0.36,2023-11-06,756,N,VIIRS,n,2,300.07,6.7,D,0
30.61677,75.67996,331.83,0.39,0.37,2023-11-06,756,N,VIIRS,n,2,299.23,3.19,D,0
30.61833,74.15525,333.69,0.43,0.38,2023-11-06,756,N,VIIRS,n,2,298.97,5.52,D,0
30.62282,74.72796,338.8,0.42,0.37,2023-11-06,756,N,VIIRS,n,2,298.97,3.73,D,0
30.62351,75.34084,337.57,0.4,0.37,2023-11-06,756,N,VIIRS,n,2,298.52,4.55,D,0
30.62394,75.51241,332.13,0.4,0.37,2023-11-06,756,N,VIIRS,n,2,298.55,8.49,D,0
30.62541,75.81762,330.17,0.39,0.36,2023-11-06,756,N,VIIRS,n,2,299.04,2.74,D,0
30.62549,74.27883,336.61,0.43,0.38,2023-11-06,756,N,VIIRS,n,2,289.37,4.88,D,0
30.62623,74.72719,333.74,0.42,0.37,2023-11-06,756,N,VIIRS,n,2,298.2,3.73,D,0
30.62626,74.28326,332.24,0.43,0.38,2023-11-06,756,N,VIIRS,n,2,290.66,4.88,D,0
30.62967,75.89634,334.81,0.39,0.36,2023-11-06,756,N,VIIRS,n,2,299.19,3.72,D,0
30.62973,74.28246,333.31,0.43,0.38,2023-11-06,756,N,VIIRS,n,2,289.17,4.88,D,0
30.63078,75.65994,333.63,0.4,0.37,2023-11-06,756,N,VIIRS,n,2,301.53,2.54,D,0
30.63338,75.2739,342.33,0.4,0.37,2023-11-06,756,N,VIIRS,n,2,299.05,4.72,D,0
30.63894,75.32881,333.4,0.4,0.37,2023-11-06,756,N,VIIRS,n,2,298.24,1.84,D,0
30.64148,75.66187,336.03,0.4,0.37,2023-11-06,756,N,VIIRS,n,2,300.87,8.93,D,0
30.6427,74.94975,333.0,0.41,0.37,2023-11-06,756,N,VIIRS,n,2,297.36,20.44,D,0
30.64397,74.79005,332.14,0.41,0.37,2023-11-06,756,N,VIIRS,n,2,297.99,3.29,D,0
30.6447,74.79433,331.27,0.41,0.37,2023-11-06,756,N,VIIRS,n,2,298.38,3.29,D,0
30.6447,76.22768,343.31,0.39,0.36,2023-11-06,756,N,VIIRS,n,2,298.86,4.74,D,0
30.64552,74.67352,345.15,0.42,0.37,2023-11-06,756,N,VIIRS,n,2,310.92,43.98,D,0
30.65103,75.3175,330.47,0.4,0.37,2023-11-06,756,N,VIIRS,n,2,298.99,1.65,D,0
30.65302,75.05281,330.76,0.41,0.37,2023-11-06,756,N,VIIRS,n,2,297.58,2.56,D,0
30.65318,76.43343,337.27,0.39,0.36,2023-11-06,756,N,VIIRS,n,2,304.03,4.49,D,0
30.65349,75.69317,343.46,0.39,0.37,2023-11-06,756,N,VIIRS,n,2,300.31,3.72,D,0
30.6564,74.51865,333.53,0.42,0.38,2023-11-06,756,N,VIIRS,n,2,289.73,2.96,D,0
30.65862,75.87363,338.78,0.39,0.36,2023-11-06,756,N,VIIRS,n,2,300.83,3.75,D,0
30.65869,75.44913,337.09,0.4,0.37,2023-11-06,756,N,VIIRS,n,2,297.55,2.65,D,0
30.66002,74.90613,346.84,0.41,0.37,2023-11-06,756,N,VIIRS,n,2,299.42,10.6,D,0
30.66044,75.94887,339.81,0.39,0.36,2023-11-06,756,N,VIIRS,n,2,293.51,5.91,D,0
30.66085,74.68884,335.6,0.42,0.37,2023-11-06,756,N,VIIRS,n,2,297.4,3.54,D,0
30.66088,75.35055,346.56,0.4,0.37,2023-11-06,756,N,VIIRS,n,2,301.04,8.32,D,0
30.66215,75.72517,334.2,0.39,0.36,2023-11-06,756,N,VIIRS,n,2,301.99,3.95,D,0
30.66327,74.51707,343.57,0.42,0.38,2023-11-06,756,N,VIIRS,n,2,289.59,4.65,D,0
30.66413,74.90961,331.56,0.41,0.37,2023-11-06,756,N,VIIRS,n,2,296.56,1.91,D,0
30.6656,74.63391,342.63,0.42,0.37,2023-11-06,756,N,VIIRS,n,2,309.89,22.48,D,0
30.66903,74.63313,335.33,0.42,0.37,2023-11-06,756,N,VIIRS,n,2,296.65,22.48,D,0
30.66916,75.25376,331.48,0.4,0.37,2023-11-06,756,N,VIIRS,n,2,295.82,2.81,D,0
30.67147,75.74007,333.19,0.39,0.36,2023-11-06,756,N,VIIRS,n,2,300.14,2.21,D,0
30.672,74.65041,337.78,0.42,0.37,2023-11-06,756,N,VIIRS,n,2,297.79,3.82,D,0
30.67217,75.70182,336.58,0.39,0.37,2023-11-06,756,N,VIIRS,n,2,298.68,2.82,D,0
30.67352,75.51861,335.96,0.4,0.37,2023-11-06,756,N,VIIRS,n,2,299.32,3.33,D,0
30.674,74.49647,334.22,0.42,0.38,2023-11-06,756,N,VIIRS,n,2,291.64,2.7,D,0
30.67419,75.52274,342.78,0.4,0.37,2023-11-06,756,N,VIIRS,n,2,299.28,5.7,D,0
30.67555,75.6162,331.66,0.4,0.37,2023-11-06,756,N,VIIRS,n,2,299.42,2.74,D,0
30.6778,74.62212,343.93,0.42,0.38,2023-11-06,756,N,VIIRS,n,2,298.04,4.64,D,0
30.6785,76.48606,352.57,0.39,0.36,2023-11-06,756,N,VIIRS,n,2,306.61,8.62,D,0
30.68376,76.56351,342.57,0.39,0.36,2023-11-06,756,N,VIIRS,n,2,308.82,8.89,D,0
30.68402,75.25911,332.07,0.4,0.37,2023-11-06,756,N,VIIRS,n,2,295.37,5.24,D,0
30.68489,74.80825,347.0,0.41,0.37,2023-11-06,756,N,VIIRS,n,2,300.37,8.79,D,0
30.68519,75.22421,345.95,0.4,0.37,2023-11-06,756,N,VIIRS,n,2,303.52,13.98,D,0
30.68686,75.04522,342.78,0.41,0.37,2023-11-06,756,N,VIIRS,n,2,297.24,4.66,D,0
30.68856,75.22346,342.22,0.4,0.37,2023-11-06,756,N,VIIRS,n,2,300.6,13.98,D,0
30.69178,74.6414,331.54,0.42,0.37,2023-11-06,756,N,VIIRS,n,2,297.03,2.86,D,0
30.69181,75.34801,336.7,0.4,0.37,2023-11-06,756,N,VIIRS,n,2,299.75,3.84,D,0
30.69235,75.5194,347.13,0.4,0.37,2023-11-06,756,N,VIIRS,n,2,302.78,13.14,D,0
30.69308,75.54484,332.11,0.4,0.37,2023-11-06,756,N,VIIRS,n,2,298.89,2.09,D,0
30.69316,74.81525,331.12,0.41,0.37,2023-11-06,756,N,VIIRS,n,2,299.07,1.98,D,0
30.6936,75.48494,333.17,0.4,0.37,2023-11-06,756,N,VIIRS,n,2,299.9,3.56,D,0
30.69517,75.34727,339.62,0.4,0.37,2023-11-06,756,N,VIIRS,n,2,299.92,3.84,D,0
30.69715,75.33822,336.6,0.4,0.37,2023-11-06,756,N,VIIRS,n,2,298.93,2.87,D,0
30.69891,75.13857,333.49,0.4,0.37,2023-11-06,756,N,VIIRS,n,2,297.81,6.5,D,0
30.70269,74.32996,334.35,0.43,0.38,2023-11-06,756,N,VIIRS,n,2,297.68,3.31,D,0
30.70598,74.51631,332.79,0.42,0.38,2023-11-06,756,N,VIIRS,n,2,294.42,3.84,D,0
30.70672,74.52068,329.99,0.42,0.38,2023-11-06,756,N,VIIRS,n,2,293.82,3.84,D,0
30.70865,76.35129,336.19,0.39,0.36,2023-11-06,756,N,VIIRS,n,2,298.12,6.17,D,0
30.71152,76.35508,344.55,0.39,0.36,2023-11-06,756,N,VIIRS,n,2,296.51,9.98,D,0
30.71156,76.47914,335.42,0.39,0.36,2023-11-06,756,N,VIIRS,n,2,305.47,2.19,D,0
30.7118,75.5322,330.1,0.4,0.37,2023-11-06,756,N,VIIRS,n,2,303.84,6.47,D,0
30.71188,74.71745,332.66,0.42,0.37,2023-11-06,756,N,VIIRS,n,2,299.14,5.34,D,0
30.71247,75.53632,332.8,0.4,0.37,2023-11-06,756,N,VIIRS,n,2,298.04,6.47,D,0
30.71381,75.14396,332.79,0.4,0.37,2023-11-06,756,N,VIIRS,n,2,299.76,9.51,D,0
30.71383,75.54456,342.91,0.4,0.37,2023-11-06,756,N,VIIRS,n,2,303.05,13.02,D,0
30.71397,76.42894,336.07,0.39,0.36,2023-11-06,756,N,VIIRS,n,2,303.89,1.61,D,0
30.71448,74.89899,335.99,0.41,0.37,2023-11-06,756,N,VIIRS,n,2,298.42,5.22,D,0
30.71505,76.45771,333.09,0.39,0.36,2023-11-06,756,N,VIIRS,n,2,303.98,2.48,D,0
30.71514,75.53148,332.84,0.4,0.37,2023-11-06,756,N,VIIRS,n,2,299.4,5.28,D,0
30.71582,75.53559,332.92,0.4,0.37,2023-11-06,756,N,VIIRS,n,2,298.18,5.28,D,0
30.71728,76.42825,339.06,0.39,0.36,2023-11-06,756,N,VIIRS,n,2,306.96,5.57,D,0
30.72112,75.50454,339.06,0.4,0.37,2023-11-06,756,N,VIIRS,n,2,299.1,7.04,D,0
30.72131,75.81375,335.58,0.39,0.36,2023-11-06,756,N,VIIRS,n,2,299.14,2.92,D,0
30.72136,74.48101,331.68,0.42,0.38,2023-11-06,756,N,VIIRS,n,2,292.01,2.34,D,0
30.72199,75.67883,332.8,0.39,0.37,2023-11-06,756,N,VIIRS,n,2,298.42,2.6,D,0
30.72229,74.24919,337.81,0.43,0.38,2023-11-06,756,N,VIIRS,n,2,295.65,8.77,D,0
30.72236,74.73739,333.25,0.41,0.37,2023-11-06,756,N,VIIRS,n,2,298.33,3.49,D,0
30.72309,74.74168,332.5,0.41,0.37,2023-11-06,756,N,VIIRS,n,2,297.3,3.49,D,0
30.72498,74.24393,336.02,0.43,0.38,2023-11-06,756,N,VIIRS,n,2,297.67,7.15,D,0
30.72686,74.53415,334.99,0.42,0.38,2023-11-06,756,N,VIIRS,n,2,293.96,2.67,D,0
30.73028,74.53336,330.97,0.42,0.38,2023-11-06,756,N,VIIRS,n,2,293.42,2.67,D,0
30.73267,75.72311,340.12,0.39,0.36,2023-11-06,756,N,VIIRS,n,2,300.6,5.18,D,0
30.73312,75.47196,330.39,0.4,0.37,2023-11-06,756,N,VIIRS,n,2,299.84,4.9,D,0
30.73341,74.88587,344.95,0.41,0.37,2023-11-06,756,N,VIIRS,n,2,302.73,12.03,D,0
30.73507,75.44156,336.78,0.4,0.37,2023-11-06,756,N,VIIRS,n,2,298.62,5.58,D,0
30.73564,76.07517,336.18,0.39,0.36,2023-11-06,756,N,VIIRS,n,2,299.94,3.42,D,0
30.73574,75.44569,333.77,0.4,0.37,2023-11-06,756,N,VIIRS,n,2,301.22,5.58,D,0
30.73581,74.30598,345.43,0.43,0.38,2023-11-06,756,N,VIIRS,n,2,300.19,6.33,D,0
30.73647,75.47123,335.15,0.4,0.37,2023-11-06,756,N,VIIRS,n,2,301.88,4.9,D,0
30.73681,74.8851,335.69,0.41,0.37,2023-11-06,756,N,VIIRS,n,2,304.24,38.64,D,0
30.7377,76.39105,334.83,0.39,0.36,2023-11-06,756,N,VIIRS,n,2,303.11,2.91,D,0
30.73825,74.89361,340.84,0.41,0.37,2023-11-06,756,N,VIIRS,n,2,302.21,12.91,D,0
30.73926,74.30518,345.31,0.43,0.38,2023-11-06,756,N,VIIRS,n,2,298.63,13.35,D,0
30.74188,75.50425,339.8,0.4,0.37,2023-11-06,756,N,VIIRS,n,2,300.83,2.99,D,0
30.74663,75.55441,346.93,0.4,0.37,2023-11-06,756,N,VIIRS,n,2,300.93,5.06,D,0
30.74731,74.84288,339.44,0.41,0.37,2023-11-06,756,N,VIIRS,n,2,303.07,8.63,D,0
30.74795,75.54133,330.13,0.4,0.37,2023-11-06,756,N,VIIRS,n,2,299.68,1.98,D,0
30.74927,74.83357,343.48,0.41,0.37,2023-11-06,756,N,VIIRS,n,2,301.3,15.5,D,0
30.75071,74.8421,333.44,0.41,0.37,2023-11-06,756,N,VIIRS,n,2,298.56,4.76,D,0
30.75258,75.16637,331.97,0.4,0.37,2023-11-06,756,N,VIIRS,n,2,298.63,3.31,D,0
30.75483,74.8456,329.89,0.41,0.37,2023-11-06,756,N,VIIRS,n,2,298.18,3.01,D,0
30.75576,74.3381,335.57,0.43,0.38,2023-11-06,756,N,VIIRS,n,2,299.47,4.68,D,0
30.75645,75.4025,330.83,0.4,0.37,2023-11-06,756,N,VIIRS,n,2,300.4,1.5,D,0
30.75667,74.52921,331.27,0.42,0.38,2023-11-06,756,N,VIIRS,n,2,300.08,1.72,D,0
30.75672,76.49061,348.13,0.39,0.36,2023-11-06,756,N,VIIRS,n,2,306.33,4.88,D,0
30.75854,74.80483,331.6,0.41,0.37,2023-11-06,756,N,VIIRS,n,2,298.33,2.58,D,0
30.76085,75.19492,339.03,0.4,0.37,2023-11-06,756,N,VIIRS,n,2,298.4,5.43,D,0
30.76562,75.20254,339.06,0.4,0.37,2023-11-06,756,N,VIIRS,n,2,300.96,12.36,D,0
30.76768,75.34035,335.26,0.4,0.37,2023-11-06,756,N,VIIRS,n,2,299.44,2.11,D,0
30.76818,75.30146,346.13,0.4,0.37,2023-11-06,756,N,VIIRS,n,2,294.99,8.64,D,0
30.76868,75.51971,334.9,0.4,0.37,2023-11-06,756,N,VIIRS,n,2,299.5,2.69,D,0
30.76999,75.48524,333.35,0.4,0.37,2023-11-06,756,N,VIIRS,n,2,301.48,2.29,D,0
30.77023,74.8952,338.31,0.41,0.37,2023-11-06,756,N,VIIRS,n,2,298.93,3.54,D,0
30.77103,74.75305,343.71,0.41,0.37,2023-11-06,756,N,VIIRS,n,2,300.0,19.05,D,0
30.77155,75.07063,339.41,0.41,0.37,2023-11-06,756,N,VIIRS,n,2,301.08,6.13,D,0
30.77262,75.77786,330.46,0.39,0.36,2023-11-06,756,N,VIIRS,n,2,298.92,2.71,D,0
30.77411,74.75413,345.45,0.41,0.37,2023-11-06,756,N,VIIRS,n,2,309.2,29.88,D,0
30.77434,74.46619,335.25,0.42,0.38,2023-11-06,756,N,VIIRS,n,2,298.5,3.82,D,0
30.77444,74.75227,340.06,0.41,0.37,2023-11-06,756,N,VIIRS,n,2,304.83,19.05,D,0
30.77539,75.6672,334.66,0.39,0.37,2023-11-06,756,N,VIIRS,n,2,297.18,2.02,D,0
30.77592,75.79826,332.07,0.39,0.36,2023-11-06,756,N,VIIRS,n,2,298.92,3.33,D,0
30.77606,74.35172,332.71,0.43,0.38,2023-11-06,756,N,VIIRS,n,2,299.75,5.87,D,0
30.78139,74.73464,330.61,0.41,0.37,2023-11-06,756,N,VIIRS,n,2,300.54,12.14,D,0
30.78213,74.73894,336.6,0.41,0.37,2023-11-06,756,N,VIIRS,n,2,301.75,12.14,D,0
30.78275,75.58484,338.8,0.4,0.37,2023-11-06,756,N,VIIRS,n,2,299.84,5.56,D,0
30.78417,74.85223,333.27,0.41,0.37,2023-11-06,756,N,VIIRS,n,2,299.69,2.53,D,0
30.78757,74.85146,337.01,0.41,0.37,2023-11-06,756,N,VIIRS,n,2,301.0,6.76,D,0
30.78968,74.74167,331.94,0.41,0.37,2023-11-06,756,N,VIIRS,n,2,298.51,2.44,D,0
30.79061,74.35292,330.73,0.42,0.38,2023-11-06,756,N,VIIRS,n,2,298.59,10.27,D,0
30.79143,74.8346,335.11,0.41,0.37,2023-11-06,756,N,VIIRS,n,2,298.78,2.86,D,0
30.79237,74.42563,333.88,0.42,0.38,2023-11-06,756,N,VIIRS,n,2,300.05,4.1,D,0
30.79327,74.88555,329.99,0.41,0.37,2023-11-06,756,N,VIIRS,n,2,297.52,1.4,D,0
30.7933,74.34772,336.8,0.43,0.38,2023-11-06,756,N,VIIRS,n,2,298.99,8.0,D,0
30.79406,74.35212,341.35,0.42,0.38,2023-11-06,756,N,VIIRS,n,2,300.04,10.27,D,0
30.79563,75.02582,332.93,0.41,0.37,2023-11-06,756,N,VIIRS,n,2,299.13,3.73,D,0
30.79642,75.86126,330.69,0.39,0.36,2023-11-06,756,N,VIIRS,n,2,297.86,2.59,D,0
30.79911,75.29892,331.98,0.4,0.37,2023-11-06,756,N,VIIRS,n,2,299.39,2.42,D,0
30.79944,74.81948,344.88,0.41,0.37,2023-11-06,756,N,VIIRS,n,2,298.57,4.39,D,0
30.79989,75.32461,332.55,0.4,0.37,2023-11-06,756,N,VIIRS,n,2,299.6,3.04,D,0
30.80201,75.72496,340.14,0.39,0.36,2023-11-06,756,N,VIIRS,n,2,300.15,4.06,D,0
30.80204,75.9819,337.2,0.39,0.36,2023-11-06,756,N,VIIRS,n,2,299.5,2.54,D,0
30.8033,75.75429,335.93,0.39,0.36,2023-11-06,756,N,VIIRS,n,2,301.06,2.68,D,0
30.80333,74.57265,355.13,0.42,0.38,2023-11-06,756,N,VIIRS,n,2,307.09,32.09,D,0
30.80547,75.59689,336.93,0.4,0.37,2023-11-06,756,N,VIIRS,n,2,300.4,2.83,D,0
30.80666,75.59709,341.96,0.4,0.37,2023-11-06,756,N,VIIRS,n,2,300.9,5.16,D,0
30.80676,74.57187,343.05,0.42,0.38,2023-11-06,756,N,VIIRS,n,2,300.87,5.64,D,0
30.80738,74.92818,332.35,0.41,0.37,2023-11-06,756,N,VIIRS,n,2,298.28,6.86,D,0
30.80793,74.84857,349.27,0.41,0.37,2023-11-06,756,N,VIIRS,n,2,305.2,24.39,D,0
30.80858,75.54557,335.07,0.4,0.37,2023-11-06,756,N,VIIRS,n,2,302.74,3.93,D,0
30.81036,75.11428,334.16,0.4,0.37,2023-11-06,756,N,VIIRS,n,2,300.36,3.39,D,0
30.813,74.87839,333.78,0.41,0.37,2023-11-06,756,N,VIIRS,n,2,296.81,3.01,D,0
30.81401,74.71828,336.2,0.41,0.37,2023-11-06,756,N,VIIRS,n,2,299.61,3.83,D,0
30.82006,74.64978,331.18,0.42,0.37,2023-11-06,756,N,VIIRS,n,2,295.51,3.97,D,0
30.82253,74.74755,332.95,0.41,0.37,2023-11-06,756,N,VIIRS,n,2,297.87,4.0,D,0
30.82402,75.71171,340.15,0.39,0.36,2023-11-06,756,N,VIIRS,n,2,296.75,3.17,D,0
30.82483,74.42722,344.76,0.42,0.38,2023-11-06,756,N,VIIRS,n,2,300.48,6.4,D,0
30.82574,75.22814,333.17,0.4,0.37,2023-11-06,756,N,VIIRS,n,2,300.52,4.07,D,0
30.82615,74.64389,338.28,0.42,0.37,2023-11-06,756,N,VIIRS,n,2,296.33,4.09,D,0
30.82633,74.42786,339.34,0.42,0.38,2023-11-06,756,N,VIIRS,n,2,299.65,6.28,D,0
30.82782,74.44473,333.02,0.42,0.38,2023-11-06,756,N,VIIRS,n,2,300.85,3.1,D,0
30.82809,74.82185,339.15,0.41,0.37,2023-11-06,756,N,VIIRS,n,2,299.92,4.29,D,0
30.82862,74.44099,330.93,0.42,0.38,2023-11-06,756,N,VIIRS,n,2,299.13,2.13,D,0
30.82983,74.72805,338.31,0.41,0.37,2023-11-06,756,N,VIIRS,n,2,299.5,10.15,D,0
30.83007,74.75029,334.17,0.41,0.37,2023-11-06,756,N,VIIRS,n,2,299.24,2.94,D,0
30.83042,75.42532,331.87,0.4,0.37,2023-11-06,756,N,VIIRS,n,2,298.42,2.61,D,0
30.83184,74.48923,334.99,0.42,0.38,2023-11-06,756,N,VIIRS,n,2,298.76,3.27,D,0
30.8391,76.25793,346.48,0.39,0.36,2023-11-06,756,N,VIIRS,n,2,298.03,5.01,D,0
30.84613,76.3894,343.4,0.39,0.36,2023-11-06,756,N,VIIRS,n,2,299.58,3.55,D,0
30.84616,74.45966,338.99,0.42,0.38,2023-11-06,756,N,VIIRS,n,2,297.25,3.02,D,0
30.84688,74.59868,346.74,0.42,0.37,2023-11-06,756,N,VIIRS,n,2,297.55,9.66,D,0
30.85,74.76354,334.21,0.41,0.37,2023-11-06,756,N,VIIRS,n,2,298.99,2.92,D,0
30.85006,76.19733,332.99,0.39,0.36,2023-11-06,756,N,VIIRS,n,2,294.04,3.15,D,0
30.8502,75.29187,331.37,0.4,0.37,2023-11-06,756,N,VIIRS,n,2,298.74,2.33,D,0
30.85089,75.29604,334.86,0.4,0.37,2023-11-06,756,N,VIIRS,n,2,299.86,3.62,D,0
30.85275,75.58275,340.47,0.4,0.37,2023-11-06,756,N,VIIRS,n,2,303.28,10.1,D,0
30.85288,75.01019,331.15,0.41,0.37,2023-11-06,756,N,VIIRS,n,2,295.27,2.02,D,0
30.85337,76.19662,334.83,0.39,0.36,2023-11-06,756,N,VIIRS,n,2,293.31,3.15,D,0
30.85715,74.95215,342.54,0.41,0.37,2023-11-06,756,N,VIIRS,n,2,300.7,18.1,D,0
30.85804,75.16609,331.91,0.4,0.37,2023-11-06,756,N,VIIRS,n,2,299.23,3.66,D,0
30.85874,75.17027,332.48,0.4,0.37,2023-11-06,756,N,VIIRS,n,2,299.99,3.66,D,0
30.86247,75.02554,341.92,0.41,0.37,2023-11-06,756,N,VIIRS,n,2,291.1,5.48,D,0
30.86333,74.4557,329.64,0.42,0.38,2023-11-06,756,N,VIIRS,n,2,293.91,2.25,D,0
30.86545,75.59698,334.81,0.4,0.37,2023-11-06,756,N,VIIRS,n,2,303.57,5.07,D,0
30.86647,74.39123,337.76,0.42,0.38,2023-11-06,756,N,VIIRS,n,2,293.23,7.28,D,0
30.86701,74.5183,334.15,0.42,0.38,2023-11-06,756,N,VIIRS,n,2,299.21,2.47,D,0
30.86793,74.441,336.88,0.42,0.38,2023-11-06,756,N,VIIRS,n,2,293.47,2.86,D,0
30.86807,75.50689,334.52,0.4,0.37,2023-11-06,756,N,VIIRS,n,2,300.63,2.41,D,0
30.8684,75.20716,332.04,0.4,0.37,2023-11-06,756,N,VIIRS,n,2,299.55,5.49,D,0
30.86887,74.81257,332.6,0.41,0.37,2023-11-06,756,N,VIIRS,n,2,299.16,2.4,D,0
30.86944,74.44975,346.04,0.42,0.38,2023-11-06,756,N,VIIRS,n,2,300.36,15.08,D,0
30.86945,74.96255,340.85,0.41,0.37,2023-11-06,756,N,VIIRS,n,2,292.09,6.04,D,0
30.86963,74.90087,333.51,0.41,0.37,2023-11-06,756,N,VIIRS,n,2,296.1,3.5,D,0
30.87,74.71441,334.93,0.41,0.37,2023-11-06,756,N,VIIRS,n,2,298.64,5.86,D,0
30.87072,74.7187,333.61,0.41,0.37,2023-11-06,756,N,VIIRS,n,2,298.14,5.86,D,0
30.87123,77.7619,329.8,0.39,0.36,2023-11-06,756,N,VIIRS,n,2,293.13,7.61,D,0
30.8716,74.8916,336.97,0.41,0.37,2023-11-06,756,N,VIIRS,n,2,298.08,3.67,D,0
30.87182,77.76591,342.45,0.39,0.36,2023-11-06,756,N,VIIRS,n,2,299.25,8.51,D,0
30.87391,74.92635,333.15,0.41,0.37,2023-11-06,756,N,VIIRS,n,2,296.88,4.8,D,0
30.87394,77.75715,335.91,0.39,0.36,2023-11-06,756,N,VIIRS,n,2,293.23,7.61,D,0
30.87451,77.76108,350.46,0.39,0.36,2023-11-06,756,N,VIIRS,n,2,303.25,7.61,D,0
30.87682,74.71284,334.32,0.41,0.37,2023-11-06,756,N,VIIRS,n,2,298.35,2.92,D,0
30.8778,77.76026,335.54,0.39,0.36,2023-11-06,756,N,VIIRS,n,2,293.84,6.34,D,0
30.87837,77.76421,326.63,0.39,0.36,2023-11-06,756,N,VIIRS,n,2,293.93,2.34,D,0
30.87978,74.81452,340.53,0.41,0.37,2023-11-06,756,N,VIIRS,n,2,303.37,7.49,D,0
30.88244,74.9772,346.76,0.41,0.37,2023-11-06,756,N,VIIRS,n,2,291.77,3.92,D,0
30.88315,74.98142,332.76,0.41,0.37,2023-11-06,756,N,VIIRS,n,2,293.0,3.92,D,0
30.88318,74.81375,339.42,0.41,0.37,2023-11-06,756,N,VIIRS,n,2,297.46,5.13,D,0
30.88368,75.29887,346.42,0.4,0.37,2023-11-06,756,N,VIIRS,n,2,300.34,8.59,D,0
30.88619,74.46404,332.78,0.42,0.38,2023-11-06,756,N,VIIRS,n,2,292.34,2.46,D,0
30.88911,75.31059,332.49,0.4,0.37,2023-11-06,756,N,VIIRS,n,2,300.5,3.11,D,0
30.88938,74.54478,341.34,0.42,0.38,2023-11-06,756,N,VIIRS,n,2,295.31,3.98,D,0
30.88983,74.63017,336.24,0.42,0.37,2023-11-06,756,N,VIIRS,n,2,299.57,10.68,D,0
30.891,75.27998,332.6,0.4,0.37,2023-11-06,756,N,VIIRS,n,2,299.32,1.76,D,0
30.89174,74.78595,336.88,0.41,0.37,2023-11-06,756,N,VIIRS,n,2,296.76,4.61,D,0
30.89271,76.57846,334.54,0.38,0.36,2023-11-06,756,N,VIIRS,n,2,300.49,2.48,D,0
30.8932,74.87346,338.84,0.41,0.37,2023-11-06,756,N,VIIRS,n,2,300.77,3.1,D,0
30.89345,75.00104,332.99,0.41,0.37,2023-11-06,756,N,VIIRS,n,2,294.26,3.38,D,0
30.89371,76.09233,331.59,0.39,0.36,2023-11-06,756,N,VIIRS,n,2,299.33,1.82,D,0
30.89445,76.07545,331.36,0.39,0.36,2023-11-06,756,N,VIIRS,n,2,302.01,1.41,D,0
30.89514,74.78518,334.62,0.41,0.37,2023-11-06,756,N,VIIRS,n,2,296.68,2.75,D,0
30.89996,75.33405,333.4,0.4,0.37,2023-11-06,756,N,VIIRS,n,2,300.07,2.92,D,0
30.90141,74.88042,330.12,0.41,0.37,2023-11-06,756,N,VIIRS,n,2,299.26,3.68,D,0
30.90212,74.88467,340.62,0.41,0.37,2023-11-06,756,N,VIIRS,n,2,302.54,10.33,D,0
30.90317,75.03825,345.45,0.41,0.37,2023-11-06,756,N,VIIRS,n,2,294.96,7.92,D,0
30.90332,75.3333,332.89,0.4,0.37,2023-11-06,756,N,VIIRS,n,2,297.74,2.92,D,0
30.90389,74.8364,334.45,0.41,0.37,2023-11-06,756,N,VIIRS,n,2,299.84,4.78,D,0
30.90521,75.30271,346.74,0.4,0.37,2023-11-06,756,N,VIIRS,n,2,301.63,10.84,D,0
30.90634,74.47752,347.38,0.42,0.38,2023-11-06,756,N,VIIRS,n,2,293.44,7.15,D,0
30.90765,74.42271,336.88,0.42,0.38,2023-11-06,756,N,VIIRS,n,2,288.9,3.47,D,0
30.90821,75.08954,335.17,0.4,0.37,2023-11-06,756,N,VIIRS,n,2,293.23,3.76,D,0
30.90866,74.65723,332.65,0.42,0.37,2023-11-06,756,N,VIIRS,n,2,296.18,2.83,D,0
30.90907,75.45222,336.7,0.4,0.37,2023-11-06,756,N,VIIRS,n,2,296.84,5.7,D,0
30.91586,74.57475,332.4,0.42,0.37,2023-11-06,756,N,VIIRS,n,2,297.17,3.89,D,0
30.91611,75.05283,335.34,0.41,0.37,2023-11-06,756,N,VIIRS,n,2,295.36,3.52,D,0
30.91878,75.17422,331.46,0.4,0.37,2023-11-06,756,N,VIIRS,n,2,296.64,2.21,D,0
30.92635,74.90639,332.49,0.41,0.37,2023-11-06,756,N,VIIRS,n,2,298.23,2.68,D,0
30.92938,74.67486,334.97,0.41,0.37,2023-11-06,756,N,VIIRS,n,2,295.76,3.42,D,0
30.93153,75.33563,335.19,0.4,0.37,2023-11-06,756,N,VIIRS,n,2,299.33,2.27,D,0
30.933,74.96647,343.5,0.41,0.37,2023-11-06,756,N,VIIRS,n,2,296.61,11.39,D,0
30.93364,74.88709,345.03,0.41,0.37,2023-11-06,756,N,VIIRS,n,2,299.77,7.62,D,0
30.93439,75.05746,348.49,0.41,0.37,2023-11-06,756,N,VIIRS,n,2,295.23,5.89,D,0
30.93444,75.41663,339.79,0.4,0.37,2023-11-06,756,N,VIIRS,n,2,298.92,8.03,D,0
30.93445,75.0581,338.73,0.4,0.37,2023-11-06,756,N,VIIRS,n,2,296.12,9.99,D,0
30.9363,74.50683,338.43,0.42,0.38,2023-11-06,756,N,VIIRS,n,2,294.27,3.95,D,0
30.93783,75.05733,340.44,0.4,0.37,2023-11-06,756,N,VIIRS,n,2,294.81,9.99,D,0
30.94045,75.19973,332.33,0.4,0.37,2023-11-06,756,N,VIIRS,n,2,295.82,1.76,D,0
30.94114,75.41515,333.04,0.4,0.37,2023-11-06,756,N,VIIRS,n,2,295.55,3.93,D,0
30.94123,74.82792,339.39,0.41,0.37,2023-11-06,756,N,VIIRS,n,2,297.21,2.53,D,0
30.94156,74.66312,334.36,0.41,0.37,2023-11-06,756,N,VIIRS,n,2,297.34,3.1,D,0
30.94185,74.89406,334.98,0.41,0.37,2023-11-06,756,N,VIIRS,n,2,296.19,2.88,D,0
30.94438,76.02288,330.07,0.39,0.36,2023-11-06,756,N,VIIRS,n,2,301.44,2.04,D,0
30.9458,75.40125,337.98,0.4,0.37,2023-11-06,756,N,VIIRS,n,2,298.68,14.9,D,0
30.947,75.34512,330.32,0.4,0.37,2023-11-06,756,N,VIIRS,n,2,296.73,3.36,D,0
30.94963,76.03432,347.49,0.39,0.36,2023-11-06,756,N,VIIRS,n,2,300.31,6.53,D,0
30.95003,76.20969,329.77,0.39,0.36,2023-11-06,756,N,VIIRS,n,2,292.97,3.24,D,0
30.95448,74.59286,334.07,0.42,0.37,2023-11-06,756,N,VIIRS,n,2,298.63,4.72,D,0
30.95508,74.93071,333.15,0.41,0.37,2023-11-06,756,N,VIIRS,n,2,296.69,2.52,D,0
30.95562,74.99645,332.55,0.41,0.37,2023-11-06,756,N,VIIRS,n,2,295.05,2.41,D,0
30.95666,75.21343,335.97,0.4,0.37,2023-11-06,756,N,VIIRS,n,2,296.78,6.07,D,0
30.96032,74.56451,336.8,0.42,0.37,2023-11-06,756,N,VIIRS,n,2,297.63,5.09,D,0
30.96189,75.96041,333.74,0.39,0.36,2023-11-06,756,N,VIIRS,n,2,301.51,4.56,D,0
30.96284,74.8097,351.66,0.41,0.37,2023-11-06,756,N,VIIRS,n,2,300.07,35.42,D,0
30.96345,74.95959,336.25,0.41,0.37,2023-11-06,756,N,VIIRS,n,2,300.64,27.8,D,0
30.96498,75.07307,335.12,0.4,0.37,2023-11-06,756,N,VIIRS,n,2,296.05,2.81,D,0
30.96538,75.03366,333.83,0.41,0.37,2023-11-06,756,N,VIIRS,n,2,296.95,2.64,D,0
30.96613,75.63156,330.56,0.39,0.36,2023-11-06,756,N,VIIRS,n,2,297.14,1.5,D,0
30.96755,74.96305,338.02,0.41,0.37,2023-11-06,756,N,VIIRS,n,2,298.17,4.25,D,0
30.97205,77.83022,325.12,0.39,0.36,2023-11-06,756,N,VIIRS,n,2,297.51,2.45,D,0
30.97551,75.03138,333.22,0.41,0.37,2023-11-06,756,N,VIIRS,n,2,293.5,3.67,D,0
30.97683,74.70419,336.97,0.41,0.37,2023-11-06,756,N,VIIRS,n,2,297.77,2.62,D,0
30.97806,75.47123,332.15,0.4,0.37,2023-11-06,756,N,VIIRS,n,2,294.59,3.35,D,0
30.97951,75.99143,346.53,0.39,0.36,2023-11-06,756,N,VIIRS,n,2,304.93,6.02,D,0
30.98053,74.8101,340.58,0.41,0.37,2023-11-06,756,N,VIIRS,n,2,297.23,15.17,D,0
30.98294,74.6815,332.29,0.41,0.37,2023-11-06,756,N,VIIRS,n,2,297.52,2.12,D,0
30.98524,75.83469,333.15,0.39,0.36,2023-11-06,756,N,VIIRS,n,2,301.0,1.52,D,0
30.98543,74.71664,338.03,0.41,0.37,2023-11-06,756,N,VIIRS,n,2,303.31,18.31,D,0
30.98581,74.71552,342.11,0.41,0.37,2023-11-06,756,N,VIIRS,n,2,302.9,15.99,D,0
30.98615,75.60593,331.96,0.39,0.37,2023-11-06,756,N,VIIRS,n,2,300.31,2.64,D,0
30.99384,76.05956,338.34,0.39,0.36,2023-11-06,756,N,VIIRS,n,2,302.19,5.78,D,0
30.99393,74.78487,338.49,0.41,0.37,2023-11-06,756,N,VIIRS,n,2,292.54,4.16,D,0
30.99465,74.87325,333.45,0.41,0.37,2023-11-06,756,N,VIIRS,n,2,299.74,4.39,D,0
30.99572,74.61143,332.4,0.42,0.37,2023-11-06,756,N,VIIRS,n,2,297.87,3.04,D,0
30.9967,75.326,331.94,0.4,0.37,2023-11-06,756,N,VIIRS,n,2,299.28,2.77,D,0
30.99728,74.95193,346.47,0.41,0.37,2023-11-06,756,N,VIIRS,n,2,297.42,5.75,D,0
30.99988,74.61496,332.42,0.42,0.37,2023-11-06,756,N,VIIRS,n,2,295.8,3.75,D,0
31.00375,75.11665,333.35,0.4,0.37,2023-11-06,756,N,VIIRS,n,2,298.81,8.7,D,0
31.00503,75.89355,333.44,0.39,0.36,2023-11-06,756,N,VIIRS,n,2,300.35,3.11,D,0
31.00537,74.85313,332.79,0.41,0.37,2023-11-06,756,N,VIIRS,n,2,298.89,9.41,D,0
31.00544,75.68236,331.59,0.39,0.36,2023-11-06,756,N,VIIRS,n,2,299.07,6.25,D,0
31.0061,75.68645,335.29,0.39,0.36,2023-11-06,756,N,VIIRS,n,2,296.15,6.25,D,0
31.00659,75.79633,331.11,0.39,0.36,2023-11-06,756,N,VIIRS,n,2,299.81,1.0,D,0
31.00904,74.81343,331.8,0.41,0.37,2023-11-06,756,N,VIIRS,n,2,294.26,5.94,D,0
31.00964,74.87867,340.41,0.41,0.37,2023-11-06,756,N,VIIRS,n,2,298.34,5.45,D,0
31.00992,75.7956,345.3,0.39,0.36,2023-11-06,756,N,VIIRS,n,2,301.15,9.76,D,0
31.01019,75.54102,334.55,0.4,0.37,2023-11-06,756,N,VIIRS,n,2,296.04,3.65,D,0
31.01085,75.58775,332.74,0.39,0.37,2023-11-06,756,N,VIIRS,n,2,298.33,3.76,D,0
31.01416,75.62955,335.76,0.39,0.36,2023-11-06,756,N,VIIRS,n,2,300.71,2.65,D,0
31.01482,75.63365,332.51,0.39,0.36,2023-11-06,756,N,VIIRS,n,2,300.23,2.65,D,0
31.0194,75.02148,336.23,0.41,0.37,2023-11-06,756,N,VIIRS,n,2,301.38,7.14,D,0
31.02009,75.68764,330.51,0.39,0.36,2023-11-06,756,N,VIIRS,n,2,296.81,10.77,D,0
31.02149,75.63219,343.43,0.39,0.36,2023-11-06,756,N,VIIRS,n,2,302.19,6.82,D,0
31.023,75.19053,335.44,0.4,0.37,2023-11-06,756,N,VIIRS,n,2,294.61,2.93,D,0
31.02342,75.68692,338.58,0.39,0.36,2023-11-06,756,N,VIIRS,n,2,305.96,10.77,D,0
31.02372,74.92046,330.29,0.41,0.37,2023-11-06,756,N,VIIRS,n,2,294.71,1.97,D,0
31.02409,75.69102,333.58,0.39,0.36,2023-11-06,756,N,VIIRS,n,2,297.26,10.77,D,0
31.02677,76.22372,340.67,0.39,0.36,2023-11-06,756,N,VIIRS,n,2,299.59,3.19,D,0
31.02749,75.92654,331.95,0.39,0.36,2023-11-06,756,N,VIIRS,n,2,299.16,2.1,D,0
31.02883,75.14146,335.65,0.4,0.37,2023-11-06,756,N,VIIRS,n,2,299.46,4.39,D,0
31.02972,75.18902,334.86,0.4,0.37,2023-11-06,756,N,VIIRS,n,2,296.67,2.41,D,0
31.03191,75.43414,334.29,0.4,0.37,2023-11-06,756,N,VIIRS,n,2,296.27,10.63,D,0
31.03233,75.03606,333.43,0.4,0.37,2023-11-06,756,N,VIIRS,n,2,296.02,6.89,D,0
31.03303,75.04027,335.73,0.4,0.37,2023-11-06,756,N,VIIRS,l,2,308.6,44.02,D,0
31.03309,75.18826,333.92,0.4,0.37,2023-11-06,756,N,VIIRS,n,2,295.78,2.64,D,0
31.03326,76.24316,338.85,0.39,0.36,2023-11-06,756,N,VIIRS,n,2,297.44,3.7,D,0
31.03389,75.98813,337.49,0.39,0.36,2023-11-06,756,N,VIIRS,n,2,304.67,4.62,D,0
31.03542,76.21354,341.55,0.39,0.36,2023-11-06,756,N,VIIRS,n,2,301.39,3.11,D,0
31.03571,75.03529,334.38,0.4,0.37,2023-11-06,756,N,VIIRS,n,2,296.63,5.41,D,0
31.03578,76.15089,333.75,0.39,0.36,2023-11-06,756,N,VIIRS,n,2,300.59,4.88,D,0
31.03657,76.54451,334.14,0.38,0.36,2023-11-06,756,N,VIIRS,n,2,303.56,3.26,D,0
31.0367,74.78941,334.33,0.41,0.37,2023-11-06,756,N,VIIRS,n,2,297.88,3.16,D,0
31.03818,74.67332,338.56,0.41,0.37,2023-11-06,756,N,VIIRS,n,2,297.63,4.35,D,0
31.04016,75.01766,335.07,0.41,0.37,2023-11-06,756,N,VIIRS,n,2,294.99,5.95,D,0
31.04289,75.64915,340.23,0.39,0.36,2023-11-06,756,N,VIIRS,n,2,306.34,34.3,D,0
31.04514,75.99409,337.63,0.39,0.36,2023-11-06,756,N,VIIRS,n,2,303.2,2.27,D,0
31.04567,75.02955,335.41,0.4,0.37,2023-11-06,756,N,VIIRS,n,2,302.87,13.4,D,0
31.04638,75.03375,334.16,0.4,0.37,2023-11-06,756,N,VIIRS,n,2,296.19,13.4,D,0
31.04732,75.21108,332.53,0.4,0.37,2023-11-06,756,N,VIIRS,n,2,297.93,2.36,D,0
31.0477,75.83802,340.99,0.39,0.36,2023-11-06,756,N,VIIRS,n,2,304.75,3.27,D,0
31.04904,75.02878,347.71,0.4,0.37,2023-11-06,756,N,VIIRS,n,2,291.03,13.4,D,0
31.05068,75.21033,339.43,0.4,0.37,2023-11-06,756,N,VIIRS,n,2,297.74,3.9,D,0
31.05186,75.97167,336.29,0.39,0.36,2023-11-06,756,N,VIIRS,n,2,305.33,3.9,D,0
31.05313,75.03223,335.75,0.4,0.37,2023-11-06,756,N,VIIRS,n,2,292.62,5.43,D,0
31.05371,76.54506,335.7,0.38,0.36,2023-11-06,756,N,VIIRS,n,2,306.69,2.44,D,0
31.05809,74.89505,338.72,0.41,0.37,2023-11-06,756,N,VIIRS,n,2,291.14,4.04,D,0
31.06265,75.41019,339.73,0.4,0.37,2023-11-06,756,N,VIIRS,n,2,297.81,2.94,D,0
31.06292,74.98625,336.32,0.41,0.37,2023-11-06,756,N,VIIRS,n,2,291.57,7.51,D,0
31.06826,76.13979,334.56,0.39,0.36,2023-11-06,756,N,VIIRS,n,2,303.6,2.17,D,0
31.06889,75.66044,338.2,0.39,0.36,2023-11-06,756,N,VIIRS,n,2,301.09,6.86,D,0
31.0701,75.79556,346.7,0.39,0.36,2023-11-06,756,N,VIIRS,n,2,303.19,6.71,D,0
31.07222,75.65971,337.46,0.39,0.36,2023-11-06,756,N,VIIRS,n,2,296.09,6.86,D,0
31.07414,75.75668,335.73,0.39,0.36,2023-11-06,756,N,VIIRS,n,2,301.46,3.02,D,0
31.07901,75.06133,337.2,0.4,0.37,2023-11-06,756,N,VIIRS,n,2,294.14,14.71,D,0
31.07999,74.8371,331.41,0.41,0.37,2023-11-06,756,N,VIIRS,n,2,297.55,7.0,D,0
31.08042,75.06975,334.61,0.4,0.37,2023-11-06,756,N,VIIRS,n,2,296.16,3.84,D,0
31.0807,74.84137,332.76,0.41,0.37,2023-11-06,756,N,VIIRS,n,2,294.53,7.0,D,0
31.08112,75.07396,337.43,0.4,0.37,2023-11-06,756,N,VIIRS,n,2,295.65,4.64,D,0
31.08188,75.88992,337.66,0.39,0.36,2023-11-06,756,N,VIIRS,n,2,304.18,2.44,D,0
31.08217,75.72109,332.61,0.39,0.36,2023-11-06,756,N,VIIRS,n,2,298.9,2.92,D,0
31.08516,75.18175,336.22,0.4,0.37,2023-11-06,756,N,VIIRS,n,2,300.03,4.23,D,0
31.08585,75.18592,332.98,0.4,0.37,2023-11-06,756,N,VIIRS,n,2,301.19,3.92,D,0
31.08817,75.71555,332.85,0.39,0.36,2023-11-06,756,N,VIIRS,n,2,297.24,4.11,D,0
31.08852,75.181,338.07,0.4,0.37,2023-11-06,756,N,VIIRS,n,2,298.52,4.23,D,0
31.08883,75.71964,332.77,0.39,0.36,2023-11-06,756,N,VIIRS,n,2,297.67,4.11,D,0
31.08922,75.18518,332.96,0.4,0.37,2023-11-06,756,N,VIIRS,n,2,298.77,3.92,D,0
31.09114,75.90475,330.11,0.39,0.36,2023-11-06,756,N,VIIRS,n,2,300.07,0.73,D,0
31.09206,74.58116,340.8,0.42,0.37,2023-11-06,756,N,VIIRS,n,2,300.23,6.88,D,0
31.0925,75.89184,338.96,0.39,0.36,2023-11-06,756,N,VIIRS,n,2,301.59,4.0,D,0
31.0944,75.92506,333.78,0.39,0.36,2023-11-06,756,N,VIIRS,n,2,302.69,7.99,D,0
31.09914,75.8904,333.67,0.39,0.36,2023-11-06,756,N,VIIRS,n,2,302.33,4.58,D,0
31.10091,75.10872,334.15,0.4,0.37,2023-11-06,756,N,VIIRS,n,2,298.11,3.48,D,0
31.10091,75.53857,337.28,0.4,0.37,2023-11-06,756,N,VIIRS,n,2,300.3,11.52,D,0
31.10356,75.61887,337.3,0.39,0.36,2023-11-06,756,N,VIIRS,n,2,294.46,3.28,D,0
31.10542,74.96787,348.39,0.41,0.37,2023-11-06,756,N,VIIRS,n,2,296.1,21.72,D,0
31.10879,74.9671,350.26,0.41,0.37,2023-11-06,756,N,VIIRS,n,2,298.7,21.72,D,0
31.11225,74.71965,338.07,0.41,0.37,2023-11-06,756,N,VIIRS,n,2,302.48,8.88,D,0
31.11858,76.16277,332.94,0.39,0.36,2023-11-06,756,N,VIIRS,n,2,302.2,3.64,D,0
31.11898,75.21749,342.9,0.4,0.37,2023-11-06,756,N,VIIRS,n,2,299.0,5.92,D,0
31.1219,75.81806,336.41,0.39,0.36,2023-11-06,756,N,VIIRS,n,2,298.62,7.06,D,0
31.12699,75.20271,336.01,0.4,0.37,2023-11-06,756,N,VIIRS,n,2,300.58,4.77,D,0
31.12795,75.27167,339.45,0.4,0.37,2023-11-06,756,N,VIIRS,n,2,300.96,5.9,D,0
31.13023,76.08505,338.75,0.39,0.36,2023-11-06,756,N,VIIRS,n,2,304.68,11.68,D,0
31.13354,76.08434,337.8,0.39,0.36,2023-11-06,756,N,VIIRS,n,2,303.55,11.68,D,0
31.13567,75.88249,344.57,0.39,0.36,2023-11-06,756,N,VIIRS,n,2,300.86,7.07,D,0
31.13664,75.26109,338.49,0.4,0.37,2023-11-06,756,N,VIIRS,n,2,304.5,6.43,D,0
31.13736,75.74289,331.9,0.39,0.36,2023-11-06,756,N,VIIRS,n,2,292.02,10.01,D,0
31.13802,75.74698,341.58,0.39,0.36,2023-11-06,756,N,VIIRS,n,2,295.1,21.66,D,0
31.13816,75.31251,335.56,0.4,0.37,2023-11-06,756,N,VIIRS,n,2,302.51,3.89,D,0
31.14007,75.28191,336.75,0.4,0.37,2023-11-06,756,N,VIIRS,n,2,305.97,4.81,D,0
31.14022,75.91096,336.1,0.39,0.36,2023-11-06,756,N,VIIRS,n,2,297.62,2.17,D,0
31.14342,75.28116,338.34,0.4,0.37,2023-11-06,756,N,VIIRS,n,2,305.44,10.64,D,0
31.14503,74.72549,341.94,0.41,0.37,2023-11-06,756,N,VIIRS,n,2,300.88,4.48,D,0
31.14575,74.72977,331.38,0.41,0.37,2023-11-06,756,N,VIIRS,n,2,298.09,4.48,D,0
31.14945,75.63493,332.02,0.39,0.36,2023-11-06,756,N,VIIRS,n,2,298.46,3.37,D,0
31.15018,76.18941,329.24,0.39,0.36,2023-11-06,756,N,VIIRS,n,2,302.5,1.44,D,0
31.1503,76.16852,346.79,0.39,0.36,2023-11-06,756,N,VIIRS,n,2,308.14,5.37,D,0
31.15157,74.57646,340.51,0.42,0.37,2023-11-06,756,N,VIIRS,n,2,298.62,7.01,D,0
31.15248,75.39958,346.48,0.4,0.37,2023-11-06,756,N,VIIRS,n,2,305.0,8.58,D,0
31.15847,74.84653,333.49,0.41,0.37,2023-11-06,756,N,VIIRS,n,2,297.95,3.57,D,0
31.16386,74.92021,337.94,0.41,0.37,2023-11-06,756,N,VIIRS,n,2,300.85,8.74,D,0
31.16418,75.88895,331.34,0.39,0.36,2023-11-06,756,N,VIIRS,n,2,298.6,1.87,D,0
31.16585,74.76517,347.3,0.41,0.37,2023-11-06,756,N,VIIRS,n,2,302.96,6.7,D,0
31.16608,75.71607,332.98,0.39,0.36,2023-11-06,756,N,VIIRS,n,2,300.69,4.15,D,0
31.16643,74.55954,328.88,0.42,0.37,2023-11-06,756,N,VIIRS,n,2,298.1,2.07,D,0
31.1667,75.50768,329.68,0.4,0.37,2023-11-06,756,N,VIIRS,n,2,299.25,1.66,D,0
31.16725,74.91945,338.17,0.41,0.37,2023-11-06,756,N,VIIRS,n,2,298.41,8.74,D,0
31.17025,75.86237,340.26,0.39,0.36,2023-11-06,756,N,VIIRS,n,2,296.66,6.0,D,0
31.17207,76.1764,336.28,0.39,0.36,2023-11-06,756,N,VIIRS,n,2,308.61,3.25,D,0
31.17319,75.18428,334.1,0.4,0.37,2023-11-06,756,N,VIIRS,n,2,301.13,2.79,D,0
31.17449,74.81637,337.65,0.41,0.37,2023-11-06,756,N,VIIRS,n,2,302.77,13.47,D,0
31.17609,75.67153,335.06,0.39,0.36,2023-11-06,756,N,VIIRS,n,2,304.91,8.84,D,0
31.178,75.44965,331.37,0.4,0.37,2023-11-06,756,N,VIIRS,l,2,304.33,2.64,D,0
31.17821,75.23883,335.03,0.4,0.37,2023-11-06,756,N,VIIRS,n,2,306.49,4.77,D,0
31.17863,75.79365,329.57,0.39,0.36,2023-11-06,756,N,VIIRS,n,2,297.5,3.49,D,0
31.17929,75.79773,338.99,0.39,0.36,2023-11-06,756,N,VIIRS,n,2,295.71,7.38,D,0
31.18035,75.14365,333.35,0.4,0.37,2023-11-06,756,N,VIIRS,n,2,297.96,8.14,D,0
31.18056,74.81057,341.35,0.41,0.37,2023-11-06,756,N,VIIRS,n,2,299.7,5.1,D,0
31.18156,75.23808,334.07,0.4,0.37,2023-11-06,756,N,VIIRS,n,2,303.72,4.77,D,0
31.18196,75.79294,334.03,0.39,0.36,2023-11-06,756,N,VIIRS,n,2,297.45,3.49,D,0
31.18204,75.72952,343.12,0.39,0.36,2023-11-06,756,N,VIIRS,n,2,302.25,10.06,D,0
31.1841,75.57206,329.78,0.39,0.36,2023-11-06,756,N,VIIRS,n,2,297.62,1.99,D,0
31.18875,75.51562,336.25,0.39,0.37,2023-11-06,756,N,VIIRS,n,2,296.68,3.26,D,0
31.18963,76.22274,331.87,0.39,0.36,2023-11-06,756,N,VIIRS,n,2,305.79,1.93,D,0
31.19044,75.14138,337.44,0.4,0.37,2023-11-06,756,N,VIIRS,n,2,297.95,3.18,D,0
31.19274,75.66788,345.33,0.39,0.36,2023-11-06,756,N,VIIRS,n,2,300.01,4.67,D,0
31.19453,74.66612,333.01,0.41,0.37,2023-11-06,756,N,VIIRS,n,2,299.74,3.73,D,0
31.19455,75.3387,334.54,0.4,0.37,2023-11-06,756,N,VIIRS,n,2,305.25,5.16,D,0
31.19486,74.66504,335.13,0.41,0.37,2023-11-06,756,N,VIIRS,n,2,299.94,2.06,D,0
31.19543,75.19231,337.57,0.4,0.37,2023-11-06,756,N,VIIRS,n,2,302.72,2.52,D,0
31.19747,75.0789,342.95,0.4,0.37,2023-11-06,756,N,VIIRS,n,2,298.99,12.4,D,0
31.1979,75.33796,334.51,0.4,0.37,2023-11-06,756,N,VIIRS,n,2,304.17,5.16,D,0
31.19957,75.09149,335.98,0.4,0.37,2023-11-06,756,N,VIIRS,n,2,298.7,3.2,D,0
31.20161,74.81021,336.47,0.41,0.37,2023-11-06,756,N,VIIRS,l,2,309.43,39.52,D,0
31.20293,75.09074,331.02,0.4,0.37,2023-11-06,756,N,VIIRS,n,2,297.68,3.2,D,0
31.20455,74.70395,332.39,0.41,0.37,2023-11-06,756,N,VIIRS,n,2,299.76,2.46,D,0
31.2053,75.74561,341.28,0.39,0.36,2023-11-06,756,N,VIIRS,n,2,301.58,5.02,D,0
31.20532,75.29377,331.18,0.4,0.37,2023-11-06,756,N,VIIRS,n,2,303.07,1.43,D,0
31.20852,75.1243,334.76,0.4,0.37,2023-11-06,756,N,VIIRS,l,2,305.24,13.37,D,0
31.20862,75.74488,332.97,0.39,0.36,2023-11-06,756,N,VIIRS,n,2,299.83,5.02,D,0
31.21119,75.11935,329.2,0.4,0.37,2023-11-06,756,N,VIIRS,l,2,300.06,8.12,D,0
31.21189,75.12354,334.66,0.4,0.37,2023-11-06,756,N,VIIRS,n,2,299.97,12.24,D,0
31.21201,75.70181,338.79,0.39,0.36,2023-11-06,756,N,VIIRS,n,2,299.98,3.0,D,0
31.21784,74.80206,328.96,0.41,0.37,2023-11-06,756,N,VIIRS,n,2,301.59,1.47,D,0
31.21792,74.80297,330.66,0.41,0.37,2023-11-06,756,N,VIIRS,n,2,301.68,1.77,D,0
31.22121,75.24277,342.01,0.4,0.37,2023-11-06,756,N,VIIRS,n,2,302.43,3.62,D,0
31.22161,75.18211,330.82,0.4,0.37,2023-11-06,756,N,VIIRS,n,2,300.46,2.36,D,0
31.22401,74.90218,336.67,0.41,0.37,2023-11-06,756,N,VIIRS,n,2,299.9,3.28,D,0
31.22508,76.01915,341.08,0.39,0.36,2023-11-06,756,N,VIIRS,n,2,300.28,3.69,D,0
31.2312,74.96642,329.59,0.41,0.37,2023-11-06,756,N,VIIRS,n,2,298.89,1.76,D,0
31.23153,75.88754,345.61,0.39,0.36,2023-11-06,756,N,VIIRS,n,2,303.52,7.81,D,0
31.23484,75.88682,332.38,0.39,0.36,2023-11-06,756,N,VIIRS,n,2,301.95,2.47,D,0
31.23497,75.84467,329.47,0.39,0.36,2023-11-06,756,N,VIIRS,l,2,300.94,2.29,D,0
31.235,74.92606,347.15,0.41,0.37,2023-11-06,756,N,VIIRS,n,2,301.73,7.35,D,0
31.23642,74.93452,329.26,0.41,0.37,2023-11-06,756,N,VIIRS,l,2,300.64,3.68,D,0
31.24853,76.10205,329.15,0.39,0.36,2023-11-06,756,N,VIIRS,l,2,302.72,1.55,D,0
31.25278,75.24435,335.67,0.4,0.37,2023-11-06,756,N,VIIRS,n,2,302.36,3.78,D,0
31.25404,75.89949,334.38,0.39,0.36,2023-11-06,756,N,VIIRS,n,2,298.89,5.13,D,0
31.25457,75.70943,334.4,0.39,0.36,2023-11-06,756,N,VIIRS,n,2,301.84,2.72,D,0
31.25466,74.95759,332.75,0.41,0.37,2023-11-06,756,N,VIIRS,n,2,298.78,2.56,D,0
31.2593,75.91097,335.92,0.39,0.36,2023-11-06,756,N,VIIRS,n,2,302.76,2.93,D,0
31.25985,76.08707,328.22,0.39,0.36,2023-11-06,756,N,VIIRS,n,2,299.71,1.89,D,0
31.26161,75.2769,328.83,0.4,0.37,2023-11-06,756,N,VIIRS,n,2,302.07,1.45,D,0
31.26223,75.2595,338.8,0.4,0.37,2023-11-06,756,N,VIIRS,n,2,301.96,3.2,D,0
31.2677,75.29279,342.26,0.4,0.37,2023-11-06,756,N,VIIRS,n,2,301.07,3.8,D,0
31.27546,75.74337,330.71,0.39,0.36,2023-11-06,756,N,VIIRS,n,2,300.24,1.51,D,0
31.27572,75.06212,332.88,0.4,0.37,2023-11-06,756,N,VIIRS,n,2,300.48,5.84,D,0
31.27642,75.06631,333.86,0.4,0.37,2023-11-06,756,N,VIIRS,n,2,302.11,10.28,D,0
31.27735,74.69616,341.23,0.41,0.37,2023-11-06,756,N,VIIRS,n,2,298.34,7.8,D,0
31.28075,74.69538,342.22,0.41,0.37,2023-11-06,756,N,VIIRS,n,2,299.02,7.8,D,0
31.28125,74.67743,334.36,0.41,0.37,2023-11-06,756,N,VIIRS,n,2,302.79,2.89,D,0
31.28586,75.87191,344.84,0.39,0.36,2023-11-06,756,N,VIIRS,n,2,300.9,8.69,D,0
31.28732,74.98524,329.25,0.4,0.37,2023-11-06,756,N,VIIRS,n,2,298.46,1.34,D,0
31.28918,75.87119,345.37,0.39,0.36,2023-11-06,756,N,VIIRS,n,2,301.6,8.69,D,0
31.28983,75.87527,353.35,0.39,0.36,2023-11-06,756,N,VIIRS,n,2,301.04,14.05,D,0
31.29351,75.00135,332.82,0.4,0.37,2023-11-06,756,N,VIIRS,n,2,297.69,3.07,D,0
31.29538,75.76017,331.58,0.39,0.36,2023-11-06,756,N,VIIRS,n,2,300.33,1.69,D,0
31.29541,75.20097,338.39,0.4,0.37,2023-11-06,756,N,VIIRS,n,2,304.4,6.95,D,0
31.29749,76.39194,329.05,0.39,0.36,2023-11-06,756,N,VIIRS,n,2,300.41,1.92,D,0
31.29788,75.0484,332.05,0.4,0.37,2023-11-06,756,N,VIIRS,n,2,300.44,1.96,D,0
31.29811,76.39596,332.0,0.39,0.36,2023-11-06,756,N,VIIRS,n,2,300.13,1.92,D,0
31.30518,75.0293,330.23,0.4,0.37,2023-11-06,756,N,VIIRS,n,2,298.0,2.16,D,0
31.30591,76.01015,333.07,0.39,0.36,2023-11-06,756,N,VIIRS,n,2,303.04,2.95,D,0
31.30597,75.30652,328.63,0.4,0.37,2023-11-06,756,N,VIIRS,n,2,300.15,1.85,D,0
31.30648,75.26761,329.31,0.4,0.37,2023-11-06,756,N,VIIRS,l,2,301.53,1.89,D,0
31.30732,76.00599,330.05,0.39,0.36,2023-11-06,756,N,VIIRS,l,2,300.55,2.9,D,0
31.30914,75.26272,330.76,0.4,0.37,2023-11-06,756,N,VIIRS,n,2,300.33,1.59,D,0
31.3173,75.14406,333.7,0.4,0.37,2023-11-06,756,N,VIIRS,n,2,296.24,2.48,D,0
31.32538,74.71338,333.4,0.41,0.37,2023-11-06,756,N,VIIRS,n,2,295.68,4.12,D,0
31.32878,74.7126,333.0,0.41,0.37,2023-11-06,756,N,VIIRS,n,2,294.27,4.12,D,0
31.33141,74.64518,330.5,0.41,0.37,2023-11-06,756,N,VIIRS,n,2,299.23,4.29,D,0
31.33214,74.64947,332.17,0.41,0.37,2023-11-06,756,N,VIIRS,n,2,299.59,6.76,D,0
31.3342,75.33035,334.31,0.4,0.37,2023-11-06,756,N,VIIRS,n,2,297.46,3.87,D,0
31.3438,74.65572,332.55,0.41,0.37,2023-11-06,756,N,VIIRS,n,2,297.86,2.66,D,0
31.34872,74.97571,332.47,0.4,0.37,2023-11-06,756,N,VIIRS,n,2,286.1,3.85,D,0
31.36493,77.65067,325.16,0.39,0.36,2023-11-06,756,N,VIIRS,l,2,300.02,3.86,D,0
31.36533,74.99083,329.59,0.4,0.37,2023-11-06,756,N,VIIRS,n,2,286.33,3.02,D,0
31.36708,74.54288,335.16,0.41,0.37,2023-11-06,756,N,VIIRS,n,2,294.03,5.81,D,0
31.36823,77.64986,326.59,0.39,0.36,2023-11-06,756,N,VIIRS,l,2,300.46,4.42,D,0
31.36975,75.77352,332.69,0.39,0.36,2023-11-06,756,N,VIIRS,n,2,299.97,2.07,D,0
31.37119,74.96325,333.05,0.4,0.37,2023-11-06,756,N,VIIRS,n,2,290.54,4.8,D,0
31.37175,75.34776,335.0,0.4,0.37,2023-11-06,756,N,VIIRS,n,2,300.67,3.15,D,0
31.37357,75.27419,335.44,0.4,0.37,2023-11-06,756,N,VIIRS,n,2,279.54,1.79,D,0
31.37509,75.34702,329.1,0.4,0.37,2023-11-06,756,N,VIIRS,n,2,300.58,3.15,D,0
31.37707,74.58095,331.78,0.41,0.37,2023-11-06,756,N,VIIRS,n,2,295.34,6.6,D,0
31.38553,74.67285,332.98,0.41,0.37,2023-11-06,756,N,VIIRS,n,2,296.77,3.78,D,0
31.39622,75.22163,328.6,0.4,0.37,2023-11-06,756,N,VIIRS,n,2,285.63,2.41,D,0
31.39726,74.76347,332.52,0.41,0.37,2023-11-06,756,N,VIIRS,n,2,298.97,3.08,D,0
31.40684,74.69467,336.86,0.41,0.37,2023-11-06,756,N,VIIRS,n,2,299.42,3.06,D,0
31.41398,75.24054,332.69,0.4,0.37,2023-11-06,756,N,VIIRS,n,2,285.63,3.36,D,0
31.41733,75.23978,338.65,0.4,0.37,2023-11-06,756,N,VIIRS,n,2,284.69,3.36,D,0
31.42275,75.25151,334.15,0.4,0.37,2023-11-06,756,N,VIIRS,n,2,285.22,3.73,D,0
31.42376,75.34171,339.34,0.4,0.37,2023-11-06,756,N,VIIRS,n,2,299.66,11.31,D,0
31.42657,75.37973,330.58,0.4,0.37,2023-11-06,756,N,VIIRS,n,2,299.63,1.89,D,0
31.43182,75.34852,335.38,0.4,0.37,2023-11-06,756,N,VIIRS,n,2,299.64,5.37,D,0
31.44253,75.35043,332.28,0.4,0.37,2023-11-06,756,N,VIIRS,n,2,298.79,3.95,D,0
31.44581,75.32821,332.89,0.4,0.37,2023-11-06,756,N,VIIRS,n,2,291.2,4.15,D,0
31.44672,75.4181,336.18,0.4,0.37,2023-11-06,756,N,VIIRS,n,2,300.61,2.54,D,0
31.46363,75.58509,331.69,0.39,0.36,2023-11-06,756,N,VIIRS,n,2,294.43,2.44,D,0
31.46717,75.68086,328.53,0.39,0.36,2023-11-06,756,N,VIIRS,n,2,302.42,1.41,D,0
31.47224,75.21454,329.04,0.4,0.37,2023-11-06,756,N,VIIRS,n,2,285.9,2.52,D,0
31.49483,75.7352,330.25,0.39,0.36,2023-11-06,756,N,VIIRS,n,2,298.96,1.23,D,0
31.51085,75.42955,339.49,0.39,0.37,2023-11-06,756,N,VIIRS,n,2,299.58,5.03,D,0
31.51145,75.36942,342.25,0.4,0.37,2023-11-06,756,N,VIIRS,n,2,301.05,6.72,D,0
31.51419,75.4288,337.5,0.39,0.37,2023-11-06,756,N,VIIRS,n,2,297.01,3.31,D,0
31.51614,75.37695,333.53,0.4,0.37,2023-11-06,756,N,VIIRS,n,2,298.49,2.68,D,0
31.51753,75.42807,333.42,0.39,0.37,2023-11-06,756,N,VIIRS,n,2,296.54,3.31,D,0
31.51948,75.37621,333.13,0.4,0.37,2023-11-06,756,N,VIIRS,n,2,299.81,3.13,D,0
31.52288,75.43972,330.37,0.39,0.37,2023-11-06,756,N,VIIRS,n,2,296.73,1.15,D,0
31.52424,75.51206,337.4,0.39,0.36,2023-11-06,756,N,VIIRS,n,2,300.29,2.23,D,0
31.52611,75.69449,330.67,0.39,0.36,2023-11-06,756,N,VIIRS,n,2,303.49,2.04,D,0
31.5275,75.383,347.33,0.4,0.37,2023-11-06,756,N,VIIRS,n,2,302.16,10.15,D,0
31.5309,75.46788,334.47,0.39,0.36,2023-11-06,756,N,VIIRS,n,2,300.71,2.03,D,0
31.47829,74.93106,334.47,0.4,0.37,2023-11-06,757,N,VIIRS,n,2,298.93,2.61,D,0
31.51202,74.75587,329.83,0.41,0.37,2023-11-06,757,N,VIIRS,n,2,298.94,1.69,D,0
31.54483,74.62015,332.51,0.41,0.37,2023-11-06,757,N,VIIRS,n,2,295.0,2.43,D,0
31.56481,75.53787,330.79,0.39,0.36,2023-11-06,757,N,VIIRS,n,2,298.78,2.47,D,0
31.57015,75.54948,327.79,0.39,0.36,2023-11-06,757,N,VIIRS,n,2,297.26,2.89,D,0
31.57084,75.57488,339.97,0.39,0.36,2023-11-06,757,N,VIIRS,n,2,294.83,5.24,D,0
31.57747,75.53082,328.36,0.39,0.36,2023-11-06,757,N,VIIRS,n,2,299.45,0.84,D,0
31.59414,74.87021,339.63,0.4,0.37,2023-11-06,757,N,VIIRS,n,2,298.81,5.11,D,0
31.60811,75.52831,335.23,0.39,0.36,2023-11-06,757,N,VIIRS,n,2,298.47,4.09,D,0
31.6179,75.31206,332.96,0.4,0.37,2023-11-06,757,N,VIIRS,n,2,301.73,2.75,D,0
31.63329,74.6853,330.19,0.41,0.37,2023-11-06,757,N,VIIRS,n,2,292.81,1.42,D,0
31.64092,74.10117,338.58,0.42,0.38,2023-11-06,757,N,VIIRS,n,2,297.09,4.2,D,0
31.64607,75.42165,347.0,0.39,0.37,2023-11-06,757,N,VIIRS,n,2,301.38,8.89,D,0
31.6474,75.42184,337.12,0.39,0.36,2023-11-06,757,N,VIIRS,n,2,298.74,7.51,D,0
31.66392,75.35384,333.56,0.4,0.37,2023-11-06,757,N,VIIRS,n,2,301.83,2.88,D,0
31.66726,75.3531,335.0,0.4,0.37,2023-11-06,757,N,VIIRS,n,2,301.77,2.88,D,0
31.68773,74.20515,356.69,0.42,0.38,2023-11-06,757,N,VIIRS,n,2,301.31,7.56,D,0
31.69039,74.19994,332.0,0.42,0.38,2023-11-06,757,N,VIIRS,n,2,294.52,7.56,D,0
31.69116,74.20435,335.64,0.42,0.38,2023-11-06,757,N,VIIRS,n,2,290.75,7.56,D,0
31.6953,74.1252,339.37,0.42,0.38,2023-11-06,757,N,VIIRS,n,2,297.22,3.55,D,0
31.7394,74.70967,329.49,0.41,0.37,2023-11-06,757,N,VIIRS,n,2,293.84,1.99,D,0
31.73942,75.60618,331.89,0.39,0.36,2023-11-06,757,N,VIIRS,n,2,299.39,2.91,D,0
31.74008,75.61028,331.78,0.39,0.36,2023-11-06,757,N,VIIRS,n,2,297.97,3.63,D,0
31.74208,75.60133,330.25,0.39,0.36,2023-11-06,757,N,VIIRS,l,2,301.22,2.91,D,0
31.74541,75.6006,327.71,0.39,0.36,2023-11-06,757,N,VIIRS,l,2,299.61,1.75,D,0
31.74747,75.46377,327.15,0.39,0.36,2023-11-06,757,N,VIIRS,n,2,301.99,1.6,D,0
31.7548,75.44504,333.37,0.39,0.36,2023-11-06,757,N,VIIRS,n,2,301.74,3.21,D,0
31.75502,74.72091,339.3,0.41,0.37,2023-11-06,757,N,VIIRS,n,2,294.49,4.87,D,0
31.75546,75.44917,333.83,0.39,0.36,2023-11-06,757,N,VIIRS,n,2,303.2,3.21,D,0
31.76401,75.60926,327.01,0.39,0.36,2023-11-06,757,N,VIIRS,n,2,300.34,1.45,D,0
31.76467,75.61337,327.42,0.39,0.36,2023-11-06,757,N,VIIRS,n,2,299.4,1.72,D,0
31.7661,75.51514,329.12,0.39,0.36,2023-11-06,757,N,VIIRS,n,2,300.19,1.14,D,0
31.76664,75.42164,327.51,0.39,0.36,2023-11-06,757,N,VIIRS,n,2,301.61,1.83,D,0
31.76933,75.43816,331.09,0.39,0.36,2023-11-06,757,N,VIIRS,l,2,302.59,3.16,D,0
31.77001,75.44229,327.27,0.39,0.36,2023-11-06,757,N,VIIRS,l,2,301.58,1.99,D,0
31.78045,74.06943,331.41,0.42,0.38,2023-11-06,757,N,VIIRS,n,2,297.99,2.35,D,0
31.78579,75.32731,342.98,0.4,0.37,2023-11-06,757,N,VIIRS,n,2,294.2,9.56,D,0
31.79057,75.37775,328.56,0.39,0.37,2023-11-06,757,N,VIIRS,n,2,299.91,1.73,D,0
31.80069,75.46114,326.4,0.39,0.36,2023-11-06,757,N,VIIRS,l,2,300.55,1.61,D,0
31.81536,75.59428,341.16,0.39,0.36,2023-11-06,757,N,VIIRS,n,2,301.6,3.25,D,0
31.87061,75.48827,331.44,0.39,0.36,2023-11-06,757,N,VIIRS,n,2,299.51,1.53,D,0
31.87557,75.44566,335.93,0.39,0.36,2023-11-06,757,N,VIIRS,n,2,298.04,2.86,D,0
31.88148,75.39725,329.91,0.39,0.36,2023-11-06,757,N,VIIRS,n,2,296.89,2.21,D,0
31.88397,75.11652,328.53,0.4,0.37,2023-11-06,757,N,VIIRS,n,2,283.32,2.78,D,0
31.89509,74.1033,335.65,0.42,0.38,2023-11-06,757,N,VIIRS,n,2,299.06,4.38,D,0
31.89658,74.07068,331.74,0.42,0.38,2023-11-06,757,N,VIIRS,n,2,300.31,2.51,D,0
31.89925,74.06542,340.03,0.42,0.38,2023-11-06,757,N,VIIRS,n,2,299.07,5.52,D,0
31.90002,74.06985,332.33,0.42,0.38,2023-11-06,757,N,VIIRS,n,2,298.67,2.51,D,0
31.93346,74.30458,339.13,0.42,0.37,2023-11-06,757,N,VIIRS,n,2,298.06,4.02,D,0
31.93883,75.41016,327.23,0.39,0.36,2023-11-06,757,N,VIIRS,l,2,298.7,2.4,D,0
31.96237,77.06694,341.56,0.38,0.36,2023-11-06,757,N,VIIRS,n,2,297.5,4.48,D,0
31.99047,75.29198,333.87,0.39,0.37,2023-11-06,757,N,VIIRS,n,2,284.5,3.14,D,0
31.99174,74.41754,329.28,0.41,0.37,2023-11-06,757,N,VIIRS,n,2,297.12,2.47,D,0
32.01462,74.32746,343.14,0.41,0.37,2023-11-06,757,N,VIIRS,n,2,298.69,5.0,D,0
32.0578,74.43468,331.41,0.41,0.37,2023-11-06,757,N,VIIRS,n,2,297.85,2.21,D,0
32.0606,74.38898,330.8,0.41,0.37,2023-11-06,757,N,VIIRS,n,2,297.75,3.8,D,0
32.07907,74.28959,330.05,0.42,0.37,2023-11-06,757,N,VIIRS,n,2,297.94,2.56,D,0
32.07981,74.29395,332.1,0.42,0.37,2023-11-06,757,N,VIIRS,n,2,298.29,3.5,D,0
32.09884,74.44755,337.26,0.41,0.37,2023-11-06,757,N,VIIRS,n,2,296.75,3.9,D,0
32.10472,74.31529,348.72,0.41,0.37,2023-11-06,757,N,VIIRS,n,2,300.29,7.89,D,0
32.12915,74.41795,333.56,0.41,0.37,2023-11-06,757,N,VIIRS,n,2,299.56,1.96,D,0
32.32757,74.24834,329.62,0.41,0.37,2023-11-06,757,N,VIIRS,n,2,297.33,1.95,D,0
32.35253,74.49393,331.66,0.41,0.37,2023-11-06,757,N,VIIRS,n,2,299.16,1.86,D,0
32.35643,74.16862,335.33,0.42,0.37,2023-11-06,757,N,VIIRS,n,2,297.92,3.11,D,0
32.36344,74.41602,327.76,0.41,0.37,2023-11-06,757,N,VIIRS,n,2,296.74,1.89,D,0
32.3784,74.52447,332.6,0.41,0.37,2023-11-06,757,N,VIIRS,n,2,300.02,3.46,D,0
32.3825,74.52797,331.73,0.41,0.37,2023-11-06,757,N,VIIRS,n,2,299.54,3.73,D,0
32.40974,74.01025,346.53,0.42,0.38,2023-11-06,757,N,VIIRS,n,2,297.43,7.19,D,0
32.44362,74.22646,336.49,0.41,0.37,2023-11-06,757,N,VIIRS,n,2,299.63,4.06,D,0
32.46173,74.93771,329.21,0.4,0.37,2023-11-06,757,N,VIIRS,n,2,292.11,2.26,D,0
29.45917,76.86864,323.44,0.5,0.41,2023-11-06,2020,N,VIIRS,n,2,291.36,10.25,N,2
29.45981,76.86351,331.86,0.5,0.41,2023-11-06,2020,N,VIIRS,n,2,292.43,10.25,N,2
29.46001,76.86497,343.91,0.5,0.41,2023-11-06,2020,N,VIIRS,n,2,293.67,13.5,N,2
29.91048,74.94787,306.08,0.42,0.45,2023-11-06,2020,N,VIIRS,n,2,288.79,0.89,N,2
30.12316,76.45601,296.01,0.53,0.42,2023-11-06,2020,N,VIIRS,n,2,285.2,0.45,N,0
30.7363,77.21297,298.67,0.49,0.41,2023-11-06,2020,N,VIIRS,n,2,283.35,0.71,N,0
30.843,74.46629,297.87,0.46,0.47,2023-11-06,2020,N,VIIRS,n,2,286.54,0.49,N,0
31.25003,76.92725,299.79,0.52,0.41,2023-11-06,2020,N,VIIRS,n,2,283.5,0.82,N,2
27.22482,77.96048,305.75,0.43,0.38,2023-11-06,2021,N,VIIRS,n,2,289.11,0.54,N,0
27.66451,78.27377,298.17,0.42,0.38,2023-11-06,2021,N,VIIRS,n,2,287.88,0.38,N,0
28.7719,77.56562,299.97,0.45,0.39,2023-11-06,2021,N,VIIRS,n,2,286.98,0.33,N,0
28.77407,76.94627,304.24,0.48,0.4,2023-11-06,2021,N,VIIRS,n,2,287.68,1.15,N,0
28.77777,76.94688,308.57,0.48,0.4,2023-11-06,2021,N,VIIRS,n,2,288.13,1.15,N,0
28.78741,77.15534,298.96,0.47,0.4,2023-11-06,2021,N,VIIRS,n,2,287.42,0.56,N,0
28.78793,77.15875,299.97,0.47,0.4,2023-11-06,2021,N,VIIRS,n,2,287.74,0.26,N,0
28.84414,77.14989,300.81,0.47,0.4,2023-11-06,2021,N,VIIRS,n,2,287.98,0.88,N,0
27.73232,77.46324,331.39,0.55,0.43,2023-11-07,737,N,VIIRS,l,2,302.83,2.42,D,0
27.73306,77.46453,333.26,0.55,0.43,2023-11-07,737,N,VIIRS,n,2,302.39,4.73,D,0
27.8929,77.72807,331.88,0.53,0.42,2023-11-07,737,N,VIIRS,n,2,300.96,1.71,D,0
27.91005,76.9584,330.33,0.39,0.44,2023-11-07,737,N,VIIRS,n,2,300.39,1.53,D,0
28.16533,77.44376,334.57,0.54,0.42,2023-11-07,737,N,VIIRS,n,2,301.18,5.88,D,0
28.16612,77.44675,334.3,0.54,0.42,2023-11-07,737,N,VIIRS,n,2,301.07,3.66,D,0
28.27352,75.92499,331.23,0.43,0.46,2023-11-07,737,N,VIIRS,n,2,303.21,1.17,D,0
28.74136,76.56891,330.45,0.39,0.44,2023-11-07,737,N,VIIRS,n,2,298.96,2.05,D,0
28.80213,76.07315,343.3,0.42,0.45,2023-11-07,737,N,VIIRS,n,2,299.83,4.03,D,0
28.87558,77.87139,332.27,0.5,0.41,2023-11-07,737,N,VIIRS,n,2,297.69,3.18,D,0
28.88893,76.0027,340.27,0.42,0.45,2023-11-07,737,N,VIIRS,n,2,304.74,3.0,D,0
28.92651,78.08569,336.47,0.49,0.4,2023-11-07,737,N,VIIRS,n,2,297.88,4.94,D,0
28.99365,76.4178,340.29,0.39,0.44,2023-11-07,737,N,VIIRS,n,2,298.49,3.89,D,0
29.01777,76.36939,336.26,0.4,0.44,2023-11-07,737,N,VIIRS,n,2,300.71,3.14,D,0
29.02427,76.25817,330.23,0.4,0.44,2023-11-07,737,N,VIIRS,n,2,298.56,4.07,D,0
29.02601,76.2606,336.8,0.4,0.44,2023-11-07,737,N,VIIRS,n,2,298.48,3.74,D,0
29.19716,76.1278,340.57,0.41,0.45,2023-11-07,737,N,VIIRS,n,2,300.01,3.57,D,0
29.24198,76.39797,336.24,0.39,0.44,2023-11-07,737,N,VIIRS,n,2,298.32,4.62,D,0
29.24253,76.46464,332.91,0.39,0.44,2023-11-07,737,N,VIIRS,n,2,298.64,2.19,D,0
29.40073,76.2224,332.7,0.4,0.44,2023-11-07,737,N,VIIRS,n,2,299.23,1.56,D,0
29.40934,76.49673,341.0,0.38,0.44,2023-11-07,737,N,VIIRS,n,2,301.84,4.6,D,0
29.45351,76.55213,331.75,0.57,0.43,2023-11-07,737,N,VIIRS,n,2,299.14,3.87,D,0
29.4754,76.07116,345.6,0.4,0.45,2023-11-07,737,N,VIIRS,n,2,300.14,5.52,D,0
29.48168,76.31284,330.52,0.39,0.44,2023-11-07,737,N,VIIRS,n,2,299.05,1.98,D,0
29.52572,75.96703,331.62,0.41,0.45,2023-11-07,737,N,VIIRS,n,2,298.62,2.73,D,0
29.5466,74.56598,339.22,0.49,0.48,2023-11-07,737,N,VIIRS,n,2,299.91,6.72,D,0
29.54827,74.82641,331.13,0.47,0.48,2023-11-07,737,N,VIIRS,n,2,299.08,2.65,D,0
29.54916,74.56715,333.3,0.49,0.48,2023-11-07,737,N,VIIRS,n,2,298.82,3.28,D,0
29.56464,76.09598,341.58,0.4,0.44,2023-11-07,737,N,VIIRS,n,2,303.5,8.58,D,0
29.56681,74.46497,333.51,0.49,0.49,2023-11-07,737,N,VIIRS,n,2,298.23,4.53,D,0
29.58308,74.25468,341.04,0.51,0.49,2023-11-07,737,N,VIIRS,n,2,298.21,5.66,D,0
29.59653,74.47275,349.23,0.49,0.49,2023-11-07,737,N,VIIRS,n,2,300.05,10.13,D,0
29.60095,74.47154,331.02,0.49,0.49,2023-11-07,737,N,VIIRS,n,2,297.05,4.14,D,0
29.60491,74.35764,354.13,0.5,0.49,2023-11-07,737,N,VIIRS,n,2,303.1,10.5,D,0
29.60537,75.73777,340.87,0.42,0.45,2023-11-07,737,N,VIIRS,n,2,301.41,2.76,D,0
29.60935,74.35641,333.67,0.5,0.49,2023-11-07,737,N,VIIRS,n,2,296.7,10.5,D,0
29.61353,74.39839,336.62,0.5,0.49,2023-11-07,737,N,VIIRS,n,2,297.83,4.12,D,0
29.62228,75.62894,332.43,0.42,0.46,2023-11-07,737,N,VIIRS,n,2,300.66,3.6,D,0
29.6239,74.49177,334.87,0.49,0.49,2023-11-07,737,N,VIIRS,n,2,299.12,4.03,D,0
29.6351,74.5889,333.18,0.48,0.48,2023-11-07,737,N,VIIRS,n,2,299.88,2.59,D,0
29.6369,75.85018,334.37,0.41,0.45,2023-11-07,737,N,VIIRS,n,2,301.96,3.21,D,0
29.65455,74.44839,342.57,0.49,0.49,2023-11-07,737,N,VIIRS,n,2,299.66,7.84,D,0
29.68745,75.70788,335.18,0.42,0.45,2023-11-07,737,N,VIIRS,n,2,299.31,1.47,D,0
29.6904,75.92436,332.44,0.41,0.45,2023-11-07,737,N,VIIRS,l,2,303.57,3.48,D,0
29.69757,75.48101,334.71,0.43,0.46,2023-11-07,737,N,VIIRS,n,2,300.85,2.43,D,0
29.70255,76.17592,338.88,0.39,0.44,2023-11-07,737,N,VIIRS,n,2,301.29,6.9,D,0
29.70336,76.17996,340.34,0.39,0.44,2023-11-07,737,N,VIIRS,n,2,299.16,8.09,D,0
29.70506,75.53912,332.18,0.43,0.46,2023-11-07,737,N,VIIRS,n,2,297.86,1.72,D,0
29.72817,75.45885,334.05,0.43,0.46,2023-11-07,737,N,VIIRS,n,2,301.67,2.39,D,0
29.74909,75.98817,334.48,0.4,0.44,2023-11-07,737,N,VIIRS,n,2,300.68,2.69,D,0
29.75757,75.92492,336.46,0.41,0.45,2023-11-07,737,N,VIIRS,n,2,301.13,3.05,D,0
29.76093,75.94153,342.73,0.41,0.45,2023-11-07,737,N,VIIRS,n,2,303.98,5.61,D,0
29.76489,75.31982,346.42,0.44,0.46,2023-11-07,737,N,VIIRS,n,2,303.19,8.61,D,0
29.76721,75.90924,309.69,0.41,0.45,2023-11-07,737,N,VIIRS,l,2,314.7,49.47,D,0
29.76799,75.399,337.82,0.43,0.46,2023-11-07,737,N,VIIRS,n,2,299.73,2.84,D,0
29.76805,75.91341,342.54,0.41,0.45,2023-11-07,737,N,VIIRS,n,2,303.07,47.85,D,0
29.78088,75.65602,346.15,0.42,0.45,2023-11-07,737,N,VIIRS,n,2,301.65,10.55,D,0
29.78115,75.65328,340.92,0.42,0.45,2023-11-07,737,N,VIIRS,n,2,301.04,4.21,D,0
29.78204,75.65758,331.25,0.42,0.45,2023-11-07,737,N,VIIRS,n,2,299.48,4.21,D,0
29.78327,76.03117,349.5,0.4,0.44,2023-11-07,737,N,VIIRS,n,2,307.06,18.54,D,0
29.78462,75.97453,367.0,0.4,0.44,2023-11-07,737,N,VIIRS,h,2,307.39,18.88,D,0
29.78472,77.56388,332.22,0.5,0.41,2023-11-07,737,N,VIIRS,n,2,299.14,3.84,D,0
29.78545,75.97866,331.32,0.4,0.44,2023-11-07,737,N,VIIRS,n,2,302.78,8.84,D,0
29.78729,75.6199,342.89,0.42,0.45,2023-11-07,737,N,VIIRS,n,2,300.15,3.84,D,0
29.7873,76.03012,346.78,0.4,0.44,2023-11-07,737,N,VIIRS,n,2,300.54,10.36,D,0
29.78761,75.92577,338.58,0.41,0.45,2023-11-07,737,N,VIIRS,n,2,298.25,3.62,D,0
29.78818,75.62421,345.63,0.42,0.45,2023-11-07,737,N,VIIRS,n,2,299.5,6.45,D,0
29.78843,77.56297,330.08,0.5,0.41,2023-11-07,737,N,VIIRS,n,2,297.8,3.18,D,0
29.78866,75.97347,341.18,0.4,0.44,2023-11-07,737,N,VIIRS,n,2,305.83,18.88,D,0
29.78949,75.9776,341.58,0.4,0.44,2023-11-07,737,N,VIIRS,n,2,302.49,8.84,D,0
29.79029,75.37897,340.41,0.43,0.46,2023-11-07,737,N,VIIRS,n,2,300.99,4.02,D,0
29.79041,76.00337,339.6,0.4,0.44,2023-11-07,737,N,VIIRS,n,2,304.29,5.85,D,0
29.79211,75.38785,340.99,0.43,0.46,2023-11-07,737,N,VIIRS,n,2,299.68,3.81,D,0
29.79298,75.86728,346.05,0.41,0.45,2023-11-07,737,N,VIIRS,n,2,299.11,5.29,D,0
29.79445,76.00232,340.91,0.4,0.44,2023-11-07,737,N,VIIRS,n,2,301.95,5.85,D,0
29.79447,75.37785,334.31,0.43,0.46,2023-11-07,737,N,VIIRS,n,2,299.12,4.02,D,0
29.79527,76.00643,332.47,0.4,0.44,2023-11-07,737,N,VIIRS,n,2,300.59,5.85,D,0
29.79628,75.38673,338.36,0.43,0.46,2023-11-07,737,N,VIIRS,n,2,299.21,3.81,D,0
29.79856,76.02287,337.97,0.4,0.44,2023-11-07,737,N,VIIRS,n,2,301.05,3.07,D,0
29.79955,75.38117,336.13,0.43,0.46,2023-11-07,737,N,VIIRS,n,2,300.41,9.73,D,0
29.80262,75.41777,332.96,0.43,0.46,2023-11-07,737,N,VIIRS,n,2,300.02,2.76,D,0
29.80589,75.30404,339.94,0.44,0.46,2023-11-07,737,N,VIIRS,n,2,300.97,3.19,D,0
29.80848,75.59606,333.76,0.42,0.45,2023-11-07,737,N,VIIRS,n,2,301.2,5.3,D,0
29.81113,75.60902,337.9,0.42,0.45,2023-11-07,737,N,VIIRS,n,2,300.32,3.44,D,0
29.8126,75.59497,354.59,0.42,0.45,2023-11-07,737,N,VIIRS,n,2,300.68,5.3,D,0
29.81321,76.07498,333.3,0.4,0.44,2023-11-07,737,N,VIIRS,n,2,301.31,7.4,D,0
29.81327,75.78832,335.87,0.41,0.45,2023-11-07,737,N,VIIRS,n,2,301.85,4.13,D,0
29.81464,75.32535,341.41,0.44,0.46,2023-11-07,737,N,VIIRS,n,2,301.53,5.26,D,0
29.81723,76.07393,357.61,0.4,0.44,2023-11-07,737,N,VIIRS,n,2,301.09,7.4,D,0
29.81844,75.66601,330.11,0.42,0.45,2023-11-07,737,N,VIIRS,l,2,301.15,4.85,D,0
29.82083,75.46407,340.95,0.43,0.46,2023-11-07,737,N,VIIRS,n,2,300.95,2.85,D,0
29.8211,75.21081,330.97,0.44,0.46,2023-11-07,737,N,VIIRS,n,2,298.88,1.8,D,0
29.82222,75.38445,333.29,0.43,0.46,2023-11-07,737,N,VIIRS,n,2,300.5,2.99,D,0
29.82381,75.56459,339.61,0.42,0.45,2023-11-07,737,N,VIIRS,n,2,301.12,2.2,D,0
29.82498,75.46296,341.32,0.43,0.46,2023-11-07,737,N,VIIRS,n,2,300.68,3.4,D,0
29.82691,75.68633,340.23,0.42,0.45,2023-11-07,737,N,VIIRS,n,2,300.61,3.52,D,0
29.82704,75.42988,336.24,0.43,0.46,2023-11-07,737,N,VIIRS,n,2,299.92,5.76,D,0
29.82723,75.79353,330.72,0.41,0.45,2023-11-07,737,N,VIIRS,l,2,301.75,3.1,D,0
29.82737,75.51779,357.25,0.43,0.46,2023-11-07,737,N,VIIRS,n,2,301.69,13.04,D,0
29.82772,76.10543,344.87,0.4,0.44,2023-11-07,737,N,VIIRS,n,2,299.69,7.09,D,0
29.82827,75.73532,336.98,0.41,0.45,2023-11-07,737,N,VIIRS,n,2,301.02,2.35,D,0
29.8303,75.42433,340.6,0.43,0.46,2023-11-07,737,N,VIIRS,n,2,300.2,5.41,D,0
29.83089,75.83244,332.28,0.41,0.45,2023-11-07,737,N,VIIRS,n,2,302.13,2.66,D,0
29.83133,75.17444,332.48,0.45,0.47,2023-11-07,737,N,VIIRS,n,2,301.7,3.19,D,0
29.83565,75.51558,330.3,0.43,0.46,2023-11-07,737,N,VIIRS,n,2,300.49,3.91,D,0
29.83653,75.51994,340.88,0.43,0.46,2023-11-07,737,N,VIIRS,n,2,300.12,6.23,D,0
29.83881,75.72359,338.22,0.42,0.45,2023-11-07,737,N,VIIRS,n,2,300.73,2.82,D,0
29.83921,75.68305,367.0,0.42,0.45,2023-11-07,737,N,VIIRS,h,2,305.51,18.12,D,0
29.83942,75.87425,332.35,0.41,0.45,2023-11-07,737,N,VIIRS,n,2,299.75,2.89,D,0
29.8413,75.90443,340.64,0.41,0.45,2023-11-07,737,N,VIIRS,n,2,300.88,6.02,D,0
29.84268,75.70013,347.17,0.42,0.45,2023-11-07,737,N,VIIRS,n,2,302.74,7.89,D,0
29.84591,75.69479,335.3,0.42,0.45,2023-11-07,737,N,VIIRS,n,2,300.07,3.43,D,0
29.84734,75.59485,341.41,0.42,0.45,2023-11-07,737,N,VIIRS,n,2,302.27,5.69,D,0
29.84868,75.8145,336.89,0.41,0.45,2023-11-07,737,N,VIIRS,n,2,302.05,3.53,D,0
29.84872,75.72993,336.87,0.41,0.45,2023-11-07,737,N,VIIRS,n,2,301.3,2.2,D,0
29.85121,75.57101,343.74,0.42,0.45,2023-11-07,737,N,VIIRS,n,2,300.4,5.55,D,0
29.85311,75.85746,341.29,0.41,0.45,2023-11-07,737,N,VIIRS,n,2,303.97,5.63,D,0
29.85534,75.56991,333.57,0.42,0.45,2023-11-07,737,N,VIIRS,n,2,299.28,3.47,D,0
29.85644,75.76805,351.2,0.41,0.45,2023-11-07,737,N,VIIRS,n,2,304.89,23.74,D,0
29.85885,75.67332,352.94,0.42,0.45,2023-11-07,737,N,VIIRS,n,2,311.78,43.18,D,0
29.86164,75.70856,338.11,0.42,0.45,2023-11-07,737,N,VIIRS,n,2,300.74,3.86,D,0
29.86468,75.68079,339.11,0.42,0.45,2023-11-07,737,N,VIIRS,n,2,299.25,18.28,D,0
29.86546,75.77014,351.44,0.41,0.45,2023-11-07,737,N,VIIRS,n,2,301.85,8.03,D,0
29.86691,75.49446,346.78,0.43,0.46,2023-11-07,737,N,VIIRS,n,2,300.05,5.55,D,0
29.86765,75.73833,335.1,0.41,0.45,2023-11-07,737,N,VIIRS,n,2,299.98,2.79,D,0
29.87049,75.90114,340.79,0.41,0.45,2023-11-07,737,N,VIIRS,n,2,301.1,6.48,D,0
29.87188,75.86571,337.97,0.41,0.45,2023-11-07,737,N,VIIRS,n,2,300.47,3.54,D,0
29.87272,75.86988,341.08,0.41,0.45,2023-11-07,737,N,VIIRS,n,2,300.47,3.91,D,0
29.87356,75.87405,333.46,0.41,0.45,2023-11-07,737,N,VIIRS,n,2,298.72,3.91,D,0
29.87635,75.93015,340.74,0.4,0.45,2023-11-07,737,N,VIIRS,n,2,300.96,7.31,D,0
29.87648,75.82484,345.34,0.41,0.45,2023-11-07,737,N,VIIRS,n,2,303.13,7.39,D,0
29.87719,75.93429,353.29,0.4,0.45,2023-11-07,737,N,VIIRS,n,2,300.86,7.31,D,0
29.87883,75.36111,347.77,0.43,0.46,2023-11-07,737,N,VIIRS,n,2,305.22,15.49,D,0
29.88169,75.02132,344.24,0.45,0.47,2023-11-07,737,N,VIIRS,n,2,299.76,5.04,D,0
29.88235,75.22772,331.37,0.44,0.46,2023-11-07,737,N,VIIRS,n,2,298.12,2.76,D,0
29.88329,75.53146,332.73,0.42,0.46,2023-11-07,737,N,VIIRS,n,2,298.45,2.26,D,0
29.88821,75.32099,336.6,0.44,0.46,2023-11-07,737,N,VIIRS,n,2,299.31,3.33,D,0
29.88831,75.53469,333.45,0.42,0.46,2023-11-07,737,N,VIIRS,n,2,300.83,3.32,D,0
29.88839,75.77739,350.6,0.41,0.45,2023-11-07,737,N,VIIRS,n,2,302.31,8.29,D,0
29.88923,75.43299,332.72,0.43,0.46,2023-11-07,737,N,VIIRS,n,2,299.31,2.05,D,0
29.88928,75.67423,333.7,0.42,0.45,2023-11-07,737,N,VIIRS,n,2,299.93,3.6,D,0
29.89113,75.67462,340.21,0.42,0.45,2023-11-07,737,N,VIIRS,n,2,300.05,3.95,D,0
29.89139,75.46484,338.36,0.43,0.46,2023-11-07,737,N,VIIRS,n,2,300.48,3.52,D,0
29.89201,75.70947,341.75,0.42,0.45,2023-11-07,737,N,VIIRS,n,2,301.62,3.62,D,0
29.89237,76.07275,333.09,0.4,0.44,2023-11-07,737,N,VIIRS,n,2,301.49,3.51,D,0
29.89302,76.034,340.86,0.4,0.44,2023-11-07,737,N,VIIRS,n,2,301.29,8.9,D,0
29.89318,76.07681,339.34,0.4,0.44,2023-11-07,737,N,VIIRS,n,2,300.0,3.51,D,0
29.89479,75.89474,345.51,0.41,0.45,2023-11-07,737,N,VIIRS,n,2,300.65,5.05,D,0
29.89554,75.46373,337.27,0.43,0.46,2023-11-07,737,N,VIIRS,n,2,300.1,3.52,D,0
29.89609,75.70838,342.21,0.42,0.45,2023-11-07,737,N,VIIRS,n,2,300.1,3.62,D,0
29.89654,75.77524,347.11,0.41,0.45,2023-11-07,737,N,VIIRS,n,2,304.05,7.3,D,0
29.89964,75.7477,342.91,0.41,0.45,2023-11-07,737,N,VIIRS,n,2,302.2,5.27,D,0
29.90046,75.57258,340.69,0.42,0.45,2023-11-07,737,N,VIIRS,n,2,299.33,6.15,D,0
29.90062,75.77416,335.34,0.41,0.45,2023-11-07,737,N,VIIRS,n,2,298.2,7.3,D,0
29.90256,75.66711,334.53,0.42,0.45,2023-11-07,737,N,VIIRS,n,2,299.12,2.16,D,0
29.90343,75.60815,341.88,0.42,0.45,2023-11-07,737,N,VIIRS,n,2,300.83,4.27,D,0
29.90364,75.28849,332.0,0.44,0.46,2023-11-07,737,N,VIIRS,n,2,298.73,2.76,D,0
29.90384,75.46152,330.56,0.43,0.46,2023-11-07,737,N,VIIRS,n,2,298.9,2.38,D,0
29.90456,75.90092,334.99,0.41,0.45,2023-11-07,737,N,VIIRS,n,2,300.31,4.21,D,0
29.90515,75.74258,342.84,0.41,0.45,2023-11-07,737,N,VIIRS,n,2,301.79,3.63,D,0
29.90696,75.74129,339.04,0.41,0.45,2023-11-07,737,N,VIIRS,n,2,300.36,2.35,D,0
29.90798,75.4604,348.0,0.43,0.46,2023-11-07,737,N,VIIRS,n,2,300.85,7.94,D,0
29.91049,74.61794,332.2,0.48,0.48,2023-11-07,737,N,VIIRS,n,2,299.31,3.52,D,0
29.91148,76.02055,339.74,0.4,0.44,2023-11-07,737,N,VIIRS,n,2,298.12,7.98,D,0
29.91153,74.62281,338.74,0.48,0.48,2023-11-07,737,N,VIIRS,n,2,299.45,3.52,D,0
29.91167,75.05716,340.37,0.45,0.47,2023-11-07,737,N,VIIRS,n,2,300.7,14.58,D,0
29.91189,75.50085,334.58,0.43,0.46,2023-11-07,737,N,VIIRS,n,2,299.92,2.72,D,0
29.91223,75.65104,343.08,0.42,0.45,2023-11-07,737,N,VIIRS,n,2,302.51,11.88,D,0
29.91236,75.41751,353.91,0.43,0.46,2023-11-07,737,N,VIIRS,n,2,306.65,43.42,D,0
29.9138,75.79726,332.53,0.41,0.45,2023-11-07,737,N,VIIRS,n,2,300.24,1.43,D,0
29.91431,75.9071,332.16,0.4,0.45,2023-11-07,737,N,VIIRS,n,2,299.37,4.81,D,0
29.91452,75.77936,350.56,0.41,0.45,2023-11-07,737,N,VIIRS,n,2,299.95,8.63,D,0
29.91555,75.79312,340.14,0.41,0.45,2023-11-07,737,N,VIIRS,n,2,299.4,3.44,D,0
29.91558,75.82776,342.47,0.41,0.45,2023-11-07,737,N,VIIRS,n,2,300.77,5.41,D,0
29.91703,75.77946,342.73,0.41,0.45,2023-11-07,737,N,VIIRS,n,2,300.89,7.13,D,0
29.91787,75.79619,338.81,0.41,0.45,2023-11-07,737,N,VIIRS,n,2,299.72,2.82,D,0
29.91986,75.2663,330.69,0.44,0.46,2023-11-07,737,N,VIIRS,n,2,298.71,2.79,D,0
29.91992,75.89249,342.66,0.41,0.45,2023-11-07,737,N,VIIRS,n,2,300.8,3.23,D,0
29.9201,75.68945,330.54,0.42,0.45,2023-11-07,737,N,VIIRS,n,2,299.91,1.75,D,0
29.92055,75.34988,330.85,0.43,0.46,2023-11-07,737,N,VIIRS,n,2,298.84,3.44,D,0
29.92074,75.89665,330.61,0.41,0.45,2023-11-07,737,N,VIIRS,n,2,299.24,3.23,D,0
29.9209,75.94022,342.95,0.4,0.44,2023-11-07,737,N,VIIRS,n,2,300.36,3.96,D,0
29.92158,75.67556,331.02,0.42,0.45,2023-11-07,737,N,VIIRS,n,2,299.85,1.98,D,0
29.92269,75.38206,331.18,0.43,0.46,2023-11-07,737,N,VIIRS,n,2,297.84,2.08,D,0
29.92321,75.74672,336.64,0.41,0.45,2023-11-07,737,N,VIIRS,n,2,301.74,10.94,D,0
29.92336,75.4285,337.18,0.43,0.46,2023-11-07,737,N,VIIRS,n,2,299.61,3.68,D,0
29.92381,75.3443,340.12,0.43,0.46,2023-11-07,737,N,VIIRS,n,2,299.13,7.0,D,0
29.92407,75.75094,341.51,0.41,0.45,2023-11-07,737,N,VIIRS,n,2,301.2,13.59,D,0
29.92556,75.73718,343.25,0.41,0.45,2023-11-07,737,N,VIIRS,n,2,301.38,11.96,D,0
29.92567,75.67448,343.36,0.42,0.45,2023-11-07,737,N,VIIRS,n,2,300.41,4.44,D,0
29.92701,75.13055,333.95,0.45,0.47,2023-11-07,737,N,VIIRS,n,2,299.88,7.0,D,0
29.93064,75.33881,330.08,0.43,0.46,2023-11-07,737,N,VIIRS,n,2,299.76,3.05,D,0
29.93149,75.97215,338.7,0.4,0.44,2023-11-07,737,N,VIIRS,n,2,299.04,2.0,D,0
29.93159,75.36096,345.85,0.43,0.46,2023-11-07,737,N,VIIRS,n,2,299.86,5.43,D,0
29.93357,75.85383,337.08,0.41,0.45,2023-11-07,737,N,VIIRS,n,2,299.85,2.58,D,0
29.93524,75.27636,334.57,0.44,0.46,2023-11-07,737,N,VIIRS,n,2,298.31,6.01,D,0
29.93567,75.84956,337.36,0.41,0.45,2023-11-07,737,N,VIIRS,n,2,300.34,12.24,D,0
29.93608,75.72547,346.08,0.41,0.45,2023-11-07,737,N,VIIRS,n,2,301.04,5.02,D,0
29.93804,75.28976,342.0,0.44,0.46,2023-11-07,737,N,VIIRS,n,2,300.9,7.06,D,0
29.93843,75.8839,331.9,0.41,0.45,2023-11-07,737,N,VIIRS,n,2,300.24,1.75,D,0
29.93888,75.84432,343.7,0.41,0.45,2023-11-07,737,N,VIIRS,n,2,307.62,12.24,D,0
29.93943,74.53728,342.0,0.48,0.48,2023-11-07,737,N,VIIRS,n,2,298.84,5.22,D,0
29.93993,75.70211,339.34,0.41,0.45,2023-11-07,737,N,VIIRS,n,2,300.24,3.51,D,0
29.94061,75.76877,341.69,0.41,0.45,2023-11-07,737,N,VIIRS,n,2,301.61,9.13,D,0
29.94146,75.77299,330.35,0.41,0.45,2023-11-07,737,N,VIIRS,n,2,299.94,3.51,D,0
29.94175,75.43282,336.92,0.43,0.46,2023-11-07,737,N,VIIRS,n,2,299.21,2.87,D,0
29.94296,75.75928,341.74,0.41,0.45,2023-11-07,737,N,VIIRS,n,2,302.38,9.64,D,0
29.94315,75.29311,342.29,0.44,0.46,2023-11-07,737,N,VIIRS,n,2,300.34,7.06,D,0
29.94351,75.37646,330.81,0.43,0.46,2023-11-07,737,N,VIIRS,n,2,300.24,3.12,D,0
29.94481,75.6198,342.65,0.42,0.45,2023-11-07,737,N,VIIRS,n,2,301.53,5.89,D,0
29.94549,75.85576,341.7,0.41,0.45,2023-11-07,737,N,VIIRS,n,2,301.2,4.47,D,0
29.94568,75.6241,340.11,0.42,0.45,2023-11-07,737,N,VIIRS,n,2,298.8,5.89,D,0
29.9459,75.4317,342.5,0.43,0.46,2023-11-07,737,N,VIIRS,n,2,299.77,7.34,D,0
29.94668,74.83497,333.0,0.46,0.47,2023-11-07,737,N,VIIRS,n,2,299.62,2.66,D,0
29.94683,75.98541,349.87,0.4,0.44,2023-11-07,737,N,VIIRS,n,2,300.37,4.14,D,0
29.94699,75.84218,342.01,0.41,0.45,2023-11-07,737,N,VIIRS,n,2,301.33,4.13,D,0
29.94733,75.29198,338.13,0.44,0.46,2023-11-07,737,N,VIIRS,n,2,307.03,34.88,D,0
29.94826,75.29645,341.33,0.44,0.46,2023-11-07,737,N,VIIRS,n,2,299.21,19.13,D,0
29.94849,76.03662,335.18,0.4,0.44,2023-11-07,737,N,VIIRS,n,2,298.73,3.14,D,0
29.94878,75.53229,354.24,0.42,0.45,2023-11-07,737,N,VIIRS,n,2,300.41,8.57,D,0
29.94954,75.8547,348.04,0.41,0.45,2023-11-07,737,N,VIIRS,n,2,299.48,4.47,D,0
29.95085,75.98435,332.43,0.4,0.44,2023-11-07,737,N,VIIRS,n,2,297.92,4.14,D,0
29.95089,75.6498,335.11,0.42,0.45,2023-11-07,737,N,VIIRS,n,2,299.17,2.64,D,0
29.95112,75.67224,338.4,0.42,0.45,2023-11-07,737,N,VIIRS,n,2,301.99,9.84,D,0
29.95198,75.6765,341.16,0.42,0.45,2023-11-07,737,N,VIIRS,n,2,299.81,9.84,D,0
29.95275,75.95413,330.47,0.4,0.44,2023-11-07,737,N,VIIRS,n,2,299.2,2.32,D,0
29.95493,76.06922,341.16,0.4,0.44,2023-11-07,737,N,VIIRS,n,2,300.8,3.66,D,0
29.95522,75.30872,333.0,0.44,0.46,2023-11-07,737,N,VIIRS,n,2,299.06,2.75,D,0
29.95558,75.80025,367.0,0.41,0.45,2023-11-07,737,N,VIIRS,h,2,300.84,8.49,D,0
29.95629,74.99115,332.1,0.45,0.47,2023-11-07,737,N,VIIRS,n,2,299.42,2.96,D,0
29.95649,75.63477,341.06,0.42,0.45,2023-11-07,737,N,VIIRS,n,2,300.1,6.16,D,0
29.95902,75.56151,340.16,0.42,0.45,2023-11-07,737,N,VIIRS,n,2,298.6,3.0,D,0
29.95914,75.94378,342.79,0.4,0.44,2023-11-07,737,N,VIIRS,n,2,299.91,5.99,D,0
29.95967,75.90453,346.49,0.4,0.45,2023-11-07,737,N,VIIRS,n,2,300.59,8.11,D,0
29.9605,76.1401,345.27,0.39,0.44,2023-11-07,737,N,VIIRS,n,2,301.99,5.45,D,0
29.96059,75.63368,341.34,0.42,0.45,2023-11-07,737,N,VIIRS,n,2,300.8,11.02,D,0
29.96339,75.85982,344.18,0.41,0.45,2023-11-07,737,N,VIIRS,n,2,301.81,9.69,D,0
29.96353,75.51916,346.68,0.42,0.45,2023-11-07,737,N,VIIRS,n,2,306.13,15.42,D,0
29.96371,75.90347,344.69,0.4,0.45,2023-11-07,737,N,VIIRS,n,2,297.94,4.78,D,0
29.9645,76.13906,343.94,0.39,0.44,2023-11-07,737,N,VIIRS,n,2,299.92,5.45,D,0
29.96609,75.78864,347.24,0.41,0.45,2023-11-07,737,N,VIIRS,n,2,302.54,7.26,D,0
29.96749,75.98487,337.46,0.4,0.44,2023-11-07,737,N,VIIRS,n,2,299.4,3.15,D,0
29.96844,75.88475,331.31,0.4,0.45,2023-11-07,737,N,VIIRS,n,2,299.68,3.18,D,0
29.96912,75.76124,341.47,0.41,0.45,2023-11-07,737,N,VIIRS,n,2,301.2,5.24,D,0
29.96928,75.88891,334.85,0.4,0.45,2023-11-07,737,N,VIIRS,n,2,300.75,5.23,D,0
29.97009,75.59492,341.57,0.42,0.45,2023-11-07,737,N,VIIRS,n,2,301.0,6.22,D,0
29.97269,75.39294,341.2,0.43,0.46,2023-11-07,737,N,VIIRS,n,2,300.42,8.79,D,0
29.97269,75.60784,335.96,0.42,0.45,2023-11-07,737,N,VIIRS,n,2,299.44,2.86,D,0
29.97292,75.26621,339.03,0.44,0.46,2023-11-07,737,N,VIIRS,n,2,299.5,2.1,D,0
29.97684,75.39183,332.67,0.43,0.46,2023-11-07,737,N,VIIRS,n,2,298.79,5.1,D,0
29.97736,75.37306,330.69,0.43,0.46,2023-11-07,737,N,VIIRS,n,2,299.8,3.01,D,0
29.97813,76.01652,344.55,0.4,0.44,2023-11-07,737,N,VIIRS,n,2,302.33,9.14,D,0
29.97911,75.68274,330.65,0.42,0.45,2023-11-07,737,N,VIIRS,n,2,299.14,6.61,D,0
29.97983,75.57492,331.9,0.42,0.45,2023-11-07,737,N,VIIRS,n,2,299.81,2.86,D,0
29.97997,75.68699,341.28,0.41,0.45,2023-11-07,737,N,VIIRS,n,2,301.25,6.61,D,0
29.98,75.14985,334.89,0.44,0.46,2023-11-07,737,N,VIIRS,n,2,298.91,2.88,D,0
29.98082,75.798,338.28,0.41,0.45,2023-11-07,737,N,VIIRS,n,2,297.39,3.37,D,0
29.98103,74.84242,344.9,0.46,0.47,2023-11-07,737,N,VIIRS,n,2,299.17,6.26,D,0
29.98188,74.54826,336.34,0.48,0.48,2023-11-07,737,N,VIIRS,n,2,298.16,3.82,D,0
29.98215,76.01546,340.83,0.4,0.44,2023-11-07,737,N,VIIRS,n,2,298.92,9.14,D,0
29.98287,75.55056,340.96,0.42,0.45,2023-11-07,737,N,VIIRS,n,2,300.87,2.55,D,0
29.98332,74.68001,336.01,0.47,0.48,2023-11-07,737,N,VIIRS,n,2,299.01,4.44,D,0
29.98359,75.44568,345.14,0.43,0.46,2023-11-07,737,N,VIIRS,n,2,300.47,5.38,D,0
29.9836,75.55117,349.82,0.42,0.45,2023-11-07,737,N,VIIRS,n,2,301.82,6.88,D,0
29.98417,75.94155,346.28,0.4,0.44,2023-11-07,737,N,VIIRS,n,2,297.97,4.68,D,0
29.98473,74.94569,330.33,0.46,0.47,2023-11-07,737,N,VIIRS,n,2,298.96,2.94,D,0
29.985,74.86129,330.6,0.46,0.47,2023-11-07,737,N,VIIRS,n,2,299.12,5.33,D,0
29.98532,75.86279,340.51,0.41,0.45,2023-11-07,737,N,VIIRS,n,2,298.16,4.09,D,0
29.98572,74.43726,334.81,0.49,0.48,2023-11-07,737,N,VIIRS,n,2,296.91,6.59,D,0
29.98762,75.33757,341.88,0.43,0.46,2023-11-07,737,N,VIIRS,n,2,299.36,4.78,D,0
29.98838,75.19068,343.66,0.44,0.46,2023-11-07,737,N,VIIRS,n,2,299.76,3.71,D,0
29.98867,75.87941,353.37,0.4,0.45,2023-11-07,737,N,VIIRS,n,2,299.37,8.41,D,0
29.98931,75.19521,332.06,0.44,0.46,2023-11-07,737,N,VIIRS,n,2,297.62,3.71,D,0
29.98972,76.0947,345.83,0.39,0.44,2023-11-07,737,N,VIIRS,n,2,302.98,10.73,D,0
29.98974,74.60115,334.16,0.48,0.48,2023-11-07,737,N,VIIRS,n,2,297.77,2.4,D,0
29.99118,75.76427,330.91,0.41,0.45,2023-11-07,737,N,VIIRS,n,2,299.3,2.56,D,0
29.99147,75.80841,341.8,0.41,0.45,2023-11-07,737,N,VIIRS,n,2,298.99,3.68,D,0
29.99382,76.20309,339.22,0.39,0.44,2023-11-07,737,N,VIIRS,n,2,299.11,2.03,D,0
29.99462,75.67412,330.21,0.42,0.45,2023-11-07,737,N,VIIRS,n,2,298.37,2.0,D,0
29.99503,75.0927,340.88,0.45,0.47,2023-11-07,737,N,VIIRS,n,2,301.28,13.93,D,0
29.9954,75.56625,339.16,0.42,0.45,2023-11-07,737,N,VIIRS,n,2,299.16,3.83,D,0
29.99694,75.77161,336.05,0.41,0.45,2023-11-07,737,N,VIIRS,n,2,299.94,2.03,D,0
29.99698,75.08883,342.58,0.45,0.47,2023-11-07,737,N,VIIRS,n,2,302.22,11.91,D,0
29.99977,74.63114,340.27,0.47,0.48,2023-11-07,737,N,VIIRS,n,2,298.82,4.77,D,0
29.99987,75.72192,342.14,0.41,0.45,2023-11-07,737,N,VIIRS,n,2,300.85,5.85,D,0
30.00082,74.63599,332.63,0.47,0.48,2023-11-07,737,N,VIIRS,n,2,297.96,5.81,D,0
30.0012,74.63404,345.27,0.47,0.48,2023-11-07,737,N,VIIRS,n,2,299.1,7.09,D,0
30.0032,76.05707,352.21,0.4,0.44,2023-11-07,737,N,VIIRS,n,2,299.59,6.75,D,0
30.00336,75.6049,355.62,0.42,0.45,2023-11-07,737,N,VIIRS,n,2,302.76,22.97,D,0
30.00474,75.85329,331.66,0.41,0.45,2023-11-07,737,N,VIIRS,n,2,299.32,5.39,D,0
30.00496,75.89694,337.17,0.4,0.44,2023-11-07,737,N,VIIRS,n,2,297.78,2.01,D,0
30.0054,75.57266,335.25,0.42,0.45,2023-11-07,737,N,VIIRS,n,2,299.85,3.43,D,0
30.0071,75.51749,333.24,0.42,0.45,2023-11-07,737,N,VIIRS,n,2,298.61,3.46,D,0
30.00716,75.15829,338.83,0.44,0.46,2023-11-07,737,N,VIIRS,n,2,297.85,4.63,D,0
30.00754,75.93105,343.14,0.4,0.44,2023-11-07,737,N,VIIRS,n,2,299.13,5.44,D,0
30.00789,75.69746,340.75,0.41,0.45,2023-11-07,737,N,VIIRS,n,2,300.1,11.7,D,0
30.00805,75.15661,333.99,0.44,0.46,2023-11-07,737,N,VIIRS,n,2,297.57,6.47,D,0
30.00863,75.69341,343.88,0.41,0.45,2023-11-07,737,N,VIIRS,n,2,298.57,5.52,D,0
30.0095,75.69764,332.41,0.41,0.45,2023-11-07,737,N,VIIRS,n,2,297.47,5.52,D,0
30.00951,75.57156,341.91,0.42,0.45,2023-11-07,737,N,VIIRS,n,2,299.81,3.43,D,0
30.01028,75.68788,341.94,0.41,0.45,2023-11-07,737,N,VIIRS,n,2,299.33,5.24,D,0
30.01056,75.73244,353.18,0.41,0.45,2023-11-07,737,N,VIIRS,n,2,299.31,7.41,D,0
30.01064,74.91885,338.13,0.46,0.47,2023-11-07,737,N,VIIRS,n,2,305.47,18.41,D,0
30.01097,75.68384,340.56,0.41,0.45,2023-11-07,737,N,VIIRS,n,2,296.88,8.02,D,0
30.01162,74.92352,340.92,0.46,0.47,2023-11-07,737,N,VIIRS,n,2,299.27,15.19,D,0
30.01184,75.68808,341.44,0.41,0.45,2023-11-07,737,N,VIIRS,n,2,298.33,8.02,D,0
30.01233,75.16169,348.37,0.44,0.46,2023-11-07,737,N,VIIRS,n,2,302.47,7.0,D,0
30.01238,75.73253,341.76,0.41,0.45,2023-11-07,737,N,VIIRS,n,2,299.61,7.53,D,0
30.01295,75.7229,341.65,0.41,0.45,2023-11-07,737,N,VIIRS,n,2,298.59,3.01,D,0
30.01319,75.16002,341.39,0.44,0.46,2023-11-07,737,N,VIIRS,n,2,300.94,6.47,D,0
30.01362,75.57047,339.54,0.42,0.45,2023-11-07,737,N,VIIRS,n,2,298.84,3.64,D,0
30.01365,76.06713,343.32,0.4,0.44,2023-11-07,737,N,VIIRS,n,2,301.07,4.6,D,0
30.01411,75.16455,344.17,0.44,0.46,2023-11-07,737,N,VIIRS,n,2,299.32,9.3,D,0
30.01451,75.57476,336.68,0.42,0.45,2023-11-07,737,N,VIIRS,n,2,298.54,3.04,D,0
30.01473,75.72301,340.29,0.41,0.45,2023-11-07,737,N,VIIRS,n,2,297.13,4.6,D,0
30.01585,75.74939,354.34,0.41,0.45,2023-11-07,737,N,VIIRS,n,2,304.4,7.52,D,0
30.01625,75.64654,336.49,0.42,0.45,2023-11-07,737,N,VIIRS,n,2,296.86,3.36,D,0
30.01653,75.16055,341.44,0.44,0.46,2023-11-07,737,N,VIIRS,n,2,297.35,7.0,D,0
30.018,75.74826,356.08,0.41,0.45,2023-11-07,737,N,VIIRS,n,2,305.11,20.08,D,0
30.01906,75.74411,333.56,0.41,0.45,2023-11-07,737,N,VIIRS,n,2,299.67,7.52,D,0
30.01915,74.50665,339.62,0.48,0.48,2023-11-07,737,N,VIIRS,n,2,297.72,5.45,D,0
30.01993,75.74831,334.54,0.41,0.45,2023-11-07,737,N,VIIRS,n,2,298.28,7.52,D,0
30.02008,76.07825,337.49,0.39,0.44,2023-11-07,737,N,VIIRS,n,2,300.98,5.83,D,0
30.02088,75.69016,356.55,0.41,0.45,2023-11-07,737,N,VIIRS,n,2,298.96,13.31,D,0
30.0209,76.08229,341.42,0.39,0.44,2023-11-07,737,N,VIIRS,n,2,301.95,10.82,D,0
30.02114,75.1401,341.07,0.44,0.46,2023-11-07,737,N,VIIRS,n,2,299.27,7.13,D,0
30.0214,75.7346,333.74,0.41,0.45,2023-11-07,737,N,VIIRS,n,2,298.48,3.0,D,0
30.0221,75.65399,345.58,0.42,0.45,2023-11-07,737,N,VIIRS,n,2,297.28,10.03,D,0
30.02213,75.59084,349.39,0.42,0.45,2023-11-07,737,N,VIIRS,n,2,299.48,7.01,D,0
30.02237,76.02639,342.24,0.4,0.44,2023-11-07,737,N,VIIRS,n,2,301.94,5.16,D,0
30.0227,74.95499,337.47,0.45,0.47,2023-11-07,737,N,VIIRS,n,2,298.98,3.82,D,0
30.02323,75.6806,335.7,0.41,0.45,2023-11-07,737,N,VIIRS,n,2,296.24,8.94,D,0
30.0241,75.68484,343.03,0.41,0.45,2023-11-07,737,N,VIIRS,n,2,299.13,8.94,D,0
30.02444,75.64438,335.92,0.42,0.45,2023-11-07,737,N,VIIRS,n,2,297.4,4.73,D,0
30.02473,75.26296,336.69,0.44,0.46,2023-11-07,737,N,VIIRS,n,2,299.05,5.69,D,0
30.02497,75.26159,337.42,0.44,0.46,2023-11-07,737,N,VIIRS,n,2,299.13,2.5,D,0
30.02582,75.8521,340.6,0.41,0.45,2023-11-07,737,N,VIIRS,n,2,302.46,12.12,D,0
30.02638,75.35519,349.19,0.43,0.46,2023-11-07,737,N,VIIRS,n,2,299.39,6.31,D,0
30.02665,75.85626,336.04,0.41,0.45,2023-11-07,737,N,VIIRS,n,2,297.96,6.48,D,0
30.02743,76.19884,341.47,0.39,0.44,2023-11-07,737,N,VIIRS,n,2,296.72,4.88,D,0
30.02747,75.86043,340.69,0.41,0.45,2023-11-07,737,N,VIIRS,n,2,298.48,6.48,D,0
30.02815,76.11861,335.33,0.39,0.44,2023-11-07,737,N,VIIRS,n,2,298.57,2.12,D,0
30.02854,75.6433,350.63,0.42,0.45,2023-11-07,737,N,VIIRS,n,2,299.47,8.11,D,0
30.02859,75.58006,351.5,0.42,0.45,2023-11-07,737,N,VIIRS,n,2,300.07,7.64,D,0
30.02877,76.01614,349.63,0.4,0.44,2023-11-07,737,N,VIIRS,n,2,304.7,33.98,D,0
30.02928,74.94336,338.38,0.45,0.47,2023-11-07,737,N,VIIRS,n,2,300.5,2.63,D,0
30.02998,74.51408,332.65,0.48,0.48,2023-11-07,737,N,VIIRS,n,2,296.86,2.53,D,0
30.03009,75.91643,340.4,0.4,0.44,2023-11-07,737,N,VIIRS,n,2,298.02,6.53,D,0
30.03036,75.46079,340.74,0.43,0.46,2023-11-07,737,N,VIIRS,n,2,298.91,5.65,D,0
30.0305,76.08829,339.53,0.39,0.44,2023-11-07,737,N,VIIRS,n,2,301.29,8.06,D,0
30.03125,75.46516,337.4,0.43,0.46,2023-11-07,737,N,VIIRS,n,2,298.55,5.65,D,0
30.03126,75.52933,341.11,0.42,0.45,2023-11-07,737,N,VIIRS,n,2,300.81,4.34,D,0
30.03131,76.09233,333.97,0.39,0.44,2023-11-07,737,N,VIIRS,n,2,298.3,8.06,D,0
30.03197,74.913,354.85,0.46,0.47,2023-11-07,737,N,VIIRS,n,2,299.26,7.81,D,0
30.03209,76.07511,340.83,0.39,0.44,2023-11-07,737,N,VIIRS,n,2,299.92,6.56,D,0
30.03271,75.57896,334.26,0.42,0.45,2023-11-07,737,N,VIIRS,n,2,298.21,5.98,D,0
30.03316,74.78793,332.92,0.46,0.47,2023-11-07,737,N,VIIRS,n,2,297.13,3.07,D,0
30.03324,75.88949,334.3,0.4,0.44,2023-11-07,737,N,VIIRS,n,2,298.3,3.12,D,0
30.03376,74.78938,333.28,0.46,0.47,2023-11-07,737,N,VIIRS,n,2,297.5,2.38,D,0
30.03399,75.87183,352.76,0.4,0.45,2023-11-07,737,N,VIIRS,n,2,299.64,8.18,D,0
30.03437,75.65073,340.36,0.42,0.45,2023-11-07,737,N,VIIRS,n,2,299.02,4.34,D,0
30.03539,75.52822,342.05,0.42,0.45,2023-11-07,737,N,VIIRS,n,2,298.25,4.34,D,0
30.03567,75.14575,333.97,0.44,0.46,2023-11-07,737,N,VIIRS,n,2,298.74,2.25,D,0
30.03609,76.07406,334.88,0.39,0.44,2023-11-07,737,N,VIIRS,n,2,297.87,6.56,D,0
30.03681,75.57787,351.39,0.42,0.45,2023-11-07,737,N,VIIRS,n,2,299.91,5.98,D,0
30.04029,75.74294,339.43,0.41,0.45,2023-11-07,737,N,VIIRS,n,2,300.63,9.86,D,0
30.04045,75.68049,340.62,0.41,0.45,2023-11-07,737,N,VIIRS,n,2,294.17,3.41,D,0
30.04057,75.61755,336.34,0.42,0.45,2023-11-07,737,N,VIIRS,n,2,297.92,13.61,D,0
30.04072,75.96995,330.22,0.4,0.44,2023-11-07,737,N,VIIRS,n,2,298.43,0.95,D,0
30.04073,75.78708,355.95,0.41,0.45,2023-11-07,737,N,VIIRS,n,2,303.3,15.29,D,0
30.04115,75.74715,340.88,0.41,0.45,2023-11-07,737,N,VIIRS,n,2,299.31,7.58,D,0
30.04144,75.62183,345.76,0.42,0.45,2023-11-07,737,N,VIIRS,n,2,305.38,37.0,D,0
30.04164,76.03846,345.72,0.4,0.44,2023-11-07,737,N,VIIRS,n,2,300.47,5.29,D,0
30.04244,75.79545,347.37,0.41,0.45,2023-11-07,737,N,VIIRS,n,2,303.3,13.38,D,0
30.04626,75.53899,352.63,0.42,0.45,2023-11-07,737,N,VIIRS,n,2,299.5,10.48,D,0
30.04639,74.80598,340.62,0.46,0.47,2023-11-07,737,N,VIIRS,n,2,298.42,5.05,D,0
30.04666,74.80931,337.25,0.46,0.47,2023-11-07,737,N,VIIRS,n,2,298.53,4.66,D,0
30.0471,75.93799,337.48,0.4,0.44,2023-11-07,737,N,VIIRS,n,2,297.77,5.82,D,0
30.04755,75.82049,344.43,0.41,0.45,2023-11-07,737,N,VIIRS,n,2,300.11,5.36,D,0
30.04873,75.94622,331.14,0.4,0.44,2023-11-07,737,N,VIIRS,n,2,297.18,2.6,D,0
30.04879,74.97241,355.39,0.45,0.47,2023-11-07,737,N,VIIRS,n,2,299.99,11.18,D,0
30.04889,75.25172,340.13,0.44,0.46,2023-11-07,737,N,VIIRS,n,2,299.35,4.18,D,0
30.04907,75.72283,341.64,0.41,0.45,2023-11-07,737,N,VIIRS,n,2,301.2,4.77,D,0
30.04929,75.74499,341.81,0.41,0.45,2023-11-07,737,N,VIIRS,n,2,302.89,10.01,D,0
30.0495,75.92868,344.15,0.4,0.44,2023-11-07,737,N,VIIRS,n,2,298.88,4.43,D,0
30.05037,75.53788,334.06,0.42,0.45,2023-11-07,737,N,VIIRS,n,2,297.22,4.01,D,0
30.05074,75.64636,354.37,0.42,0.45,2023-11-07,737,N,VIIRS,n,2,297.92,9.59,D,0
30.05112,74.46108,354.67,0.48,0.48,2023-11-07,737,N,VIIRS,n,2,299.73,9.65,D,0
30.05166,75.92413,334.3,0.4,0.44,2023-11-07,737,N,VIIRS,n,2,299.36,4.8,D,0
30.05207,75.69527,342.41,0.41,0.45,2023-11-07,737,N,VIIRS,n,2,302.09,7.86,D,0
30.0525,75.92825,355.06,0.4,0.44,2023-11-07,737,N,VIIRS,n,2,299.86,10.37,D,0
30.05293,75.69952,336.56,0.41,0.45,2023-11-07,737,N,VIIRS,n,2,298.81,6.13,D,0
30.053,75.88904,331.71,0.4,0.44,2023-11-07,737,N,VIIRS,n,2,297.53,3.64,D,0
30.05311,75.63674,334.65,0.42,0.45,2023-11-07,737,N,VIIRS,n,2,295.76,4.26,D,0
30.05315,75.72175,341.98,0.41,0.45,2023-11-07,737,N,VIIRS,n,2,299.98,8.76,D,0
30.05343,75.3805,337.63,0.43,0.46,2023-11-07,737,N,VIIRS,n,2,298.17,9.18,D,0
30.05353,75.92761,346.99,0.4,0.44,2023-11-07,737,N,VIIRS,n,2,299.51,6.83,D,0
30.05395,75.38154,340.98,0.43,0.46,2023-11-07,737,N,VIIRS,n,2,299.57,4.58,D,0
30.05421,75.74811,340.81,0.41,0.45,2023-11-07,737,N,VIIRS,n,2,298.88,10.01,D,0
30.05446,75.23602,335.23,0.44,0.46,2023-11-07,737,N,VIIRS,n,2,299.28,2.25,D,0
30.0562,75.88384,340.43,0.4,0.44,2023-11-07,737,N,VIIRS,n,2,299.12,3.64,D,0
30.05633,75.63137,332.63,0.42,0.45,2023-11-07,737,N,VIIRS,n,2,293.99,2.62,D,0
30.0572,75.63564,340.28,0.42,0.45,2023-11-07,737,N,VIIRS,n,2,295.68,4.26,D,0
30.05758,75.37939,355.63,0.43,0.46,2023-11-07,737,N,VIIRS,n,2,299.49,9.18,D,0
30.0581,75.38043,341.34,0.43,0.46,2023-11-07,737,N,VIIRS,n,2,299.54,9.04,D,0
30.06008,76.08904,338.94,0.39,0.44,2023-11-07,737,N,VIIRS,n,2,295.97,3.08,D,0
30.06091,75.86516,342.99,0.4,0.45,2023-11-07,737,N,VIIRS,n,2,300.76,7.43,D,0
30.06259,75.68354,343.28,0.41,0.45,2023-11-07,737,N,VIIRS,n,2,299.56,4.66,D,0
30.06319,75.08531,337.11,0.45,0.47,2023-11-07,737,N,VIIRS,n,2,298.79,4.3,D,0
30.06323,74.24319,340.89,0.5,0.49,2023-11-07,737,N,VIIRS,n,2,297.73,5.02,D,0
30.06455,74.806,340.27,0.46,0.47,2023-11-07,737,N,VIIRS,n,2,298.75,4.85,D,0
30.06487,76.09203,341.59,0.39,0.44,2023-11-07,737,N,VIIRS,n,2,296.5,3.08,D,0
30.06561,75.65587,331.96,0.41,0.45,2023-11-07,737,N,VIIRS,n,2,296.54,2.9,D,0
30.0663,75.8287,336.67,0.41,0.45,2023-11-07,737,N,VIIRS,n,2,298.89,19.8,D,0
30.06691,74.40395,331.16,0.49,0.48,2023-11-07,737,N,VIIRS,n,2,297.92,2.93,D,0
30.06714,75.83286,343.35,0.41,0.45,2023-11-07,737,N,VIIRS,n,2,310.46,19.8,D,0
30.06887,76.09099,356.09,0.39,0.44,2023-11-07,737,N,VIIRS,n,2,299.03,16.74,D,0
30.07066,74.38545,330.22,0.49,0.48,2023-11-07,737,N,VIIRS,n,2,296.67,2.32,D,0
30.0712,75.8318,342.37,0.41,0.45,2023-11-07,737,N,VIIRS,n,2,298.15,19.8,D,0
30.07209,76.04328,341.03,0.4,0.44,2023-11-07,737,N,VIIRS,n,2,298.05,4.51,D,0
30.07237,75.77428,332.21,0.41,0.45,2023-11-07,737,N,VIIRS,n,2,298.61,2.29,D,0
30.07254,74.38649,331.59,0.49,0.48,2023-11-07,737,N,VIIRS,n,2,296.12,3.04,D,0
30.07373,75.48131,341.81,0.42,0.45,2023-11-07,737,N,VIIRS,n,2,300.46,5.95,D,0
30.07388,75.8661,340.81,0.4,0.45,2023-11-07,737,N,VIIRS,n,2,300.93,4.07,D,0
30.07397,75.50414,338.35,0.42,0.45,2023-11-07,737,N,VIIRS,n,2,299.61,4.84,D,0
30.07438,75.72057,331.77,0.41,0.45,2023-11-07,737,N,VIIRS,n,2,299.65,2.82,D,0
30.07486,75.48205,356.74,0.42,0.45,2023-11-07,737,N,VIIRS,n,2,299.9,8.07,D,0
30.07515,75.93528,330.29,0.4,0.44,2023-11-07,737,N,VIIRS,n,2,297.95,1.8,D,0
30.07524,75.50481,341.29,0.42,0.45,2023-11-07,737,N,VIIRS,n,2,299.7,4.48,D,0
30.07577,76.04256,340.29,0.4,0.44,2023-11-07,737,N,VIIRS,n,2,296.19,3.11,D,0
30.07609,76.04223,330.51,0.4,0.44,2023-11-07,737,N,VIIRS,n,2,296.36,2.01,D,0
30.07642,75.42645,333.32,0.43,0.46,2023-11-07,737,N,VIIRS,n,2,298.55,2.54,D,0
30.07643,75.7732,332.54,0.41,0.45,2023-11-07,737,N,VIIRS,n,2,298.3,2.29,D,0
30.07792,75.86504,332.25,0.4,0.45,2023-11-07,737,N,VIIRS,n,2,297.5,4.07,D,0
30.07861,75.84737,332.65,0.4,0.45,2023-11-07,737,N,VIIRS,n,2,297.8,1.76,D,0
30.07914,75.43955,341.19,0.43,0.46,2023-11-07,737,N,VIIRS,n,2,299.3,3.86,D,0
30.07926,76.07977,334.89,0.39,0.44,2023-11-07,737,N,VIIRS,n,2,297.26,1.53,D,0
30.0825,75.95064,342.31,0.4,0.44,2023-11-07,737,N,VIIRS,n,2,301.94,8.11,D,0
30.0828,75.86813,344.76,0.4,0.44,2023-11-07,737,N,VIIRS,n,2,301.25,9.69,D,0
30.08315,76.07893,339.08,0.39,0.44,2023-11-07,737,N,VIIRS,n,2,297.27,3.1,D,0
30.08326,76.07872,336.05,0.39,0.44,2023-11-07,737,N,VIIRS,n,2,297.07,2.56,D,0
30.08327,75.43845,331.66,0.43,0.46,2023-11-07,737,N,VIIRS,n,2,297.67,3.86,D,0
30.08371,75.76685,342.04,0.41,0.45,2023-11-07,737,N,VIIRS,n,2,299.84,4.57,D,0
30.08627,75.90635,340.81,0.4,0.44,2023-11-07,737,N,VIIRS,n,2,300.39,4.08,D,0
30.08757,75.99665,334.26,0.4,0.44,2023-11-07,737,N,VIIRS,n,2,298.76,11.51,D,0
30.08839,76.00073,351.24,0.4,0.44,2023-11-07,737,N,VIIRS,n,2,305.81,11.51,D,0
30.08851,75.87533,339.72,0.4,0.44,2023-11-07,737,N,VIIRS,n,2,302.19,12.04,D,0
30.08935,75.87946,341.22,0.4,0.44,2023-11-07,737,N,VIIRS,n,2,302.6,12.04,D,0
30.0903,75.90529,340.67,0.4,0.44,2023-11-07,737,N,VIIRS,n,2,299.64,2.93,D,0
30.09065,76.28659,330.28,0.38,0.43,2023-11-07,737,N,VIIRS,n,2,297.87,1.47,D,0
30.091,75.65359,332.08,0.41,0.45,2023-11-07,737,N,VIIRS,n,2,294.0,2.72,D,0
30.09312,76.25687,340.39,0.39,0.44,2023-11-07,737,N,VIIRS,n,2,296.51,2.59,D,0
30.09325,75.85662,356.32,0.4,0.45,2023-11-07,737,N,VIIRS,n,2,301.51,9.59,D,0
30.09477,75.99046,343.61,0.4,0.44,2023-11-07,737,N,VIIRS,n,2,297.93,4.28,D,0
30.09652,76.02003,332.96,0.4,0.44,2023-11-07,737,N,VIIRS,n,2,298.42,4.44,D,0
30.09764,75.50795,341.21,0.42,0.45,2023-11-07,737,N,VIIRS,n,2,298.24,3.52,D,0
30.10008,76.12109,330.81,0.39,0.44,2023-11-07,737,N,VIIRS,n,2,295.77,2.27,D,0
30.10435,75.97506,330.19,0.4,0.44,2023-11-07,737,N,VIIRS,n,2,297.75,20.26,D,0
30.10487,75.76565,339.57,0.41,0.45,2023-11-07,737,N,VIIRS,n,2,299.48,4.01,D,0
30.10633,75.87933,337.78,0.4,0.44,2023-11-07,737,N,VIIRS,n,2,297.45,3.22,D,0
30.10837,75.97401,348.91,0.4,0.44,2023-11-07,737,N,VIIRS,n,2,302.1,20.26,D,0
30.11105,74.83318,341.39,0.46,0.47,2023-11-07,737,N,VIIRS,n,2,298.76,6.57,D,0
30.11172,76.01176,330.56,0.4,0.44,2023-11-07,737,N,VIIRS,n,2,296.6,3.25,D,0
30.11661,76.03613,354.64,0.39,0.44,2023-11-07,737,N,VIIRS,n,2,297.6,11.99,D,0
30.11937,75.71824,331.05,0.41,0.45,2023-11-07,737,N,VIIRS,n,2,297.73,6.61,D,0
30.12002,75.34046,345.24,0.43,0.46,2023-11-07,737,N,VIIRS,n,2,299.06,5.85,D,0
30.12087,75.71709,338.18,0.41,0.45,2023-11-07,737,N,VIIRS,n,2,297.76,5.68,D,0
30.124,75.2738,334.9,0.43,0.46,2023-11-07,737,N,VIIRS,n,2,298.38,5.38,D,0
30.12422,74.67846,340.69,0.47,0.48,2023-11-07,737,N,VIIRS,n,2,297.74,6.96,D,0
30.1243,75.72137,353.69,0.41,0.45,2023-11-07,737,N,VIIRS,n,2,300.37,6.61,D,0
30.12522,74.68327,340.37,0.47,0.48,2023-11-07,737,N,VIIRS,n,2,297.92,9.04,D,0
30.12522,75.09374,351.9,0.44,0.46,2023-11-07,737,N,VIIRS,n,2,302.54,8.71,D,0
30.12525,74.68142,347.2,0.47,0.48,2023-11-07,737,N,VIIRS,n,2,298.94,15.26,D,0
30.12542,75.36695,355.4,0.43,0.46,2023-11-07,737,N,VIIRS,n,2,300.55,9.77,D,0
30.12551,75.17979,340.53,0.44,0.46,2023-11-07,737,N,VIIRS,n,2,299.51,6.68,D,0
30.12578,75.72021,344.37,0.41,0.45,2023-11-07,737,N,VIIRS,n,2,299.36,5.68,D,0
30.12645,75.18429,333.09,0.44,0.46,2023-11-07,737,N,VIIRS,n,2,298.22,7.61,D,0
30.12701,74.30047,344.3,0.49,0.49,2023-11-07,737,N,VIIRS,n,2,297.56,8.02,D,0
30.12758,75.18286,342.07,0.44,0.46,2023-11-07,737,N,VIIRS,n,2,301.16,8.12,D,0
30.12775,76.00755,347.23,0.4,0.44,2023-11-07,737,N,VIIRS,n,2,297.71,6.27,D,0
30.12776,75.73817,343.52,0.41,0.45,2023-11-07,737,N,VIIRS,n,2,301.13,8.38,D,0
30.12788,75.42183,331.34,0.43,0.46,2023-11-07,737,N,VIIRS,n,2,297.85,2.5,D,0
30.12822,75.15046,352.59,0.44,0.46,2023-11-07,737,N,VIIRS,n,2,299.98,12.86,D,0
30.1285,75.18738,346.03,0.44,0.46,2023-11-07,737,N,VIIRS,n,2,298.5,8.12,D,0
30.12866,76.05427,341.97,0.39,0.44,2023-11-07,737,N,VIIRS,n,2,298.41,5.7,D,0
30.12912,75.73707,355.81,0.41,0.45,2023-11-07,737,N,VIIRS,n,2,302.3,12.96,D,0
30.12914,74.83318,346.82,0.46,0.47,2023-11-07,737,N,VIIRS,n,2,298.34,9.35,D,0
30.12944,75.09261,342.07,0.44,0.46,2023-11-07,737,N,VIIRS,n,2,298.17,8.71,D,0
30.13089,75.98097,341.06,0.4,0.44,2023-11-07,737,N,VIIRS,n,2,296.89,3.56,D,0
30.13095,76.00242,348.82,0.4,0.44,2023-11-07,737,N,VIIRS,n,2,297.97,6.27,D,0
30.13158,75.18764,339.96,0.44,0.46,2023-11-07,737,N,VIIRS,n,2,297.36,7.61,D,0
30.13182,75.73711,344.41,0.41,0.45,2023-11-07,737,N,VIIRS,n,2,298.8,6.49,D,0
30.13367,75.68328,340.76,0.41,0.45,2023-11-07,737,N,VIIRS,n,2,297.48,6.67,D,0
30.13454,75.68752,341.5,0.41,0.45,2023-11-07,737,N,VIIRS,n,2,298.89,9.44,D,0
30.13479,75.7097,353.06,0.41,0.45,2023-11-07,737,N,VIIRS,n,2,299.15,12.1,D,0
30.1349,75.97993,342.09,0.4,0.44,2023-11-07,737,N,VIIRS,n,2,294.83,3.56,D,0
30.1359,74.2466,341.96,0.49,0.49,2023-11-07,737,N,VIIRS,n,2,297.51,6.2,D,0
30.13648,75.96661,332.35,0.4,0.44,2023-11-07,737,N,VIIRS,n,2,297.03,3.01,D,0
30.13701,74.25168,352.09,0.49,0.49,2023-11-07,737,N,VIIRS,n,2,298.22,6.2,D,0
30.13729,75.9707,336.02,0.4,0.44,2023-11-07,737,N,VIIRS,n,2,298.25,3.01,D,0
30.13782,74.70007,330.01,0.47,0.48,2023-11-07,737,N,VIIRS,n,2,295.14,2.87,D,0
30.13797,74.6982,339.54,0.47,0.47,2023-11-07,737,N,VIIRS,n,2,295.43,4.91,D,0
30.13833,74.24358,341.12,0.5,0.49,2023-11-07,737,N,VIIRS,n,2,297.69,6.44,D,0
30.13941,74.24866,341.93,0.5,0.49,2023-11-07,737,N,VIIRS,n,2,296.44,6.44,D,0
30.13996,75.73496,330.19,0.41,0.45,2023-11-07,737,N,VIIRS,n,2,297.13,2.36,D,0
30.14047,75.31157,340.58,0.43,0.46,2023-11-07,737,N,VIIRS,n,2,298.37,4.52,D,0
30.14048,74.25375,342.33,0.49,0.49,2023-11-07,737,N,VIIRS,n,2,296.72,9.96,D,0
30.14143,74.25045,335.35,0.49,0.49,2023-11-07,737,N,VIIRS,n,2,294.69,6.2,D,0
30.14158,75.65886,339.34,0.41,0.45,2023-11-07,737,N,VIIRS,n,2,296.22,9.6,D,0
30.14245,75.6631,340.87,0.41,0.45,2023-11-07,737,N,VIIRS,n,2,299.77,9.6,D,0
30.14283,75.30156,335.89,0.43,0.46,2023-11-07,737,N,VIIRS,n,2,297.19,5.74,D,0
30.14295,75.49582,340.25,0.42,0.45,2023-11-07,737,N,VIIRS,n,2,295.9,5.07,D,0
30.14488,75.73807,349.18,0.41,0.45,2023-11-07,737,N,VIIRS,n,2,299.51,12.59,D,0
30.1451,75.76011,342.66,0.41,0.45,2023-11-07,737,N,VIIRS,n,2,311.4,51.46,D,0
30.14595,75.7643,348.57,0.41,0.45,2023-11-07,737,N,VIIRS,n,2,298.65,10.98,D,0
30.14762,75.91619,354.12,0.4,0.44,2023-11-07,737,N,VIIRS,n,2,300.19,13.63,D,0
30.14925,75.92442,331.32,0.4,0.44,2023-11-07,737,N,VIIRS,n,2,297.58,4.5,D,0
30.15148,75.32261,337.54,0.43,0.46,2023-11-07,737,N,VIIRS,n,2,297.84,5.73,D,0
30.15199,75.56161,341.65,0.42,0.45,2023-11-07,737,N,VIIRS,n,2,297.06,4.43,D,0
30.15262,76.02669,330.06,0.39,0.44,2023-11-07,737,N,VIIRS,n,2,295.37,0.86,D,0
30.15338,75.98796,334.83,0.4,0.44,2023-11-07,737,N,VIIRS,n,2,296.03,2.71,D,0
30.15426,74.58137,351.93,0.47,0.48,2023-11-07,737,N,VIIRS,n,2,298.7,8.81,D,0
30.15549,74.56557,336.93,0.47,0.48,2023-11-07,737,N,VIIRS,n,2,297.84,4.5,D,0
30.15654,75.85793,340.46,0.4,0.44,2023-11-07,737,N,VIIRS,n,2,297.21,8.35,D,0
30.15682,75.62792,341.71,0.41,0.45,2023-11-07,737,N,VIIRS,n,2,294.16,4.64,D,0
30.15821,76.01238,343.63,0.4,0.44,2023-11-07,737,N,VIIRS,n,2,298.73,7.24,D,0
30.15822,75.86619,338.39,0.4,0.44,2023-11-07,737,N,VIIRS,n,2,300.38,11.82,D,0
30.15826,74.38208,333.91,0.49,0.48,2023-11-07,737,N,VIIRS,n,2,297.44,2.67,D,0
30.15907,75.87032,332.24,0.4,0.44,2023-11-07,737,N,VIIRS,n,2,295.95,11.82,D,0
30.1602,74.63097,341.08,0.47,0.48,2023-11-07,737,N,VIIRS,n,2,298.74,10.76,D,0
30.1602,75.55941,340.81,0.42,0.45,2023-11-07,737,N,VIIRS,n,2,297.34,9.61,D,0
30.16216,75.94691,344.59,0.4,0.44,2023-11-07,737,N,VIIRS,n,2,299.49,6.94,D,0
30.1622,75.98992,337.51,0.4,0.44,2023-11-07,737,N,VIIRS,n,2,296.04,3.09,D,0
30.165,75.71056,340.71,0.41,0.45,2023-11-07,737,N,VIIRS,n,2,297.66,5.25,D,0
30.16541,75.98478,335.41,0.4,0.44,2023-11-07,737,N,VIIRS,n,2,299.24,4.49,D,0
30.16558,75.24471,341.33,0.43,0.46,2023-11-07,737,N,VIIRS,n,2,300.01,9.84,D,0
30.16604,75.18305,349.23,0.44,0.46,2023-11-07,737,N,VIIRS,n,2,299.2,7.28,D,0
30.16828,75.34229,336.16,0.43,0.46,2023-11-07,737,N,VIIRS,n,2,297.92,3.42,D,0
30.16879,75.77146,341.83,0.41,0.45,2023-11-07,737,N,VIIRS,n,2,299.46,5.19,D,0
30.16919,75.34669,333.17,0.43,0.46,2023-11-07,737,N,VIIRS,n,2,296.7,3.42,D,0
30.16942,75.98373,333.44,0.4,0.44,2023-11-07,737,N,VIIRS,n,2,296.98,4.49,D,0
30.16978,74.43677,340.62,0.48,0.48,2023-11-07,737,N,VIIRS,n,2,298.14,8.18,D,0
30.1701,75.94534,341.72,0.4,0.44,2023-11-07,737,N,VIIRS,n,2,298.57,9.35,D,0
30.17019,75.94478,344.06,0.4,0.44,2023-11-07,737,N,VIIRS,n,2,298.54,8.3,D,0
30.17023,75.18192,350.07,0.44,0.46,2023-11-07,737,N,VIIRS,n,2,297.11,6.42,D,0
30.17028,75.50215,331.04,0.42,0.45,2023-11-07,737,N,VIIRS,n,2,296.36,2.87,D,0
30.17082,74.44172,340.55,0.48,0.48,2023-11-07,737,N,VIIRS,n,2,298.42,8.18,D,0
30.17093,76.16151,339.52,0.39,0.44,2023-11-07,737,N,VIIRS,n,2,298.55,5.82,D,0
30.17116,75.18641,331.55,0.44,0.46,2023-11-07,737,N,VIIRS,n,2,296.66,6.42,D,0
30.17208,75.14809,340.82,0.44,0.46,2023-11-07,737,N,VIIRS,n,2,298.85,7.21,D,0
30.17348,75.21895,339.73,0.44,0.46,2023-11-07,737,N,VIIRS,n,2,300.78,7.57,D,0
30.17441,75.22343,336.37,0.44,0.46,2023-11-07,737,N,VIIRS,n,2,298.4,7.57,D,0
30.17509,75.3961,338.09,0.43,0.46,2023-11-07,737,N,VIIRS,n,2,296.27,4.75,D,0
30.17556,75.80482,356.08,0.41,0.45,2023-11-07,737,N,VIIRS,n,2,298.82,11.97,D,0
30.17569,75.72102,335.26,0.41,0.45,2023-11-07,737,N,VIIRS,n,2,297.09,2.84,D,0
30.17663,76.02036,339.86,0.39,0.44,2023-11-07,737,N,VIIRS,n,2,296.13,6.55,D,0
30.17708,75.32128,341.54,0.43,0.46,2023-11-07,737,N,VIIRS,n,2,300.24,12.97,D,0
30.17743,76.02441,341.74,0.39,0.44,2023-11-07,737,N,VIIRS,n,2,297.82,7.46,D,0
30.17823,76.02848,341.5,0.39,0.44,2023-11-07,737,N,VIIRS,n,2,297.16,7.46,D,0
30.17941,76.26764,332.41,0.38,0.43,2023-11-07,737,N,VIIRS,n,2,298.92,1.79,D,0
30.17947,76.30995,340.63,0.57,0.43,2023-11-07,737,N,VIIRS,n,2,300.75,6.91,D,0
30.1807,77.22084,332.65,0.52,0.41,2023-11-07,737,N,VIIRS,n,2,300.1,2.66,D,0
30.18093,75.08336,342.54,0.44,0.46,2023-11-07,737,N,VIIRS,n,2,297.62,5.68,D,0
30.18328,75.11634,337.24,0.44,0.46,2023-11-07,737,N,VIIRS,n,2,297.19,10.41,D,0
30.1835,75.50315,334.47,0.42,0.45,2023-11-07,737,N,VIIRS,n,2,296.92,2.68,D,0
30.18435,75.50365,334.03,0.42,0.45,2023-11-07,737,N,VIIRS,n,2,296.63,2.16,D,0
30.18719,75.54311,333.81,0.42,0.45,2023-11-07,737,N,VIIRS,n,2,297.5,4.53,D,0
30.18757,75.90619,341.16,0.4,0.44,2023-11-07,737,N,VIIRS,n,2,296.61,3.83,D,0
30.1877,75.92774,340.36,0.4,0.44,2023-11-07,737,N,VIIRS,n,2,295.02,4.05,D,0
30.18772,75.30908,340.23,0.43,0.46,2023-11-07,737,N,VIIRS,n,2,299.12,7.59,D,0
30.18886,75.6373,340.41,0.41,0.45,2023-11-07,737,N,VIIRS,n,2,297.16,6.09,D,0
30.18892,75.37849,334.88,0.43,0.46,2023-11-07,737,N,VIIRS,n,2,294.61,2.43,D,0
30.19129,75.542,350.64,0.42,0.45,2023-11-07,737,N,VIIRS,n,2,297.19,4.53,D,0
30.19288,75.27022,336.38,0.43,0.46,2023-11-07,737,N,VIIRS,n,2,297.83,3.44,D,0
30.19313,76.16829,335.29,0.39,0.44,2023-11-07,737,N,VIIRS,n,2,297.28,3.49,D,0
30.19392,76.17227,340.85,0.39,0.44,2023-11-07,737,N,VIIRS,n,2,299.33,5.77,D,0
30.19409,75.33997,350.85,0.43,0.46,2023-11-07,737,N,VIIRS,n,2,298.92,10.71,D,0
30.19475,76.32449,335.81,0.57,0.43,2023-11-07,737,N,VIIRS,n,2,299.61,12.76,D,0
30.19554,76.04989,335.5,0.39,0.44,2023-11-07,737,N,VIIRS,n,2,298.31,2.75,D,0
30.19577,75.39052,340.45,0.43,0.46,2023-11-07,737,N,VIIRS,n,2,299.38,16.08,D,0
30.1963,75.37187,341.16,0.43,0.46,2023-11-07,737,N,VIIRS,n,2,297.29,4.11,D,0
30.19706,74.6105,346.65,0.47,0.48,2023-11-07,737,N,VIIRS,n,2,301.26,54.68,D,0
30.19771,75.99818,343.07,0.4,0.44,2023-11-07,737,N,VIIRS,n,2,298.05,3.05,D,0
30.19778,75.46358,336.33,0.42,0.45,2023-11-07,737,N,VIIRS,n,2,295.65,3.73,D,0
30.19819,75.14574,333.32,0.44,0.46,2023-11-07,737,N,VIIRS,n,2,297.32,2.43,D,0
30.19848,75.40364,343.95,0.43,0.46,2023-11-07,737,N,VIIRS,n,2,296.82,15.37,D,0
30.19868,75.4679,330.7,0.42,0.45,2023-11-07,737,N,VIIRS,n,2,294.93,3.73,D,0
30.19941,75.6255,341.76,0.41,0.45,2023-11-07,737,N,VIIRS,n,2,302.24,22.99,D,0
30.20044,75.37076,344.58,0.43,0.46,2023-11-07,737,N,VIIRS,n,2,298.08,10.23,D,0
30.20119,75.88962,367.0,0.4,0.44,2023-11-07,737,N,VIIRS,h,2,297.1,13.7,D,0
30.20193,75.74503,346.14,0.41,0.45,2023-11-07,737,N,VIIRS,n,2,297.52,7.47,D,0
30.20225,75.48521,338.79,0.42,0.45,2023-11-07,737,N,VIIRS,n,2,296.99,3.54,D,0
30.20246,75.59773,341.49,0.42,0.45,2023-11-07,737,N,VIIRS,n,2,298.55,5.94,D,0
30.20254,76.00119,341.27,0.4,0.44,2023-11-07,737,N,VIIRS,n,2,299.5,10.76,D,0
30.20282,76.11109,339.62,0.39,0.44,2023-11-07,737,N,VIIRS,n,2,298.07,3.79,D,0
30.20301,75.5937,335.82,0.42,0.45,2023-11-07,737,N,VIIRS,n,2,298.06,3.83,D,0
30.20352,75.40689,344.67,0.43,0.46,2023-11-07,737,N,VIIRS,n,2,299.26,11.1,D,0
30.20374,76.11121,340.92,0.39,0.44,2023-11-07,737,N,VIIRS,n,2,298.38,3.69,D,0
30.20389,75.59796,340.17,0.42,0.45,2023-11-07,737,N,VIIRS,n,2,298.62,6.36,D,0
30.20411,76.20304,340.83,0.39,0.44,2023-11-07,737,N,VIIRS,n,2,299.33,4.41,D,0
30.20439,75.88443,333.97,0.4,0.44,2023-11-07,737,N,VIIRS,n,2,293.27,3.41,D,0
30.20489,76.207,338.62,0.39,0.44,2023-11-07,737,N,VIIRS,n,2,298.85,4.41,D,0
30.20521,75.88855,336.84,0.4,0.44,2023-11-07,737,N,VIIRS,n,2,293.62,4.3,D,0
30.20584,75.72186,340.8,0.41,0.45,2023-11-07,737,N,VIIRS,n,2,296.15,6.38,D,0
30.207,75.16714,337.99,0.44,0.46,2023-11-07,737,N,VIIRS,n,2,296.45,4.14,D,0
30.20723,75.57843,355.44,0.42,0.45,2023-11-07,737,N,VIIRS,n,2,299.37,13.41,D,0
30.2077,75.90089,341.03,0.4,0.44,2023-11-07,737,N,VIIRS,n,2,296.39,6.74,D,0
30.208,75.96549,336.66,0.4,0.44,2023-11-07,737,N,VIIRS,n,2,298.04,3.21,D,0
30.20855,75.57872,342.72,0.42,0.45,2023-11-07,737,N,VIIRS,n,2,299.86,12.0,D,0
30.21041,75.07528,333.58,0.44,0.46,2023-11-07,737,N,VIIRS,n,2,296.98,3.7,D,0
30.21172,75.89983,341.78,0.4,0.44,2023-11-07,737,N,VIIRS,n,2,296.96,6.74,D,0
30.21255,76.13417,341.16,0.39,0.44,2023-11-07,737,N,VIIRS,n,2,300.77,4.2,D,0
30.21502,75.39919,345.44,0.43,0.46,2023-11-07,737,N,VIIRS,n,2,299.27,9.21,D,0
30.21554,75.85539,354.9,0.4,0.44,2023-11-07,737,N,VIIRS,n,2,301.71,20.12,D,0
30.21592,75.40355,339.54,0.43,0.46,2023-11-07,737,N,VIIRS,n,2,297.75,5.84,D,0
30.21653,76.13314,335.98,0.39,0.44,2023-11-07,737,N,VIIRS,n,2,298.57,4.2,D,0
30.21736,75.38932,347.17,0.43,0.46,2023-11-07,737,N,VIIRS,n,2,298.53,7.65,D,0
30.21953,75.31446,341.64,0.43,0.46,2023-11-07,737,N,VIIRS,n,2,298.23,8.09,D,0
30.21976,75.89769,342.56,0.4,0.44,2023-11-07,737,N,VIIRS,n,2,300.01,7.32,D,0
30.22036,74.04839,340.12,0.51,0.49,2023-11-07,737,N,VIIRS,n,2,296.51,6.61,D,0
30.2209,74.04551,347.79,0.51,0.49,2023-11-07,737,N,VIIRS,n,2,296.54,7.15,D,0
30.2213,76.13609,336.28,0.39,0.44,2023-11-07,737,N,VIIRS,n,2,297.34,10.59,D,0
30.222,75.53899,347.01,0.42,0.45,2023-11-07,737,N,VIIRS,n,2,301.22,12.67,D,0
30.22211,76.14008,343.02,0.39,0.44,2023-11-07,737,N,VIIRS,n,2,305.13,20.28,D,0
30.22584,75.23777,344.04,0.43,0.46,2023-11-07,737,N,VIIRS,n,2,296.64,10.41,D,0
30.22698,75.54218,342.09,0.42,0.45,2023-11-07,737,N,VIIRS,n,2,302.57,7.19,D,0
30.22725,75.50127,339.93,0.42,0.45,2023-11-07,737,N,VIIRS,n,2,298.82,6.94,D,0
30.22814,75.50558,339.45,0.42,0.45,2023-11-07,737,N,VIIRS,n,2,297.43,6.94,D,0
30.22843,75.59142,339.74,0.42,0.45,2023-11-07,737,N,VIIRS,n,2,298.31,6.68,D,0
30.22846,75.85632,330.79,0.4,0.44,2023-11-07,737,N,VIIRS,n,2,296.74,2.62,D,0
30.22894,74.52635,338.39,0.48,0.48,2023-11-07,737,N,VIIRS,n,2,296.97,7.85,D,0
30.22926,74.48482,335.71,0.48,0.48,2023-11-07,737,N,VIIRS,n,2,296.83,3.86,D,0
30.22927,76.15499,335.9,0.39,0.44,2023-11-07,737,N,VIIRS,n,2,298.05,2.88,D,0
30.22931,75.59568,336.42,0.41,0.45,2023-11-07,737,N,VIIRS,n,2,296.01,6.68,D,0
30.22998,74.53122,343.52,0.47,0.48,2023-11-07,737,N,VIIRS,n,2,297.5,7.85,D,0
30.2309,76.20464,344.21,0.39,0.44,2023-11-07,737,N,VIIRS,n,2,299.88,3.75,D,0
30.23108,75.54108,336.86,0.42,0.45,2023-11-07,737,N,VIIRS,n,2,296.36,7.19,D,0
30.2313,75.97649,341.46,0.4,0.44,2023-11-07,737,N,VIIRS,n,2,298.59,3.97,D,0
30.23136,75.50017,340.19,0.42,0.45,2023-11-07,737,N,VIIRS,n,2,297.32,6.94,D,0
30.23146,76.04046,330.17,0.39,0.44,2023-11-07,737,N,VIIRS,n,2,299.64,2.07,D,0
30.23169,76.2086,337.92,0.38,0.44,2023-11-07,737,N,VIIRS,n,2,300.21,3.75,D,0
30.23191,75.9161,330.65,0.4,0.44,2023-11-07,737,N,VIIRS,n,2,298.15,3.06,D,0
30.23239,76.10795,336.59,0.39,0.44,2023-11-07,737,N,VIIRS,n,2,299.77,8.26,D,0
30.23245,75.39908,350.89,0.43,0.46,2023-11-07,737,N,VIIRS,n,2,298.65,9.05,D,0
30.23252,75.59032,340.23,0.42,0.45,2023-11-07,737,N,VIIRS,n,2,295.54,6.68,D,0
30.23289,75.31549,337.93,0.43,0.46,2023-11-07,737,N,VIIRS,n,2,297.9,5.5,D,0
30.23319,76.11195,339.91,0.39,0.44,2023-11-07,737,N,VIIRS,n,2,298.4,9.66,D,0
30.2334,75.59459,337.18,0.41,0.45,2023-11-07,737,N,VIIRS,n,2,295.73,6.68,D,0
30.2353,75.97543,343.87,0.4,0.44,2023-11-07,737,N,VIIRS,n,2,298.62,3.97,D,0
30.2376,75.29552,340.26,0.43,0.46,2023-11-07,737,N,VIIRS,n,2,296.97,6.53,D,0
30.23813,76.35626,345.64,0.57,0.43,2023-11-07,737,N,VIIRS,n,2,301.64,12.42,D,0
30.2385,75.29995,338.27,0.43,0.46,2023-11-07,737,N,VIIRS,n,2,298.05,6.53,D,0
30.23884,75.3232,354.16,0.43,0.46,2023-11-07,737,N,VIIRS,n,2,298.78,9.86,D,0
30.23988,75.89237,340.75,0.4,0.44,2023-11-07,737,N,VIIRS,n,2,299.17,3.46,D,0
30.23995,75.91396,338.25,0.4,0.44,2023-11-07,737,N,VIIRS,n,2,301.5,10.2,D,0
30.24077,75.91807,330.22,0.4,0.44,2023-11-07,737,N,VIIRS,n,2,297.06,10.2,D,0
30.24126,76.35963,331.08,0.57,0.43,2023-11-07,737,N,VIIRS,n,2,300.23,12.86,D,0
30.24155,74.78023,343.17,0.46,0.47,2023-11-07,737,N,VIIRS,n,2,298.0,5.78,D,0
30.24163,75.52919,341.67,0.42,0.45,2023-11-07,737,N,VIIRS,n,2,300.86,8.1,D,0
30.24206,76.35525,342.81,0.57,0.43,2023-11-07,737,N,VIIRS,n,2,300.52,12.42,D,0
30.24352,76.10081,341.16,0.39,0.44,2023-11-07,737,N,VIIRS,n,2,301.25,5.46,D,0
30.24355,76.14287,335.39,0.39,0.44,2023-11-07,737,N,VIIRS,n,2,300.01,7.65,D,0
30.24435,76.14685,341.16,0.39,0.44,2023-11-07,737,N,VIIRS,n,2,301.85,7.65,D,0
30.24657,75.33971,345.24,0.43,0.46,2023-11-07,737,N,VIIRS,n,2,300.27,8.59,D,0
30.24704,75.25551,330.97,0.43,0.46,2023-11-07,737,N,VIIRS,n,2,297.49,2.9,D,0
30.24708,76.3887,337.46,0.56,0.43,2023-11-07,737,N,VIIRS,n,2,299.63,4.96,D,0
30.2474,76.01498,331.41,0.39,0.44,2023-11-07,737,N,VIIRS,n,2,299.38,5.93,D,0
30.24749,75.53667,339.89,0.42,0.45,2023-11-07,737,N,VIIRS,n,2,297.18,10.33,D,0
30.24752,76.14183,340.44,0.39,0.44,2023-11-07,737,N,VIIRS,n,2,298.29,6.43,D,0
30.24832,76.14581,340.86,0.39,0.44,2023-11-07,737,N,VIIRS,n,2,297.99,6.43,D,0
30.24883,76.39021,335.05,0.57,0.43,2023-11-07,737,N,VIIRS,n,2,299.21,7.79,D,0
30.249,74.3164,330.28,0.49,0.48,2023-11-07,737,N,VIIRS,n,2,295.92,2.92,D,0
30.24988,75.39899,330.22,0.42,0.46,2023-11-07,737,N,VIIRS,n,2,295.38,1.8,D,0
30.25007,75.29215,336.83,0.43,0.46,2023-11-07,737,N,VIIRS,n,2,299.8,5.03,D,0
30.2507,75.29441,354.47,0.43,0.46,2023-11-07,737,N,VIIRS,n,2,300.06,9.33,D,0
30.25076,75.46761,342.03,0.42,0.45,2023-11-07,737,N,VIIRS,n,2,298.96,6.68,D,0
30.25097,75.29658,340.44,0.43,0.46,2023-11-07,737,N,VIIRS,n,2,298.45,5.03,D,0
30.25228,76.14477,339.73,0.39,0.44,2023-11-07,737,N,VIIRS,n,2,298.05,6.43,D,0
30.25245,75.53986,342.73,0.42,0.45,2023-11-07,737,N,VIIRS,n,2,299.11,9.5,D,0
30.253,76.02203,341.19,0.39,0.44,2023-11-07,737,N,VIIRS,n,2,298.2,3.46,D,0
30.25308,76.14876,367.0,0.39,0.44,2023-11-07,737,N,VIIRS,h,2,300.33,9.12,D,0
30.25334,75.81044,348.21,0.4,0.45,2023-11-07,737,N,VIIRS,n,2,298.33,11.94,D,0
30.25385,75.58912,340.77,0.41,0.45,2023-11-07,737,N,VIIRS,n,2,298.93,3.92,D,0
30.25523,75.806,338.44,0.4,0.44,2023-11-07,737,N,VIIRS,n,2,296.72,4.59,D,0
30.25608,75.81015,340.91,0.4,0.44,2023-11-07,737,N,VIIRS,n,2,296.82,4.59,D,0
30.25777,75.81844,341.19,0.4,0.44,2023-11-07,737,N,VIIRS,n,2,299.56,4.18,D,0
30.25787,75.07466,332.31,0.44,0.46,2023-11-07,737,N,VIIRS,n,2,292.55,3.07,D,0
30.25812,74.72717,343.81,0.46,0.47,2023-11-07,737,N,VIIRS,n,2,297.57,3.96,D,0
30.25867,75.73923,340.48,0.41,0.45,2023-11-07,737,N,VIIRS,n,2,297.27,3.24,D,0
30.25991,75.61892,333.12,0.41,0.45,2023-11-07,737,N,VIIRS,n,2,296.76,3.15,D,0
30.26089,75.9343,348.18,0.4,0.44,2023-11-07,737,N,VIIRS,n,2,310.29,41.17,D,0
30.26257,75.35394,343.06,0.43,0.46,2023-11-07,737,N,VIIRS,n,2,298.14,5.65,D,0
30.26357,75.35603,337.79,0.43,0.46,2023-11-07,737,N,VIIRS,n,2,297.38,3.51,D,0
30.2641,75.92915,330.83,0.4,0.44,2023-11-07,737,N,VIIRS,n,2,296.95,7.6,D,0
30.2649,75.93324,344.8,0.4,0.44,2023-11-07,737,N,VIIRS,n,2,298.65,14.12,D,0
30.26551,74.5471,339.69,0.47,0.48,2023-11-07,737,N,VIIRS,n,2,296.13,4.51,D,0
30.26583,75.34843,332.77,0.43,0.46,2023-11-07,737,N,VIIRS,n,2,298.09,3.26,D,0
30.26587,75.56337,334.74,0.42,0.45,2023-11-07,737,N,VIIRS,n,2,297.06,4.27,D,0
30.26589,75.34614,332.1,0.43,0.46,2023-11-07,737,N,VIIRS,n,2,297.65,6.1,D,0
30.26633,74.46406,335.81,0.48,0.48,2023-11-07,737,N,VIIRS,n,2,298.12,5.33,D,0
30.2674,76.07345,336.87,0.39,0.44,2023-11-07,737,N,VIIRS,n,2,299.26,3.38,D,0
30.26817,76.11962,334.68,0.39,0.44,2023-11-07,737,N,VIIRS,n,2,301.76,23.35,D,0
30.26896,76.12361,342.11,0.39,0.44,2023-11-07,737,N,VIIRS,n,2,304.71,23.35,D,0
30.26908,75.3429,330.69,0.43,0.46,2023-11-07,737,N,VIIRS,n,2,298.57,3.26,D,0
30.26911,75.34062,334.6,0.43,0.46,2023-11-07,737,N,VIIRS,n,2,298.2,3.5,D,0
30.26954,75.36366,338.61,0.43,0.46,2023-11-07,737,N,VIIRS,n,2,299.8,3.89,D,0
30.27058,76.02592,330.43,0.39,0.44,2023-11-07,737,N,VIIRS,n,2,298.65,1.71,D,0
30.27102,75.75797,352.0,0.41,0.45,2023-11-07,737,N,VIIRS,n,2,300.31,13.83,D,0
30.27151,75.63372,342.29,0.41,0.45,2023-11-07,737,N,VIIRS,n,2,301.54,16.6,D,0
30.27325,75.3395,340.0,0.43,0.46,2023-11-07,737,N,VIIRS,n,2,297.43,3.5,D,0
30.27351,75.36488,340.71,0.43,0.46,2023-11-07,737,N,VIIRS,n,2,299.09,7.51,D,0
30.27368,75.36255,332.66,0.43,0.46,2023-11-07,737,N,VIIRS,n,2,297.86,3.58,D,0
30.27476,75.81831,340.39,0.4,0.44,2023-11-07,737,N,VIIRS,n,2,298.16,5.73,D,0
30.27537,76.00759,347.45,0.39,0.44,2023-11-07,737,N,VIIRS,n,2,301.53,14.92,D,0
30.27561,75.82245,340.36,0.4,0.44,2023-11-07,737,N,VIIRS,n,2,297.92,5.73,D,0
30.27685,76.16346,340.07,0.39,0.44,2023-11-07,737,N,VIIRS,n,2,302.39,6.87,D,0
30.27726,74.55927,341.82,0.47,0.48,2023-11-07,737,N,VIIRS,n,2,296.94,5.34,D,0
30.27763,76.16743,337.83,0.39,0.44,2023-11-07,737,N,VIIRS,n,2,300.6,6.88,D,0
30.27856,75.51926,339.96,0.42,0.45,2023-11-07,737,N,VIIRS,n,2,298.2,3.88,D,0
30.27868,74.28915,337.08,0.49,0.48,2023-11-07,737,N,VIIRS,n,2,296.91,4.73,D,0
30.27942,75.52357,331.47,0.42,0.45,2023-11-07,737,N,VIIRS,n,2,297.04,3.99,D,0
30.27964,75.82137,330.36,0.4,0.44,2023-11-07,737,N,VIIRS,n,2,297.36,5.73,D,0
30.28069,75.48689,341.57,0.42,0.45,2023-11-07,737,N,VIIRS,n,2,301.71,14.58,D,0
30.282,75.81203,333.27,0.4,0.44,2023-11-07,737,N,VIIRS,n,2,297.81,2.12,D,0
30.28236,75.38329,343.54,0.42,0.46,2023-11-07,737,N,VIIRS,n,2,298.66,8.25,D,0
30.28337,75.34604,340.8,0.43,0.46,2023-11-07,737,N,VIIRS,n,2,298.23,6.68,D,0
30.28375,75.54504,341.03,0.42,0.45,2023-11-07,737,N,VIIRS,n,2,298.2,3.35,D,0
30.28419,75.78082,340.96,0.4,0.45,2023-11-07,737,N,VIIRS,n,2,298.33,6.59,D,0
30.28436,75.80267,346.95,0.4,0.44,2023-11-07,737,N,VIIRS,n,2,297.66,6.76,D,0
30.2848,75.48577,339.43,0.42,0.45,2023-11-07,737,N,VIIRS,n,2,297.53,5.95,D,0
30.28492,75.24772,335.93,0.43,0.46,2023-11-07,737,N,VIIRS,n,2,298.05,3.76,D,0
30.28503,75.78498,340.24,0.4,0.45,2023-11-07,737,N,VIIRS,n,2,297.73,6.59,D,0
30.28527,75.31302,334.72,0.43,0.46,2023-11-07,737,N,VIIRS,n,2,297.8,2.68,D,0
30.28619,75.83271,342.7,0.4,0.44,2023-11-07,737,N,VIIRS,n,2,301.47,13.89,D,0
30.28785,75.54393,338.32,0.42,0.45,2023-11-07,737,N,VIIRS,n,2,297.26,4.19,D,0
30.28823,75.77975,341.53,0.4,0.45,2023-11-07,737,N,VIIRS,n,2,295.98,6.59,D,0
30.28908,75.78391,342.43,0.4,0.45,2023-11-07,737,N,VIIRS,n,2,296.65,6.59,D,0
30.28981,75.89249,335.31,0.4,0.44,2023-11-07,737,N,VIIRS,n,2,296.57,3.31,D,0
30.28997,75.44094,334.29,0.42,0.45,2023-11-07,737,N,VIIRS,n,2,298.16,7.36,D,0
30.29,75.51166,336.33,0.42,0.45,2023-11-07,737,N,VIIRS,n,2,297.44,3.58,D,0
30.29101,75.96098,331.05,0.4,0.44,2023-11-07,737,N,VIIRS,n,2,297.08,1.84,D,0
30.29111,75.73061,340.92,0.41,0.45,2023-11-07,737,N,VIIRS,n,2,298.2,3.8,D,0
30.29263,75.71695,334.74,0.41,0.45,2023-11-07,737,N,VIIRS,n,2,297.21,3.08,D,0
30.29408,75.43983,340.55,0.42,0.45,2023-11-07,737,N,VIIRS,n,2,297.72,7.36,D,0
30.29434,74.16666,335.92,0.5,0.49,2023-11-07,737,N,VIIRS,n,2,296.93,3.51,D,0
30.29494,75.81297,352.9,0.4,0.44,2023-11-07,737,N,VIIRS,n,2,300.23,9.32,D,0
30.29531,75.6452,341.22,0.41,0.45,2023-11-07,737,N,VIIRS,n,2,299.83,4.88,D,0
30.29536,75.87805,340.49,0.4,0.44,2023-11-07,737,N,VIIRS,n,2,298.8,3.66,D,0
30.29555,74.79685,344.54,0.46,0.47,2023-11-07,737,N,VIIRS,n,2,296.32,5.41,D,0
30.29578,75.81711,331.47,0.4,0.44,2023-11-07,737,N,VIIRS,n,2,296.84,9.32,D,0
30.29584,75.964,338.08,0.4,0.44,2023-11-07,737,N,VIIRS,n,2,296.96,3.9,D,0
30.29827,76.14529,335.91,0.39,0.44,2023-11-07,737,N,VIIRS,n,2,300.32,3.51,D,0
30.29924,75.2532,342.82,0.43,0.46,2023-11-07,737,N,VIIRS,n,2,298.4,5.37,D,0
30.29938,75.87699,339.71,0.4,0.44,2023-11-07,737,N,VIIRS,n,2,297.43,3.66,D,0
30.29949,74.29924,335.42,0.49,0.48,2023-11-07,737,N,VIIRS,n,2,296.07,4.37,D,0
30.30057,74.30424,333.9,0.49,0.48,2023-11-07,737,N,VIIRS,n,2,296.72,4.37,D,0
30.30205,75.57169,334.07,0.42,0.45,2023-11-07,737,N,VIIRS,n,2,298.27,5.38,D,0
30.30218,76.16517,349.73,0.39,0.44,2023-11-07,737,N,VIIRS,n,2,301.42,8.19,D,0
30.3023,76.12326,336.57,0.39,0.44,2023-11-07,737,N,VIIRS,n,2,297.78,3.17,D,0
30.30231,75.82845,331.7,0.4,0.44,2023-11-07,737,N,VIIRS,n,2,298.1,5.03,D,0
30.30245,74.52644,340.65,0.47,0.48,2023-11-07,737,N,VIIRS,n,2,298.64,5.69,D,0
30.30291,75.57596,341.04,0.41,0.45,2023-11-07,737,N,VIIRS,n,2,299.08,5.38,D,0
30.3034,75.25208,355.12,0.43,0.46,2023-11-07,737,N,VIIRS,n,2,299.74,15.08,D,0
30.30361,74.36153,331.25,0.48,0.48,2023-11-07,737,N,VIIRS,n,2,297.97,3.19,D,0
30.30411,75.44626,331.12,0.42,0.45,2023-11-07,737,N,VIIRS,n,2,296.95,1.77,D,0
30.30519,75.40934,332.72,0.42,0.45,2023-11-07,737,N,VIIRS,n,2,296.7,3.05,D,0
30.30599,76.20581,338.85,0.38,0.43,2023-11-07,737,N,VIIRS,n,2,300.1,1.98,D,0
30.30635,75.82738,344.05,0.4,0.44,2023-11-07,737,N,VIIRS,n,2,300.15,5.03,D,0
30.30753,76.08414,338.49,0.39,0.44,2023-11-07,737,N,VIIRS,n,2,298.43,3.74,D,0
30.30775,75.79209,342.84,0.4,0.44,2023-11-07,737,N,VIIRS,n,2,300.49,8.04,D,0
30.30795,76.08811,340.43,0.39,0.44,2023-11-07,737,N,VIIRS,n,2,299.06,8.04,D,0
30.30833,76.08813,334.09,0.39,0.44,2023-11-07,737,N,VIIRS,n,2,298.09,3.74,D,0
30.3099,75.55814,336.74,0.42,0.45,2023-11-07,737,N,VIIRS,n,2,299.04,3.26,D,0
30.31038,75.82632,341.23,0.4,0.44,2023-11-07,737,N,VIIRS,n,2,299.16,6.0,D,0
30.31216,75.85629,355.93,0.4,0.44,2023-11-07,737,N,VIIRS,n,2,299.18,7.79,D,0
30.31233,74.59557,331.63,0.47,0.48,2023-11-07,737,N,VIIRS,n,2,296.08,3.24,D,0
30.31243,76.17499,354.38,0.39,0.44,2023-11-07,737,N,VIIRS,n,2,301.63,5.25,D,0
30.31261,75.55983,340.7,0.42,0.45,2023-11-07,737,N,VIIRS,n,2,299.14,5.32,D,0
30.31263,75.25425,342.46,0.43,0.46,2023-11-07,737,N,VIIRS,n,2,298.57,4.95,D,0
30.31354,75.25868,354.85,0.43,0.46,2023-11-07,737,N,VIIRS,n,2,299.01,13.62,D,0
30.31399,75.55704,337.03,0.42,0.45,2023-11-07,737,N,VIIRS,n,2,296.46,2.86,D,0
30.31461,76.05694,341.4,0.39,0.44,2023-11-07,737,N,VIIRS,n,2,299.69,5.3,D,0
30.31515,74.22004,337.94,0.49,0.49,2023-11-07,737,N,VIIRS,n,2,296.21,6.23,D,0
30.31583,75.78995,346.11,0.4,0.44,2023-11-07,737,N,VIIRS,n,2,301.82,11.49,D,0
30.31623,74.2251,340.3,0.49,0.49,2023-11-07,737,N,VIIRS,n,2,297.26,6.23,D,0
30.31639,76.17395,330.39,0.39,0.44,2023-11-07,737,N,VIIRS,n,2,298.38,5.25,D,0
30.31771,74.98716,338.79,0.45,0.47,2023-11-07,737,N,VIIRS,n,2,296.05,4.56,D,0
30.31785,74.73073,340.25,0.46,0.47,2023-11-07,737,N,VIIRS,n,2,296.1,4.4,D,0
30.31802,76.161,332.69,0.39,0.44,2023-11-07,737,N,VIIRS,n,2,297.94,2.41,D,0
30.31856,75.84589,339.29,0.4,0.44,2023-11-07,737,N,VIIRS,n,2,297.31,2.14,D,0
30.31859,76.05589,344.31,0.39,0.44,2023-11-07,737,N,VIIRS,n,2,298.27,5.3,D,0
30.31883,76.16083,333.31,0.39,0.44,2023-11-07,737,N,VIIRS,n,2,298.22,2.9,D,0
30.31956,74.43566,340.74,0.48,0.48,2023-11-07,737,N,VIIRS,n,2,297.68,4.0,D,0
30.32143,75.6471,338.92,0.41,0.45,2023-11-07,737,N,VIIRS,n,2,298.36,3.75,D,0
30.32247,75.63986,336.29,0.41,0.45,2023-11-07,737,N,VIIRS,n,2,298.81,5.69,D,0
30.32334,75.64409,341.27,0.41,0.45,2023-11-07,737,N,VIIRS,n,2,299.06,5.69,D,0
30.32379,74.7591,337.21,0.46,0.47,2023-11-07,737,N,VIIRS,n,2,295.96,3.59,D,0
30.32402,75.80962,349.71,0.4,0.44,2023-11-07,737,N,VIIRS,n,2,306.7,36.04,D,0
30.32421,75.64831,337.47,0.41,0.45,2023-11-07,737,N,VIIRS,n,2,297.74,2.28,D,0
30.32466,75.64178,355.02,0.41,0.45,2023-11-07,737,N,VIIRS,n,2,299.34,8.06,D,0
30.32521,75.73032,342.74,0.41,0.45,2023-11-07,737,N,VIIRS,n,2,300.64,10.34,D,0
30.32617,75.75648,332.83,0.41,0.45,2023-11-07,737,N,VIIRS,n,2,296.36,3.5,D,0
30.32644,76.01141,339.54,0.39,0.44,2023-11-07,737,N,VIIRS,n,2,299.54,3.55,D,0
30.32663,75.69459,333.06,0.41,0.45,2023-11-07,737,N,VIIRS,n,2,296.14,1.77,D,0
30.32784,75.76482,341.65,0.4,0.45,2023-11-07,737,N,VIIRS,n,2,300.46,7.33,D,0
30.33115,75.42983,332.31,0.42,0.45,2023-11-07,737,N,VIIRS,n,2,296.14,4.5,D,0
30.33121,75.6197,341.52,0.41,0.45,2023-11-07,737,N,VIIRS,n,2,298.57,4.08,D,0
30.33134,76.05676,337.82,0.39,0.44,2023-11-07,737,N,VIIRS,n,2,298.06,3.58,D,0
30.33142,76.0989,334.75,0.39,0.44,2023-11-07,737,N,VIIRS,n,2,299.89,2.64,D,0
30.33193,75.97588,335.17,0.39,0.44,2023-11-07,737,N,VIIRS,n,2,298.39,2.62,D,0
30.33195,75.3699,341.53,0.42,0.46,2023-11-07,737,N,VIIRS,n,2,297.21,4.22,D,0
30.33214,76.06078,339.84,0.39,0.44,2023-11-07,737,N,VIIRS,n,2,298.11,5.22,D,0
30.33248,75.72398,341.15,0.41,0.45,2023-11-07,737,N,VIIRS,n,2,299.45,5.02,D,0
30.33787,75.83642,340.78,0.4,0.44,2023-11-07,737,N,VIIRS,n,2,298.57,8.5,D,0
30.33787,76.2141,330.95,0.38,0.43,2023-11-07,737,N,VIIRS,n,2,298.43,1.96,D,0
30.33846,75.14928,334.88,0.44,0.46,2023-11-07,737,N,VIIRS,n,2,296.55,5.71,D,0
30.33924,75.77932,340.85,0.4,0.45,2023-11-07,737,N,VIIRS,n,2,298.36,3.61,D,0
30.33985,76.31563,337.86,0.57,0.43,2023-11-07,737,N,VIIRS,n,2,298.72,9.33,D,0
30.33995,75.23744,333.81,0.43,0.46,2023-11-07,737,N,VIIRS,n,2,295.99,3.83,D,0
30.34028,75.15238,334.4,0.44,0.46,2023-11-07,737,N,VIIRS,n,2,295.69,4.85,D,0
30.34074,75.66613,340.49,0.41,0.45,2023-11-07,737,N,VIIRS,n,2,300.47,12.03,D,0
30.3408,75.76575,331.91,0.4,0.45,2023-11-07,737,N,VIIRS,n,2,297.53,2.53,D,0
30.34159,76.00316,331.48,0.39,0.44,2023-11-07,737,N,VIIRS,n,2,298.25,2.27,D,0
30.34206,74.32433,342.82,0.49,0.48,2023-11-07,737,N,VIIRS,n,2,298.07,4.81,D,0
30.3423,75.2274,345.85,0.43,0.46,2023-11-07,737,N,VIIRS,n,2,302.73,10.99,D,0
30.3423,75.96459,352.25,0.39,0.44,2023-11-07,737,N,VIIRS,n,2,300.44,7.12,D,0
30.34576,75.79072,343.71,0.4,0.44,2023-11-07,737,N,VIIRS,n,2,298.82,4.84,D,0
30.34604,75.22741,351.96,0.43,0.46,2023-11-07,737,N,VIIRS,n,2,297.77,23.32,D,0
30.34613,75.89916,340.87,0.4,0.44,2023-11-07,737,N,VIIRS,n,2,298.89,6.57,D,0
30.34643,74.3231,367.0,0.49,0.48,2023-11-07,737,N,VIIRS,h,2,296.74,11.34,D,0
30.34646,75.22626,347.95,0.43,0.46,2023-11-07,737,N,VIIRS,n,2,295.87,10.99,D,0
30.34646,76.04856,331.1,0.39,0.44,2023-11-07,737,N,VIIRS,n,2,297.46,2.32,D,0
30.34732,76.11572,340.88,0.39,0.44,2023-11-07,737,N,VIIRS,n,2,298.26,3.91,D,0
30.34898,74.00047,339.97,0.51,0.49,2023-11-07,737,N,VIIRS,n,2,296.79,10.04,D,0
30.34917,74.98821,338.9,0.45,0.47,2023-11-07,737,N,VIIRS,n,2,297.93,3.15,D,0
30.34987,75.81145,341.16,0.4,0.44,2023-11-07,737,N,VIIRS,n,2,298.13,4.95,D,0
30.35391,75.81037,349.74,0.4,0.44,2023-11-07,737,N,VIIRS,n,2,298.76,4.95,D,0
30.35674,75.36317,348.46,0.42,0.46,2023-11-07,737,N,VIIRS,n,2,299.23,6.69,D,0
30.35719,75.82692,332.92,0.4,0.44,2023-11-07,737,N,VIIRS,n,2,298.06,1.75,D,0
30.35752,75.97765,341.16,0.39,0.44,2023-11-07,737,N,VIIRS,n,2,298.75,3.3,D,0
30.35843,74.57451,341.71,0.47,0.48,2023-11-07,737,N,VIIRS,n,2,295.74,5.14,D,0
30.35913,75.79763,347.26,0.4,0.44,2023-11-07,737,N,VIIRS,n,2,302.15,17.73,D,0
30.35952,75.79579,331.07,0.4,0.44,2023-11-07,737,N,VIIRS,n,2,296.87,8.93,D,0
30.3598,75.90415,335.23,0.4,0.44,2023-11-07,737,N,VIIRS,n,2,297.82,2.49,D,0
30.36034,75.79993,343.97,0.4,0.44,2023-11-07,737,N,VIIRS,n,2,300.3,8.93,D,0
30.36101,75.82758,331.89,0.4,0.44,2023-11-07,737,N,VIIRS,n,2,298.55,5.89,D,0
30.36122,75.82584,330.97,0.4,0.44,2023-11-07,737,N,VIIRS,n,2,297.91,2.47,D,0
30.36524,75.82477,332.28,0.4,0.44,2023-11-07,737,N,VIIRS,n,2,298.45,2.47,D,0
30.36621,74.4382,349.76,0.48,0.48,2023-11-07,737,N,VIIRS,n,2,303.79,48.97,D,0
30.36997,75.4285,340.41,0.42,0.45,2023-11-07,737,N,VIIRS,n,2,298.7,5.05,D,0
30.37024,75.91429,334.2,0.4,0.44,2023-11-07,737,N,VIIRS,n,2,298.27,2.85,D,0
30.3704,74.87502,333.13,0.45,0.47,2023-11-07,737,N,VIIRS,n,2,295.32,2.26,D,0
30.37086,75.75076,355.81,0.4,0.45,2023-11-07,737,N,VIIRS,n,2,302.64,16.81,D,0
30.37189,75.94393,342.2,0.4,0.44,2023-11-07,737,N,VIIRS,n,2,301.12,15.99,D,0
30.37319,75.03954,341.16,0.44,0.46,2023-11-07,737,N,VIIRS,n,2,296.9,3.99,D,0
30.37332,75.25279,343.23,0.43,0.46,2023-11-07,737,N,VIIRS,n,2,299.32,9.35,D,0
30.37687,75.69633,332.23,0.41,0.45,2023-11-07,737,N,VIIRS,n,2,296.61,8.2,D,0
30.37772,75.70053,340.77,0.41,0.45,2023-11-07,737,N,VIIRS,n,2,299.69,8.2,D,0
30.37827,75.36194,335.21,0.42,0.46,2023-11-07,737,N,VIIRS,n,2,297.16,2.56,D,0
30.37871,75.36272,332.73,0.42,0.46,2023-11-07,737,N,VIIRS,n,2,296.65,2.04,D,0
30.37909,76.0653,334.95,0.39,0.44,2023-11-07,737,N,VIIRS,n,2,299.88,2.25,D,0
30.3791,75.95913,340.81,0.39,0.44,2023-11-07,737,N,VIIRS,n,2,298.5,7.33,D,0
30.37923,75.68686,354.65,0.41,0.45,2023-11-07,737,N,VIIRS,n,2,299.3,8.57,D,0
30.3799,75.96319,342.81,0.39,0.44,2023-11-07,737,N,VIIRS,n,2,303.03,11.57,D,0
30.38118,75.63308,340.58,0.41,0.45,2023-11-07,737,N,VIIRS,n,2,298.23,4.68,D,0
30.38132,75.48467,341.68,0.42,0.45,2023-11-07,737,N,VIIRS,n,2,298.39,3.54,D,0
30.38212,75.10406,334.29,0.44,0.46,2023-11-07,737,N,VIIRS,n,2,296.64,6.73,D,0
30.38263,75.70363,333.52,0.41,0.45,2023-11-07,737,N,VIIRS,n,2,296.81,3.86,D,0
30.38289,75.64153,334.98,0.41,0.45,2023-11-07,737,N,VIIRS,n,2,298.49,2.33,D,0
30.38309,75.95807,348.71,0.39,0.44,2023-11-07,737,N,VIIRS,n,2,296.95,7.33,D,0
30.3839,75.96213,342.45,0.39,0.44,2023-11-07,737,N,VIIRS,n,2,298.72,11.57,D,0
30.38549,75.97024,340.7,0.39,0.44,2023-11-07,737,N,VIIRS,n,2,298.45,5.3,D,0
30.38653,75.78596,334.47,0.4,0.44,2023-11-07,737,N,VIIRS,n,2,297.48,4.08,D,0
30.38731,75.42838,344.0,0.42,0.45,2023-11-07,737,N,VIIRS,n,2,296.63,4.85,D,0
30.38753,75.70673,340.83,0.41,0.45,2023-11-07,737,N,VIIRS,n,2,297.38,5.54,D,0
30.38814,75.42895,340.26,0.42,0.45,2023-11-07,737,N,VIIRS,n,2,296.9,5.74,D,0
30.38818,75.43272,332.66,0.42,0.45,2023-11-07,737,N,VIIRS,n,2,295.88,4.51,D,0
30.38819,75.68889,335.53,0.41,0.45,2023-11-07,737,N,VIIRS,n,2,296.39,2.17,D,0
30.38964,75.88493,339.57,0.4,0.44,2023-11-07,737,N,VIIRS,n,2,296.13,3.13,D,0
30.39056,75.78489,340.14,0.4,0.44,2023-11-07,737,N,VIIRS,n,2,297.2,4.08,D,0
30.39091,75.72345,341.11,0.41,0.45,2023-11-07,737,N,VIIRS,n,2,300.4,6.53,D,0
30.39269,75.85823,340.59,0.4,0.44,2023-11-07,737,N,VIIRS,n,2,298.07,6.43,D,0
30.39394,75.69619,354.09,0.41,0.45,2023-11-07,737,N,VIIRS,n,2,298.23,9.43,D,0
30.39415,75.96951,333.88,0.39,0.44,2023-11-07,737,N,VIIRS,n,2,297.56,6.15,D,0
30.39422,75.11981,341.24,0.44,0.46,2023-11-07,737,N,VIIRS,n,2,296.29,6.78,D,0
30.39428,75.97219,355.75,0.39,0.44,2023-11-07,737,N,VIIRS,n,2,299.14,10.01,D,0
30.39496,75.72238,333.56,0.41,0.45,2023-11-07,737,N,VIIRS,n,2,298.96,6.53,D,0
30.39497,75.97355,340.86,0.39,0.44,2023-11-07,737,N,VIIRS,n,2,298.85,6.15,D,0
30.39602,74.9559,340.76,0.45,0.47,2023-11-07,737,N,VIIRS,n,2,296.51,5.77,D,0
30.39721,75.94305,339.84,0.39,0.44,2023-11-07,737,N,VIIRS,n,2,298.1,3.28,D,0
30.39798,74.95203,341.2,0.45,0.47,2023-11-07,737,N,VIIRS,n,2,298.81,12.3,D,0
30.39992,74.9612,330.81,0.45,0.47,2023-11-07,737,N,VIIRS,n,2,296.67,4.19,D,0
30.40024,74.95473,340.69,0.45,0.47,2023-11-07,737,N,VIIRS,n,2,296.37,5.77,D,0
30.4027,75.48344,345.66,0.42,0.45,2023-11-07,737,N,VIIRS,n,2,297.9,12.49,D,0
30.40321,75.74215,331.54,0.4,0.45,2023-11-07,737,N,VIIRS,n,2,297.07,2.07,D,0
30.40351,74.87244,341.02,0.45,0.47,2023-11-07,737,N,VIIRS,n,2,297.2,7.1,D,0
30.40388,75.48389,345.84,0.42,0.45,2023-11-07,737,N,VIIRS,n,2,298.53,11.46,D,0
30.40656,75.24377,343.36,0.43,0.46,2023-11-07,737,N,VIIRS,n,2,297.6,4.25,D,0
30.40723,75.86734,341.63,0.4,0.44,2023-11-07,737,N,VIIRS,n,2,297.01,3.75,D,0
30.40746,75.65717,331.43,0.41,0.45,2023-11-07,737,N,VIIRS,n,2,296.34,6.56,D,0
30.40787,75.50922,331.84,0.42,0.45,2023-11-07,737,N,VIIRS,n,2,297.72,3.06,D,0
30.40807,74.91519,334.47,0.45,0.47,2023-11-07,737,N,VIIRS,n,2,295.72,3.75,D,0
30.4083,75.66138,341.13,0.41,0.45,2023-11-07,737,N,VIIRS,n,2,300.58,13.38,D,0
30.40847,75.68347,355.25,0.41,0.45,2023-11-07,737,N,VIIRS,n,2,300.47,16.23,D,0
30.40851,75.81066,335.44,0.4,0.44,2023-11-07,737,N,VIIRS,n,2,298.17,2.46,D,0
30.40903,74.79199,331.11,0.46,0.47,2023-11-07,737,N,VIIRS,n,2,295.38,7.12,D,0
30.40905,75.14898,336.72,0.44,0.46,2023-11-07,737,N,VIIRS,n,2,296.02,4.39,D,0
30.40906,75.44613,343.32,0.42,0.45,2023-11-07,737,N,VIIRS,n,2,302.55,21.19,D,0
30.4092,75.50957,333.77,0.42,0.45,2023-11-07,737,N,VIIRS,n,2,296.65,3.15,D,0
30.41001,74.79668,340.48,0.46,0.47,2023-11-07,737,N,VIIRS,n,2,297.55,7.12,D,0
30.41071,75.24264,335.86,0.43,0.46,2023-11-07,737,N,VIIRS,n,2,295.82,3.63,D,0
30.41158,75.78368,334.62,0.4,0.44,2023-11-07,737,N,VIIRS,n,2,298.13,8.3,D,0
30.41237,75.66029,337.89,0.41,0.45,2023-11-07,737,N,VIIRS,n,2,296.56,3.48,D,0
30.41265,74.83056,349.29,0.45,0.47,2023-11-07,737,N,VIIRS,n,2,295.04,6.8,D,0
30.41337,75.81371,339.23,0.4,0.44,2023-11-07,737,N,VIIRS,n,2,299.19,2.46,D,0
30.4142,75.98549,341.56,0.39,0.44,2023-11-07,737,N,VIIRS,n,2,299.83,11.41,D,0
30.41474,75.65077,348.89,0.41,0.45,2023-11-07,737,N,VIIRS,n,2,300.25,9.12,D,0
30.41477,75.00399,343.63,0.44,0.46,2023-11-07,737,N,VIIRS,n,2,297.73,7.36,D,0
30.41507,75.1568,343.6,0.43,0.46,2023-11-07,737,N,VIIRS,n,2,296.58,6.88,D,0
30.41556,74.90826,338.55,0.45,0.47,2023-11-07,737,N,VIIRS,n,2,297.79,7.22,D,0
30.41558,75.65499,339.86,0.41,0.45,2023-11-07,737,N,VIIRS,n,2,297.4,9.12,D,0
30.41627,75.63703,347.08,0.41,0.45,2023-11-07,737,N,VIIRS,n,2,299.67,8.68,D,0
30.41652,74.72018,341.48,0.46,0.47,2023-11-07,737,N,VIIRS,n,2,295.37,6.89,D,0
30.41653,76.54774,334.24,0.55,0.43,2023-11-07,737,N,VIIRS,n,2,299.81,5.03,D,0
30.41695,75.61903,342.53,0.41,0.45,2023-11-07,737,N,VIIRS,n,2,297.71,4.99,D,0
30.41705,75.00002,332.1,0.44,0.46,2023-11-07,737,N,VIIRS,n,2,296.75,3.7,D,0
30.41727,75.66341,330.45,0.41,0.45,2023-11-07,737,N,VIIRS,n,2,297.9,3.48,D,0
30.4174,75.81264,334.67,0.4,0.44,2023-11-07,737,N,VIIRS,n,2,297.02,1.97,D,0
30.41751,74.72492,341.06,0.46,0.47,2023-11-07,737,N,VIIRS,n,2,295.6,6.89,D,0
30.41787,76.11395,330.48,0.39,0.44,2023-11-07,737,N,VIIRS,n,2,299.3,2.44,D,0
30.41801,75.00459,331.68,0.44,0.46,2023-11-07,737,N,VIIRS,n,2,295.49,4.36,D,0
30.41834,76.20135,332.99,0.38,0.43,2023-11-07,737,N,VIIRS,n,2,297.92,5.41,D,0
30.41859,76.11093,340.77,0.39,0.44,2023-11-07,737,N,VIIRS,n,2,298.66,2.34,D,0
30.41882,75.13206,339.37,0.44,0.46,2023-11-07,737,N,VIIRS,n,2,296.79,2.65,D,0
30.41926,75.41142,340.84,0.42,0.45,2023-11-07,737,N,VIIRS,n,2,298.06,11.88,D,0
30.42015,75.41575,350.07,0.42,0.45,2023-11-07,737,N,VIIRS,n,2,305.16,39.9,D,0
30.42071,75.82914,330.32,0.4,0.44,2023-11-07,737,N,VIIRS,n,2,297.02,2.07,D,0
30.42143,75.33732,338.48,0.42,0.46,2023-11-07,737,N,VIIRS,n,2,298.23,8.84,D,0
30.42233,75.34169,340.44,0.42,0.46,2023-11-07,737,N,VIIRS,n,2,297.84,9.32,D,0
30.423,75.13092,341.46,0.44,0.46,2023-11-07,737,N,VIIRS,n,2,298.29,9.71,D,0
30.42391,75.82395,330.46,0.4,0.44,2023-11-07,737,N,VIIRS,n,2,297.54,2.07,D,0
30.424,76.0549,332.63,0.39,0.44,2023-11-07,737,N,VIIRS,n,2,298.87,2.74,D,0
30.42546,76.19534,341.88,0.38,0.43,2023-11-07,737,N,VIIRS,n,2,300.49,11.19,D,0
30.42587,75.0839,338.05,0.44,0.46,2023-11-07,737,N,VIIRS,n,2,296.98,7.73,D,0
30.42635,75.08241,336.19,0.44,0.46,2023-11-07,737,N,VIIRS,n,2,296.86,3.31,D,0
30.42671,75.46867,343.35,0.42,0.45,2023-11-07,737,N,VIIRS,n,2,297.97,5.13,D,0
30.4273,75.862,349.26,0.4,0.44,2023-11-07,737,N,VIIRS,n,2,299.64,9.5,D,0
30.42911,75.07825,346.25,0.44,0.46,2023-11-07,737,N,VIIRS,n,2,299.21,7.73,D,0
30.42936,75.48156,342.25,0.42,0.45,2023-11-07,737,N,VIIRS,n,2,300.8,9.48,D,0
30.42962,75.07674,340.75,0.44,0.46,2023-11-07,737,N,VIIRS,n,2,298.1,6.25,D,0
30.42972,76.12476,340.39,0.39,0.44,2023-11-07,737,N,VIIRS,n,2,299.74,6.16,D,0
30.43054,75.08126,333.51,0.44,0.46,2023-11-07,737,N,VIIRS,n,2,297.5,6.25,D,0
30.43097,75.98533,339.94,0.39,0.44,2023-11-07,737,N,VIIRS,n,2,297.48,6.88,D,0
30.43259,74.64528,336.93,0.46,0.47,2023-11-07,737,N,VIIRS,n,2,296.74,6.2,D,0
30.43268,75.80423,341.14,0.4,0.44,2023-11-07,737,N,VIIRS,n,2,299.42,7.63,D,0
30.43572,75.40697,346.2,0.42,0.45,2023-11-07,737,N,VIIRS,n,2,297.93,5.08,D,0
30.43602,75.67167,339.99,0.41,0.45,2023-11-07,737,N,VIIRS,n,2,296.86,5.19,D,0
30.43733,75.03295,341.24,0.44,0.46,2023-11-07,737,N,VIIRS,n,2,297.34,4.44,D,0
30.43752,74.79897,349.28,0.45,0.47,2023-11-07,737,N,VIIRS,n,2,296.41,7.01,D,0
30.43802,75.93655,336.1,0.39,0.44,2023-11-07,737,N,VIIRS,n,2,298.82,2.37,D,0
30.43817,75.14229,335.09,0.43,0.46,2023-11-07,737,N,VIIRS,n,2,297.13,4.03,D,0
30.43833,75.67157,342.33,0.41,0.45,2023-11-07,737,N,VIIRS,n,2,298.12,8.64,D,0
30.43848,74.39383,340.59,0.48,0.48,2023-11-07,737,N,VIIRS,n,2,296.24,4.63,D,0
30.43885,75.3372,338.76,0.42,0.46,2023-11-07,737,N,VIIRS,n,2,296.65,3.62,D,0
30.4392,75.14545,340.45,0.44,0.46,2023-11-07,737,N,VIIRS,n,2,297.13,4.75,D,0
30.44008,75.67057,332.73,0.41,0.45,2023-11-07,737,N,VIIRS,n,2,295.9,4.26,D,0
30.44049,75.51471,356.26,0.42,0.45,2023-11-07,737,N,VIIRS,n,2,305.81,25.49,D,0
30.44106,75.88851,335.36,0.4,0.44,2023-11-07,737,N,VIIRS,n,2,296.53,2.66,D,0
30.44133,76.44535,335.36,0.56,0.43,2023-11-07,737,N,VIIRS,n,2,300.51,4.42,D,0
30.44182,75.11761,333.71,0.44,0.46,2023-11-07,737,N,VIIRS,n,2,295.49,7.93,D,0
30.44234,75.14114,330.27,0.43,0.46,2023-11-07,737,N,VIIRS,n,2,295.74,4.03,D,0
30.44239,76.12561,338.18,0.39,0.44,2023-11-07,737,N,VIIRS,n,2,298.52,6.25,D,0
30.4425,74.93007,331.41,0.45,0.47,2023-11-07,737,N,VIIRS,n,2,296.48,3.93,D,0
30.44276,75.1221,340.14,0.44,0.46,2023-11-07,737,N,VIIRS,n,2,297.9,10.91,D,0
30.44298,75.1207,353.63,0.44,0.46,2023-11-07,737,N,VIIRS,n,2,298.62,12.46,D,0
30.44318,76.12959,340.69,0.39,0.44,2023-11-07,737,N,VIIRS,n,2,296.86,6.25,D,0
30.44411,75.10749,336.17,0.44,0.46,2023-11-07,737,N,VIIRS,n,2,297.07,4.32,D,0
30.44461,74.98281,340.89,0.44,0.46,2023-11-07,737,N,VIIRS,n,2,297.28,4.93,D,0
30.44506,75.11198,354.02,0.44,0.46,2023-11-07,737,N,VIIRS,n,2,299.0,7.93,D,0
30.44629,75.39496,341.58,0.42,0.45,2023-11-07,737,N,VIIRS,n,2,298.27,5.11,D,0
30.44744,75.35792,334.9,0.42,0.45,2023-11-07,737,N,VIIRS,n,2,296.79,3.59,D,0
30.4483,75.10635,336.29,0.44,0.46,2023-11-07,737,N,VIIRS,n,2,295.21,3.68,D,0
30.44839,75.92523,331.41,0.39,0.44,2023-11-07,737,N,VIIRS,n,2,297.48,2.83,D,0
30.44845,75.94661,338.84,0.39,0.44,2023-11-07,737,N,VIIRS,n,2,302.14,10.11,D,0
30.44926,75.95068,345.88,0.39,0.44,2023-11-07,737,N,VIIRS,n,2,298.91,10.11,D,0
30.45072,75.41663,341.61,0.42,0.45,2023-11-07,737,N,VIIRS,n,2,298.92,4.56,D,0
30.45384,75.09055,331.39,0.44,0.46,2023-11-07,737,N,VIIRS,n,2,297.19,3.0,D,0
30.45406,75.95367,340.87,0.39,0.44,2023-11-07,737,N,VIIRS,n,2,297.88,8.39,D,0
30.4547,76.51398,334.53,0.55,0.43,2023-11-07,737,N,VIIRS,n,2,300.85,6.43,D,0
30.45534,75.83292,341.29,0.4,0.44,2023-11-07,737,N,VIIRS,n,2,296.5,6.45,D,0
30.45594,75.77184,336.95,0.4,0.44,2023-11-07,737,N,VIIRS,n,2,299.36,8.7,D,0
30.45676,75.77599,344.02,0.4,0.44,2023-11-07,737,N,VIIRS,n,2,297.65,8.7,D,0
30.45689,75.44688,341.46,0.42,0.45,2023-11-07,737,N,VIIRS,n,2,298.31,10.13,D,0
30.45773,75.82361,339.1,0.4,0.44,2023-11-07,737,N,VIIRS,n,2,298.93,8.51,D,0
30.45776,75.38728,340.17,0.42,0.45,2023-11-07,737,N,VIIRS,n,2,296.76,2.74,D,0
30.45797,75.68397,330.51,0.41,0.45,2023-11-07,737,N,VIIRS,n,2,296.36,5.93,D,0
30.45806,75.41007,341.17,0.42,0.45,2023-11-07,737,N,VIIRS,n,2,298.34,3.04,D,0
30.45855,75.82773,340.45,0.4,0.44,2023-11-07,737,N,VIIRS,n,2,298.97,8.51,D,0
30.45885,75.7715,341.3,0.4,0.44,2023-11-07,737,N,VIIRS,n,2,298.79,8.39,D,0
30.45912,75.56367,343.0,0.41,0.45,2023-11-07,737,N,VIIRS,n,2,295.73,10.15,D,0
30.46202,75.68288,355.73,0.41,0.45,2023-11-07,737,N,VIIRS,n,2,298.01,5.93,D,0
30.46288,75.77042,332.82,0.4,0.44,2023-11-07,737,N,VIIRS,n,2,296.41,8.39,D,0
30.46305,75.41329,332.4,0.42,0.45,2023-11-07,737,N,VIIRS,n,2,297.15,2.84,D,0
30.46343,74.77194,351.39,0.46,0.47,2023-11-07,737,N,VIIRS,n,2,294.85,8.47,D,0
30.46547,74.41231,339.8,0.48,0.48,2023-11-07,737,N,VIIRS,n,2,296.5,8.21,D,0
30.46561,75.23232,337.58,0.43,0.46,2023-11-07,737,N,VIIRS,n,2,295.63,3.79,D,0
30.46594,75.25559,354.35,0.43,0.46,2023-11-07,737,N,VIIRS,n,2,297.45,9.3,D,0
30.46607,75.23338,339.3,0.43,0.46,2023-11-07,737,N,VIIRS,n,2,296.8,4.15,D,0
30.46654,75.25658,341.21,0.43,0.46,2023-11-07,737,N,VIIRS,n,2,297.25,7.79,D,0
30.46702,75.53909,334.44,0.41,0.45,2023-11-07,737,N,VIIRS,n,2,296.66,12.1,D,0
30.46734,75.64609,330.78,0.41,0.45,2023-11-07,737,N,VIIRS,n,2,297.72,2.24,D,0
30.46757,75.66816,340.84,0.41,0.45,2023-11-07,737,N,VIIRS,n,2,298.69,5.19,D,0
30.46789,75.54336,340.59,0.41,0.45,2023-11-07,737,N,VIIRS,n,2,296.8,12.1,D,0
30.46865,75.33373,343.35,0.42,0.46,2023-11-07,737,N,VIIRS,n,2,296.45,5.06,D,0
30.46988,74.97587,348.67,0.44,0.46,2023-11-07,737,N,VIIRS,n,2,295.75,7.36,D,0
30.47059,75.49303,341.23,0.42,0.45,2023-11-07,737,N,VIIRS,n,2,298.19,5.24,D,0
30.4711,75.538,337.52,0.41,0.45,2023-11-07,737,N,VIIRS,n,2,295.05,3.81,D,0
30.47263,75.77655,337.65,0.4,0.44,2023-11-07,737,N,VIIRS,n,2,296.99,5.0,D,0
30.47383,74.88728,341.03,0.45,0.47,2023-11-07,737,N,VIIRS,n,2,296.45,6.74,D,0
30.47393,75.5731,348.49,0.41,0.45,2023-11-07,737,N,VIIRS,n,2,296.33,11.77,D,0
30.47469,75.49193,341.22,0.42,0.45,2023-11-07,737,N,VIIRS,n,2,298.07,5.24,D,0
30.47717,75.65231,343.74,0.41,0.45,2023-11-07,737,N,VIIRS,n,2,299.23,14.9,D,0
30.47758,75.69638,339.86,0.41,0.45,2023-11-07,737,N,VIIRS,n,2,296.07,4.87,D,0
30.47779,75.71832,331.02,0.4,0.45,2023-11-07,737,N,VIIRS,n,2,296.83,4.68,D,0
30.47801,76.11626,336.36,0.39,0.44,2023-11-07,737,N,VIIRS,n,2,299.09,5.06,D,0
30.47819,74.92992,344.47,0.45,0.47,2023-11-07,737,N,VIIRS,n,2,298.7,12.79,D,0
30.47823,75.67857,338.59,0.41,0.45,2023-11-07,737,N,VIIRS,n,2,296.6,6.14,D,0
30.47863,75.72249,340.81,0.4,0.45,2023-11-07,737,N,VIIRS,n,2,297.45,7.41,D,0
30.48011,75.39037,333.07,0.42,0.45,2023-11-07,737,N,VIIRS,n,2,295.96,2.75,D,0
30.48076,75.52189,341.96,0.41,0.45,2023-11-07,737,N,VIIRS,n,2,299.65,8.8,D,0
30.48103,75.81777,339.48,0.4,0.44,2023-11-07,737,N,VIIRS,n,2,297.56,5.06,D,0
30.48162,75.52615,330.82,0.41,0.45,2023-11-07,737,N,VIIRS,n,2,295.73,7.08,D,0
30.48187,75.82188,339.85,0.4,0.44,2023-11-07,737,N,VIIRS,n,2,296.56,5.06,D,0
30.48208,75.5709,341.85,0.41,0.45,2023-11-07,737,N,VIIRS,n,2,295.8,7.32,D,0
30.48241,74.92876,348.55,0.45,0.47,2023-11-07,737,N,VIIRS,n,2,296.06,8.61,D,0
30.48483,75.37075,350.88,0.42,0.45,2023-11-07,737,N,VIIRS,n,2,297.35,8.4,D,0
30.4857,74.63719,333.78,0.46,0.47,2023-11-07,737,N,VIIRS,n,2,292.92,3.53,D,0
30.48587,75.71616,332.72,0.4,0.45,2023-11-07,737,N,VIIRS,n,2,293.39,3.0,D,0
30.48614,75.37141,348.82,0.42,0.45,2023-11-07,737,N,VIIRS,n,2,298.66,7.55,D,0
30.48619,74.59656,330.88,0.47,0.47,2023-11-07,737,N,VIIRS,n,2,293.39,4.1,D,0
30.48694,76.39023,330.21,0.56,0.43,2023-11-07,737,N,VIIRS,n,2,298.24,3.35,D,0
30.48721,74.60135,339.7,0.47,0.47,2023-11-07,737,N,VIIRS,n,2,293.65,6.21,D,0
30.4876,75.99583,333.6,0.39,0.44,2023-11-07,737,N,VIIRS,n,2,297.07,2.57,D,0
30.48772,74.64671,342.87,0.46,0.47,2023-11-07,737,N,VIIRS,n,2,293.44,6.62,D,0
30.48822,75.45203,334.98,0.42,0.45,2023-11-07,737,N,VIIRS,n,2,296.18,5.69,D,0
30.48937,75.56447,342.49,0.41,0.45,2023-11-07,737,N,VIIRS,n,2,296.1,9.54,D,0
30.49034,75.4196,341.03,0.42,0.45,2023-11-07,737,N,VIIRS,n,2,298.62,4.77,D,0
30.49137,74.77063,332.9,0.45,0.47,2023-11-07,737,N,VIIRS,n,2,294.77,2.33,D,0
30.49475,76.01087,340.65,0.39,0.44,2023-11-07,737,N,VIIRS,n,2,299.97,4.72,D,0
30.49576,75.63848,330.54,0.41,0.45,2023-11-07,737,N,VIIRS,n,2,289.3,2.88,D,0
30.49669,75.35939,335.16,0.42,0.45,2023-11-07,737,N,VIIRS,n,2,286.74,3.02,D,0
30.49744,75.39024,331.11,0.42,0.45,2023-11-07,737,N,VIIRS,n,2,297.57,1.91,D,0
30.50224,75.85967,340.72,0.4,0.44,2023-11-07,737,N,VIIRS,n,2,298.72,4.68,D,0
30.50313,75.07227,342.31,0.44,0.46,2023-11-07,737,N,VIIRS,n,2,299.46,8.93,D,0
30.50549,75.4519,332.9,0.42,0.45,2023-11-07,737,N,VIIRS,n,2,296.33,9.94,D,0
30.50554,74.87985,339.36,0.45,0.47,2023-11-07,737,N,VIIRS,n,2,295.7,4.29,D,0
30.50624,76.48763,335.31,0.55,0.43,2023-11-07,737,N,VIIRS,n,2,300.48,9.55,D,0
30.50635,75.4562,342.81,0.42,0.45,2023-11-07,737,N,VIIRS,n,2,304.34,18.91,D,0
30.5073,74.69646,333.26,0.46,0.47,2023-11-07,737,N,VIIRS,n,2,295.52,3.35,D,0
30.5073,75.45234,338.11,0.42,0.45,2023-11-07,737,N,VIIRS,n,2,299.45,15.15,D,0
30.50732,75.07113,367.0,0.44,0.46,2023-11-07,737,N,VIIRS,h,2,298.15,8.93,D,0
30.50778,74.80563,341.59,0.45,0.47,2023-11-07,737,N,VIIRS,n,2,296.58,6.96,D,0
30.50819,75.45663,341.02,0.42,0.45,2023-11-07,737,N,VIIRS,n,2,297.59,13.04,D,0
30.50826,74.9894,335.62,0.44,0.46,2023-11-07,737,N,VIIRS,n,2,296.23,4.2,D,0
30.50927,75.70549,331.2,0.4,0.45,2023-11-07,737,N,VIIRS,n,2,291.96,2.74,D,0
30.51008,74.91138,333.25,0.45,0.47,2023-11-07,737,N,VIIRS,n,2,296.13,3.64,D,0
30.51315,75.57593,336.4,0.41,0.45,2023-11-07,737,N,VIIRS,n,2,295.61,3.25,D,0
30.51352,75.48235,338.29,0.42,0.45,2023-11-07,737,N,VIIRS,n,2,300.12,4.77,D,0
30.5137,75.33637,343.39,0.42,0.45,2023-11-07,737,N,VIIRS,n,2,292.31,6.21,D,0
30.51449,75.53976,342.27,0.41,0.45,2023-11-07,737,N,VIIRS,n,2,303.82,19.33,D,0
30.51561,75.48087,340.81,0.42,0.45,2023-11-07,737,N,VIIRS,n,2,299.01,7.46,D,0
30.51586,76.03087,336.67,0.39,0.44,2023-11-07,737,N,VIIRS,n,2,297.96,5.72,D,0
30.51618,76.03481,336.53,0.39,0.44,2023-11-07,737,N,VIIRS,n,2,297.06,5.79,D,0
30.51647,75.48515,340.66,0.42,0.45,2023-11-07,737,N,VIIRS,n,2,298.36,7.46,D,0
30.51761,75.48126,341.5,0.42,0.45,2023-11-07,737,N,VIIRS,n,2,298.25,11.34,D,0
30.51788,76.48462,332.23,0.55,0.43,2023-11-07,737,N,VIIRS,n,2,296.96,3.14,D,0
30.51819,75.35815,339.79,0.42,0.45,2023-11-07,737,N,VIIRS,n,2,294.2,8.28,D,0
30.5191,75.60556,352.95,0.41,0.45,2023-11-07,737,N,VIIRS,n,2,295.89,7.92,D,0
30.52088,75.37119,344.83,0.42,0.45,2023-11-07,737,N,VIIRS,n,2,298.15,6.91,D,0
30.52217,75.83279,340.38,0.4,0.44,2023-11-07,737,N,VIIRS,n,2,296.25,4.52,D,0
30.52238,76.32017,347.2,0.56,0.43,2023-11-07,737,N,VIIRS,n,2,300.03,15.21,D,0
30.52346,75.48872,345.38,0.42,0.45,2023-11-07,737,N,VIIRS,n,2,298.67,9.83,D,0
30.52406,75.06652,330.26,0.44,0.46,2023-11-07,737,N,VIIRS,n,2,295.65,3.22,D,0
30.5241,75.36574,343.44,0.42,0.45,2023-11-07,737,N,VIIRS,n,2,296.86,12.07,D,0
30.52496,75.26394,336.75,0.43,0.46,2023-11-07,737,N,VIIRS,n,2,296.88,3.29,D,0
30.52498,75.07103,339.8,0.44,0.46,2023-11-07,737,N,VIIRS,n,2,297.24,5.73,D,0
30.52588,75.53218,342.47,0.41,0.45,2023-11-07,737,N,VIIRS,n,2,294.52,8.84,D,0
30.52618,75.83172,337.52,0.4,0.44,2023-11-07,737,N,VIIRS,n,2,293.9,4.52,D,0
30.52643,76.36177,346.82,0.56,0.43,2023-11-07,737,N,VIIRS,n,2,299.35,8.88,D,0
30.52817,75.53241,342.06,0.41,0.45,2023-11-07,737,N,VIIRS,n,2,295.18,8.25,D,0
30.52865,75.69591,340.9,0.4,0.45,2023-11-07,737,N,VIIRS,n,2,294.86,9.79,D,0
30.52879,75.00298,347.11,0.44,0.46,2023-11-07,737,N,VIIRS,n,2,297.15,5.93,D,0
30.53164,75.00341,340.03,0.44,0.46,2023-11-07,737,N,VIIRS,n,2,297.46,7.08,D,0
30.53193,75.08341,330.79,0.44,0.46,2023-11-07,737,N,VIIRS,n,2,296.6,2.06,D,0
30.53564,75.64549,333.34,0.41,0.45,2023-11-07,737,N,VIIRS,n,2,296.51,3.47,D,0
30.53953,75.52487,345.43,0.41,0.45,2023-11-07,737,N,VIIRS,n,2,296.1,5.92,D,0
30.54239,75.62226,335.93,0.41,0.45,2023-11-07,737,N,VIIRS,n,2,295.8,6.08,D,0
30.54313,74.65138,333.33,0.46,0.47,2023-11-07,737,N,VIIRS,n,2,295.7,9.01,D,0
30.54362,75.62119,340.69,0.41,0.45,2023-11-07,737,N,VIIRS,n,2,296.52,6.31,D,0
30.54494,75.06665,340.55,0.44,0.46,2023-11-07,737,N,VIIRS,n,2,296.7,5.73,D,0
30.54589,75.38728,367.0,0.42,0.45,2023-11-07,737,N,VIIRS,h,2,297.76,8.11,D,0
30.54945,75.23398,340.68,0.43,0.46,2023-11-07,737,N,VIIRS,n,2,296.78,4.75,D,0
30.55048,75.05085,339.47,0.44,0.46,2023-11-07,737,N,VIIRS,n,2,296.22,3.81,D,0
30.55317,76.00835,340.31,0.39,0.44,2023-11-07,737,N,VIIRS,n,2,298.3,5.53,D,0
30.55372,75.0452,330.32,0.44,0.46,2023-11-07,737,N,VIIRS,n,2,295.27,4.85,D,0
30.55495,75.17731,348.53,0.43,0.46,2023-11-07,737,N,VIIRS,n,2,298.19,12.0,D,0
30.55524,75.17626,340.57,0.43,0.46,2023-11-07,737,N,VIIRS,n,2,297.55,5.93,D,0
30.5561,74.92912,343.76,0.44,0.46,2023-11-07,737,N,VIIRS,n,2,296.96,5.89,D,0
30.55614,75.1807,342.57,0.43,0.46,2023-11-07,737,N,VIIRS,n,2,296.93,5.93,D,0
30.55629,75.6274,340.75,0.41,0.45,2023-11-07,737,N,VIIRS,n,2,298.12,10.06,D,0
30.55772,76.39606,334.56,0.56,0.43,2023-11-07,737,N,VIIRS,n,2,299.68,5.8,D,0
30.55921,74.70697,341.65,0.46,0.47,2023-11-07,737,N,VIIRS,n,2,299.37,11.16,D,0
30.55939,75.4745,330.71,0.42,0.45,2023-11-07,737,N,VIIRS,n,2,291.11,2.62,D,0
30.56096,75.9213,341.09,0.39,0.44,2023-11-07,737,N,VIIRS,n,2,299.79,5.34,D,0
30.56325,76.59184,333.54,0.55,0.42,2023-11-07,737,N,VIIRS,n,2,298.66,3.86,D,0
30.56346,75.97598,338.65,0.39,0.44,2023-11-07,737,N,VIIRS,n,2,296.95,5.01,D,0
30.56496,75.92024,343.25,0.39,0.44,2023-11-07,737,N,VIIRS,n,2,298.27,6.52,D,0
30.56522,75.48195,344.02,0.41,0.45,2023-11-07,737,N,VIIRS,n,2,293.35,5.77,D,0
30.56676,74.69987,340.51,0.46,0.47,2023-11-07,737,N,VIIRS,n,2,296.05,11.83,D,0
30.56849,75.41307,330.46,0.42,0.45,2023-11-07,737,N,VIIRS,n,2,293.64,2.26,D,0
30.56946,75.56608,340.56,0.41,0.45,2023-11-07,737,N,VIIRS,n,2,295.49,7.06,D,0
30.57066,76.01219,341.4,0.39,0.44,2023-11-07,737,N,VIIRS,n,2,297.61,6.32,D,0
30.57165,75.61884,340.11,0.41,0.45,2023-11-07,737,N,VIIRS,n,2,298.79,6.42,D,0
30.57376,75.75448,333.04,0.4,0.44,2023-11-07,737,N,VIIRS,n,2,295.44,1.82,D,0
30.57465,75.67544,343.45,0.4,0.45,2023-11-07,737,N,VIIRS,n,2,296.19,3.88,D,0
30.57822,74.71163,342.44,0.46,0.47,2023-11-07,737,N,VIIRS,n,2,295.36,6.32,D,0
30.57932,75.90788,336.06,0.39,0.44,2023-11-07,737,N,VIIRS,n,2,297.55,3.61,D,0
30.57947,75.76165,340.33,0.4,0.44,2023-11-07,737,N,VIIRS,n,2,293.22,4.72,D,0
30.58012,75.91194,340.83,0.39,0.44,2023-11-07,737,N,VIIRS,n,2,298.52,7.74,D,0
30.58251,75.90275,338.81,0.39,0.44,2023-11-07,737,N,VIIRS,n,2,297.86,3.61,D,0
30.58333,75.92817,338.02,0.39,0.44,2023-11-07,737,N,VIIRS,n,2,297.64,3.1,D,0
30.58516,75.43128,337.42,0.42,0.45,2023-11-07,737,N,VIIRS,n,2,295.43,3.52,D,0
30.58659,75.56592,333.82,0.41,0.45,2023-11-07,737,N,VIIRS,n,2,293.94,1.73,D,0
30.58729,76.09598,342.95,0.38,0.44,2023-11-07,737,N,VIIRS,n,2,299.11,7.19,D,0
30.58997,76.39369,331.27,0.56,0.43,2023-11-07,737,N,VIIRS,n,2,298.13,2.97,D,0
30.59085,74.96786,341.87,0.44,0.46,2023-11-07,737,N,VIIRS,n,2,300.29,35.73,D,0
30.59414,76.73032,337.88,0.54,0.42,2023-11-07,737,N,VIIRS,n,2,301.89,5.03,D,0
30.59633,75.86524,341.56,0.4,0.44,2023-11-07,737,N,VIIRS,n,2,298.15,3.88,D,0
30.59769,75.45055,331.82,0.42,0.45,2023-11-07,737,N,VIIRS,n,2,294.17,2.54,D,0
30.60134,74.82392,340.34,0.45,0.47,2023-11-07,737,N,VIIRS,n,2,295.76,4.22,D,0
30.60163,75.12692,331.67,0.43,0.46,2023-11-07,737,N,VIIRS,n,2,295.45,2.58,D,0
30.60217,75.40847,348.7,0.42,0.45,2023-11-07,737,N,VIIRS,n,2,296.17,5.0,D,0
30.60244,75.40459,334.8,0.42,0.45,2023-11-07,737,N,VIIRS,n,2,295.67,7.24,D,0
30.60256,75.13139,330.71,0.43,0.46,2023-11-07,737,N,VIIRS,n,2,296.3,2.58,D,0
30.60333,75.4089,344.07,0.42,0.45,2023-11-07,737,N,VIIRS,n,2,300.11,7.24,D,0
30.60464,75.67619,337.77,0.4,0.45,2023-11-07,737,N,VIIRS,n,2,297.06,3.26,D,0
30.60511,75.27082,330.68,0.42,0.46,2023-11-07,737,N,VIIRS,n,2,295.71,3.25,D,0
30.60627,75.40735,354.17,0.42,0.45,2023-11-07,737,N,VIIRS,n,2,300.94,21.25,D,0
30.60654,75.40349,341.17,0.42,0.45,2023-11-07,737,N,VIIRS,n,2,296.19,7.24,D,0
30.60743,75.40779,331.85,0.42,0.45,2023-11-07,737,N,VIIRS,n,2,296.82,7.24,D,0
30.60868,75.6751,351.52,0.4,0.45,2023-11-07,737,N,VIIRS,n,2,295.6,8.99,D,0
30.60994,75.53279,334.67,0.41,0.45,2023-11-07,737,N,VIIRS,n,2,292.37,3.1,D,0
30.61028,75.3797,340.32,0.42,0.45,2023-11-07,737,N,VIIRS,n,2,296.42,4.39,D,0
30.61686,75.96643,330.84,0.39,0.44,2023-11-07,737,N,VIIRS,n,2,295.8,3.06,D,0
30.61829,75.12234,332.72,0.43,0.46,2023-11-07,737,N,VIIRS,n,2,295.46,2.79,D,0
30.62008,75.42706,340.06,0.42,0.45,2023-11-07,737,N,VIIRS,n,2,295.32,4.12,D,0
30.62084,75.96539,330.03,0.39,0.44,2023-11-07,737,N,VIIRS,n,2,295.89,3.06,D,0
30.62485,75.06847,337.64,0.44,0.46,2023-11-07,737,N,VIIRS,n,2,296.4,3.8,D,0
30.62628,75.45705,334.59,0.41,0.45,2023-11-07,737,N,VIIRS,n,2,296.42,13.76,D,0
30.62716,75.46133,341.04,0.41,0.45,2023-11-07,737,N,VIIRS,n,2,297.32,18.33,D,0
30.62805,75.6655,338.7,0.4,0.45,2023-11-07,737,N,VIIRS,n,2,294.81,6.68,D,0
30.63043,75.24538,342.88,0.43,0.46,2023-11-07,737,N,VIIRS,n,2,297.34,7.01,D,0
30.6317,75.27283,356.44,0.42,0.46,2023-11-07,737,N,VIIRS,n,2,297.43,9.41,D,0
30.63224,75.36003,342.52,0.42,0.45,2023-11-07,737,N,VIIRS,n,2,295.77,9.03,D,0
30.63278,75.6466,341.34,0.41,0.45,2023-11-07,737,N,VIIRS,n,2,294.46,5.27,D,0
30.63697,76.57636,333.68,0.54,0.42,2023-11-07,737,N,VIIRS,n,2,301.54,4.0,D,0
30.63799,75.30341,352.39,0.42,0.45,2023-11-07,737,N,VIIRS,n,2,297.81,8.73,D,0
30.63818,75.73724,337.1,0.4,0.44,2023-11-07,737,N,VIIRS,n,2,296.65,3.47,D,0
30.63911,76.50468,340.79,0.55,0.43,2023-11-07,737,N,VIIRS,n,2,302.44,7.77,D,0
30.64003,75.1211,339.9,0.43,0.46,2023-11-07,737,N,VIIRS,n,2,297.07,4.75,D,0
30.64149,75.55166,341.76,0.41,0.45,2023-11-07,737,N,VIIRS,n,2,285.95,11.44,D,0
30.6422,75.73616,342.9,0.4,0.44,2023-11-07,737,N,VIIRS,n,2,296.15,3.47,D,0
30.64259,76.07322,331.55,0.38,0.44,2023-11-07,737,N,VIIRS,n,2,298.26,2.31,D,0
30.64626,75.94593,340.56,0.39,0.44,2023-11-07,737,N,VIIRS,n,2,299.58,11.7,D,0
30.65017,76.51967,332.56,0.55,0.43,2023-11-07,737,N,VIIRS,n,2,299.3,4.27,D,0
30.65673,76.42832,330.04,0.55,0.43,2023-11-07,737,N,VIIRS,n,2,297.71,2.33,D,0
30.661,75.35221,341.46,0.42,0.45,2023-11-07,737,N,VIIRS,n,2,298.85,12.05,D,0
30.66595,75.29117,331.61,0.42,0.45,2023-11-07,737,N,VIIRS,n,2,295.61,2.33,D,0
30.66647,75.67323,345.42,0.4,0.44,2023-11-07,737,N,VIIRS,n,2,297.52,10.43,D,0
30.67974,76.09266,338.03,0.38,0.43,2023-11-07,737,N,VIIRS,n,2,298.1,5.63,D,0
30.68053,76.09662,340.11,0.38,0.43,2023-11-07,737,N,VIIRS,n,2,296.92,5.74,D,0
30.68901,75.57446,332.21,0.41,0.45,2023-11-07,737,N,VIIRS,n,2,294.06,5.17,D,0
30.69064,75.3487,336.17,0.42,0.45,2023-11-07,737,N,VIIRS,n,2,295.24,4.52,D,0
30.69588,75.37466,347.13,0.42,0.45,2023-11-07,737,N,VIIRS,n,2,296.66,7.08,D,0
30.697,75.40164,331.76,0.42,0.45,2023-11-07,737,N,VIIRS,n,2,292.23,1.71,D,0
30.70008,75.45961,351.43,0.41,0.45,2023-11-07,737,N,VIIRS,n,2,293.09,10.02,D,0
30.70094,75.46387,342.54,0.41,0.45,2023-11-07,737,N,VIIRS,n,2,292.69,10.02,D,0
30.70203,75.49056,330.76,0.41,0.45,2023-11-07,737,N,VIIRS,n,2,289.18,1.69,D,0
30.71042,76.45417,341.63,0.55,0.43,2023-11-07,737,N,VIIRS,n,2,299.62,5.22,D,0
30.71097,76.45614,341.22,0.55,0.43,2023-11-07,737,N,VIIRS,n,2,299.69,7.28,D,0
30.71591,76.44079,338.22,0.55,0.43,2023-11-07,737,N,VIIRS,n,2,301.47,8.89,D,0
30.71703,76.44647,332.1,0.55,0.43,2023-11-07,737,N,VIIRS,n,2,298.3,3.96,D,0
30.71879,76.47588,331.45,0.55,0.43,2023-11-07,737,N,VIIRS,n,2,298.55,3.05,D,0
30.71929,76.45785,331.99,0.55,0.43,2023-11-07,737,N,VIIRS,n,2,298.48,7.32,D,0
30.73074,75.50517,331.22,0.41,0.45,2023-11-07,737,N,VIIRS,n,2,292.24,2.26,D,0
30.73326,75.91871,339.11,0.39,0.44,2023-11-07,737,N,VIIRS,n,2,299.91,7.41,D,0
30.75086,75.94373,332.66,0.39,0.44,2023-11-07,737,N,VIIRS,n,2,297.04,3.42,D,0
30.75338,75.99792,336.7,0.39,0.44,2023-11-07,737,N,VIIRS,n,2,296.15,2.86,D,0
30.75738,76.01785,330.7,0.39,0.44,2023-11-07,737,N,VIIRS,n,2,296.87,2.85,D,0
30.76122,75.95367,341.01,0.39,0.44,2023-11-07,737,N,VIIRS,n,2,298.8,3.51,D,0
30.76123,76.38097,332.67,0.55,0.43,2023-11-07,737,N,VIIRS,n,2,299.58,3.23,D,0
30.76569,76.40385,335.68,0.55,0.43,2023-11-07,737,N,VIIRS,n,2,300.87,6.96,D,0
30.77398,75.99665,340.61,0.39,0.44,2023-11-07,737,N,VIIRS,n,2,297.26,6.46,D,0
30.77542,75.89896,330.57,0.39,0.44,2023-11-07,737,N,VIIRS,n,2,297.08,4.42,D,0
30.78672,76.30171,330.25,0.56,0.43,2023-11-07,737,N,VIIRS,n,2,297.13,3.48,D,0
30.79931,75.99829,340.78,0.39,0.44,2023-11-07,737,N,VIIRS,n,2,296.56,6.14,D,0
30.80886,75.91981,331.58,0.39,0.44,2023-11-07,737,N,VIIRS,n,2,297.26,2.54,D,0
30.82931,76.02384,335.38,0.38,0.44,2023-11-07,737,N,VIIRS,n,2,296.42,2.84,D,0
30.8392,76.38838,332.36,0.55,0.43,2023-11-07,737,N,VIIRS,n,2,298.46,2.74,D,0
30.84709,76.241,333.29,0.56,0.43,2023-11-07,737,N,VIIRS,n,2,294.4,2.78,D,0
31.02728,78.0347,336.14,0.46,0.39,2023-11-07,737,N,VIIRS,n,2,297.52,5.02,D,0
30.47701,74.14793,337.99,0.49,0.49,2023-11-07,738,N,VIIRS,n,2,296.31,4.7,D,0
30.48141,74.14668,345.94,0.49,0.49,2023-11-07,738,N,VIIRS,n,2,296.41,17.11,D,0
30.50212,74.24242,335.45,0.49,0.48,2023-11-07,738,N,VIIRS,n,2,295.11,2.75,D,0
30.51325,74.18594,333.1,0.49,0.49,2023-11-07,738,N,VIIRS,n,2,296.14,4.61,D,0
30.51434,74.19098,339.48,0.49,0.49,2023-11-07,738,N,VIIRS,n,2,296.23,6.38,D,0
30.53709,74.25375,337.21,0.49,0.48,2023-11-07,738,N,VIIRS,n,2,295.77,7.33,D,0
30.53816,74.25874,343.05,0.49,0.48,2023-11-07,738,N,VIIRS,n,2,297.53,13.12,D,0
30.56456,74.70351,340.9,0.46,0.47,2023-11-07,738,N,VIIRS,n,2,297.31,7.94,D,0
30.56957,74.22016,332.11,0.49,0.48,2023-11-07,738,N,VIIRS,n,2,295.98,3.37,D,0
30.57837,74.70466,334.48,0.46,0.47,2023-11-07,738,N,VIIRS,n,2,295.79,2.9,D,0
30.57937,74.70937,343.15,0.46,0.47,2023-11-07,738,N,VIIRS,n,2,296.89,12.32,D,0
30.59316,74.71048,331.82,0.46,0.47,2023-11-07,738,N,VIIRS,n,2,294.42,2.39,D,0
30.6032,74.82137,336.76,0.45,0.47,2023-11-07,738,N,VIIRS,n,2,295.31,4.91,D,0
30.60364,74.1625,340.49,0.49,0.49,2023-11-07,738,N,VIIRS,n,2,295.59,4.41,D,0
30.60833,74.61103,357.15,0.46,0.47,2023-11-07,738,N,VIIRS,n,2,297.01,15.02,D,0
30.6113,74.77483,340.53,0.45,0.47,2023-11-07,738,N,VIIRS,n,2,296.8,7.41,D,0
30.61575,74.6892,331.64,0.46,0.47,2023-11-07,738,N,VIIRS,n,2,295.49,2.25,D,0
30.61872,74.37763,331.17,0.48,0.48,2023-11-07,738,N,VIIRS,n,2,295.84,3.2,D,0
30.63633,74.59306,332.02,0.46,0.47,2023-11-07,738,N,VIIRS,n,2,295.97,3.03,D,0
30.63858,74.90424,336.29,0.44,0.46,2023-11-07,738,N,VIIRS,n,2,294.38,3.87,D,0
30.64256,74.27879,340.0,0.48,0.48,2023-11-07,738,N,VIIRS,n,2,294.55,7.34,D,0
30.64363,74.28374,340.1,0.48,0.48,2023-11-07,738,N,VIIRS,n,2,295.5,9.52,D,0
30.64772,74.47465,341.63,0.47,0.48,2023-11-07,738,N,VIIRS,n,2,297.57,7.84,D,0
30.65116,74.29736,328.91,0.48,0.48,2023-11-07,738,N,VIIRS,n,2,294.19,5.09,D,0
30.65184,74.6891,333.72,0.46,0.47,2023-11-07,738,N,VIIRS,n,2,295.32,3.37,D,0
30.6525,74.64891,335.59,0.46,0.47,2023-11-07,738,N,VIIRS,n,2,294.99,5.1,D,0
30.65315,74.67374,336.63,0.46,0.47,2023-11-07,738,N,VIIRS,n,2,294.56,2.89,D,0
30.65324,75.05845,330.02,0.44,0.46,2023-11-07,738,N,VIIRS,n,2,295.36,3.29,D,0
30.65409,74.91445,341.63,0.44,0.46,2023-11-07,738,N,VIIRS,n,2,295.68,4.6,D,0
30.65579,74.64298,329.9,0.46,0.47,2023-11-07,738,N,VIIRS,n,2,295.41,6.25,D,0
30.66665,74.52039,330.31,0.47,0.47,2023-11-07,738,N,VIIRS,n,2,295.65,3.51,D,0
30.66797,74.22404,329.81,0.48,0.48,2023-11-07,738,N,VIIRS,n,2,292.84,3.87,D,0
30.67114,74.23902,340.35,0.48,0.48,2023-11-07,738,N,VIIRS,n,2,296.06,9.9,D,0
30.68016,75.06055,341.07,0.43,0.46,2023-11-07,738,N,VIIRS,n,2,296.22,4.32,D,0
30.68593,74.41762,331.76,0.47,0.48,2023-11-07,738,N,VIIRS,n,2,295.36,2.43,D,0
30.68763,75.18083,331.29,0.43,0.46,2023-11-07,738,N,VIIRS,n,2,296.71,2.3,D,0
30.69746,74.34174,349.62,0.48,0.48,2023-11-07,738,N,VIIRS,n,2,295.92,8.8,D,0
30.69953,75.23802,340.36,0.42,0.46,2023-11-07,738,N,VIIRS,n,2,297.52,6.59,D,0
30.70044,75.24242,341.58,0.42,0.46,2023-11-07,738,N,VIIRS,n,2,297.95,8.98,D,0
30.70101,74.82986,330.49,0.45,0.47,2023-11-07,738,N,VIIRS,n,2,294.89,3.08,D,0
30.70184,75.22813,340.6,0.43,0.46,2023-11-07,738,N,VIIRS,n,2,297.04,5.09,D,0
30.70194,75.14417,348.14,0.43,0.46,2023-11-07,738,N,VIIRS,n,2,300.06,6.82,D,0
30.70609,75.14303,341.76,0.43,0.46,2023-11-07,738,N,VIIRS,n,2,295.88,6.82,D,0
30.70739,74.51913,341.85,0.47,0.47,2023-11-07,738,N,VIIRS,n,2,297.12,10.9,D,0
30.71251,74.87399,343.57,0.44,0.46,2023-11-07,738,N,VIIRS,n,2,296.12,4.41,D,0
30.71253,74.69363,331.09,0.45,0.47,2023-11-07,738,N,VIIRS,n,2,295.21,3.09,D,0
30.71527,74.79159,331.83,0.45,0.47,2023-11-07,738,N,VIIRS,n,2,295.27,8.94,D,0
30.71626,74.79622,341.09,0.45,0.47,2023-11-07,738,N,VIIRS,n,2,295.27,8.94,D,0
30.71771,74.92097,329.57,0.44,0.46,2023-11-07,738,N,VIIRS,n,2,293.84,3.16,D,0
30.72109,75.23678,339.98,0.42,0.46,2023-11-07,738,N,VIIRS,n,2,295.79,3.93,D,0
30.72207,74.45882,330.53,0.47,0.48,2023-11-07,738,N,VIIRS,n,2,294.77,2.61,D,0
30.72248,74.5908,340.02,0.46,0.47,2023-11-07,738,N,VIIRS,n,2,295.66,6.22,D,0
30.7229,75.24553,334.02,0.42,0.46,2023-11-07,738,N,VIIRS,n,2,295.69,3.33,D,0
30.7235,74.33652,354.46,0.48,0.48,2023-11-07,738,N,VIIRS,n,2,298.37,21.27,D,0
30.7238,75.24991,333.12,0.42,0.45,2023-11-07,738,N,VIIRS,n,2,295.53,3.33,D,0
30.72511,74.47331,338.27,0.47,0.48,2023-11-07,738,N,VIIRS,n,2,295.25,4.45,D,0
30.72942,74.4721,333.94,0.47,0.48,2023-11-07,738,N,VIIRS,n,2,295.2,4.45,D,0
30.73085,74.67358,332.21,0.46,0.47,2023-11-07,738,N,VIIRS,n,2,296.26,4.39,D,0
30.73133,74.28732,335.76,0.48,0.48,2023-11-07,738,N,VIIRS,n,2,294.76,2.99,D,0
30.7318,75.18272,338.2,0.43,0.46,2023-11-07,738,N,VIIRS,n,2,293.26,3.2,D,0
30.73439,74.90316,337.61,0.44,0.46,2023-11-07,738,N,VIIRS,n,2,296.36,8.02,D,0
30.73536,74.90771,334.83,0.44,0.46,2023-11-07,738,N,VIIRS,n,2,294.71,8.02,D,0
30.73775,75.19041,343.07,0.43,0.46,2023-11-07,738,N,VIIRS,n,2,297.31,9.2,D,0
30.7386,74.90199,339.46,0.44,0.46,2023-11-07,738,N,VIIRS,n,2,297.85,8.02,D,0
30.73956,74.90656,341.37,0.44,0.46,2023-11-07,738,N,VIIRS,n,2,294.49,8.02,D,0
30.74215,74.29472,339.43,0.48,0.48,2023-11-07,738,N,VIIRS,n,2,295.84,12.29,D,0
30.74289,74.58002,338.21,0.46,0.47,2023-11-07,738,N,VIIRS,n,2,295.92,4.77,D,0
30.743,75.25851,340.35,0.42,0.45,2023-11-07,738,N,VIIRS,n,2,296.45,5.13,D,0
30.74363,74.73448,341.42,0.45,0.47,2023-11-07,738,N,VIIRS,n,2,296.47,8.7,D,0
30.74569,74.41822,340.96,0.47,0.48,2023-11-07,738,N,VIIRS,n,2,295.34,2.77,D,0
30.7496,75.3119,347.53,0.42,0.45,2023-11-07,738,N,VIIRS,n,2,298.39,11.34,D,0
30.75016,74.72278,341.13,0.45,0.47,2023-11-07,738,N,VIIRS,n,2,295.21,6.21,D,0
30.75035,75.54641,340.84,0.41,0.45,2023-11-07,738,N,VIIRS,n,2,290.66,12.28,D,0
30.75114,74.72745,332.61,0.45,0.47,2023-11-07,738,N,VIIRS,n,2,293.73,6.21,D,0
30.75211,74.7321,346.66,0.45,0.47,2023-11-07,738,N,VIIRS,n,2,300.87,12.51,D,0
30.75304,75.265,340.34,0.42,0.45,2023-11-07,738,N,VIIRS,n,2,296.56,4.71,D,0
30.75408,75.58533,335.06,0.41,0.45,2023-11-07,738,N,VIIRS,n,2,294.42,2.63,D,0
30.75636,74.73092,339.81,0.45,0.47,2023-11-07,738,N,VIIRS,n,2,295.64,12.51,D,0
30.75906,75.52625,332.03,0.41,0.45,2023-11-07,738,N,VIIRS,n,2,292.01,3.62,D,0
30.76055,74.44483,336.8,0.47,0.48,2023-11-07,738,N,VIIRS,n,2,294.41,4.27,D,0
30.76158,74.44967,340.3,0.47,0.48,2023-11-07,738,N,VIIRS,n,2,294.8,6.37,D,0
30.76389,75.04335,337.04,0.43,0.46,2023-11-07,738,N,VIIRS,n,2,296.92,8.2,D,0
30.76578,75.34863,331.58,0.42,0.45,2023-11-07,738,N,VIIRS,n,2,295.53,2.96,D,0
30.76707,74.88924,342.98,0.44,0.46,2023-11-07,738,N,VIIRS,n,2,299.34,14.35,D,0
30.76715,74.71803,349.91,0.45,0.47,2023-11-07,738,N,VIIRS,n,2,301.43,48.26,D,0
30.76805,75.04221,343.71,0.43,0.46,2023-11-07,738,N,VIIRS,n,2,297.24,8.2,D,0
30.7683,75.2331,340.2,0.42,0.46,2023-11-07,738,N,VIIRS,n,2,296.52,5.39,D,0
30.76958,75.11253,339.8,0.43,0.46,2023-11-07,738,N,VIIRS,n,2,297.39,3.85,D,0
30.76981,75.11139,345.26,0.43,0.46,2023-11-07,738,N,VIIRS,n,2,298.03,6.55,D,0
30.7704,75.26485,342.64,0.42,0.45,2023-11-07,738,N,VIIRS,n,2,296.54,5.22,D,0
30.77076,75.35183,340.54,0.42,0.45,2023-11-07,738,N,VIIRS,n,2,296.71,5.97,D,0
30.77164,75.35614,336.6,0.42,0.45,2023-11-07,738,N,VIIRS,n,2,295.76,5.97,D,0
30.77223,75.33775,340.49,0.42,0.45,2023-11-07,738,N,VIIRS,n,2,296.96,8.75,D,0
30.7726,74.7658,342.25,0.45,0.47,2023-11-07,738,N,VIIRS,n,2,296.07,12.08,D,0
30.77281,75.38309,338.43,0.42,0.45,2023-11-07,738,N,VIIRS,n,2,296.25,2.47,D,0
30.77374,75.11138,334.96,0.43,0.46,2023-11-07,738,N,VIIRS,n,2,295.4,3.85,D,0
30.77448,74.6013,329.66,0.46,0.47,2023-11-07,738,N,VIIRS,n,2,295.44,2.86,D,0
30.77523,75.66762,336.14,0.4,0.44,2023-11-07,738,N,VIIRS,n,2,297.8,3.85,D,0
30.77564,74.71564,340.85,0.45,0.47,2023-11-07,738,N,VIIRS,n,2,294.68,9.94,D,0
30.77569,74.82368,330.97,0.45,0.47,2023-11-07,738,N,VIIRS,n,2,293.54,16.06,D,0
30.77608,75.67176,330.66,0.4,0.44,2023-11-07,738,N,VIIRS,n,2,298.2,3.09,D,0
30.77665,74.82829,347.39,0.45,0.47,2023-11-07,738,N,VIIRS,n,2,300.81,16.06,D,0
30.77683,74.76462,343.79,0.45,0.47,2023-11-07,738,N,VIIRS,n,2,292.09,10.51,D,0
30.78059,75.48468,339.27,0.41,0.45,2023-11-07,738,N,VIIRS,n,2,292.96,8.67,D,0
30.78146,75.48892,341.3,0.41,0.45,2023-11-07,738,N,VIIRS,n,2,294.49,8.67,D,0
30.78426,74.31931,341.24,0.48,0.48,2023-11-07,738,N,VIIRS,n,2,295.85,7.95,D,0
30.78778,74.68744,334.23,0.45,0.47,2023-11-07,738,N,VIIRS,n,2,294.47,3.58,D,0
30.78839,75.60697,336.2,0.4,0.45,2023-11-07,738,N,VIIRS,n,2,296.46,3.84,D,0
30.78928,74.47252,349.09,0.47,0.47,2023-11-07,738,N,VIIRS,n,2,296.03,9.12,D,0
30.78995,74.68855,346.28,0.45,0.47,2023-11-07,738,N,VIIRS,n,2,295.88,5.98,D,0
30.7904,74.87305,339.01,0.44,0.46,2023-11-07,738,N,VIIRS,n,2,293.83,2.4,D,0
30.7947,74.56226,332.77,0.46,0.47,2023-11-07,738,N,VIIRS,n,2,294.34,3.83,D,0
30.79679,75.05322,342.73,0.43,0.46,2023-11-07,738,N,VIIRS,n,2,297.5,6.12,D,0
30.80235,75.12231,332.51,0.43,0.46,2023-11-07,738,N,VIIRS,n,2,296.06,2.83,D,0
30.80401,74.58481,336.47,0.46,0.47,2023-11-07,738,N,VIIRS,n,2,294.98,3.95,D,0
30.80914,75.21822,348.58,0.42,0.45,2023-11-07,738,N,VIIRS,n,2,297.39,7.85,D,0
30.80975,75.0307,333.21,0.43,0.46,2023-11-07,738,N,VIIRS,n,2,296.24,2.74,D,0
30.81065,75.12003,367.0,0.43,0.46,2023-11-07,738,N,VIIRS,h,2,297.54,14.56,D,0
30.81137,75.38165,341.51,0.42,0.45,2023-11-07,738,N,VIIRS,n,2,297.25,4.65,D,0
30.81272,75.83073,336.05,0.39,0.44,2023-11-07,738,N,VIIRS,n,2,297.65,2.2,D,0
30.8153,75.01488,348.51,0.43,0.46,2023-11-07,738,N,VIIRS,n,2,294.95,6.06,D,0
30.81577,75.31297,352.92,0.42,0.45,2023-11-07,738,N,VIIRS,n,2,302.52,28.13,D,0
30.8161,74.34337,340.82,0.47,0.48,2023-11-07,738,N,VIIRS,n,2,294.49,6.71,D,0
30.81751,74.34624,339.51,0.47,0.48,2023-11-07,738,N,VIIRS,n,2,294.73,6.21,D,0
30.8209,74.42778,340.37,0.47,0.48,2023-11-07,738,N,VIIRS,n,2,293.9,2.92,D,0
30.82318,74.50365,329.82,0.46,0.47,2023-11-07,738,N,VIIRS,n,2,296.19,30.75,D,0
30.82419,74.50845,342.14,0.46,0.47,2023-11-07,738,N,VIIRS,n,2,297.91,30.75,D,0
30.82807,75.41401,335.11,0.41,0.45,2023-11-07,738,N,VIIRS,n,2,296.21,3.65,D,0
30.8282,74.67786,340.14,0.45,0.47,2023-11-07,738,N,VIIRS,n,2,295.8,6.81,D,0
30.82874,75.01589,336.81,0.43,0.46,2023-11-07,738,N,VIIRS,n,2,295.37,2.91,D,0
30.82991,74.77103,340.27,0.45,0.47,2023-11-07,738,N,VIIRS,n,2,295.09,4.71,D,0
30.83052,75.41261,349.2,0.41,0.45,2023-11-07,738,N,VIIRS,n,2,298.73,9.47,D,0
30.8318,74.41443,350.26,0.47,0.48,2023-11-07,738,N,VIIRS,n,2,295.43,8.25,D,0
30.83188,74.41621,343.1,0.47,0.48,2023-11-07,738,N,VIIRS,n,2,295.53,11.84,D,0
30.83194,74.5669,329.6,0.46,0.47,2023-11-07,738,N,VIIRS,n,2,293.7,2.46,D,0
30.83215,75.41291,340.57,0.41,0.45,2023-11-07,738,N,VIIRS,n,2,296.84,6.06,D,0
30.83271,75.29003,355.41,0.42,0.45,2023-11-07,738,N,VIIRS,n,2,297.11,9.55,D,0
30.83371,75.87214,329.57,0.39,0.44,2023-11-07,738,N,VIIRS,n,2,299.27,2.76,D,0
30.83575,74.735,330.99,0.45,0.47,2023-11-07,738,N,VIIRS,n,2,294.62,5.34,D,0
30.83649,74.54545,344.47,0.46,0.47,2023-11-07,738,N,VIIRS,n,2,298.83,20.94,D,0
30.83749,74.55022,340.29,0.46,0.47,2023-11-07,738,N,VIIRS,n,2,292.98,15.2,D,0
30.84131,75.99266,340.28,0.39,0.44,2023-11-07,738,N,VIIRS,n,2,296.25,2.56,D,0
30.84266,74.99778,329.22,0.44,0.46,2023-11-07,738,N,VIIRS,n,2,294.66,3.03,D,0
30.84358,75.00228,329.79,0.44,0.46,2023-11-07,738,N,VIIRS,n,2,295.03,3.03,D,0
30.84645,74.59295,335.21,0.46,0.47,2023-11-07,738,N,VIIRS,n,2,294.85,8.46,D,0
30.84647,74.78596,340.39,0.45,0.47,2023-11-07,738,N,VIIRS,n,2,295.79,6.04,D,0
30.84744,74.59768,340.53,0.46,0.47,2023-11-07,738,N,VIIRS,n,2,297.15,15.8,D,0
30.84744,74.79058,337.46,0.45,0.47,2023-11-07,738,N,VIIRS,n,2,295.18,6.04,D,0
30.84837,75.13302,330.7,0.43,0.46,2023-11-07,738,N,VIIRS,n,2,295.7,3.04,D,0
30.84868,74.83893,335.39,0.44,0.46,2023-11-07,738,N,VIIRS,n,2,295.01,2.1,D,0
30.85031,75.09968,336.04,0.43,0.46,2023-11-07,738,N,VIIRS,n,2,296.01,3.75,D,0
30.85276,75.00576,341.07,0.43,0.46,2023-11-07,738,N,VIIRS,n,2,297.74,9.36,D,0
30.85285,75.00446,356.97,0.43,0.46,2023-11-07,738,N,VIIRS,n,2,296.83,11.25,D,0
30.85326,75.17828,342.06,0.43,0.46,2023-11-07,738,N,VIIRS,n,2,295.77,3.33,D,0
30.85707,75.73699,336.35,0.4,0.44,2023-11-07,738,N,VIIRS,n,2,298.98,4.72,D,0
30.8661,74.55384,332.77,0.46,0.47,2023-11-07,738,N,VIIRS,n,2,295.69,3.34,D,0
30.86928,74.74531,331.17,0.45,0.47,2023-11-07,738,N,VIIRS,n,2,294.07,2.64,D,0
30.87086,74.38467,335.75,0.47,0.48,2023-11-07,738,N,VIIRS,n,2,294.55,4.6,D,0
30.87517,74.38344,331.03,0.47,0.48,2023-11-07,738,N,VIIRS,n,2,293.83,4.6,D,0
30.87618,74.92776,333.35,0.44,0.46,2023-11-07,738,N,VIIRS,n,2,294.98,2.95,D,0
30.87766,74.95603,338.11,0.44,0.46,2023-11-07,738,N,VIIRS,n,2,296.18,3.08,D,0
30.88258,75.25801,340.06,0.42,0.45,2023-11-07,738,N,VIIRS,n,2,296.2,4.42,D,0
30.88346,74.87762,329.73,0.44,0.46,2023-11-07,738,N,VIIRS,n,2,295.68,4.52,D,0
30.88346,75.26236,337.02,0.42,0.45,2023-11-07,738,N,VIIRS,n,2,296.2,4.42,D,0
30.88372,75.22085,341.76,0.42,0.45,2023-11-07,738,N,VIIRS,n,2,297.59,4.22,D,0
30.88654,74.9774,331.24,0.44,0.46,2023-11-07,738,N,VIIRS,n,2,295.44,3.52,D,0
30.88734,75.51436,338.98,0.41,0.45,2023-11-07,738,N,VIIRS,n,2,297.76,2.66,D,0
30.88767,74.87645,342.11,0.44,0.46,2023-11-07,738,N,VIIRS,n,2,297.03,4.52,D,0
30.88992,75.05698,330.32,0.43,0.46,2023-11-07,738,N,VIIRS,n,2,296.11,1.84,D,0
30.89047,75.36082,344.18,0.42,0.45,2023-11-07,738,N,VIIRS,n,2,298.33,6.7,D,0
30.89387,74.77761,340.62,0.45,0.47,2023-11-07,738,N,VIIRS,n,2,295.96,2.8,D,0
30.8995,75.51105,339.78,0.41,0.45,2023-11-07,738,N,VIIRS,n,2,297.3,3.9,D,0
30.90182,74.59396,340.88,0.46,0.47,2023-11-07,738,N,VIIRS,n,2,295.83,4.56,D,0
30.90309,74.88663,340.47,0.44,0.46,2023-11-07,738,N,VIIRS,n,2,296.64,3.87,D,0
30.90477,74.8087,341.72,0.44,0.46,2023-11-07,738,N,VIIRS,n,2,296.56,25.5,D,0
30.90571,74.81331,343.49,0.44,0.46,2023-11-07,738,N,VIIRS,n,2,302.45,25.5,D,0
30.90883,75.74509,340.4,0.4,0.44,2023-11-07,738,N,VIIRS,n,2,297.64,9.43,D,0
30.90954,75.30558,342.34,0.42,0.45,2023-11-07,738,N,VIIRS,n,2,296.84,4.1,D,0
30.91038,75.30168,337.01,0.42,0.45,2023-11-07,738,N,VIIRS,n,2,296.96,4.24,D,0
30.91129,75.306,339.46,0.42,0.45,2023-11-07,738,N,VIIRS,n,2,296.13,5.49,D,0
30.91178,75.35951,331.88,0.42,0.45,2023-11-07,738,N,VIIRS,n,2,297.64,2.98,D,0
30.9128,74.64565,328.98,0.45,0.47,2023-11-07,738,N,VIIRS,n,2,294.56,2.82,D,0
30.91372,74.83051,344.83,0.44,0.46,2023-11-07,738,N,VIIRS,n,2,298.12,9.17,D,0
30.91562,75.33577,342.18,0.42,0.45,2023-11-07,738,N,VIIRS,n,2,298.82,5.33,D,0
30.91688,74.78094,342.52,0.45,0.47,2023-11-07,738,N,VIIRS,n,2,297.28,10.05,D,0
30.91697,75.38525,341.72,0.41,0.45,2023-11-07,738,N,VIIRS,n,2,299.46,11.21,D,0
30.91755,74.89223,341.91,0.44,0.46,2023-11-07,738,N,VIIRS,n,2,297.63,4.56,D,0
30.91755,75.33613,342.66,0.42,0.45,2023-11-07,738,N,VIIRS,n,2,297.01,4.59,D,0
30.91799,74.87282,328.93,0.44,0.46,2023-11-07,738,N,VIIRS,n,2,296.75,2.58,D,0
30.91819,75.27668,333.65,0.42,0.45,2023-11-07,738,N,VIIRS,n,2,295.76,2.59,D,0
30.91825,74.77699,340.61,0.45,0.47,2023-11-07,738,N,VIIRS,n,2,296.49,10.84,D,0
30.9187,75.39382,329.29,0.41,0.45,2023-11-07,738,N,VIIRS,n,2,297.15,2.5,D,0
30.92451,74.86134,329.8,0.44,0.46,2023-11-07,738,N,VIIRS,n,2,295.57,3.14,D,0
30.92733,75.04664,340.41,0.43,0.46,2023-11-07,738,N,VIIRS,n,2,296.29,4.41,D,0
30.93075,75.19044,330.65,0.42,0.45,2023-11-07,738,N,VIIRS,n,2,294.88,6.3,D,0
30.9349,76.08749,334.77,0.57,0.43,2023-11-07,738,N,VIIRS,n,2,300.78,26.38,D,0
30.9356,75.45657,330.57,0.41,0.45,2023-11-07,738,N,VIIRS,n,2,296.67,2.61,D,0
30.93966,75.45546,332.61,0.41,0.45,2023-11-07,738,N,VIIRS,n,2,296.13,2.61,D,0
30.9399,75.19254,330.58,0.42,0.45,2023-11-07,738,N,VIIRS,n,2,294.93,1.52,D,0
30.94032,74.77571,341.7,0.45,0.47,2023-11-07,738,N,VIIRS,n,2,298.7,7.79,D,0
30.94144,76.28807,341.85,0.56,0.43,2023-11-07,738,N,VIIRS,n,2,297.3,8.51,D,0
30.94454,74.77454,339.57,0.45,0.47,2023-11-07,738,N,VIIRS,n,2,294.69,3.65,D,0
30.94545,74.84229,329.43,0.44,0.46,2023-11-07,738,N,VIIRS,n,2,295.75,2.15,D,0
30.94645,76.04084,345.48,0.57,0.43,2023-11-07,738,N,VIIRS,n,2,295.27,6.39,D,0
30.9474,76.03859,344.97,0.57,0.43,2023-11-07,738,N,VIIRS,n,2,296.56,12.09,D,0
30.94744,74.78833,342.13,0.44,0.46,2023-11-07,738,N,VIIRS,n,2,296.54,6.26,D,0
30.94869,75.44481,338.95,0.41,0.45,2023-11-07,738,N,VIIRS,n,2,296.39,6.31,D,0
30.94956,75.44904,329.5,0.41,0.45,2023-11-07,738,N,VIIRS,n,2,297.84,2.89,D,0
30.94965,74.84112,329.67,0.44,0.46,2023-11-07,738,N,VIIRS,n,2,295.43,1.79,D,0
30.95038,76.03979,336.97,0.57,0.43,2023-11-07,738,N,VIIRS,n,2,294.9,5.94,D,0
30.95493,76.16863,335.37,0.56,0.43,2023-11-07,738,N,VIIRS,n,2,296.22,4.92,D,0
30.95536,76.0986,336.56,0.57,0.43,2023-11-07,738,N,VIIRS,n,2,296.73,12.06,D,0
30.95685,76.09406,331.67,0.57,0.43,2023-11-07,738,N,VIIRS,n,2,295.24,7.25,D,0
30.95799,76.09995,336.44,0.57,0.43,2023-11-07,738,N,VIIRS,n,2,298.55,16.67,D,0
30.95929,76.09756,347.14,0.57,0.43,2023-11-07,738,N,VIIRS,n,2,296.86,12.06,D,0
30.96033,74.82845,336.13,0.44,0.46,2023-11-07,738,N,VIIRS,n,2,296.52,4.04,D,0
30.96129,74.83302,333.7,0.44,0.46,2023-11-07,738,N,VIIRS,n,2,294.27,4.19,D,0
30.96181,74.55702,329.34,0.46,0.47,2023-11-07,738,N,VIIRS,n,2,294.19,2.57,D,0
30.96277,75.06974,329.75,0.43,0.46,2023-11-07,738,N,VIIRS,n,2,295.52,3.4,D,0
30.96837,75.51958,343.45,0.41,0.45,2023-11-07,738,N,VIIRS,n,2,298.19,10.01,D,0
30.97217,75.13725,339.96,0.43,0.46,2023-11-07,738,N,VIIRS,n,2,296.19,4.98,D,0
30.97498,75.9066,367.0,0.39,0.44,2023-11-07,738,N,VIIRS,h,2,302.08,12.18,D,0
30.97707,74.71651,330.5,0.45,0.47,2023-11-07,738,N,VIIRS,n,2,295.11,9.47,D,0
30.97789,74.7847,341.99,0.44,0.46,2023-11-07,738,N,VIIRS,n,2,296.93,9.4,D,0
30.97804,74.72113,340.42,0.45,0.47,2023-11-07,738,N,VIIRS,n,2,297.29,8.97,D,0
30.97885,74.7893,334.18,0.44,0.46,2023-11-07,738,N,VIIRS,n,2,295.06,7.6,D,0
30.97894,75.90555,351.34,0.39,0.44,2023-11-07,738,N,VIIRS,n,2,295.89,12.18,D,0
30.98226,74.71995,332.68,0.45,0.47,2023-11-07,738,N,VIIRS,n,2,293.97,8.97,D,0
30.98443,75.87019,341.6,0.39,0.44,2023-11-07,738,N,VIIRS,n,2,299.6,13.74,D,0
30.99256,74.61826,334.09,0.45,0.47,2023-11-07,738,N,VIIRS,n,2,296.32,5.86,D,0
30.99289,75.1964,348.6,0.42,0.45,2023-11-07,738,N,VIIRS,n,2,297.71,9.64,D,0
30.9948,74.61937,334.3,0.45,0.47,2023-11-07,738,N,VIIRS,n,2,295.38,5.26,D,0
30.99496,75.05714,330.18,0.43,0.46,2023-11-07,738,N,VIIRS,n,2,296.09,1.99,D,0
30.99753,75.68262,340.35,0.4,0.44,2023-11-07,738,N,VIIRS,n,2,298.1,8.35,D,0
31.00474,74.6989,338.23,0.45,0.47,2023-11-07,738,N,VIIRS,n,2,295.05,3.55,D,0
31.00791,74.80058,335.97,0.44,0.46,2023-11-07,738,N,VIIRS,n,2,294.54,4.13,D,0
31.01057,75.70511,338.42,0.4,0.44,2023-11-07,738,N,VIIRS,n,2,297.36,4.37,D,0
31.01453,74.83263,329.4,0.44,0.46,2023-11-07,738,N,VIIRS,n,2,294.26,1.67,D,0
31.01457,75.70405,343.03,0.4,0.44,2023-11-07,738,N,VIIRS,n,2,296.79,4.37,D,0
31.01793,75.36298,340.0,0.41,0.45,2023-11-07,738,N,VIIRS,n,2,297.22,4.37,D,0
31.01858,75.87378,328.76,0.39,0.44,2023-11-07,738,N,VIIRS,n,2,296.07,4.13,D,0
31.02004,75.33072,329.78,0.41,0.45,2023-11-07,738,N,VIIRS,n,2,295.3,2.0,D,0
31.02112,74.86453,342.58,0.44,0.46,2023-11-07,738,N,VIIRS,n,2,296.31,10.28,D,0
31.02201,75.16614,330.3,0.42,0.45,2023-11-07,738,N,VIIRS,n,2,295.54,3.56,D,0
31.02241,75.57555,340.15,0.4,0.44,2023-11-07,738,N,VIIRS,n,2,298.05,8.31,D,0
31.02481,74.80222,340.33,0.44,0.46,2023-11-07,738,N,VIIRS,n,2,296.28,13.83,D,0
31.02492,75.28468,329.48,0.42,0.45,2023-11-07,738,N,VIIRS,n,2,295.99,2.09,D,0
31.02568,74.80045,353.84,0.44,0.46,2023-11-07,738,N,VIIRS,n,2,298.47,17.51,D,0
31.02662,75.14634,333.16,0.42,0.45,2023-11-07,738,N,VIIRS,n,2,295.59,2.67,D,0
31.02687,75.74385,332.41,0.39,0.44,2023-11-07,738,N,VIIRS,n,2,297.54,2.75,D,0
31.02902,74.80105,341.76,0.44,0.46,2023-11-07,738,N,VIIRS,n,2,295.9,13.83,D,0
31.03367,75.03232,343.91,0.43,0.46,2023-11-07,738,N,VIIRS,n,2,298.82,11.28,D,0
31.03451,74.78497,335.06,0.44,0.46,2023-11-07,738,N,VIIRS,n,2,294.94,5.36,D,0
31.03475,75.86556,335.21,0.39,0.44,2023-11-07,738,N,VIIRS,n,2,297.45,2.64,D,0
31.03499,75.63781,341.44,0.4,0.44,2023-11-07,738,N,VIIRS,n,2,299.07,6.56,D,0
31.04057,75.04449,332.15,0.43,0.46,2023-11-07,738,N,VIIRS,n,2,296.47,2.87,D,0
31.04256,75.57011,331.02,0.4,0.44,2023-11-07,738,N,VIIRS,n,2,296.64,4.15,D,0
31.04392,74.9109,341.99,0.44,0.46,2023-11-07,738,N,VIIRS,n,2,298.79,4.72,D,0
31.04505,74.89764,335.15,0.44,0.46,2023-11-07,738,N,VIIRS,n,2,294.77,4.01,D,0
31.04532,74.89615,333.46,0.44,0.46,2023-11-07,738,N,VIIRS,n,2,294.83,4.4,D,0
31.04623,75.96346,333.3,0.38,0.43,2023-11-07,738,N,VIIRS,n,2,296.55,4.07,D,0
31.04703,75.96743,337.21,0.38,0.43,2023-11-07,738,N,VIIRS,n,2,297.07,5.35,D,0
31.04717,75.80267,335.33,0.39,0.44,2023-11-07,738,N,VIIRS,n,2,297.21,2.07,D,0
31.04792,74.91119,343.61,0.44,0.46,2023-11-07,738,N,VIIRS,n,2,294.35,6.69,D,0
31.0481,74.90973,332.38,0.44,0.46,2023-11-07,738,N,VIIRS,n,2,294.29,4.72,D,0
31.0493,75.9666,340.41,0.38,0.43,2023-11-07,738,N,VIIRS,n,2,298.13,6.02,D,0
31.04956,76.07367,330.18,0.57,0.43,2023-11-07,738,N,VIIRS,n,2,296.89,3.08,D,0
31.04996,75.36388,354.07,0.41,0.45,2023-11-07,738,N,VIIRS,n,2,297.43,3.81,D,0
31.05246,75.93253,353.22,0.38,0.44,2023-11-07,738,N,VIIRS,n,2,300.33,14.08,D,0
31.05268,75.2725,340.54,0.42,0.45,2023-11-07,738,N,VIIRS,n,2,297.36,5.26,D,0
31.05357,75.27682,340.86,0.42,0.45,2023-11-07,738,N,VIIRS,n,2,298.05,6.5,D,0
31.05403,75.36277,338.3,0.41,0.45,2023-11-07,738,N,VIIRS,n,2,296.76,3.81,D,0
31.05939,74.79739,334.75,0.44,0.46,2023-11-07,738,N,VIIRS,n,2,294.83,4.66,D,0
31.06526,76.0695,332.09,0.57,0.43,2023-11-07,738,N,VIIRS,n,2,296.74,4.35,D,0
31.0664,76.07539,330.36,0.57,0.43,2023-11-07,738,N,VIIRS,n,2,296.76,6.17,D,0
31.06831,76.07294,338.89,0.57,0.43,2023-11-07,738,N,VIIRS,n,2,298.68,9.42,D,0
31.06854,75.76276,345.88,0.39,0.44,2023-11-07,738,N,VIIRS,n,2,298.12,4.84,D,0
31.07067,76.08468,332.78,0.57,0.43,2023-11-07,738,N,VIIRS,n,2,296.69,4.57,D,0
31.07098,75.77496,329.98,0.39,0.44,2023-11-07,738,N,VIIRS,n,2,296.13,3.15,D,0
31.07261,76.0861,334.24,0.57,0.43,2023-11-07,738,N,VIIRS,n,2,296.2,4.21,D,0
31.07342,75.11948,340.41,0.42,0.46,2023-11-07,738,N,VIIRS,n,2,296.04,4.03,D,0
31.07755,75.11833,332.41,0.42,0.46,2023-11-07,738,N,VIIRS,n,2,295.15,3.95,D,0
31.07959,74.93575,355.81,0.43,0.46,2023-11-07,738,N,VIIRS,n,2,297.98,15.12,D,0
31.08053,74.94025,340.18,0.43,0.46,2023-11-07,738,N,VIIRS,n,2,295.79,15.12,D,0
31.08398,75.27758,333.6,0.42,0.45,2023-11-07,738,N,VIIRS,n,2,296.64,5.62,D,0
31.0872,75.01403,354.91,0.43,0.46,2023-11-07,738,N,VIIRS,n,2,298.46,14.31,D,0
31.08752,75.71033,331.84,0.39,0.44,2023-11-07,738,N,VIIRS,n,2,297.22,2.61,D,0
31.08807,75.9649,332.08,0.38,0.43,2023-11-07,738,N,VIIRS,n,2,298.35,3.83,D,0
31.08813,75.10608,330.67,0.42,0.46,2023-11-07,738,N,VIIRS,n,2,295.73,3.44,D,0
31.08964,75.95195,331.3,0.38,0.43,2023-11-07,738,N,VIIRS,n,2,296.34,3.08,D,0
31.09111,75.60551,330.62,0.4,0.44,2023-11-07,738,N,VIIRS,n,2,294.46,3.81,D,0
31.09217,75.63138,343.28,0.4,0.44,2023-11-07,738,N,VIIRS,n,2,298.45,7.75,D,0
31.09275,75.90493,339.13,0.39,0.44,2023-11-07,738,N,VIIRS,n,2,297.52,4.89,D,0
31.09284,75.63082,351.71,0.4,0.44,2023-11-07,738,N,VIIRS,n,2,298.21,9.6,D,0
31.09871,74.81541,333.4,0.44,0.46,2023-11-07,738,N,VIIRS,n,2,295.72,3.88,D,0
31.10061,75.05723,329.33,0.43,0.46,2023-11-07,738,N,VIIRS,n,2,296.28,2.02,D,0
31.1015,75.01948,341.71,0.43,0.46,2023-11-07,738,N,VIIRS,n,2,296.89,3.8,D,0
31.10383,75.05166,356.19,0.43,0.46,2023-11-07,738,N,VIIRS,n,2,297.83,15.28,D,0
31.10472,75.01387,336.24,0.43,0.46,2023-11-07,738,N,VIIRS,n,2,296.48,3.76,D,0
31.10738,75.6229,344.17,0.4,0.44,2023-11-07,738,N,VIIRS,n,2,296.04,4.96,D,0
31.10752,75.06933,336.5,0.43,0.46,2023-11-07,738,N,VIIRS,n,2,296.29,5.81,D,0
31.10854,75.85847,340.47,0.39,0.44,2023-11-07,738,N,VIIRS,n,2,298.94,7.45,D,0
31.11969,75.38982,349.55,0.41,0.45,2023-11-07,738,N,VIIRS,n,2,298.3,6.81,D,0
31.12111,75.21815,343.78,0.42,0.45,2023-11-07,738,N,VIIRS,n,2,296.39,7.48,D,0
31.12473,76.21129,348.39,0.56,0.43,2023-11-07,738,N,VIIRS,n,2,298.45,7.63,D,0
31.13328,75.54153,341.25,0.4,0.44,2023-11-07,738,N,VIIRS,n,2,298.3,3.75,D,0
31.13481,75.20063,341.84,0.42,0.45,2023-11-07,738,N,VIIRS,n,2,300.44,12.46,D,0
31.13687,74.5822,340.24,0.45,0.47,2023-11-07,738,N,VIIRS,n,2,296.33,8.28,D,0
31.13981,75.20384,335.33,0.42,0.45,2023-11-07,738,N,VIIRS,n,2,296.6,12.46,D,0
31.14059,74.68465,333.35,0.45,0.47,2023-11-07,738,N,VIIRS,n,2,294.23,2.85,D,0
31.14094,74.72852,342.41,0.44,0.46,2023-11-07,738,N,VIIRS,n,2,296.68,11.26,D,0
31.14137,76.00375,334.8,0.57,0.43,2023-11-07,738,N,VIIRS,n,2,298.05,6.28,D,0
31.14234,75.56538,340.88,0.4,0.44,2023-11-07,738,N,VIIRS,n,2,293.85,6.25,D,0
31.14515,74.72734,331.94,0.44,0.46,2023-11-07,738,N,VIIRS,n,2,293.85,4.06,D,0
31.16011,76.03606,346.61,0.57,0.43,2023-11-07,738,N,VIIRS,n,2,299.88,17.24,D,0
31.16143,76.03359,346.72,0.57,0.43,2023-11-07,738,N,VIIRS,n,2,298.0,15.93,D,0
31.16174,75.18402,355.36,0.42,0.45,2023-11-07,738,N,VIIRS,n,2,303.61,25.81,D,0
31.16182,75.35217,355.34,0.41,0.45,2023-11-07,738,N,VIIRS,n,2,300.05,7.96,D,0
31.16244,74.93166,329.35,0.43,0.46,2023-11-07,738,N,VIIRS,n,2,294.6,2.7,D,0
31.16408,75.90273,341.62,0.38,0.44,2023-11-07,738,N,VIIRS,n,2,299.08,4.41,D,0
31.16921,75.78284,341.62,0.39,0.44,2023-11-07,738,N,VIIRS,n,2,297.75,4.32,D,0
31.17127,75.93849,329.82,0.38,0.43,2023-11-07,738,N,VIIRS,n,2,296.57,1.91,D,0
31.17155,75.12595,340.48,0.42,0.45,2023-11-07,738,N,VIIRS,n,2,295.52,3.82,D,0
31.17848,74.73746,336.01,0.44,0.46,2023-11-07,738,N,VIIRS,n,2,295.35,3.21,D,0
31.18132,76.16582,329.98,0.56,0.43,2023-11-07,738,N,VIIRS,n,2,296.73,2.66,D,0
31.18423,75.75316,331.63,0.39,0.44,2023-11-07,738,N,VIIRS,n,2,296.84,2.18,D,0
31.18844,74.76385,341.43,0.44,0.46,2023-11-07,738,N,VIIRS,n,2,297.52,7.42,D,0
31.18983,75.76019,340.75,0.39,0.44,2023-11-07,738,N,VIIRS,n,2,297.69,5.8,D,0
31.19027,75.65687,330.97,0.4,0.44,2023-11-07,738,N,VIIRS,n,2,292.24,3.05,D,0
31.19264,74.76268,343.71,0.44,0.46,2023-11-07,738,N,VIIRS,n,2,294.89,7.42,D,0
31.20198,75.88413,334.19,0.38,0.44,2023-11-07,738,N,VIIRS,n,2,295.93,2.73,D,0
31.20781,74.83551,331.62,0.44,0.46,2023-11-07,738,N,VIIRS,n,2,291.96,3.83,D,0
31.20908,75.09444,340.16,0.42,0.45,2023-11-07,738,N,VIIRS,n,2,297.44,7.63,D,0
31.2172,74.88076,342.36,0.43,0.46,2023-11-07,738,N,VIIRS,n,2,292.75,6.41,D,0
31.21955,75.67537,330.03,0.39,0.44,2023-11-07,738,N,VIIRS,n,2,296.0,2.39,D,0
31.22371,75.69577,328.59,0.39,0.44,2023-11-07,738,N,VIIRS,n,2,295.52,2.01,D,0
31.22552,75.72534,331.56,0.39,0.44,2023-11-07,738,N,VIIRS,n,2,296.7,1.9,D,0
31.2259,74.81609,330.68,0.44,0.46,2023-11-07,738,N,VIIRS,n,2,290.39,2.02,D,0
31.22645,75.92369,333.69,0.38,0.43,2023-11-07,738,N,VIIRS,n,2,297.71,2.8,D,0
31.23008,74.81491,329.12,0.44,0.46,2023-11-07,738,N,VIIRS,n,2,289.46,2.02,D,0
31.23144,75.13911,350.23,0.42,0.45,2023-11-07,738,N,VIIRS,n,2,298.38,10.4,D,0
31.23368,75.28275,332.5,0.41,0.45,2023-11-07,738,N,VIIRS,n,2,298.16,2.18,D,0
31.2344,74.65012,333.68,0.45,0.47,2023-11-07,738,N,VIIRS,n,2,294.61,1.8,D,0
31.23499,75.7099,338.28,0.39,0.44,2023-11-07,738,N,VIIRS,n,2,297.14,3.31,D,0
31.2356,75.28404,336.89,0.41,0.45,2023-11-07,738,N,VIIRS,n,2,298.07,2.55,D,0
31.23943,74.98811,337.99,0.43,0.46,2023-11-07,738,N,VIIRS,n,2,295.61,3.12,D,0
31.24128,74.86923,336.28,0.43,0.46,2023-11-07,738,N,VIIRS,n,2,291.79,1.85,D,0
31.24309,75.72916,330.35,0.39,0.44,2023-11-07,738,N,VIIRS,n,2,296.54,4.41,D,0
31.24531,75.22689,341.86,0.42,0.45,2023-11-07,738,N,VIIRS,n,2,297.3,3.8,D,0
31.24878,75.13893,339.77,0.42,0.45,2023-11-07,738,N,VIIRS,n,2,297.51,4.74,D,0
31.24907,75.30743,342.34,0.41,0.45,2023-11-07,738,N,VIIRS,n,2,298.46,4.81,D,0
31.25065,74.68466,350.21,0.44,0.46,2023-11-07,738,N,VIIRS,n,2,291.26,12.71,D,0
31.25289,75.13779,341.46,0.42,0.45,2023-11-07,738,N,VIIRS,n,2,296.43,4.74,D,0
31.25869,75.827,329.26,0.39,0.44,2023-11-07,738,N,VIIRS,n,2,296.33,1.56,D,0
31.26653,74.61153,332.31,0.45,0.47,2023-11-07,738,N,VIIRS,n,2,294.26,3.78,D,0
31.26751,74.61618,327.87,0.45,0.47,2023-11-07,738,N,VIIRS,n,2,292.01,3.91,D,0
31.28164,75.12983,331.1,0.42,0.45,2023-11-07,738,N,VIIRS,n,2,296.66,2.55,D,0
31.28666,75.02649,328.81,0.43,0.46,2023-11-07,738,N,VIIRS,n,2,295.72,2.92,D,0
31.28908,75.18745,349.53,0.42,0.45,2023-11-07,738,N,VIIRS,n,2,297.72,8.11,D,0
31.28914,74.97425,328.55,0.43,0.46,2023-11-07,738,N,VIIRS,n,2,293.98,3.41,D,0
31.28979,74.97527,343.08,0.43,0.46,2023-11-07,738,N,VIIRS,n,2,295.93,8.29,D,0
31.29004,74.97871,337.55,0.43,0.46,2023-11-07,738,N,VIIRS,n,2,294.43,3.41,D,0
31.295,75.32185,329.75,0.41,0.45,2023-11-07,738,N,VIIRS,n,2,297.93,2.5,D,0
31.29967,74.7486,329.4,0.44,0.46,2023-11-07,738,N,VIIRS,n,2,293.36,2.44,D,0
31.31825,75.28839,341.23,0.41,0.45,2023-11-07,738,N,VIIRS,n,2,298.23,4.94,D,0
31.32232,75.28726,343.28,0.41,0.45,2023-11-07,738,N,VIIRS,n,2,297.42,9.45,D,0
31.32285,75.87713,336.74,0.38,0.43,2023-11-07,738,N,VIIRS,n,2,295.08,4.41,D,0
31.32357,74.64942,339.77,0.45,0.47,2023-11-07,738,N,VIIRS,n,2,294.48,5.0,D,0
31.32602,74.65005,340.48,0.44,0.46,2023-11-07,738,N,VIIRS,n,2,294.03,3.99,D,0
31.33697,74.75739,341.36,0.44,0.46,2023-11-07,738,N,VIIRS,n,2,290.84,5.62,D,0
31.3454,74.79832,333.14,0.44,0.46,2023-11-07,738,N,VIIRS,n,2,291.26,2.86,D,0
31.34745,75.27216,336.75,0.41,0.45,2023-11-07,738,N,VIIRS,n,2,296.1,6.78,D,0
31.34994,75.27512,340.77,0.41,0.45,2023-11-07,738,N,VIIRS,n,2,298.1,8.79,D,0
31.35559,75.26994,330.65,0.41,0.45,2023-11-07,738,N,VIIRS,n,2,295.45,4.79,D,0
31.36289,75.69805,329.92,0.39,0.44,2023-11-07,738,N,VIIRS,n,2,295.76,2.71,D,0
31.36427,75.24947,329.92,0.41,0.45,2023-11-07,738,N,VIIRS,n,2,296.56,3.53,D,0
31.36515,75.25374,338.61,0.41,0.45,2023-11-07,738,N,VIIRS,n,2,297.01,3.53,D,0
31.36587,75.19453,332.33,0.42,0.45,2023-11-07,738,N,VIIRS,n,2,295.77,1.7,D,0
31.37801,75.29527,327.88,0.41,0.45,2023-11-07,738,N,VIIRS,n,2,295.11,1.92,D,0
31.39006,75.16502,340.12,0.42,0.45,2023-11-07,738,N,VIIRS,n,2,295.03,3.83,D,0
31.39085,74.87256,333.66,0.43,0.46,2023-11-07,738,N,VIIRS,n,2,294.58,5.63,D,0
31.39638,74.75153,337.45,0.44,0.46,2023-11-07,738,N,VIIRS,n,2,294.23,3.34,D,0
31.40291,74.88813,337.0,0.43,0.46,2023-11-07,738,N,VIIRS,n,2,294.43,4.31,D,0
31.40506,74.8353,344.05,0.43,0.46,2023-11-07,738,N,VIIRS,n,2,294.62,4.53,D,0
31.40705,74.88697,347.02,0.43,0.46,2023-11-07,738,N,VIIRS,n,2,294.78,8.99,D,0
31.41037,75.41138,339.58,0.4,0.44,2023-11-07,738,N,VIIRS,n,2,296.0,5.85,D,0
31.41123,75.41556,340.48,0.4,0.44,2023-11-07,738,N,VIIRS,n,2,295.44,7.44,D,0
31.4139,75.36596,333.43,0.41,0.45,2023-11-07,738,N,VIIRS,n,2,294.46,1.91,D,0
31.41733,74.63889,338.48,0.44,0.46,2023-11-07,738,N,VIIRS,n,2,294.72,4.59,D,0
31.41795,75.36485,328.47,0.41,0.45,2023-11-07,738,N,VIIRS,n,2,294.53,1.91,D,0
31.42229,74.89688,332.31,0.43,0.46,2023-11-07,738,N,VIIRS,n,2,293.71,2.2,D,0
31.42345,74.64692,336.45,0.44,0.46,2023-11-07,738,N,VIIRS,n,2,293.13,4.44,D,0
31.42765,74.64571,349.48,0.44,0.46,2023-11-07,738,N,VIIRS,n,2,294.21,9.33,D,0
31.44548,75.54228,338.19,0.4,0.44,2023-11-07,738,N,VIIRS,n,2,294.7,3.55,D,0
31.46485,74.74329,339.6,0.44,0.46,2023-11-07,738,N,VIIRS,n,2,292.63,3.76,D,0
31.47834,74.74429,330.5,0.44,0.46,2023-11-07,738,N,VIIRS,n,2,289.42,2.99,D,0
31.48046,75.03036,331.96,0.42,0.45,2023-11-07,738,N,VIIRS,n,2,295.94,4.7,D,0
31.48457,75.02921,348.65,0.42,0.45,2023-11-07,738,N,VIIRS,n,2,296.24,4.7,D,0
31.49327,75.34467,335.36,0.41,0.45,2023-11-07,738,N,VIIRS,n,2,294.61,2.94,D,0
31.49352,75.52909,327.52,0.4,0.44,2023-11-07,738,N,VIIRS,n,2,295.92,3.99,D,0
31.50729,74.58561,340.2,0.44,0.46,2023-11-07,738,N,VIIRS,n,2,293.0,4.84,D,0
31.51081,75.38863,336.14,0.4,0.44,2023-11-07,738,N,VIIRS,n,2,296.54,2.72,D,0
31.51445,75.54948,327.97,0.4,0.44,2023-11-07,738,N,VIIRS,n,2,296.96,3.11,D,0
31.51478,75.53232,328.41,0.4,0.44,2023-11-07,738,N,VIIRS,n,2,296.75,1.84,D,0
31.51481,74.6858,335.98,0.44,0.46,2023-11-07,738,N,VIIRS,n,2,290.77,5.3,D,0
31.53035,75.40096,336.62,0.4,0.44,2023-11-07,738,N,VIIRS,n,2,299.44,8.84,D,0
31.5312,75.40515,341.46,0.4,0.44,2023-11-07,738,N,VIIRS,n,2,296.89,8.84,D,0
31.53904,75.3809,327.07,0.4,0.44,2023-11-07,738,N,VIIRS,n,2,295.84,1.19,D,0
31.54413,75.40601,341.51,0.4,0.44,2023-11-07,738,N,VIIRS,n,2,297.69,7.58,D,0
31.55355,75.20781,328.14,0.41,0.45,2023-11-07,738,N,VIIRS,n,2,296.51,1.66,D,0
31.55424,75.45599,334.63,0.4,0.44,2023-11-07,738,N,VIIRS,n,2,297.69,2.68,D,0
31.57243,75.52521,328.3,0.4,0.44,2023-11-07,738,N,VIIRS,n,2,297.19,6.0,D,0
31.57385,74.65703,333.32,0.44,0.46,2023-11-07,738,N,VIIRS,n,2,288.39,3.55,D,0
31.57614,75.48064,341.91,0.4,0.44,2023-11-07,738,N,VIIRS,n,2,297.43,3.88,D,0
31.57643,75.52411,356.83,0.4,0.44,2023-11-07,738,N,VIIRS,n,2,298.17,6.0,D,0
31.6006,75.18571,336.75,0.41,0.45,2023-11-07,738,N,VIIRS,n,2,293.92,5.09,D,0
31.65962,75.57966,331.67,0.39,0.44,2023-11-07,738,N,VIIRS,n,2,297.06,2.42,D,0
31.66128,75.58781,341.14,0.39,0.44,2023-11-07,738,N,VIIRS,n,2,297.8,7.35,D,0
31.66191,75.36113,331.5,0.4,0.44,2023-11-07,738,N,VIIRS,n,2,294.9,2.26,D,0
31.68371,74.20576,328.33,0.46,0.47,2023-11-07,738,N,VIIRS,n,2,285.96,5.03,D,0
31.68695,74.19971,325.4,0.46,0.47,2023-11-07,738,N,VIIRS,n,2,285.53,2.74,D,0
31.70441,75.61464,343.84,0.39,0.44,2023-11-07,738,N,VIIRS,n,2,294.6,3.56,D,0
31.70531,75.64008,328.77,0.39,0.44,2023-11-07,738,N,VIIRS,n,2,293.04,2.62,D,0
31.74714,74.1618,329.89,0.46,0.47,2023-11-07,738,N,VIIRS,n,2,288.1,2.43,D,0
31.84186,74.92961,334.06,0.42,0.45,2023-11-07,738,N,VIIRS,n,2,291.46,2.9,D,0
31.95513,74.98636,340.6,0.41,0.45,2023-11-07,738,N,VIIRS,n,2,295.21,6.18,D,0
31.95609,75.48328,327.55,0.39,0.44,2023-11-07,738,N,VIIRS,n,2,291.91,3.26,D,0
31.969,75.40188,333.64,0.39,0.44,2023-11-07,738,N,VIIRS,n,2,294.7,2.33,D,0
31.9928,75.37347,336.54,0.4,0.44,2023-11-07,738,N,VIIRS,n,2,295.29,3.39,D,0
32.00783,74.94855,340.24,0.42,0.45,2023-11-07,738,N,VIIRS,n,2,294.69,5.37,D,0
32.02896,74.88251,335.29,0.42,0.45,2023-11-07,738,N,VIIRS,n,2,292.34,2.8,D,0
32.03003,74.88306,340.48,0.42,0.45,2023-11-07,738,N,VIIRS,n,2,293.87,5.39,D,0
32.05014,75.23926,330.8,0.4,0.44,2023-11-07,738,N,VIIRS,n,2,295.19,1.44,D,0
32.21102,75.3268,329.63,0.39,0.44,2023-11-07,738,N,VIIRS,n,2,292.63,2.64,D,0
32.2274,75.24068,332.55,0.4,0.44,2023-11-07,738,N,VIIRS,n,2,295.68,2.32,D,0
32.33945,75.31458,329.12,0.39,0.44,2023-11-07,738,N,VIIRS,n,2,294.7,2.39,D,0
32.33947,75.31495,326.92,0.39,0.44,2023-11-07,738,N,VIIRS,n,2,294.19,1.56,D,0
30.96477,77.60663,310.02,0.57,0.52,2023-11-07,2001,N,VIIRS,n,2,281.14,2.09,N,0
30.97828,77.83105,297.32,0.56,0.51,2023-11-07,2001,N,VIIRS,n,2,282.24,1.23,N,0
30.97879,77.83147,299.19,0.56,0.51,2023-11-07,2001,N,VIIRS,n,2,282.33,1.62,N,0
31.26616,77.34087,298.25,0.6,0.53,2023-11-07,2001,N,VIIRS,n,2,282.53,1.87,N,0
27.04412,75.79743,297.93,0.33,0.55,2023-11-07,2002,N,VIIRS,n,2,287.55,0.24,N,0
28.34858,77.23084,298.3,0.56,0.52,2023-11-07,2002,N,VIIRS,n,2,287.3,0.49,N,0
28.68406,77.56618,298.16,0.54,0.51,2023-11-07,2002,N,VIIRS,n,2,286.97,0.56,N,0
28.82154,77.16295,298.68,0.58,0.52,2023-11-07,2002,N,VIIRS,n,2,287.68,0.8,N,0
29.35615,76.26994,306.01,0.33,0.55,2023-11-07,2002,N,VIIRS,n,2,287.16,0.67,N,0
29.45721,76.86224,301.13,0.61,0.53,2023-11-07,2002,N,VIIRS,n,2,289.07,1.1,N,2
29.46217,76.86283,306.22,0.61,0.53,2023-11-07,2002,N,VIIRS,n,2,288.95,1.1,N,0
29.45481,76.87116,302.07,0.77,0.78,2023-11-07,2142,N,VIIRS,n,2,285.71,1.82,N,0
29.91014,74.95377,297.53,0.59,0.7,2023-11-07,2142,N,VIIRS,n,2,286.89,1.54,N,2
