station_id,station_name,lat,lon,zone,agency,freshness,history_kind,pollutant,hour_utc,value,unit
17,R K Puram,28.563262,77.186937,South,DPCC,archive,hourly_readings,no2,2026-09-16T14:00:00Z,82.9,ugm3
17,R K Puram,28.563262,77.186937,South,DPCC,archive,hourly_readings,no2,2026-09-16T15:00:00Z,67.1,ugm3
17,R K Puram,28.563262,77.186937,South,DPCC,archive,hourly_readings,no2,2026-09-16T17:00:00Z,59.4,ugm3
17,R K Puram,28.563262,77.186937,South,DPCC,archive,hourly_readings,no2,2026-09-16T18:00:00Z,60.0,ugm3
17,R K Puram,28.563262,77.186937,South,DPCC,archive,hourly_readings,no2,2026-09-16T19:00:00Z,52.0,ugm3
17,R K Puram,28.563262,77.186937,South,DPCC,archive,hourly_readings,no2,2026-09-16T20:00:00Z,48.8,ugm3
17,R K Puram,28.563262,77.186937,South,DPCC,archive,hourly_readings,no2,2026-09-16T21:00:00Z,50.8,ugm3
17,R K Puram,28.563262,77.186937,South,DPCC,archive,hourly_readings,no2,2026-09-16T22:00:00Z,18.4,ugm3
17,R K Puram,28.563262,77.186937,South,DPCC,archive,hourly_readings,no2,2026-09-16T23:00:00Z,13.9,ugm3
17,R K Puram,28.563262,77.186937,South,DPCC,archive,hourly_readings,no2,2026-09-17T00:00:00Z,19.1,ugm3
17,R K Puram,28.563262,77.186937,South,DPCC,archive,hourly_readings,no2,2026-09-17T01:00:00Z,24.0,ugm3
17,R K Puram,28.563262,77.186937,South,DPCC,archive,hourly_readings,no2,2026-09-17T02:00:00Z,24.4,ugm3
17,R K Puram,28.563262,77.186937,South,DPCC,archive,hourly_readings,no2,2026-09-17T03:00:00Z,27.8,ugm3
17,R K Puram,28.563262,77.186937,South,DPCC,archive,hourly_readings,no2,2026-09-17T04:00:00Z,23.6,ugm3
17,R K Puram,28.563262,77.186937,South,DPCC,archive,hourly_readings,no2,2026-09-17T05:00:00Z,18.3,ugm3
17,R K Puram,28.563262,77.186937,South,DPCC,archive,hourly_readings,no2,2026-09-17T06:00:00Z,16.6,ugm3
17,R K Puram,28.563262,77.186937,South,DPCC,archive,hourly_readings,no2,2026-09-17T07:00:00Z,16.5,ugm3
17,R K Puram,28.563262,77.186937,South,DPCC,archive,hourly_readings,no2,2026-09-17T08:00:00Z,17.1,ugm3
17,R K Puram,28.563262,77.186937,South,DPCC,archive,hourly_readings,no2,2026-09-17T09:00:00Z,15.5,ugm3
17,R K Puram,28.563262,77.186937,South,DPCC,archive,hourly_readings,no2,2026-09-17T10:00:00Z,15.6,ugm3
17,R K Puram,28.563262,77.186937,South,DPCC,archive,hourly_readings,no2,2026-09-17T11:00:00Z,32.9,ugm3
17,R K Puram,28.563262,77.186937,South,DPCC,archive,hourly_readings,no2,2026-09-17T12:00:00Z,66.9,ugm3
17,R K Puram,28.563262,77.186937,South,DPCC,archive,hourly_readings,no2,2026-09-17T13:00:00Z,77.3,ugm3
17,R K Puram,28.563262,77.186937,South,DPCC,archive,hourly_readings,o3,2026-09-16T14:00:00Z,12.8,ugm3
17,R K Puram,28.563262,77.186937,South,DPCC,archive,hourly_readings,o3,2026-09-16T21:00:00Z,5.8,ugm3
17,R K Puram,28.563262,77.186937,South,DPCC,archive,hourly_readings,o3,2026-09-16T22:00:00Z,13.5,ugm3
17,R K Puram,28.563262,77.186937,South,DPCC,archive,hourly_readings,o3,2026-09-16T23:00:00Z,34.6,ugm3
17,R K Puram,28.563262,77.186937,South,DPCC,archive,hourly_readings,o3,2026-09-17T00:00:00Z,31.9,ugm3
17,R K Puram,28.563262,77.186937,South,DPCC,archive,hourly_readings,o3,2026-09-17T01:00:00Z,26.8,ugm3
17,R K Puram,28.563262,77.186937,South,DPCC,archive,hourly_readings,o3,2026-09-17T02:00:00Z,29.7,ugm3
17,R K Puram,28.563262,77.186937,South,DPCC,archive,hourly_readings,o3,2026-09-17T03:00:00Z,38.0,ugm3
17,R K Puram,28.563262,77.186937,South,DPCC,archive,hourly_readings,o3,2026-09-17T04:00:00Z,47.4,ugm3
17,R K Puram,28.563262,77.186937,South,DPCC,archive,hourly_readings,o3,2026-09-17T05:00:00Z,51.2,ugm3
17,R K Puram,28.563262,77.186937,South,DPCC,archive,hourly_readings,o3,2026-09-17T06:00:00Z,49.5,ugm3
17,R K Puram,28.563262,77.186937,South,DPCC,archive,hourly_readings,o3,2026-09-17T07:00:00Z,57.8,ugm3
17,R K Puram,28.563262,77.186937,South,DPCC,archive,hourly_readings,o3,2026-09-17T08:00:00Z,67.4,ugm3
17,R K Puram,28.563262,77.186937,South,DPCC,archive,hourly_readings,o3,2026-09-17T09:00:00Z,61.4,ugm3
17,R K Puram,28.563262,77.186937,South,DPCC,archive,hourly_readings,o3,2026-09-17T10:00:00Z,47.7,ugm3
17,R K Puram,28.563262,77.186937,South,DPCC,archive,hourly_readings,o3,2026-09-17T11:00:00Z,31.8,ugm3
17,R K Puram,28.563262,77.186937,South,DPCC,archive,hourly_readings,o3,2026-09-17T12:00:00Z,26.5,ugm3
17,R K Puram,28.563262,77.186937,South,DPCC,archive,hourly_readings,o3,2026-09-17T13:00:00Z,20.8,ugm3
17,R K Puram,28.563262,77.186937,South,DPCC,archive,hourly_readings,pm10,2026-09-16T14:00:00Z,125.0,ugm3
17,R K Puram,28.563262,77.186937,South,DPCC,archive,hourly_readings,pm10,2026-09-16T15:00:00Z,145.0,ugm3
17,R K Puram,28.563262,77.186937,South,DPCC,archive,hourly_readings,pm10,2026-09-16T17:00:00Z,166.0,ugm3
17,R K Puram,28.563262,77.186937,South,DPCC,archive,hourly_readings,pm10,2026-09-16T18:00:00Z,164.0,ugm3
17,R K Puram,28.563262,77.186937,South,DPCC,archive,hourly_readings,pm10,2026-09-16T19:00:00Z,151.0,ugm3
17,R K Puram,28.563262,77.186937,South,DPCC,archive,hourly_readings,pm10,2026-09-16T20:00:00Z,126.0,ugm3
17,R K Puram,28.563262,77.186937,South,DPCC,archive,hourly_readings,pm10,2026-09-16T21:00:00Z,108.0,ugm3
17,R K Puram,28.563262,77.186937,South,DPCC,archive,hourly_readings,pm10,2026-09-16T22:00:00Z,177.0,ugm3
17,R K Puram,28.563262,77.186937,South,DPCC,archive,hourly_readings,pm10,2026-09-16T23:00:00Z,147.0,ugm3
17,R K Puram,28.563262,77.186937,South,DPCC,archive,hourly_readings,pm10,2026-09-17T00:00:00Z,57.3,ugm3
17,R K Puram,28.563262,77.186937,South,DPCC,archive,hourly_readings,pm10,2026-09-17T01:00:00Z,73.0,ugm3
17,R K Puram,28.563262,77.186937,South,DPCC,archive,hourly_readings,pm10,2026-09-17T02:00:00Z,100.0,ugm3
17,R K Puram,28.563262,77.186937,South,DPCC,archive,hourly_readings,pm10,2026-09-17T03:00:00Z,107.0,ugm3
17,R K Puram,28.563262,77.186937,South,DPCC,archive,hourly_readings,pm10,2026-09-17T04:00:00Z,145.0,ugm3
17,R K Puram,28.563262,77.186937,South,DPCC,archive,hourly_readings,pm10,2026-09-17T05:00:00Z,174.0,ugm3
17,R K Puram,28.563262,77.186937,South,DPCC,archive,hourly_readings,pm10,2026-09-17T06:00:00Z,107.0,ugm3
17,R K Puram,28.563262,77.186937,South,DPCC,archive,hourly_readings,pm10,2026-09-17T07:00:00Z,111.0,ugm3
17,R K Puram,28.563262,77.186937,South,DPCC,archive,hourly_readings,pm10,2026-09-17T08:00:00Z,131.0,ugm3
17,R K Puram,28.563262,77.186937,South,DPCC,archive,hourly_readings,pm10,2026-09-17T09:00:00Z,125.0,ugm3
17,R K Puram,28.563262,77.186937,South,DPCC,archive,hourly_readings,pm10,2026-09-17T10:00:00Z,142.0,ugm3
17,R K Puram,28.563262,77.186937,South,DPCC,archive,hourly_readings,pm10,2026-09-17T11:00:00Z,162.0,ugm3
17,R K Puram,28.563262,77.186937,South,DPCC,archive,hourly_readings,pm10,2026-09-17T12:00:00Z,138.0,ugm3
17,R K Puram,28.563262,77.186937,South,DPCC,archive,hourly_readings,pm10,2026-09-17T13:00:00Z,127.0,ugm3
17,R K Puram,28.563262,77.186937,South,DPCC,archive,hourly_readings,pm25,2026-09-16T14:00:00Z,65.3,ugm3
17,R K Puram,28.563262,77.186937,South,DPCC,archive,hourly_readings,pm25,2026-09-16T15:00:00Z,91.3,ugm3
17,R K Puram,28.563262,77.186937,South,DPCC,archive,hourly_readings,pm25,2026-09-16T18:00:00Z,39.0,ugm3
17,R K Puram,28.563262,77.186937,South,DPCC,archive,hourly_readings,pm25,2026-09-16T19:00:00Z,42.0,ugm3
17,R K Puram,28.563262,77.186937,South,DPCC,archive,hourly_readings,pm25,2026-09-16T20:00:00Z,52.3,ugm3
17,R K Puram,28.563262,77.186937,South,DPCC,archive,hourly_readings,pm25,2026-09-16T21:00:00Z,56.0,ugm3
17,R K Puram,28.563262,77.186937,South,DPCC,archive,hourly_readings,pm25,2026-09-17T00:00:00Z,25.0,ugm3
17,R K Puram,28.563262,77.186937,South,DPCC,archive,hourly_readings,pm25,2026-09-17T01:00:00Z,25.0,ugm3
17,R K Puram,28.563262,77.186937,South,DPCC,archive,hourly_readings,pm25,2026-09-17T02:00:00Z,9.0,ugm3
17,R K Puram,28.563262,77.186937,South,DPCC,archive,hourly_readings,pm25,2026-09-17T03:00:00Z,15.5,ugm3
17,R K Puram,28.563262,77.186937,South,DPCC,archive,hourly_readings,pm25,2026-09-17T04:00:00Z,37.3,ugm3
17,R K Puram,28.563262,77.186937,South,DPCC,archive,hourly_readings,pm25,2026-09-17T05:00:00Z,47.8,ugm3
17,R K Puram,28.563262,77.186937,South,DPCC,archive,hourly_readings,pm25,2026-09-17T06:00:00Z,63.5,ugm3
17,R K Puram,28.563262,77.186937,South,DPCC,archive,hourly_readings,pm25,2026-09-17T07:00:00Z,73.3,ugm3
17,R K Puram,28.563262,77.186937,South,DPCC,archive,hourly_readings,pm25,2026-09-17T08:00:00Z,58.5,ugm3
17,R K Puram,28.563262,77.186937,South,DPCC,archive,hourly_readings,pm25,2026-09-17T09:00:00Z,38.8,ugm3
17,R K Puram,28.563262,77.186937,South,DPCC,archive,hourly_readings,pm25,2026-09-17T10:00:00Z,15.5,ugm3
17,R K Puram,28.563262,77.186937,South,DPCC,archive,hourly_readings,pm25,2026-09-17T11:00:00Z,27.8,ugm3
17,R K Puram,28.563262,77.186937,South,DPCC,archive,hourly_readings,pm25,2026-09-17T12:00:00Z,31.0,ugm3
17,R K Puram,28.563262,77.186937,South,DPCC,archive,hourly_readings,pm25,2026-09-17T13:00:00Z,57.8,ugm3
50,Punjabi Bagh,28.674045,77.131023,West,DPCC,archive,hourly_readings,no2,2026-09-16T14:00:00Z,49.6,ugm3
50,Punjabi Bagh,28.674045,77.131023,West,DPCC,archive,hourly_readings,no2,2026-09-16T15:00:00Z,46.9,ugm3
50,Punjabi Bagh,28.674045,77.131023,West,DPCC,archive,hourly_readings,no2,2026-09-16T17:00:00Z,53.7,ugm3
50,Punjabi Bagh,28.674045,77.131023,West,DPCC,archive,hourly_readings,no2,2026-09-16T18:00:00Z,53.6,ugm3
50,Punjabi Bagh,28.674045,77.131023,West,DPCC,archive,hourly_readings,no2,2026-09-16T19:00:00Z,48.5,ugm3
50,Punjabi Bagh,28.674045,77.131023,West,DPCC,archive,hourly_readings,no2,2026-09-16T20:00:00Z,47.6,ugm3
50,Punjabi Bagh,28.674045,77.131023,West,DPCC,archive,hourly_readings,no2,2026-09-16T21:00:00Z,44.2,ugm3
50,Punjabi Bagh,28.674045,77.131023,West,DPCC,archive,hourly_readings,no2,2026-09-16T22:00:00Z,31.8,ugm3
50,Punjabi Bagh,28.674045,77.131023,West,DPCC,archive,hourly_readings,no2,2026-09-16T23:00:00Z,14.8,ugm3
50,Punjabi Bagh,28.674045,77.131023,West,DPCC,archive,hourly_readings,no2,2026-09-17T00:00:00Z,21.5,ugm3
50,Punjabi Bagh,28.674045,77.131023,West,DPCC,archive,hourly_readings,no2,2026-09-17T01:00:00Z,26.2,ugm3
50,Punjabi Bagh,28.674045,77.131023,West,DPCC,archive,hourly_readings,no2,2026-09-17T02:00:00Z,29.0,ugm3
50,Punjabi Bagh,28.674045,77.131023,West,DPCC,archive,hourly_readings,no2,2026-09-17T03:00:00Z,22.2,ugm3
50,Punjabi Bagh,28.674045,77.131023,West,DPCC,archive,hourly_readings,no2,2026-09-17T04:00:00Z,26.1,ugm3
50,Punjabi Bagh,28.674045,77.131023,West,DPCC,archive,hourly_readings,no2,2026-09-17T05:00:00Z,20.2,ugm3
50,Punjabi Bagh,28.674045,77.131023,West,DPCC,archive,hourly_readings,no2,2026-09-17T06:00:00Z,19.8,ugm3
50,Punjabi Bagh,28.674045,77.131023,West,DPCC,archive,hourly_readings,no2,2026-09-17T07:00:00Z,19.3,ugm3
50,Punjabi Bagh,28.674045,77.131023,West,DPCC,archive,hourly_readings,no2,2026-09-17T08:00:00Z,19.8,ugm3
50,Punjabi Bagh,28.674045,77.131023,West,DPCC,archive,hourly_readings,no2,2026-09-17T09:00:00Z,19.7,ugm3
50,Punjabi Bagh,28.674045,77.131023,West,DPCC,archive,hourly_readings,no2,2026-09-17T10:00:00Z,22.1,ugm3
50,Punjabi Bagh,28.674045,77.131023,West,DPCC,archive,hourly_readings,no2,2026-09-17T11:00:00Z,26.6,ugm3
50,Punjabi Bagh,28.674045,77.131023,West,DPCC,archive,hourly_readings,no2,2026-09-17T12:00:00Z,33.5,ugm3
50,Punjabi Bagh,28.674045,77.131023,West,DPCC,archive,hourly_readings,no2,2026-09-17T13:00:00Z,31.1,ugm3
50,Punjabi Bagh,28.674045,77.131023,West,DPCC,archive,hourly_readings,o3,2026-09-16T14:00:00Z,13.1,ugm3
50,Punjabi Bagh,28.674045,77.131023,West,DPCC,archive,hourly_readings,o3,2026-09-16T15:00:00Z,13.9,ugm3
50,Punjabi Bagh,28.674045,77.131023,West,DPCC,archive,hourly_readings,o3,2026-09-16T17:00:00Z,5.4,ugm3
50,Punjabi Bagh,28.674045,77.131023,West,DPCC,archive,hourly_readings,o3,2026-09-16T18:00:00Z,5.9,ugm3
50,Punjabi Bagh,28.674045,77.131023,West,DPCC,archive,hourly_readings,o3,2026-09-16T19:00:00Z,7.2,ugm3
50,Punjabi Bagh,28.674045,77.131023,West,DPCC,archive,hourly_readings,o3,2026-09-16T20:00:00Z,7.3,ugm3
50,Punjabi Bagh,28.674045,77.131023,West,DPCC,archive,hourly_readings,o3,2026-09-16T21:00:00Z,6.4,ugm3
50,Punjabi Bagh,28.674045,77.131023,West,DPCC,archive,hourly_readings,o3,2026-09-16T22:00:00Z,14.2,ugm3
50,Punjabi Bagh,28.674045,77.131023,West,DPCC,archive,hourly_readings,o3,2026-09-16T23:00:00Z,24.9,ugm3
50,Punjabi Bagh,28.674045,77.131023,West,DPCC,archive,hourly_readings,o3,2026-09-17T00:00:00Z,22.8,ugm3
50,Punjabi Bagh,28.674045,77.131023,West,DPCC,archive,hourly_readings,o3,2026-09-17T01:00:00Z,20.8,ugm3
50,Punjabi Bagh,28.674045,77.131023,West,DPCC,archive,hourly_readings,o3,2026-09-17T02:00:00Z,22.5,ugm3
50,Punjabi Bagh,28.674045,77.131023,West,DPCC,archive,hourly_readings,o3,2026-09-17T03:00:00Z,29.2,ugm3
50,Punjabi Bagh,28.674045,77.131023,West,DPCC,archive,hourly_readings,o3,2026-09-17T04:00:00Z,27.6,ugm3
50,Punjabi Bagh,28.674045,77.131023,West,DPCC,archive,hourly_readings,o3,2026-09-17T05:00:00Z,29.3,ugm3
50,Punjabi Bagh,28.674045,77.131023,West,DPCC,archive,hourly_readings,o3,2026-09-17T06:00:00Z,30.3,ugm3
50,Punjabi Bagh,28.674045,77.131023,West,DPCC,archive,hourly_readings,o3,2026-09-17T07:00:00Z,36.7,ugm3
50,Punjabi Bagh,28.674045,77.131023,West,DPCC,archive,hourly_readings,o3,2026-09-17T08:00:00Z,41.4,ugm3
50,Punjabi Bagh,28.674045,77.131023,West,DPCC,archive,hourly_readings,o3,2026-09-17T09:00:00Z,38.2,ugm3
50,Punjabi Bagh,28.674045,77.131023,West,DPCC,archive,hourly_readings,o3,2026-09-17T10:00:00Z,45.1,ugm3
50,Punjabi Bagh,28.674045,77.131023,West,DPCC,archive,hourly_readings,o3,2026-09-17T11:00:00Z,34.2,ugm3
50,Punjabi Bagh,28.674045,77.131023,West,DPCC,archive,hourly_readings,o3,2026-09-17T12:00:00Z,31.5,ugm3
50,Punjabi Bagh,28.674045,77.131023,West,DPCC,archive,hourly_readings,o3,2026-09-17T13:00:00Z,27.5,ugm3
50,Punjabi Bagh,28.674045,77.131023,West,DPCC,archive,hourly_readings,pm10,2026-09-16T14:00:00Z,158.0,ugm3
50,Punjabi Bagh,28.674045,77.131023,West,DPCC,archive,hourly_readings,pm10,2026-09-16T15:00:00Z,183.0,ugm3
50,Punjabi Bagh,28.674045,77.131023,West,DPCC,archive,hourly_readings,pm10,2026-09-16T17:00:00Z,227.0,ugm3
50,Punjabi Bagh,28.674045,77.131023,West,DPCC,archive,hourly_readings,pm10,2026-09-16T18:00:00Z,234.0,ugm3
50,Punjabi Bagh,28.674045,77.131023,West,DPCC,archive,hourly_readings,pm10,2026-09-16T19:00:00Z,247.0,ugm3
50,Punjabi Bagh,28.674045,77.131023,West,DPCC,archive,hourly_readings,pm10,2026-09-16T20:00:00Z,235.0,ugm3
50,Punjabi Bagh,28.674045,77.131023,West,DPCC,archive,hourly_readings,pm10,2026-09-16T21:00:00Z,243.0,ugm3
50,Punjabi Bagh,28.674045,77.131023,West,DPCC,archive,hourly_readings,pm10,2026-09-16T22:00:00Z,190.0,ugm3
50,Punjabi Bagh,28.674045,77.131023,West,DPCC,archive,hourly_readings,pm10,2026-09-16T23:00:00Z,146.0,ugm3
50,Punjabi Bagh,28.674045,77.131023,West,DPCC,archive,hourly_readings,pm10,2026-09-17T00:00:00Z,30.8,ugm3
50,Punjabi Bagh,28.674045,77.131023,West,DPCC,archive,hourly_readings,pm10,2026-09-17T01:00:00Z,67.8,ugm3
50,Punjabi Bagh,28.674045,77.131023,West,DPCC,archive,hourly_readings,pm10,2026-09-17T02:00:00Z,84.5,ugm3
50,Punjabi Bagh,28.674045,77.131023,West,DPCC,archive,hourly_readings,pm10,2026-09-17T03:00:00Z,111.0,ugm3
50,Punjabi Bagh,28.674045,77.131023,West,DPCC,archive,hourly_readings,pm10,2026-09-17T04:00:00Z,95.5,ugm3
50,Punjabi Bagh,28.674045,77.131023,West,DPCC,archive,hourly_readings,pm10,2026-09-17T05:00:00Z,124.0,ugm3
50,Punjabi Bagh,28.674045,77.131023,West,DPCC,archive,hourly_readings,pm10,2026-09-17T06:00:00Z,68.0,ugm3
50,Punjabi Bagh,28.674045,77.131023,West,DPCC,archive,hourly_readings,pm10,2026-09-17T07:00:00Z,77.3,ugm3
50,Punjabi Bagh,28.674045,77.131023,West,DPCC,archive,hourly_readings,pm10,2026-09-17T08:00:00Z,102.0,ugm3
50,Punjabi Bagh,28.674045,77.131023,West,DPCC,archive,hourly_readings,pm10,2026-09-17T09:00:00Z,88.8,ugm3
50,Punjabi Bagh,28.674045,77.131023,West,DPCC,archive,hourly_readings,pm10,2026-09-17T10:00:00Z,84.0,ugm3
50,Punjabi Bagh,28.674045,77.131023,West,DPCC,archive,hourly_readings,pm10,2026-09-17T11:00:00Z,88.8,ugm3
50,Punjabi Bagh,28.674045,77.131023,West,DPCC,archive,hourly_readings,pm10,2026-09-17T12:00:00Z,91.3,ugm3
50,Punjabi Bagh,28.674045,77.131023,West,DPCC,archive,hourly_readings,pm10,2026-09-17T13:00:00Z,119.0,ugm3
50,Punjabi Bagh,28.674045,77.131023,West,DPCC,archive,hourly_readings,pm25,2026-09-16T14:00:00Z,52.0,ugm3
50,Punjabi Bagh,28.674045,77.131023,West,DPCC,archive,hourly_readings,pm25,2026-09-16T15:00:00Z,62.8,ugm3
50,Punjabi Bagh,28.674045,77.131023,West,DPCC,archive,hourly_readings,pm25,2026-09-16T17:00:00Z,81.0,ugm3
50,Punjabi Bagh,28.674045,77.131023,West,DPCC,archive,hourly_readings,pm25,2026-09-16T18:00:00Z,90.5,ugm3
50,Punjabi Bagh,28.674045,77.131023,West,DPCC,archive,hourly_readings,pm25,2026-09-16T19:00:00Z,116.0,ugm3
50,Punjabi Bagh,28.674045,77.131023,West,DPCC,archive,hourly_readings,pm25,2026-09-16T20:00:00Z,116.0,ugm3
50,Punjabi Bagh,28.674045,77.131023,West,DPCC,archive,hourly_readings,pm25,2026-09-16T21:00:00Z,127.0,ugm3
50,Punjabi Bagh,28.674045,77.131023,West,DPCC,archive,hourly_readings,pm25,2026-09-16T22:00:00Z,91.0,ugm3
50,Punjabi Bagh,28.674045,77.131023,West,DPCC,archive,hourly_readings,pm25,2026-09-17T00:00:00Z,25.0,ugm3
50,Punjabi Bagh,28.674045,77.131023,West,DPCC,archive,hourly_readings,pm25,2026-09-17T01:00:00Z,22.3,ugm3
50,Punjabi Bagh,28.674045,77.131023,West,DPCC,archive,hourly_readings,pm25,2026-09-17T02:00:00Z,17.8,ugm3
50,Punjabi Bagh,28.674045,77.131023,West,DPCC,archive,hourly_readings,pm25,2026-09-17T03:00:00Z,29.3,ugm3
50,Punjabi Bagh,28.674045,77.131023,West,DPCC,archive,hourly_readings,pm25,2026-09-17T04:00:00Z,30.8,ugm3
50,Punjabi Bagh,28.674045,77.131023,West,DPCC,archive,hourly_readings,pm25,2026-09-17T05:00:00Z,33.0,ugm3
50,Punjabi Bagh,28.674045,77.131023,West,DPCC,archive,hourly_readings,pm25,2026-09-17T06:00:00Z,51.0,ugm3
50,Punjabi Bagh,28.674045,77.131023,West,DPCC,archive,hourly_readings,pm25,2026-09-17T07:00:00Z,52.3,ugm3
50,Punjabi Bagh,28.674045,77.131023,West,DPCC,archive,hourly_readings,pm25,2026-09-17T08:00:00Z,52.0,ugm3
50,Punjabi Bagh,28.674045,77.131023,West,DPCC,archive,hourly_readings,pm25,2026-09-17T09:00:00Z,38.3,ugm3
50,Punjabi Bagh,28.674045,77.131023,West,DPCC,archive,hourly_readings,pm25,2026-09-17T10:00:00Z,35.8,ugm3
50,Punjabi Bagh,28.674045,77.131023,West,DPCC,archive,hourly_readings,pm25,2026-09-17T11:00:00Z,38.8,ugm3
50,Punjabi Bagh,28.674045,77.131023,West,DPCC,archive,hourly_readings,pm25,2026-09-17T12:00:00Z,22.0,ugm3
50,Punjabi Bagh,28.674045,77.131023,West,DPCC,archive,hourly_readings,pm25,2026-09-17T13:00:00Z,25.3,ugm3
301,"Vikas Sadan, Gurugram",28.450124,77.026305,West,HSPCB,archive,hourly_readings,no2,2026-09-16T14:00:00Z,6.8,ugm3
301,"Vikas Sadan, Gurugram",28.450124,77.026305,West,HSPCB,archive,hourly_readings,no2,2026-09-16T15:00:00Z,6.8,ugm3
301,"Vikas Sadan, Gurugram",28.450124,77.026305,West,HSPCB,archive,hourly_readings,no2,2026-09-16T17:00:00Z,3.5,ugm3
301,"Vikas Sadan, Gurugram",28.450124,77.026305,West,HSPCB,archive,hourly_readings,no2,2026-09-16T18:00:00Z,4.0,ugm3
301,"Vikas Sadan, Gurugram",28.450124,77.026305,West,HSPCB,archive,hourly_readings,no2,2026-09-16T19:00:00Z,4.2,ugm3
301,"Vikas Sadan, Gurugram",28.450124,77.026305,West,HSPCB,archive,hourly_readings,no2,2026-09-16T20:00:00Z,3.5,ugm3
301,"Vikas Sadan, Gurugram",28.450124,77.026305,West,HSPCB,archive,hourly_readings,no2,2026-09-16T21:00:00Z,7.7,ugm3
301,"Vikas Sadan, Gurugram",28.450124,77.026305,West,HSPCB,archive,hourly_readings,no2,2026-09-16T22:00:00Z,5.5,ugm3
301,"Vikas Sadan, Gurugram",28.450124,77.026305,West,HSPCB,archive,hourly_readings,no2,2026-09-16T23:00:00Z,9.4,ugm3
301,"Vikas Sadan, Gurugram",28.450124,77.026305,West,HSPCB,archive,hourly_readings,no2,2026-09-17T00:00:00Z,13.2,ugm3
301,"Vikas Sadan, Gurugram",28.450124,77.026305,West,HSPCB,archive,hourly_readings,no2,2026-09-17T01:00:00Z,13.8,ugm3
301,"Vikas Sadan, Gurugram",28.450124,77.026305,West,HSPCB,archive,hourly_readings,no2,2026-09-17T02:00:00Z,17.7,ugm3
301,"Vikas Sadan, Gurugram",28.450124,77.026305,West,HSPCB,archive,hourly_readings,no2,2026-09-17T03:00:00Z,12.7,ugm3
301,"Vikas Sadan, Gurugram",28.450124,77.026305,West,HSPCB,archive,hourly_readings,no2,2026-09-17T04:00:00Z,9.6,ugm3
301,"Vikas Sadan, Gurugram",28.450124,77.026305,West,HSPCB,archive,hourly_readings,no2,2026-09-17T05:00:00Z,5.5,ugm3
301,"Vikas Sadan, Gurugram",28.450124,77.026305,West,HSPCB,archive,hourly_readings,no2,2026-09-17T06:00:00Z,5.7,ugm3
301,"Vikas Sadan, Gurugram",28.450124,77.026305,West,HSPCB,archive,hourly_readings,no2,2026-09-17T07:00:00Z,5.7,ugm3
301,"Vikas Sadan, Gurugram",28.450124,77.026305,West,HSPCB,archive,hourly_readings,no2,2026-09-17T08:00:00Z,5.6,ugm3
301,"Vikas Sadan, Gurugram",28.450124,77.026305,West,HSPCB,archive,hourly_readings,no2,2026-09-17T09:00:00Z,5.8,ugm3
301,"Vikas Sadan, Gurugram",28.450124,77.026305,West,HSPCB,archive,hourly_readings,no2,2026-09-17T10:00:00Z,5.7,ugm3
301,"Vikas Sadan, Gurugram",28.450124,77.026305,West,HSPCB,archive,hourly_readings,no2,2026-09-17T11:00:00Z,5.7,ugm3
301,"Vikas Sadan, Gurugram",28.450124,77.026305,West,HSPCB,archive,hourly_readings,no2,2026-09-17T12:00:00Z,5.6,ugm3
301,"Vikas Sadan, Gurugram",28.450124,77.026305,West,HSPCB,archive,hourly_readings,no2,2026-09-17T13:00:00Z,5.8,ugm3
301,"Vikas Sadan, Gurugram",28.450124,77.026305,West,HSPCB,archive,hourly_readings,o3,2026-09-16T14:00:00Z,2.0,ugm3
301,"Vikas Sadan, Gurugram",28.450124,77.026305,West,HSPCB,archive,hourly_readings,o3,2026-09-16T15:00:00Z,1.6,ugm3
301,"Vikas Sadan, Gurugram",28.450124,77.026305,West,HSPCB,archive,hourly_readings,o3,2026-09-16T17:00:00Z,0.4,ugm3
301,"Vikas Sadan, Gurugram",28.450124,77.026305,West,HSPCB,archive,hourly_readings,o3,2026-09-16T18:00:00Z,0.5,ugm3
301,"Vikas Sadan, Gurugram",28.450124,77.026305,West,HSPCB,archive,hourly_readings,o3,2026-09-16T19:00:00Z,1.1,ugm3
301,"Vikas Sadan, Gurugram",28.450124,77.026305,West,HSPCB,archive,hourly_readings,o3,2026-09-16T20:00:00Z,1.6,ugm3
301,"Vikas Sadan, Gurugram",28.450124,77.026305,West,HSPCB,archive,hourly_readings,o3,2026-09-16T21:00:00Z,1.2,ugm3
301,"Vikas Sadan, Gurugram",28.450124,77.026305,West,HSPCB,archive,hourly_readings,o3,2026-09-16T22:00:00Z,1.4,ugm3
301,"Vikas Sadan, Gurugram",28.450124,77.026305,West,HSPCB,archive,hourly_readings,o3,2026-09-16T23:00:00Z,1.8,ugm3
301,"Vikas Sadan, Gurugram",28.450124,77.026305,West,HSPCB,archive,hourly_readings,o3,2026-09-17T00:00:00Z,3.0,ugm3
301,"Vikas Sadan, Gurugram",28.450124,77.026305,West,HSPCB,archive,hourly_readings,o3,2026-09-17T01:00:00Z,3.4,ugm3
301,"Vikas Sadan, Gurugram",28.450124,77.026305,West,HSPCB,archive,hourly_readings,o3,2026-09-17T02:00:00Z,4.1,ugm3
301,"Vikas Sadan, Gurugram",28.450124,77.026305,West,HSPCB,archive,hourly_readings,o3,2026-09-17T03:00:00Z,3.7,ugm3
301,"Vikas Sadan, Gurugram",28.450124,77.026305,West,HSPCB,archive,hourly_readings,o3,2026-09-17T04:00:00Z,5.4,ugm3
301,"Vikas Sadan, Gurugram",28.450124,77.026305,West,HSPCB,archive,hourly_readings,o3,2026-09-17T05:00:00Z,15.6,ugm3
301,"Vikas Sadan, Gurugram",28.450124,77.026305,West,HSPCB,archive,hourly_readings,o3,2026-09-17T06:00:00Z,30.6,ugm3
301,"Vikas Sadan, Gurugram",28.450124,77.026305,West,HSPCB,archive,hourly_readings,o3,2026-09-17T07:00:00Z,29.2,ugm3
301,"Vikas Sadan, Gurugram",28.450124,77.026305,West,HSPCB,archive,hourly_readings,o3,2026-09-17T08:00:00Z,25.1,ugm3
301,"Vikas Sadan, Gurugram",28.450124,77.026305,West,HSPCB,archive,hourly_readings,o3,2026-09-17T09:00:00Z,26.6,ugm3
301,"Vikas Sadan, Gurugram",28.450124,77.026305,West,HSPCB,archive,hourly_readings,o3,2026-09-17T10:00:00Z,30.6,ugm3
301,"Vikas Sadan, Gurugram",28.450124,77.026305,West,HSPCB,archive,hourly_readings,o3,2026-09-17T11:00:00Z,25.7,ugm3
301,"Vikas Sadan, Gurugram",28.450124,77.026305,West,HSPCB,archive,hourly_readings,o3,2026-09-17T12:00:00Z,10.8,ugm3
301,"Vikas Sadan, Gurugram",28.450124,77.026305,West,HSPCB,archive,hourly_readings,o3,2026-09-17T13:00:00Z,10.2,ugm3
301,"Vikas Sadan, Gurugram",28.450124,77.026305,West,HSPCB,archive,hourly_readings,pm10,2026-09-16T14:00:00Z,45.6,ugm3
301,"Vikas Sadan, Gurugram",28.450124,77.026305,West,HSPCB,archive,hourly_readings,pm10,2026-09-16T15:00:00Z,50.9,ugm3
301,"Vikas Sadan, Gurugram",28.450124,77.026305,West,HSPCB,archive,hourly_readings,pm10,2026-09-16T17:00:00Z,63.2,ugm3
301,"Vikas Sadan, Gurugram",28.450124,77.026305,West,HSPCB,archive,hourly_readings,pm10,2026-09-16T18:00:00Z,49.1,ugm3
301,"Vikas Sadan, Gurugram",28.450124,77.026305,West,HSPCB,archive,hourly_readings,pm10,2026-09-16T19:00:00Z,39.2,ugm3
301,"Vikas Sadan, Gurugram",28.450124,77.026305,West,HSPCB,archive,hourly_readings,pm10,2026-09-16T20:00:00Z,47.2,ugm3
301,"Vikas Sadan, Gurugram",28.450124,77.026305,West,HSPCB,archive,hourly_readings,pm10,2026-09-16T21:00:00Z,73.7,ugm3
301,"Vikas Sadan, Gurugram",28.450124,77.026305,West,HSPCB,archive,hourly_readings,pm10,2026-09-16T22:00:00Z,52.2,ugm3
301,"Vikas Sadan, Gurugram",28.450124,77.026305,West,HSPCB,archive,hourly_readings,pm10,2026-09-16T23:00:00Z,39.5,ugm3
301,"Vikas Sadan, Gurugram",28.450124,77.026305,West,HSPCB,archive,hourly_readings,pm10,2026-09-17T00:00:00Z,38.4,ugm3
301,"Vikas Sadan, Gurugram",28.450124,77.026305,West,HSPCB,archive,hourly_readings,pm10,2026-09-17T01:00:00Z,83.1,ugm3
301,"Vikas Sadan, Gurugram",28.450124,77.026305,West,HSPCB,archive,hourly_readings,pm10,2026-09-17T02:00:00Z,73.5,ugm3
301,"Vikas Sadan, Gurugram",28.450124,77.026305,West,HSPCB,archive,hourly_readings,pm10,2026-09-17T03:00:00Z,51.8,ugm3
301,"Vikas Sadan, Gurugram",28.450124,77.026305,West,HSPCB,archive,hourly_readings,pm10,2026-09-17T04:00:00Z,40.5,ugm3
301,"Vikas Sadan, Gurugram",28.450124,77.026305,West,HSPCB,archive,hourly_readings,pm10,2026-09-17T05:00:00Z,31.9,ugm3
301,"Vikas Sadan, Gurugram",28.450124,77.026305,West,HSPCB,archive,hourly_readings,pm10,2026-09-17T06:00:00Z,24.6,ugm3
301,"Vikas Sadan, Gurugram",28.450124,77.026305,West,HSPCB,archive,hourly_readings,pm10,2026-09-17T07:00:00Z,23.3,ugm3
301,"Vikas Sadan, Gurugram",28.450124,77.026305,West,HSPCB,archive,hourly_readings,pm10,2026-09-17T08:00:00Z,37.7,ugm3
301,"Vikas Sadan, Gurugram",28.450124,77.026305,West,HSPCB,archive,hourly_readings,pm10,2026-09-17T09:00:00Z,44.2,ugm3
301,"Vikas Sadan, Gurugram",28.450124,77.026305,West,HSPCB,archive,hourly_readings,pm10,2026-09-17T10:00:00Z,41.2,ugm3
301,"Vikas Sadan, Gurugram",28.450124,77.026305,West,HSPCB,archive,hourly_readings,pm10,2026-09-17T11:00:00Z,44.7,ugm3
301,"Vikas Sadan, Gurugram",28.450124,77.026305,West,HSPCB,archive,hourly_readings,pm10,2026-09-17T12:00:00Z,34.1,ugm3
301,"Vikas Sadan, Gurugram",28.450124,77.026305,West,HSPCB,archive,hourly_readings,pm10,2026-09-17T13:00:00Z,30.0,ugm3
301,"Vikas Sadan, Gurugram",28.450124,77.026305,West,HSPCB,archive,hourly_readings,pm25,2026-09-16T14:00:00Z,35.6,ugm3
301,"Vikas Sadan, Gurugram",28.450124,77.026305,West,HSPCB,archive,hourly_readings,pm25,2026-09-16T15:00:00Z,39.7,ugm3
301,"Vikas Sadan, Gurugram",28.450124,77.026305,West,HSPCB,archive,hourly_readings,pm25,2026-09-16T17:00:00Z,49.3,ugm3
301,"Vikas Sadan, Gurugram",28.450124,77.026305,West,HSPCB,archive,hourly_readings,pm25,2026-09-16T18:00:00Z,38.3,ugm3
301,"Vikas Sadan, Gurugram",28.450124,77.026305,West,HSPCB,archive,hourly_readings,pm25,2026-09-16T19:00:00Z,30.6,ugm3
301,"Vikas Sadan, Gurugram",28.450124,77.026305,West,HSPCB,archive,hourly_readings,pm25,2026-09-16T20:00:00Z,36.8,ugm3
301,"Vikas Sadan, Gurugram",28.450124,77.026305,West,HSPCB,archive,hourly_readings,pm25,2026-09-16T21:00:00Z,57.5,ugm3
301,"Vikas Sadan, Gurugram",28.450124,77.026305,West,HSPCB,archive,hourly_readings,pm25,2026-09-16T22:00:00Z,40.7,ugm3
301,"Vikas Sadan, Gurugram",28.450124,77.026305,West,HSPCB,archive,hourly_readings,pm25,2026-09-16T23:00:00Z,30.9,ugm3
301,"Vikas Sadan, Gurugram",28.450124,77.026305,West,HSPCB,archive,hourly_readings,pm25,2026-09-17T00:00:00Z,29.8,ugm3
301,"Vikas Sadan, Gurugram",28.450124,77.026305,West,HSPCB,archive,hourly_readings,pm25,2026-09-17T01:00:00Z,64.8,ugm3
301,"Vikas Sadan, Gurugram",28.450124,77.026305,West,HSPCB,archive,hourly_readings,pm25,2026-09-17T02:00:00Z,57.3,ugm3
301,"Vikas Sadan, Gurugram",28.450124,77.026305,West,HSPCB,archive,hourly_readings,pm25,2026-09-17T03:00:00Z,40.3,ugm3
301,"Vikas Sadan, Gurugram",28.450124,77.026305,West,HSPCB,archive,hourly_readings,pm25,2026-09-17T04:00:00Z,31.6,ugm3
301,"Vikas Sadan, Gurugram",28.450124,77.026305,West,HSPCB,archive,hourly_readings,pm25,2026-09-17T05:00:00Z,24.9,ugm3
301,"Vikas Sadan, Gurugram",28.450124,77.026305,West,HSPCB,archive,hourly_readings,pm25,2026-09-17T06:00:00Z,19.1,ugm3
301,"Vikas Sadan, Gurugram",28.450124,77.026305,West,HSPCB,archive,hourly_readings,pm25,2026-09-17T07:00:00Z,18.1,ugm3
301,"Vikas Sadan, Gurugram",28.450124,77.026305,West,HSPCB,archive,hourly_readings,pm25,2026-09-17T08:00:00Z,29.4,ugm3
301,"Vikas Sadan, Gurugram",28.450124,77.026305,West,HSPCB,archive,hourly_readings,pm25,2026-09-17T09:00:00Z,34.6,ugm3
301,"Vikas Sadan, Gurugram",28.450124,77.026305,West,HSPCB,archive,hourly_readings,pm25,2026-09-17T10:00:00Z,32.1,ugm3
301,"Vikas Sadan, Gurugram",28.450124,77.026305,West,HSPCB,archive,hourly_readings,pm25,2026-09-17T11:00:00Z,34.9,ugm3
301,"Vikas Sadan, Gurugram",28.450124,77.026305,West,HSPCB,archive,hourly_readings,pm25,2026-09-17T12:00:00Z,26.6,ugm3
301,"Vikas Sadan, Gurugram",28.450124,77.026305,West,HSPCB,archive,hourly_readings,pm25,2026-09-17T13:00:00Z,23.4,ugm3
2553,Anand Vihar,28.6508,77.3152,East,CPCB,live,rolling_24h_mean,o3,2026-09-23T17:00:00Z,4.46,ugm3
2553,Anand Vihar,28.6508,77.3152,East,CPCB,live,rolling_24h_mean,o3,2026-09-23T18:00:00Z,3.4,ugm3
2553,Anand Vihar,28.6508,77.3152,East,CPCB,live,rolling_24h_mean,o3,2026-09-23T19:00:00Z,2.34,ugm3
2553,Anand Vihar,28.6508,77.3152,East,CPCB,live,rolling_24h_mean,o3,2026-09-23T20:00:00Z,4.24,ugm3
2553,Anand Vihar,28.6508,77.3152,East,CPCB,live,rolling_24h_mean,o3,2026-09-23T21:00:00Z,4.24,ugm3
2553,Anand Vihar,28.6508,77.3152,East,CPCB,live,rolling_24h_mean,o3,2026-09-23T22:00:00Z,4.24,ugm3
2553,Anand Vihar,28.6508,77.3152,East,CPCB,live,rolling_24h_mean,o3,2026-09-24T00:00:00Z,1.28,ugm3
2553,Anand Vihar,28.6508,77.3152,East,CPCB,live,rolling_24h_mean,o3,2026-09-24T03:00:00Z,1.69,ugm3
2553,Anand Vihar,28.6508,77.3152,East,CPCB,live,rolling_24h_mean,o3,2026-09-24T05:00:00Z,4.46,ugm3
2553,Anand Vihar,28.6508,77.3152,East,CPCB,live,rolling_24h_mean,o3,2026-09-24T06:00:00Z,8.91,ugm3
2553,Anand Vihar,28.6508,77.3152,East,CPCB,live,rolling_24h_mean,o3,2026-09-24T07:00:00Z,15.06,ugm3
2553,Anand Vihar,28.6508,77.3152,East,CPCB,live,rolling_24h_mean,o3,2026-09-24T10:00:00Z,35.83,ugm3
2553,Anand Vihar,28.6508,77.3152,East,CPCB,live,rolling_24h_mean,o3,2026-09-24T11:00:00Z,36.26,ugm3
2553,Anand Vihar,28.6508,77.3152,East,CPCB,live,rolling_24h_mean,o3,2026-09-24T13:00:00Z,21.83,ugm3
2553,Anand Vihar,28.6508,77.3152,East,CPCB,live,rolling_24h_mean,o3,2026-09-24T16:00:00Z,4.67,ugm3
2553,Anand Vihar,28.6508,77.3152,East,CPCB,live,rolling_24h_mean,o3,2026-09-24T17:00:00Z,2.75,ugm3
2553,Anand Vihar,28.6508,77.3152,East,CPCB,live,rolling_24h_mean,o3,2026-09-24T18:00:00Z,2.12,ugm3
2553,Anand Vihar,28.6508,77.3152,East,CPCB,live,rolling_24h_mean,o3,2026-09-24T22:00:00Z,1.69,ugm3
2553,Anand Vihar,28.6508,77.3152,East,CPCB,live,rolling_24h_mean,o3,2026-09-25T00:00:00Z,1.69,ugm3
2553,Anand Vihar,28.6508,77.3152,East,CPCB,live,rolling_24h_mean,o3,2026-09-25T02:00:00Z,1.69,ugm3
2553,Anand Vihar,28.6508,77.3152,East,CPCB,live,rolling_24h_mean,o3,2026-09-25T03:00:00Z,1.69,ugm3
2553,Anand Vihar,28.6508,77.3152,East,CPCB,live,rolling_24h_mean,o3,2026-09-25T05:00:00Z,4.46,ugm3
2553,Anand Vihar,28.6508,77.3152,East,CPCB,live,rolling_24h_mean,o3,2026-09-25T07:00:00Z,8.7,ugm3
2553,Anand Vihar,28.6508,77.3152,East,CPCB,live,rolling_24h_mean,o3,2026-09-25T08:00:00Z,8.7,ugm3
2553,Anand Vihar,28.6508,77.3152,East,CPCB,live,rolling_24h_mean,o3,2026-09-25T09:00:00Z,13.78,ugm3
2553,Anand Vihar,28.6508,77.3152,East,CPCB,live,rolling_24h_mean,o3,2026-09-25T10:00:00Z,14.84,ugm3
2553,Anand Vihar,28.6508,77.3152,East,CPCB,live,rolling_24h_mean,o3,2026-09-25T11:00:00Z,14.84,ugm3
2553,Anand Vihar,28.6508,77.3152,East,CPCB,live,rolling_24h_mean,o3,2026-09-25T12:00:00Z,25.01,ugm3
2553,Anand Vihar,28.6508,77.3152,East,CPCB,live,rolling_24h_mean,o3,2026-09-25T13:00:00Z,9.76,ugm3
2553,Anand Vihar,28.6508,77.3152,East,CPCB,live,rolling_24h_mean,o3,2026-09-25T14:00:00Z,4.87,ugm3
2553,Anand Vihar,28.6508,77.3152,East,CPCB,live,rolling_24h_mean,o3,2026-09-25T15:00:00Z,6.58,ugm3
2553,Anand Vihar,28.6508,77.3152,East,CPCB,live,rolling_24h_mean,o3,2026-09-25T16:00:00Z,3.4,ugm3
2553,Anand Vihar,28.6508,77.3152,East,CPCB,live,rolling_24h_mean,o3,2026-09-25T17:00:00Z,2.12,ugm3
2553,Anand Vihar,28.6508,77.3152,East,CPCB,live,rolling_24h_mean,o3,2026-09-25T18:00:00Z,3.81,ugm3
2553,Anand Vihar,28.6508,77.3152,East,CPCB,live,rolling_24h_mean,o3,2026-09-25T19:00:00Z,6.14,ugm3
2553,Anand Vihar,28.6508,77.3152,East,CPCB,live,rolling_24h_mean,o3,2026-09-25T20:00:00Z,5.52,ugm3
2553,Anand Vihar,28.6508,77.3152,East,CPCB,live,rolling_24h_mean,o3,2026-09-25T21:00:00Z,7.85,ugm3
2553,Anand Vihar,28.6508,77.3152,East,CPCB,live,rolling_24h_mean,o3,2026-09-25T22:00:00Z,5.3,ugm3
2553,Anand Vihar,28.6508,77.3152,East,CPCB,live,rolling_24h_mean,o3,2026-09-25T23:00:00Z,4.46,ugm3
2553,Anand Vihar,28.6508,77.3152,East,CPCB,live,rolling_24h_mean,o3,2026-09-26T00:00:00Z,8.05,ugm3
2553,Anand Vihar,28.6508,77.3152,East,CPCB,live,rolling_24h_mean,o3,2026-09-26T01:00:00Z,8.7,ugm3
2553,Anand Vihar,28.6508,77.3152,East,CPCB,live,rolling_24h_mean,o3,2026-09-26T02:00:00Z,8.26,ugm3
2553,Anand Vihar,28.6508,77.3152,East,CPCB,live,rolling_24h_mean,o3,2026-09-26T03:00:00Z,8.91,ugm3
2553,Anand Vihar,28.6508,77.3152,East,CPCB,live,rolling_24h_mean,o3,2026-09-26T04:00:00Z,10.38,ugm3
2553,Anand Vihar,28.6508,77.3152,East,CPCB,live,rolling_24h_mean,o3,2026-09-26T05:00:00Z,7.2,ugm3
2553,Anand Vihar,28.6508,77.3152,East,CPCB,live,rolling_24h_mean,o3,2026-09-26T06:00:00Z,9.54,ugm3
2553,Anand Vihar,28.6508,77.3152,East,CPCB,live,rolling_24h_mean,o3,2026-09-26T07:00:00Z,8.91,ugm3
2553,Anand Vihar,28.6508,77.3152,East,CPCB,live,rolling_24h_mean,o3,2026-09-26T08:00:00Z,9.11,ugm3
2553,Anand Vihar,28.6508,77.3152,East,CPCB,live,rolling_24h_mean,o3,2026-09-26T09:00:00Z,8.48,ugm3
2553,Anand Vihar,28.6508,77.3152,East,CPCB,live,rolling_24h_mean,o3,2026-09-26T10:00:00Z,6.14,ugm3
2553,Anand Vihar,28.6508,77.3152,East,CPCB,live,rolling_24h_mean,o3,2026-09-26T11:00:00Z,5.3,ugm3
2553,Anand Vihar,28.6508,77.3152,East,CPCB,live,rolling_24h_mean,o3,2026-09-26T12:00:00Z,4.87,ugm3
2553,Anand Vihar,28.6508,77.3152,East,CPCB,live,rolling_24h_mean,o3,2026-09-26T13:00:00Z,5.08,ugm3
2553,Anand Vihar,28.6508,77.3152,East,CPCB,live,rolling_24h_mean,o3,2026-09-26T14:00:00Z,7.85,ugm3
2553,Anand Vihar,28.6508,77.3152,East,CPCB,live,rolling_24h_mean,o3,2026-09-26T15:00:00Z,6.14,ugm3
2553,Anand Vihar,28.6508,77.3152,East,CPCB,live,rolling_24h_mean,o3,2026-09-26T16:00:00Z,4.87,ugm3
2553,Anand Vihar,28.6508,77.3152,East,CPCB,live,rolling_24h_mean,pm10,2026-09-23T17:00:00Z,186.32,ugm3
2553,Anand Vihar,28.6508,77.3152,East,CPCB,live,rolling_24h_mean,pm10,2026-09-23T18:00:00Z,228.74,ugm3
2553,Anand Vihar,28.6508,77.3152,East,CPCB,live,rolling_24h_mean,pm10,2026-09-23T19:00:00Z,236.83,ugm3
2553,Anand Vihar,28.6508,77.3152,East,CPCB,live,rolling_24h_mean,pm10,2026-09-23T20:00:00Z,218.64,ugm3
2553,Anand Vihar,28.6508,77.3152,East,CPCB,live,rolling_24h_mean,pm10,2026-09-23T21:00:00Z,306.52,ugm3
2553,Anand Vihar,28.6508,77.3152,East,CPCB,live,rolling_24h_mean,pm10,2026-09-23T22:00:00Z,182.28,ugm3
2553,Anand Vihar,28.6508,77.3152,East,CPCB,live,rolling_24h_mean,pm10,2026-09-24T00:00:00Z,94.4,ugm3
2553,Anand Vihar,28.6508,77.3152,East,CPCB,live,rolling_24h_mean,pm10,2026-09-24T03:00:00Z,90.36,ugm3
2553,Anand Vihar,28.6508,77.3152,East,CPCB,live,rolling_24h_mean,pm10,2026-09-24T05:00:00Z,164.09,ugm3
2553,Anand Vihar,28.6508,77.3152,East,CPCB,live,rolling_24h_mean,pm10,2026-09-24T06:00:00Z,84.3,ugm3
2553,Anand Vihar,28.6508,77.3152,East,CPCB,live,rolling_24h_mean,pm10,2026-09-24T07:00:00Z,172.17,ugm3
2553,Anand Vihar,28.6508,77.3152,East,CPCB,live,rolling_24h_mean,pm10,2026-09-24T10:00:00Z,98.44,ugm3
2553,Anand Vihar,28.6508,77.3152,East,CPCB,live,rolling_24h_mean,pm10,2026-09-24T11:00:00Z,106.52,ugm3
2553,Anand Vihar,28.6508,77.3152,East,CPCB,live,rolling_24h_mean,pm10,2026-09-24T13:00:00Z,15.66,ugm3
2553,Anand Vihar,28.6508,77.3152,East,CPCB,live,rolling_24h_mean,pm10,2026-09-24T16:00:00Z,114.6,ugm3
2553,Anand Vihar,28.6508,77.3152,East,CPCB,live,rolling_24h_mean,pm10,2026-09-24T17:00:00Z,192.38,ugm3
2553,Anand Vihar,28.6508,77.3152,East,CPCB,live,rolling_24h_mean,pm10,2026-09-24T18:00:00Z,138.85,ugm3
2553,Anand Vihar,28.6508,77.3152,East,CPCB,live,rolling_24h_mean,pm10,2026-09-24T22:00:00Z,72.17,ugm3
2553,Anand Vihar,28.6508,77.3152,East,CPCB,live,rolling_24h_mean,pm10,2026-09-25T00:00:00Z,72.17,ugm3
2553,Anand Vihar,28.6508,77.3152,East,CPCB,live,rolling_24h_mean,pm10,2026-09-25T02:00:00Z,72.17,ugm3
2553,Anand Vihar,28.6508,77.3152,East,CPCB,live,rolling_24h_mean,pm10,2026-09-25T03:00:00Z,72.17,ugm3
2553,Anand Vihar,28.6508,77.3152,East,CPCB,live,rolling_24h_mean,pm10,2026-09-25T05:00:00Z,84.3,ugm3
2553,Anand Vihar,28.6508,77.3152,East,CPCB,live,rolling_24h_mean,pm10,2026-09-25T07:00:00Z,94.4,ugm3
2553,Anand Vihar,28.6508,77.3152,East,CPCB,live,rolling_24h_mean,pm10,2026-09-25T08:00:00Z,94.4,ugm3
2553,Anand Vihar,28.6508,77.3152,East,CPCB,live,rolling_24h_mean,pm10,2026-09-25T09:00:00Z,60.05,ugm3
2553,Anand Vihar,28.6508,77.3152,East,CPCB,live,rolling_24h_mean,pm10,2026-09-25T10:00:00Z,66.11,ugm3
2553,Anand Vihar,28.6508,77.3152,East,CPCB,live,rolling_24h_mean,pm10,2026-09-25T11:00:00Z,66.11,ugm3
2553,Anand Vihar,28.6508,77.3152,East,CPCB,live,rolling_24h_mean,pm10,2026-09-25T12:00:00Z,94.4,ugm3
2553,Anand Vihar,28.6508,77.3152,East,CPCB,live,rolling_24h_mean,pm10,2026-09-25T13:00:00Z,174.19,ugm3
2553,Anand Vihar,28.6508,77.3152,East,CPCB,live,rolling_24h_mean,pm10,2026-09-25T14:00:00Z,136.83,ugm3
2553,Anand Vihar,28.6508,77.3152,East,CPCB,live,rolling_24h_mean,pm10,2026-09-25T15:00:00Z,108.54,ugm3
2553,Anand Vihar,28.6508,77.3152,East,CPCB,live,rolling_24h_mean,pm10,2026-09-25T16:00:00Z,76.21,ugm3
2553,Anand Vihar,28.6508,77.3152,East,CPCB,live,rolling_24h_mean,pm10,2026-09-25T17:00:00Z,90.36,ugm3
2553,Anand Vihar,28.6508,77.3152,East,CPCB,live,rolling_24h_mean,pm10,2026-09-25T18:00:00Z,90.36,ugm3
2553,Anand Vihar,28.6508,77.3152,East,CPCB,live,rolling_24h_mean,pm10,2026-09-25T19:00:00Z,37.26,ugm3
2553,Anand Vihar,28.6508,77.3152,East,CPCB,live,rolling_24h_mean,pm10,2026-09-25T20:00:00Z,51.3,ugm3
2553,Anand Vihar,28.6508,77.3152,East,CPCB,live,rolling_24h_mean,pm10,2026-09-25T21:00:00Z,45.9,ugm3
2553,Anand Vihar,28.6508,77.3152,East,CPCB,live,rolling_24h_mean,pm10,2026-09-25T22:00:00Z,22.14,ugm3
2553,Anand Vihar,28.6508,77.3152,East,CPCB,live,rolling_24h_mean,pm10,2026-09-25T23:00:00Z,112.58,ugm3
2553,Anand Vihar,28.6508,77.3152,East,CPCB,live,rolling_24h_mean,pm10,2026-09-26T00:00:00Z,64.09,ugm3
2553,Anand Vihar,28.6508,77.3152,East,CPCB,live,rolling_24h_mean,pm10,2026-09-26T01:00:00Z,54.54,ugm3
2553,Anand Vihar,28.6508,77.3152,East,CPCB,live,rolling_24h_mean,pm10,2026-09-26T02:00:00Z,43.74,ugm3
2553,Anand Vihar,28.6508,77.3152,East,CPCB,live,rolling_24h_mean,pm10,2026-09-26T03:00:00Z,58.03,ugm3
2553,Anand Vihar,28.6508,77.3152,East,CPCB,live,rolling_24h_mean,pm10,2026-09-26T04:00:00Z,58.03,ugm3
2553,Anand Vihar,28.6508,77.3152,East,CPCB,live,rolling_24h_mean,pm10,2026-09-26T05:00:00Z,58.03,ugm3
2553,Anand Vihar,28.6508,77.3152,East,CPCB,live,rolling_24h_mean,pm10,2026-09-26T06:00:00Z,112.58,ugm3
2553,Anand Vihar,28.6508,77.3152,East,CPCB,live,rolling_24h_mean,pm10,2026-09-26T07:00:00Z,100.46,ugm3
2553,Anand Vihar,28.6508,77.3152,East,CPCB,live,rolling_24h_mean,pm10,2026-09-26T08:00:00Z,102.48,ugm3
2553,Anand Vihar,28.6508,77.3152,East,CPCB,live,rolling_24h_mean,pm10,2026-09-26T09:00:00Z,102.48,ugm3
2553,Anand Vihar,28.6508,77.3152,East,CPCB,live,rolling_24h_mean,pm10,2026-09-26T10:00:00Z,102.48,ugm3
2553,Anand Vihar,28.6508,77.3152,East,CPCB,live,rolling_24h_mean,pm10,2026-09-26T11:00:00Z,96.42,ugm3
2553,Anand Vihar,28.6508,77.3152,East,CPCB,live,rolling_24h_mean,pm10,2026-09-26T12:00:00Z,23.22,ugm3
2553,Anand Vihar,28.6508,77.3152,East,CPCB,live,rolling_24h_mean,pm10,2026-09-26T13:00:00Z,10.26,ugm3
2553,Anand Vihar,28.6508,77.3152,East,CPCB,live,rolling_24h_mean,pm10,2026-09-26T14:00:00Z,10.26,ugm3
2553,Anand Vihar,28.6508,77.3152,East,CPCB,live,rolling_24h_mean,pm10,2026-09-26T15:00:00Z,10.26,ugm3
2553,Anand Vihar,28.6508,77.3152,East,CPCB,live,rolling_24h_mean,pm10,2026-09-26T16:00:00Z,10.26,ugm3
2553,Anand Vihar,28.6508,77.3152,East,CPCB,live,rolling_24h_mean,pm25,2026-09-23T17:00:00Z,83.58,ugm3
2553,Anand Vihar,28.6508,77.3152,East,CPCB,live,rolling_24h_mean,pm25,2026-09-23T18:00:00Z,102.95,ugm3
2553,Anand Vihar,28.6508,77.3152,East,CPCB,live,rolling_24h_mean,pm25,2026-09-23T19:00:00Z,132.0,ugm3
2553,Anand Vihar,28.6508,77.3152,East,CPCB,live,rolling_24h_mean,pm25,2026-09-23T20:00:00Z,122.32,ugm3
2553,Anand Vihar,28.6508,77.3152,East,CPCB,live,rolling_24h_mean,pm25,2026-09-23T21:00:00Z,161.1,ugm3
2553,Anand Vihar,28.6508,77.3152,East,CPCB,live,rolling_24h_mean,pm25,2026-09-23T22:00:00Z,114.57,ugm3
2553,Anand Vihar,28.6508,77.3152,East,CPCB,live,rolling_24h_mean,pm25,2026-09-24T00:00:00Z,50.32,ugm3
2553,Anand Vihar,28.6508,77.3152,East,CPCB,live,rolling_24h_mean,pm25,2026-09-24T03:00:00Z,20.42,ugm3
2553,Anand Vihar,28.6508,77.3152,East,CPCB,live,rolling_24h_mean,pm25,2026-09-24T05:00:00Z,77.77,ugm3
2553,Anand Vihar,28.6508,77.3152,East,CPCB,live,rolling_24h_mean,pm25,2026-09-24T06:00:00Z,50.32,ugm3
2553,Anand Vihar,28.6508,77.3152,East,CPCB,live,rolling_24h_mean,pm25,2026-09-24T07:00:00Z,89.39,ugm3
2553,Anand Vihar,28.6508,77.3152,East,CPCB,live,rolling_24h_mean,pm25,2026-09-24T10:00:00Z,40.98,ugm3
2553,Anand Vihar,28.6508,77.3152,East,CPCB,live,rolling_24h_mean,pm25,2026-09-24T11:00:00Z,45.04,ugm3
2553,Anand Vihar,28.6508,77.3152,East,CPCB,live,rolling_24h_mean,pm25,2026-09-24T13:00:00Z,5.16,ugm3
2553,Anand Vihar,28.6508,77.3152,East,CPCB,live,rolling_24h_mean,pm25,2026-09-24T16:00:00Z,35.16,ugm3
2553,Anand Vihar,28.6508,77.3152,East,CPCB,live,rolling_24h_mean,pm25,2026-09-24T17:00:00Z,79.71,ugm3
2553,Anand Vihar,28.6508,77.3152,East,CPCB,live,rolling_24h_mean,pm25,2026-09-24T18:00:00Z,45.04,ugm3
2553,Anand Vihar,28.6508,77.3152,East,CPCB,live,rolling_24h_mean,pm25,2026-09-24T22:00:00Z,16.14,ugm3
2553,Anand Vihar,28.6508,77.3152,East,CPCB,live,rolling_24h_mean,pm25,2026-09-25T00:00:00Z,16.14,ugm3
2553,Anand Vihar,28.6508,77.3152,East,CPCB,live,rolling_24h_mean,pm25,2026-09-25T02:00:00Z,16.14,ugm3
2553,Anand Vihar,28.6508,77.3152,East,CPCB,live,rolling_24h_mean,pm25,2026-09-25T03:00:00Z,16.14,ugm3
2553,Anand Vihar,28.6508,77.3152,East,CPCB,live,rolling_24h_mean,pm25,2026-09-25T05:00:00Z,11.16,ugm3
2553,Anand Vihar,28.6508,77.3152,East,CPCB,live,rolling_24h_mean,pm25,2026-09-25T07:00:00Z,15.19,ugm3
2553,Anand Vihar,28.6508,77.3152,East,CPCB,live,rolling_24h_mean,pm25,2026-09-25T08:00:00Z,15.19,ugm3
2553,Anand Vihar,28.6508,77.3152,East,CPCB,live,rolling_24h_mean,pm25,2026-09-25T09:00:00Z,15.19,ugm3
2553,Anand Vihar,28.6508,77.3152,East,CPCB,live,rolling_24h_mean,pm25,2026-09-25T10:00:00Z,18.04,ugm3
2553,Anand Vihar,28.6508,77.3152,East,CPCB,live,rolling_24h_mean,pm25,2026-09-25T11:00:00Z,18.04,ugm3
2553,Anand Vihar,28.6508,77.3152,East,CPCB,live,rolling_24h_mean,pm25,2026-09-25T12:00:00Z,24.23,ugm3
2553,Anand Vihar,28.6508,77.3152,East,CPCB,live,rolling_24h_mean,pm25,2026-09-25T13:00:00Z,79.71,ugm3
2553,Anand Vihar,28.6508,77.3152,East,CPCB,live,rolling_24h_mean,pm25,2026-09-25T14:00:00Z,36.92,ugm3
2553,Anand Vihar,28.6508,77.3152,East,CPCB,live,rolling_24h_mean,pm25,2026-09-25T15:00:00Z,28.51,ugm3
2553,Anand Vihar,28.6508,77.3152,East,CPCB,live,rolling_24h_mean,pm25,2026-09-25T16:00:00Z,23.27,ugm3
2553,Anand Vihar,28.6508,77.3152,East,CPCB,live,rolling_24h_mean,pm25,2026-09-25T17:00:00Z,32.31,ugm3
2553,Anand Vihar,28.6508,77.3152,East,CPCB,live,rolling_24h_mean,pm25,2026-09-25T18:00:00Z,32.31,ugm3
2553,Anand Vihar,28.6508,77.3152,East,CPCB,live,rolling_24h_mean,pm25,2026-09-25T19:00:00Z,32.31,ugm3
2553,Anand Vihar,28.6508,77.3152,East,CPCB,live,rolling_24h_mean,pm25,2026-09-25T20:00:00Z,14.24,ugm3
2553,Anand Vihar,28.6508,77.3152,East,CPCB,live,rolling_24h_mean,pm25,2026-09-25T21:00:00Z,16.14,ugm3
2553,Anand Vihar,28.6508,77.3152,East,CPCB,live,rolling_24h_mean,pm25,2026-09-25T22:00:00Z,11.16,ugm3
2553,Anand Vihar,28.6508,77.3152,East,CPCB,live,rolling_24h_mean,pm25,2026-09-25T23:00:00Z,66.15,ugm3
2553,Anand Vihar,28.6508,77.3152,East,CPCB,live,rolling_24h_mean,pm25,2026-09-26T00:00:00Z,34.21,ugm3
2553,Anand Vihar,28.6508,77.3152,East,CPCB,live,rolling_24h_mean,pm25,2026-09-26T01:00:00Z,26.13,ugm3
2553,Anand Vihar,28.6508,77.3152,East,CPCB,live,rolling_24h_mean,pm25,2026-09-26T02:00:00Z,16.14,ugm3
2553,Anand Vihar,28.6508,77.3152,East,CPCB,live,rolling_24h_mean,pm25,2026-09-26T03:00:00Z,24.23,ugm3
2553,Anand Vihar,28.6508,77.3152,East,CPCB,live,rolling_24h_mean,pm25,2026-09-26T04:00:00Z,24.23,ugm3
2553,Anand Vihar,28.6508,77.3152,East,CPCB,live,rolling_24h_mean,pm25,2026-09-26T05:00:00Z,2.28,ugm3
2553,Anand Vihar,28.6508,77.3152,East,CPCB,live,rolling_24h_mean,pm25,2026-09-26T06:00:00Z,33.26,ugm3
2553,Anand Vihar,28.6508,77.3152,East,CPCB,live,rolling_24h_mean,pm25,2026-09-26T07:00:00Z,14.24,ugm3
2553,Anand Vihar,28.6508,77.3152,East,CPCB,live,rolling_24h_mean,pm25,2026-09-26T08:00:00Z,18.04,ugm3
2553,Anand Vihar,28.6508,77.3152,East,CPCB,live,rolling_24h_mean,pm25,2026-09-26T09:00:00Z,18.04,ugm3
2553,Anand Vihar,28.6508,77.3152,East,CPCB,live,rolling_24h_mean,pm25,2026-09-26T10:00:00Z,29.46,ugm3
2553,Anand Vihar,28.6508,77.3152,East,CPCB,live,rolling_24h_mean,pm25,2026-09-26T11:00:00Z,8.28,ugm3
2553,Anand Vihar,28.6508,77.3152,East,CPCB,live,rolling_24h_mean,pm25,2026-09-26T12:00:00Z,5.16,ugm3
2553,Anand Vihar,28.6508,77.3152,East,CPCB,live,rolling_24h_mean,pm25,2026-09-26T13:00:00Z,2.28,ugm3
2553,Anand Vihar,28.6508,77.3152,East,CPCB,live,rolling_24h_mean,pm25,2026-09-26T14:00:00Z,2.28,ugm3
2553,Anand Vihar,28.6508,77.3152,East,CPCB,live,rolling_24h_mean,pm25,2026-09-26T15:00:00Z,2.28,ugm3
2553,Anand Vihar,28.6508,77.3152,East,CPCB,live,rolling_24h_mean,pm25,2026-09-26T16:00:00Z,2.28,ugm3
2554,Mandir Marg,28.6341,77.2005,Central,CPCB,live,rolling_24h_mean,o3,2026-09-23T17:00:00Z,8.7,ugm3
2554,Mandir Marg,28.6341,77.2005,Central,CPCB,live,rolling_24h_mean,o3,2026-09-23T18:00:00Z,8.48,ugm3
2554,Mandir Marg,28.6341,77.2005,Central,CPCB,live,rolling_24h_mean,o3,2026-09-23T19:00:00Z,8.26,ugm3
2554,Mandir Marg,28.6341,77.2005,Central,CPCB,live,rolling_24h_mean,o3,2026-09-23T20:00:00Z,8.91,ugm3
2554,Mandir Marg,28.6341,77.2005,Central,CPCB,live,rolling_24h_mean,o3,2026-09-23T21:00:00Z,8.7,ugm3
2554,Mandir Marg,28.6341,77.2005,Central,CPCB,live,rolling_24h_mean,o3,2026-09-23T22:00:00Z,8.05,ugm3
2554,Mandir Marg,28.6341,77.2005,Central,CPCB,live,rolling_24h_mean,o3,2026-09-24T00:00:00Z,11.44,ugm3
2554,Mandir Marg,28.6341,77.2005,Central,CPCB,live,rolling_24h_mean,o3,2026-09-24T03:00:00Z,10.38,ugm3
2554,Mandir Marg,28.6341,77.2005,Central,CPCB,live,rolling_24h_mean,o3,2026-09-24T05:00:00Z,22.05,ugm3
2554,Mandir Marg,28.6341,77.2005,Central,CPCB,live,rolling_24h_mean,o3,2026-09-24T06:00:00Z,30.74,ugm3
2554,Mandir Marg,28.6341,77.2005,Central,CPCB,live,rolling_24h_mean,o3,2026-09-24T07:00:00Z,37.53,ugm3
2554,Mandir Marg,28.6341,77.2005,Central,CPCB,live,rolling_24h_mean,o3,2026-09-24T10:00:00Z,43.46,ugm3
2554,Mandir Marg,28.6341,77.2005,Central,CPCB,live,rolling_24h_mean,o3,2026-09-24T11:00:00Z,47.92,ugm3
2554,Mandir Marg,28.6341,77.2005,Central,CPCB,live,rolling_24h_mean,o3,2026-09-24T13:00:00Z,40.5,ugm3
2554,Mandir Marg,28.6341,77.2005,Central,CPCB,live,rolling_24h_mean,o3,2026-09-24T16:00:00Z,12.29,ugm3
2554,Mandir Marg,28.6341,77.2005,Central,CPCB,live,rolling_24h_mean,o3,2026-09-24T17:00:00Z,14.62,ugm3
2554,Mandir Marg,28.6341,77.2005,Central,CPCB,live,rolling_24h_mean,o3,2026-09-24T18:00:00Z,12.94,ugm3
2554,Mandir Marg,28.6341,77.2005,Central,CPCB,live,rolling_24h_mean,o3,2026-09-24T22:00:00Z,16.53,ugm3
2554,Mandir Marg,28.6341,77.2005,Central,CPCB,live,rolling_24h_mean,o3,2026-09-25T00:00:00Z,16.53,ugm3
2554,Mandir Marg,28.6341,77.2005,Central,CPCB,live,rolling_24h_mean,o3,2026-09-25T02:00:00Z,16.53,ugm3
2554,Mandir Marg,28.6341,77.2005,Central,CPCB,live,rolling_24h_mean,o3,2026-09-25T03:00:00Z,16.53,ugm3
2554,Mandir Marg,28.6341,77.2005,Central,CPCB,live,rolling_24h_mean,o3,2026-09-25T05:00:00Z,13.56,ugm3
2554,Mandir Marg,28.6341,77.2005,Central,CPCB,live,rolling_24h_mean,o3,2026-09-25T07:00:00Z,20.57,ugm3
2554,Mandir Marg,28.6341,77.2005,Central,CPCB,live,rolling_24h_mean,o3,2026-09-25T08:00:00Z,26.93,ugm3
2554,Mandir Marg,28.6341,77.2005,Central,CPCB,live,rolling_24h_mean,o3,2026-09-25T09:00:00Z,32.02,ugm3
2554,Mandir Marg,28.6341,77.2005,Central,CPCB,live,rolling_24h_mean,o3,2026-09-25T10:00:00Z,34.77,ugm3
2554,Mandir Marg,28.6341,77.2005,Central,CPCB,live,rolling_24h_mean,o3,2026-09-25T11:00:00Z,35.83,ugm3
2554,Mandir Marg,28.6341,77.2005,Central,CPCB,live,rolling_24h_mean,o3,2026-09-25T12:00:00Z,28.84,ugm3
2554,Mandir Marg,28.6341,77.2005,Central,CPCB,live,rolling_24h_mean,o3,2026-09-25T13:00:00Z,18.87,ugm3
2554,Mandir Marg,28.6341,77.2005,Central,CPCB,live,rolling_24h_mean,o3,2026-09-25T14:00:00Z,19.3,ugm3
2554,Mandir Marg,28.6341,77.2005,Central,CPCB,live,rolling_24h_mean,o3,2026-09-25T15:00:00Z,13.35,ugm3
2554,Mandir Marg,28.6341,77.2005,Central,CPCB,live,rolling_24h_mean,o3,2026-09-25T16:00:00Z,10.6,ugm3
2554,Mandir Marg,28.6341,77.2005,Central,CPCB,live,rolling_24h_mean,o3,2026-09-25T17:00:00Z,12.72,ugm3
2554,Mandir Marg,28.6341,77.2005,Central,CPCB,live,rolling_24h_mean,o3,2026-09-25T18:00:00Z,11.23,ugm3
2554,Mandir Marg,28.6341,77.2005,Central,CPCB,live,rolling_24h_mean,o3,2026-09-25T19:00:00Z,11.66,ugm3
2554,Mandir Marg,28.6341,77.2005,Central,CPCB,live,rolling_24h_mean,o3,2026-09-25T20:00:00Z,14.84,ugm3
2554,Mandir Marg,28.6341,77.2005,Central,CPCB,live,rolling_24h_mean,o3,2026-09-25T21:00:00Z,13.56,ugm3
2554,Mandir Marg,28.6341,77.2005,Central,CPCB,live,rolling_24h_mean,o3,2026-09-25T22:00:00Z,11.66,ugm3
2554,Mandir Marg,28.6341,77.2005,Central,CPCB,live,rolling_24h_mean,o3,2026-09-25T23:00:00Z,11.66,ugm3
2554,Mandir Marg,28.6341,77.2005,Central,CPCB,live,rolling_24h_mean,o3,2026-09-26T00:00:00Z,11.66,ugm3
2554,Mandir Marg,28.6341,77.2005,Central,CPCB,live,rolling_24h_mean,o3,2026-09-26T01:00:00Z,11.66,ugm3
2554,Mandir Marg,28.6341,77.2005,Central,CPCB,live,rolling_24h_mean,o3,2026-09-26T02:00:00Z,11.66,ugm3
2554,Mandir Marg,28.6341,77.2005,Central,CPCB,live,rolling_24h_mean,o3,2026-09-26T03:00:00Z,11.66,ugm3
2554,Mandir Marg,28.6341,77.2005,Central,CPCB,live,rolling_24h_mean,o3,2026-09-26T04:00:00Z,11.66,ugm3
2554,Mandir Marg,28.6341,77.2005,Central,CPCB,live,rolling_24h_mean,o3,2026-09-26T05:00:00Z,11.66,ugm3
2554,Mandir Marg,28.6341,77.2005,Central,CPCB,live,rolling_24h_mean,o3,2026-09-26T06:00:00Z,26.72,ugm3
2554,Mandir Marg,28.6341,77.2005,Central,CPCB,live,rolling_24h_mean,o3,2026-09-26T07:00:00Z,23.32,ugm3
2554,Mandir Marg,28.6341,77.2005,Central,CPCB,live,rolling_24h_mean,o3,2026-09-26T08:00:00Z,24.81,ugm3
2554,Mandir Marg,28.6341,77.2005,Central,CPCB,live,rolling_24h_mean,o3,2026-09-26T09:00:00Z,24.17,ugm3
2554,Mandir Marg,28.6341,77.2005,Central,CPCB,live,rolling_24h_mean,o3,2026-09-26T10:00:00Z,23.95,ugm3
2554,Mandir Marg,28.6341,77.2005,Central,CPCB,live,rolling_24h_mean,o3,2026-09-26T11:00:00Z,20.99,ugm3
2554,Mandir Marg,28.6341,77.2005,Central,CPCB,live,rolling_24h_mean,o3,2026-09-26T12:00:00Z,20.99,ugm3
2554,Mandir Marg,28.6341,77.2005,Central,CPCB,live,rolling_24h_mean,o3,2026-09-26T13:00:00Z,15.68,ugm3
2554,Mandir Marg,28.6341,77.2005,Central,CPCB,live,rolling_24h_mean,o3,2026-09-26T14:00:00Z,17.18,ugm3
2554,Mandir Marg,28.6341,77.2005,Central,CPCB,live,rolling_24h_mean,o3,2026-09-26T15:00:00Z,14.84,ugm3
2554,Mandir Marg,28.6341,77.2005,Central,CPCB,live,rolling_24h_mean,o3,2026-09-26T16:00:00Z,15.68,ugm3
2554,Mandir Marg,28.6341,77.2005,Central,CPCB,live,rolling_24h_mean,pm10,2026-09-23T17:00:00Z,168.13,ugm3
2554,Mandir Marg,28.6341,77.2005,Central,CPCB,live,rolling_24h_mean,pm10,2026-09-23T18:00:00Z,144.91,ugm3
2554,Mandir Marg,28.6341,77.2005,Central,CPCB,live,rolling_24h_mean,pm10,2026-09-23T19:00:00Z,155.01,ugm3
2554,Mandir Marg,28.6341,77.2005,Central,CPCB,live,rolling_24h_mean,pm10,2026-09-23T20:00:00Z,156.01,ugm3
2554,Mandir Marg,28.6341,77.2005,Central,CPCB,live,rolling_24h_mean,pm10,2026-09-23T21:00:00Z,140.87,ugm3
2554,Mandir Marg,28.6341,77.2005,Central,CPCB,live,rolling_24h_mean,pm10,2026-09-23T22:00:00Z,142.89,ugm3
2554,Mandir Marg,28.6341,77.2005,Central,CPCB,live,rolling_24h_mean,pm10,2026-09-24T00:00:00Z,92.38,ugm3
2554,Mandir Marg,28.6341,77.2005,Central,CPCB,live,rolling_24h_mean,pm10,2026-09-24T03:00:00Z,102.48,ugm3
2554,Mandir Marg,28.6341,77.2005,Central,CPCB,live,rolling_24h_mean,pm10,2026-09-24T05:00:00Z,106.52,ugm3
2554,Mandir Marg,28.6341,77.2005,Central,CPCB,live,rolling_24h_mean,pm10,2026-09-24T06:00:00Z,96.42,ugm3
2554,Mandir Marg,28.6341,77.2005,Central,CPCB,live,rolling_24h_mean,pm10,2026-09-24T07:00:00Z,128.74,ugm3
2554,Mandir Marg,28.6341,77.2005,Central,CPCB,live,rolling_24h_mean,pm10,2026-09-24T10:00:00Z,78.23,ugm3
2554,Mandir Marg,28.6341,77.2005,Central,CPCB,live,rolling_24h_mean,pm10,2026-09-24T11:00:00Z,100.46,ugm3
2554,Mandir Marg,28.6341,77.2005,Central,CPCB,live,rolling_24h_mean,pm10,2026-09-24T13:00:00Z,102.48,ugm3
2554,Mandir Marg,28.6341,77.2005,Central,CPCB,live,rolling_24h_mean,pm10,2026-09-24T16:00:00Z,104.5,ugm3
2554,Mandir Marg,28.6341,77.2005,Central,CPCB,live,rolling_24h_mean,pm10,2026-09-24T17:00:00Z,96.42,ugm3
2554,Mandir Marg,28.6341,77.2005,Central,CPCB,live,rolling_24h_mean,pm10,2026-09-24T18:00:00Z,74.19,ugm3
2554,Mandir Marg,28.6341,77.2005,Central,CPCB,live,rolling_24h_mean,pm10,2026-09-24T22:00:00Z,84.3,ugm3
2554,Mandir Marg,28.6341,77.2005,Central,CPCB,live,rolling_24h_mean,pm10,2026-09-25T00:00:00Z,84.3,ugm3
2554,Mandir Marg,28.6341,77.2005,Central,CPCB,live,rolling_24h_mean,pm10,2026-09-25T02:00:00Z,84.3,ugm3
2554,Mandir Marg,28.6341,77.2005,Central,CPCB,live,rolling_24h_mean,pm10,2026-09-25T03:00:00Z,84.3,ugm3
2554,Mandir Marg,28.6341,77.2005,Central,CPCB,live,rolling_24h_mean,pm10,2026-09-25T05:00:00Z,64.09,ugm3
2554,Mandir Marg,28.6341,77.2005,Central,CPCB,live,rolling_24h_mean,pm10,2026-09-25T07:00:00Z,64.09,ugm3
2554,Mandir Marg,28.6341,77.2005,Central,CPCB,live,rolling_24h_mean,pm10,2026-09-25T08:00:00Z,72.17,ugm3
2554,Mandir Marg,28.6341,77.2005,Central,CPCB,live,rolling_24h_mean,pm10,2026-09-25T09:00:00Z,74.19,ugm3
2554,Mandir Marg,28.6341,77.2005,Central,CPCB,live,rolling_24h_mean,pm10,2026-09-25T10:00:00Z,62.07,ugm3
2554,Mandir Marg,28.6341,77.2005,Central,CPCB,live,rolling_24h_mean,pm10,2026-09-25T11:00:00Z,68.13,ugm3
2554,Mandir Marg,28.6341,77.2005,Central,CPCB,live,rolling_24h_mean,pm10,2026-09-25T12:00:00Z,64.09,ugm3
2554,Mandir Marg,28.6341,77.2005,Central,CPCB,live,rolling_24h_mean,pm10,2026-09-25T13:00:00Z,86.32,ugm3
2554,Mandir Marg,28.6341,77.2005,Central,CPCB,live,rolling_24h_mean,pm10,2026-09-25T14:00:00Z,84.3,ugm3
2554,Mandir Marg,28.6341,77.2005,Central,CPCB,live,rolling_24h_mean,pm10,2026-09-25T15:00:00Z,80.26,ugm3
2554,Mandir Marg,28.6341,77.2005,Central,CPCB,live,rolling_24h_mean,pm10,2026-09-25T16:00:00Z,100.46,ugm3
2554,Mandir Marg,28.6341,77.2005,Central,CPCB,live,rolling_24h_mean,pm10,2026-09-25T17:00:00Z,100.46,ugm3
2554,Mandir Marg,28.6341,77.2005,Central,CPCB,live,rolling_24h_mean,pm10,2026-09-25T18:00:00Z,72.17,ugm3
2554,Mandir Marg,28.6341,77.2005,Central,CPCB,live,rolling_24h_mean,pm10,2026-09-25T19:00:00Z,46.98,ugm3
2554,Mandir Marg,28.6341,77.2005,Central,CPCB,live,rolling_24h_mean,pm10,2026-09-25T20:00:00Z,45.9,ugm3
2554,Mandir Marg,28.6341,77.2005,Central,CPCB,live,rolling_24h_mean,pm10,2026-09-25T21:00:00Z,38.34,ugm3
2554,Mandir Marg,28.6341,77.2005,Central,CPCB,live,rolling_24h_mean,pm10,2026-09-25T22:00:00Z,48.06,ugm3
2554,Mandir Marg,28.6341,77.2005,Central,CPCB,live,rolling_24h_mean,pm10,2026-09-25T23:00:00Z,48.06,ugm3
2554,Mandir Marg,28.6341,77.2005,Central,CPCB,live,rolling_24h_mean,pm10,2026-09-26T00:00:00Z,48.06,ugm3
2554,Mandir Marg,28.6341,77.2005,Central,CPCB,live,rolling_24h_mean,pm10,2026-09-26T01:00:00Z,48.06,ugm3
2554,Mandir Marg,28.6341,77.2005,Central,CPCB,live,rolling_24h_mean,pm10,2026-09-26T02:00:00Z,48.06,ugm3
2554,Mandir Marg,28.6341,77.2005,Central,CPCB,live,rolling_24h_mean,pm10,2026-09-26T03:00:00Z,48.06,ugm3
2554,Mandir Marg,28.6341,77.2005,Central,CPCB,live,rolling_24h_mean,pm10,2026-09-26T04:00:00Z,48.06,ugm3
2554,Mandir Marg,28.6341,77.2005,Central,CPCB,live,rolling_24h_mean,pm10,2026-09-26T05:00:00Z,48.06,ugm3
2554,Mandir Marg,28.6341,77.2005,Central,CPCB,live,rolling_24h_mean,pm10,2026-09-26T06:00:00Z,74.19,ugm3
2554,Mandir Marg,28.6341,77.2005,Central,CPCB,live,rolling_24h_mean,pm10,2026-09-26T07:00:00Z,80.26,ugm3
2554,Mandir Marg,28.6341,77.2005,Central,CPCB,live,rolling_24h_mean,pm10,2026-09-26T08:00:00Z,76.21,ugm3
2554,Mandir Marg,28.6341,77.2005,Central,CPCB,live,rolling_24h_mean,pm10,2026-09-26T09:00:00Z,64.09,ugm3
2554,Mandir Marg,28.6341,77.2005,Central,CPCB,live,rolling_24h_mean,pm10,2026-09-26T10:00:00Z,86.32,ugm3
2554,Mandir Marg,28.6341,77.2005,Central,CPCB,live,rolling_24h_mean,pm10,2026-09-26T11:00:00Z,92.38,ugm3
2554,Mandir Marg,28.6341,77.2005,Central,CPCB,live,rolling_24h_mean,pm10,2026-09-26T12:00:00Z,82.28,ugm3
2554,Mandir Marg,28.6341,77.2005,Central,CPCB,live,rolling_24h_mean,pm10,2026-09-26T13:00:00Z,29.7,ugm3
2554,Mandir Marg,28.6341,77.2005,Central,CPCB,live,rolling_24h_mean,pm10,2026-09-26T14:00:00Z,39.42,ugm3
2554,Mandir Marg,28.6341,77.2005,Central,CPCB,live,rolling_24h_mean,pm10,2026-09-26T15:00:00Z,36.18,ugm3
2554,Mandir Marg,28.6341,77.2005,Central,CPCB,live,rolling_24h_mean,pm10,2026-09-26T16:00:00Z,17.82,ugm3
2554,Mandir Marg,28.6341,77.2005,Central,CPCB,live,rolling_24h_mean,pm25,2026-09-23T17:00:00Z,62.28,ugm3
2554,Mandir Marg,28.6341,77.2005,Central,CPCB,live,rolling_24h_mean,pm25,2026-09-23T18:00:00Z,60.34,ugm3
2554,Mandir Marg,28.6341,77.2005,Central,CPCB,live,rolling_24h_mean,pm25,2026-09-23T19:00:00Z,58.41,ugm3
2554,Mandir Marg,28.6341,77.2005,Central,CPCB,live,rolling_24h_mean,pm25,2026-09-23T20:00:00Z,70.03,ugm3
2554,Mandir Marg,28.6341,77.2005,Central,CPCB,live,rolling_24h_mean,pm25,2026-09-23T21:00:00Z,70.03,ugm3
2554,Mandir Marg,28.6341,77.2005,Central,CPCB,live,rolling_24h_mean,pm25,2026-09-23T22:00:00Z,66.15,ugm3
2554,Mandir Marg,28.6341,77.2005,Central,CPCB,live,rolling_24h_mean,pm25,2026-09-24T00:00:00Z,25.18,ugm3
2554,Mandir Marg,28.6341,77.2005,Central,CPCB,live,rolling_24h_mean,pm25,2026-09-24T03:00:00Z,24.23,ugm3
2554,Mandir Marg,28.6341,77.2005,Central,CPCB,live,rolling_24h_mean,pm25,2026-09-24T05:00:00Z,8.28,ugm3
2554,Mandir Marg,28.6341,77.2005,Central,CPCB,live,rolling_24h_mean,pm25,2026-09-24T06:00:00Z,26.6,ugm3
2554,Mandir Marg,28.6341,77.2005,Central,CPCB,live,rolling_24h_mean,pm25,2026-09-24T07:00:00Z,45.04,ugm3
2554,Mandir Marg,28.6341,77.2005,Central,CPCB,live,rolling_24h_mean,pm25,2026-09-24T10:00:00Z,20.42,ugm3
2554,Mandir Marg,28.6341,77.2005,Central,CPCB,live,rolling_24h_mean,pm25,2026-09-24T11:00:00Z,23.27,ugm3
2554,Mandir Marg,28.6341,77.2005,Central,CPCB,live,rolling_24h_mean,pm25,2026-09-24T13:00:00Z,21.37,ugm3
2554,Mandir Marg,28.6341,77.2005,Central,CPCB,live,rolling_24h_mean,pm25,2026-09-24T16:00:00Z,8.28,ugm3
2554,Mandir Marg,28.6341,77.2005,Central,CPCB,live,rolling_24h_mean,pm25,2026-09-24T17:00:00Z,6.12,ugm3
2554,Mandir Marg,28.6341,77.2005,Central,CPCB,live,rolling_24h_mean,pm25,2026-09-24T18:00:00Z,9.24,ugm3
2554,Mandir Marg,28.6341,77.2005,Central,CPCB,live,rolling_24h_mean,pm25,2026-09-24T22:00:00Z,6.12,ugm3
2554,Mandir Marg,28.6341,77.2005,Central,CPCB,live,rolling_24h_mean,pm25,2026-09-25T00:00:00Z,6.12,ugm3
2554,Mandir Marg,28.6341,77.2005,Central,CPCB,live,rolling_24h_mean,pm25,2026-09-25T02:00:00Z,6.12,ugm3
2554,Mandir Marg,28.6341,77.2005,Central,CPCB,live,rolling_24h_mean,pm25,2026-09-25T03:00:00Z,6.12,ugm3
2554,Mandir Marg,28.6341,77.2005,Central,CPCB,live,rolling_24h_mean,pm25,2026-09-25T05:00:00Z,6.12,ugm3
2554,Mandir Marg,28.6341,77.2005,Central,CPCB,live,rolling_24h_mean,pm25,2026-09-25T07:00:00Z,3.24,ugm3
2554,Mandir Marg,28.6341,77.2005,Central,CPCB,live,rolling_24h_mean,pm25,2026-09-25T08:00:00Z,18.99,ugm3
2554,Mandir Marg,28.6341,77.2005,Central,CPCB,live,rolling_24h_mean,pm25,2026-09-25T09:00:00Z,14.24,ugm3
2554,Mandir Marg,28.6341,77.2005,Central,CPCB,live,rolling_24h_mean,pm25,2026-09-25T10:00:00Z,5.16,ugm3
2554,Mandir Marg,28.6341,77.2005,Central,CPCB,live,rolling_24h_mean,pm25,2026-09-25T11:00:00Z,3.24,ugm3
2554,Mandir Marg,28.6341,77.2005,Central,CPCB,live,rolling_24h_mean,pm25,2026-09-25T12:00:00Z,3.24,ugm3
2554,Mandir Marg,28.6341,77.2005,Central,CPCB,live,rolling_24h_mean,pm25,2026-09-25T13:00:00Z,3.24,ugm3
2554,Mandir Marg,28.6341,77.2005,Central,CPCB,live,rolling_24h_mean,pm25,2026-09-25T14:00:00Z,4.68,ugm3
2554,Mandir Marg,28.6341,77.2005,Central,CPCB,live,rolling_24h_mean,pm25,2026-09-25T15:00:00Z,9.24,ugm3
2554,Mandir Marg,28.6341,77.2005,Central,CPCB,live,rolling_24h_mean,pm25,2026-09-25T16:00:00Z,9.24,ugm3
2554,Mandir Marg,28.6341,77.2005,Central,CPCB,live,rolling_24h_mean,pm25,2026-09-25T17:00:00Z,22.32,ugm3
2554,Mandir Marg,28.6341,77.2005,Central,CPCB,live,rolling_24h_mean,pm25,2026-09-25T18:00:00Z,22.32,ugm3
2554,Mandir Marg,28.6341,77.2005,Central,CPCB,live,rolling_24h_mean,pm25,2026-09-25T19:00:00Z,22.32,ugm3
2554,Mandir Marg,28.6341,77.2005,Central,CPCB,live,rolling_24h_mean,pm25,2026-09-25T20:00:00Z,22.32,ugm3
2554,Mandir Marg,28.6341,77.2005,Central,CPCB,live,rolling_24h_mean,pm25,2026-09-25T21:00:00Z,22.32,ugm3
2554,Mandir Marg,28.6341,77.2005,Central,CPCB,live,rolling_24h_mean,pm25,2026-09-25T22:00:00Z,5.16,ugm3
2554,Mandir Marg,28.6341,77.2005,Central,CPCB,live,rolling_24h_mean,pm25,2026-09-25T23:00:00Z,5.16,ugm3
2554,Mandir Marg,28.6341,77.2005,Central,CPCB,live,rolling_24h_mean,pm25,2026-09-26T00:00:00Z,5.16,ugm3
2554,Mandir Marg,28.6341,77.2005,Central,CPCB,live,rolling_24h_mean,pm25,2026-09-26T01:00:00Z,5.16,ugm3
2554,Mandir Marg,28.6341,77.2005,Central,CPCB,live,rolling_24h_mean,pm25,2026-09-26T02:00:00Z,5.16,ugm3
2554,Mandir Marg,28.6341,77.2005,Central,CPCB,live,rolling_24h_mean,pm25,2026-09-26T03:00:00Z,5.16,ugm3
2554,Mandir Marg,28.6341,77.2005,Central,CPCB,live,rolling_24h_mean,pm25,2026-09-26T04:00:00Z,5.16,ugm3
2554,Mandir Marg,28.6341,77.2005,Central,CPCB,live,rolling_24h_mean,pm25,2026-09-26T05:00:00Z,5.16,ugm3
2554,Mandir Marg,28.6341,77.2005,Central,CPCB,live,rolling_24h_mean,pm25,2026-09-26T06:00:00Z,9.24,ugm3
2554,Mandir Marg,28.6341,77.2005,Central,CPCB,live,rolling_24h_mean,pm25,2026-09-26T07:00:00Z,18.52,ugm3
2554,Mandir Marg,28.6341,77.2005,Central,CPCB,live,rolling_24h_mean,pm25,2026-09-26T08:00:00Z,7.08,ugm3
2554,Mandir Marg,28.6341,77.2005,Central,CPCB,live,rolling_24h_mean,pm25,2026-09-26T09:00:00Z,6.12,ugm3
2554,Mandir Marg,28.6341,77.2005,Central,CPCB,live,rolling_24h_mean,pm25,2026-09-26T10:00:00Z,1.32,ugm3
2554,Mandir Marg,28.6341,77.2005,Central,CPCB,live,rolling_24h_mean,pm25,2026-09-26T11:00:00Z,1.32,ugm3
2554,Mandir Marg,28.6341,77.2005,Central,CPCB,live,rolling_24h_mean,pm25,2026-09-26T12:00:00Z,1.32,ugm3
2554,Mandir Marg,28.6341,77.2005,Central,CPCB,live,rolling_24h_mean,pm25,2026-09-26T13:00:00Z,1.32,ugm3
2554,Mandir Marg,28.6341,77.2005,Central,CPCB,live,rolling_24h_mean,pm25,2026-09-26T14:00:00Z,1.32,ugm3
2554,Mandir Marg,28.6341,77.2005,Central,CPCB,live,rolling_24h_mean,pm25,2026-09-26T15:00:00Z,1.32,ugm3
2554,Mandir Marg,28.6341,77.2005,Central,CPCB,live,rolling_24h_mean,pm25,2026-09-26T16:00:00Z,1.32,ugm3
2555,Punjabi Bagh,28.6683,77.1167,West,CPCB,live,rolling_24h_mean,o3,2026-09-23T17:00:00Z,13.35,ugm3
2555,Punjabi Bagh,28.6683,77.1167,West,CPCB,live,rolling_24h_mean,o3,2026-09-23T18:00:00Z,11.88,ugm3
2555,Punjabi Bagh,28.6683,77.1167,West,CPCB,live,rolling_24h_mean,o3,2026-09-23T19:00:00Z,9.97,ugm3
2555,Punjabi Bagh,28.6683,77.1167,West,CPCB,live,rolling_24h_mean,o3,2026-09-23T20:00:00Z,15.68,ugm3
2555,Punjabi Bagh,28.6683,77.1167,West,CPCB,live,rolling_24h_mean,o3,2026-09-23T21:00:00Z,6.36,ugm3
2555,Punjabi Bagh,28.6683,77.1167,West,CPCB,live,rolling_24h_mean,o3,2026-09-23T22:00:00Z,11.03,ugm3
2555,Punjabi Bagh,28.6683,77.1167,West,CPCB,live,rolling_24h_mean,o3,2026-09-24T00:00:00Z,6.36,ugm3
2555,Punjabi Bagh,28.6683,77.1167,West,CPCB,live,rolling_24h_mean,o3,2026-09-24T03:00:00Z,9.97,ugm3
2555,Punjabi Bagh,28.6683,77.1167,West,CPCB,live,rolling_24h_mean,o3,2026-09-24T05:00:00Z,22.48,ugm3
2555,Punjabi Bagh,28.6683,77.1167,West,CPCB,live,rolling_24h_mean,o3,2026-09-24T06:00:00Z,33.71,ugm3
2555,Punjabi Bagh,28.6683,77.1167,West,CPCB,live,rolling_24h_mean,o3,2026-09-24T07:00:00Z,39.44,ugm3
2555,Punjabi Bagh,28.6683,77.1167,West,CPCB,live,rolling_24h_mean,o3,2026-09-24T10:00:00Z,44.74,ugm3
2555,Punjabi Bagh,28.6683,77.1167,West,CPCB,live,rolling_24h_mean,o3,2026-09-24T11:00:00Z,53.0,ugm3
2555,Punjabi Bagh,28.6683,77.1167,West,CPCB,live,rolling_24h_mean,o3,2026-09-24T13:00:00Z,50.45,ugm3
2555,Punjabi Bagh,28.6683,77.1167,West,CPCB,live,rolling_24h_mean,o3,2026-09-24T16:00:00Z,16.33,ugm3
2555,Punjabi Bagh,28.6683,77.1167,West,CPCB,live,rolling_24h_mean,o3,2026-09-24T17:00:00Z,12.5,ugm3
2555,Punjabi Bagh,28.6683,77.1167,West,CPCB,live,rolling_24h_mean,o3,2026-09-24T18:00:00Z,9.32,ugm3
2555,Punjabi Bagh,28.6683,77.1167,West,CPCB,live,rolling_24h_mean,o3,2026-09-24T22:00:00Z,9.32,ugm3
2555,Punjabi Bagh,28.6683,77.1167,West,CPCB,live,rolling_24h_mean,o3,2026-09-25T00:00:00Z,7.85,ugm3
2555,Punjabi Bagh,28.6683,77.1167,West,CPCB,live,rolling_24h_mean,o3,2026-09-25T02:00:00Z,8.26,ugm3
2555,Punjabi Bagh,28.6683,77.1167,West,CPCB,live,rolling_24h_mean,o3,2026-09-25T03:00:00Z,8.26,ugm3
2555,Punjabi Bagh,28.6683,77.1167,West,CPCB,live,rolling_24h_mean,o3,2026-09-25T05:00:00Z,17.81,ugm3
2555,Punjabi Bagh,28.6683,77.1167,West,CPCB,live,rolling_24h_mean,o3,2026-09-25T07:00:00Z,24.17,ugm3
2555,Punjabi Bagh,28.6683,77.1167,West,CPCB,live,rolling_24h_mean,o3,2026-09-25T08:00:00Z,24.17,ugm3
2555,Punjabi Bagh,28.6683,77.1167,West,CPCB,live,rolling_24h_mean,o3,2026-09-25T09:00:00Z,38.16,ugm3
2555,Punjabi Bagh,28.6683,77.1167,West,CPCB,live,rolling_24h_mean,o3,2026-09-25T10:00:00Z,29.68,ugm3
2555,Punjabi Bagh,28.6683,77.1167,West,CPCB,live,rolling_24h_mean,o3,2026-09-25T11:00:00Z,31.17,ugm3
2555,Punjabi Bagh,28.6683,77.1167,West,CPCB,live,rolling_24h_mean,o3,2026-09-25T12:00:00Z,32.43,ugm3
2555,Punjabi Bagh,28.6683,77.1167,West,CPCB,live,rolling_24h_mean,o3,2026-09-25T13:00:00Z,21.83,ugm3
2555,Punjabi Bagh,28.6683,77.1167,West,CPCB,live,rolling_24h_mean,o3,2026-09-25T14:00:00Z,15.68,ugm3
2555,Punjabi Bagh,28.6683,77.1167,West,CPCB,live,rolling_24h_mean,o3,2026-09-25T15:00:00Z,12.94,ugm3
2555,Punjabi Bagh,28.6683,77.1167,West,CPCB,live,rolling_24h_mean,o3,2026-09-25T16:00:00Z,11.03,ugm3
2555,Punjabi Bagh,28.6683,77.1167,West,CPCB,live,rolling_24h_mean,o3,2026-09-25T17:00:00Z,9.76,ugm3
2555,Punjabi Bagh,28.6683,77.1167,West,CPCB,live,rolling_24h_mean,o3,2026-09-25T18:00:00Z,8.05,ugm3
2555,Punjabi Bagh,28.6683,77.1167,West,CPCB,live,rolling_24h_mean,o3,2026-09-25T19:00:00Z,8.7,ugm3
2555,Punjabi Bagh,28.6683,77.1167,West,CPCB,live,rolling_24h_mean,o3,2026-09-25T20:00:00Z,7.64,ugm3
2555,Punjabi Bagh,28.6683,77.1167,West,CPCB,live,rolling_24h_mean,o3,2026-09-25T21:00:00Z,8.26,ugm3
2555,Punjabi Bagh,28.6683,77.1167,West,CPCB,live,rolling_24h_mean,o3,2026-09-25T22:00:00Z,8.48,ugm3
2555,Punjabi Bagh,28.6683,77.1167,West,CPCB,live,rolling_24h_mean,o3,2026-09-25T23:00:00Z,7.2,ugm3
2555,Punjabi Bagh,28.6683,77.1167,West,CPCB,live,rolling_24h_mean,o3,2026-09-26T00:00:00Z,6.58,ugm3
2555,Punjabi Bagh,28.6683,77.1167,West,CPCB,live,rolling_24h_mean,o3,2026-09-26T01:00:00Z,8.26,ugm3
2555,Punjabi Bagh,28.6683,77.1167,West,CPCB,live,rolling_24h_mean,o3,2026-09-26T02:00:00Z,10.38,ugm3
2555,Punjabi Bagh,28.6683,77.1167,West,CPCB,live,rolling_24h_mean,o3,2026-09-26T03:00:00Z,11.88,ugm3
2555,Punjabi Bagh,28.6683,77.1167,West,CPCB,live,rolling_24h_mean,o3,2026-09-26T04:00:00Z,13.35,ugm3
2555,Punjabi Bagh,28.6683,77.1167,West,CPCB,live,rolling_24h_mean,o3,2026-09-26T05:00:00Z,16.53,ugm3
2555,Punjabi Bagh,28.6683,77.1167,West,CPCB,live,rolling_24h_mean,o3,2026-09-26T06:00:00Z,16.96,ugm3
2555,Punjabi Bagh,28.6683,77.1167,West,CPCB,live,rolling_24h_mean,o3,2026-09-26T07:00:00Z,16.96,ugm3
2555,Punjabi Bagh,28.6683,77.1167,West,CPCB,live,rolling_24h_mean,o3,2026-09-26T08:00:00Z,17.39,ugm3
2555,Punjabi Bagh,28.6683,77.1167,West,CPCB,live,rolling_24h_mean,o3,2026-09-26T09:00:00Z,18.24,ugm3
2555,Punjabi Bagh,28.6683,77.1167,West,CPCB,live,rolling_24h_mean,o3,2026-09-26T10:00:00Z,17.18,ugm3
2555,Punjabi Bagh,28.6683,77.1167,West,CPCB,live,rolling_24h_mean,o3,2026-09-26T11:00:00Z,15.47,ugm3
2555,Punjabi Bagh,28.6683,77.1167,West,CPCB,live,rolling_24h_mean,o3,2026-09-26T12:00:00Z,14.0,ugm3
2555,Punjabi Bagh,28.6683,77.1167,West,CPCB,live,rolling_24h_mean,o3,2026-09-26T13:00:00Z,14.0,ugm3
2555,Punjabi Bagh,28.6683,77.1167,West,CPCB,live,rolling_24h_mean,o3,2026-09-26T14:00:00Z,13.15,ugm3
2555,Punjabi Bagh,28.6683,77.1167,West,CPCB,live,rolling_24h_mean,o3,2026-09-26T15:00:00Z,12.94,ugm3
2555,Punjabi Bagh,28.6683,77.1167,West,CPCB,live,rolling_24h_mean,o3,2026-09-26T16:00:00Z,12.94,ugm3
2555,Punjabi Bagh,28.6683,77.1167,West,CPCB,live,rolling_24h_mean,pm10,2026-09-23T17:00:00Z,256.01,ugm3
2555,Punjabi Bagh,28.6683,77.1167,West,CPCB,live,rolling_24h_mean,pm10,2026-09-23T18:00:00Z,248.95,ugm3
2555,Punjabi Bagh,28.6683,77.1167,West,CPCB,live,rolling_24h_mean,pm10,2026-09-23T19:00:00Z,234.81,ugm3
2555,Punjabi Bagh,28.6683,77.1167,West,CPCB,live,rolling_24h_mean,pm10,2026-09-23T20:00:00Z,260.05,ugm3
2555,Punjabi Bagh,28.6683,77.1167,West,CPCB,live,rolling_24h_mean,pm10,2026-09-23T21:00:00Z,226.72,ugm3
2555,Punjabi Bagh,28.6683,77.1167,West,CPCB,live,rolling_24h_mean,pm10,2026-09-23T22:00:00Z,228.74,ugm3
2555,Punjabi Bagh,28.6683,77.1167,West,CPCB,live,rolling_24h_mean,pm10,2026-09-24T00:00:00Z,184.3,ugm3
2555,Punjabi Bagh,28.6683,77.1167,West,CPCB,live,rolling_24h_mean,pm10,2026-09-24T03:00:00Z,108.54,ugm3
2555,Punjabi Bagh,28.6683,77.1167,West,CPCB,live,rolling_24h_mean,pm10,2026-09-24T05:00:00Z,116.62,ugm3
2555,Punjabi Bagh,28.6683,77.1167,West,CPCB,live,rolling_24h_mean,pm10,2026-09-24T06:00:00Z,92.38,ugm3
2555,Punjabi Bagh,28.6683,77.1167,West,CPCB,live,rolling_24h_mean,pm10,2026-09-24T07:00:00Z,62.07,ugm3
2555,Punjabi Bagh,28.6683,77.1167,West,CPCB,live,rolling_24h_mean,pm10,2026-09-24T10:00:00Z,106.52,ugm3
2555,Punjabi Bagh,28.6683,77.1167,West,CPCB,live,rolling_24h_mean,pm10,2026-09-24T11:00:00Z,110.56,ugm3
2555,Punjabi Bagh,28.6683,77.1167,West,CPCB,live,rolling_24h_mean,pm10,2026-09-24T13:00:00Z,110.56,ugm3
2555,Punjabi Bagh,28.6683,77.1167,West,CPCB,live,rolling_24h_mean,pm10,2026-09-24T16:00:00Z,172.17,ugm3
2555,Punjabi Bagh,28.6683,77.1167,West,CPCB,live,rolling_24h_mean,pm10,2026-09-24T17:00:00Z,76.21,ugm3
2555,Punjabi Bagh,28.6683,77.1167,West,CPCB,live,rolling_24h_mean,pm10,2026-09-24T18:00:00Z,78.23,ugm3
2555,Punjabi Bagh,28.6683,77.1167,West,CPCB,live,rolling_24h_mean,pm10,2026-09-24T22:00:00Z,42.66,ugm3
2555,Punjabi Bagh,28.6683,77.1167,West,CPCB,live,rolling_24h_mean,pm10,2026-09-25T00:00:00Z,32.94,ugm3
2555,Punjabi Bagh,28.6683,77.1167,West,CPCB,live,rolling_24h_mean,pm10,2026-09-25T02:00:00Z,19.98,ugm3
2555,Punjabi Bagh,28.6683,77.1167,West,CPCB,live,rolling_24h_mean,pm10,2026-09-25T03:00:00Z,19.98,ugm3
2555,Punjabi Bagh,28.6683,77.1167,West,CPCB,live,rolling_24h_mean,pm10,2026-09-25T05:00:00Z,52.38,ugm3
2555,Punjabi Bagh,28.6683,77.1167,West,CPCB,live,rolling_24h_mean,pm10,2026-09-25T07:00:00Z,70.15,ugm3
2555,Punjabi Bagh,28.6683,77.1167,West,CPCB,live,rolling_24h_mean,pm10,2026-09-25T08:00:00Z,56.01,ugm3
2555,Punjabi Bagh,28.6683,77.1167,West,CPCB,live,rolling_24h_mean,pm10,2026-09-25T09:00:00Z,56.01,ugm3
2555,Punjabi Bagh,28.6683,77.1167,West,CPCB,live,rolling_24h_mean,pm10,2026-09-25T10:00:00Z,66.11,ugm3
2555,Punjabi Bagh,28.6683,77.1167,West,CPCB,live,rolling_24h_mean,pm10,2026-09-25T11:00:00Z,44.82,ugm3
2555,Punjabi Bagh,28.6683,77.1167,West,CPCB,live,rolling_24h_mean,pm10,2026-09-25T12:00:00Z,82.28,ugm3
2555,Punjabi Bagh,28.6683,77.1167,West,CPCB,live,rolling_24h_mean,pm10,2026-09-25T13:00:00Z,82.28,ugm3
2555,Punjabi Bagh,28.6683,77.1167,West,CPCB,live,rolling_24h_mean,pm10,2026-09-25T14:00:00Z,104.5,ugm3
2555,Punjabi Bagh,28.6683,77.1167,West,CPCB,live,rolling_24h_mean,pm10,2026-09-25T15:00:00Z,140.87,ugm3
2555,Punjabi Bagh,28.6683,77.1167,West,CPCB,live,rolling_24h_mean,pm10,2026-09-25T16:00:00Z,152.99,ugm3
2555,Punjabi Bagh,28.6683,77.1167,West,CPCB,live,rolling_24h_mean,pm10,2026-09-25T17:00:00Z,106.52,ugm3
2555,Punjabi Bagh,28.6683,77.1167,West,CPCB,live,rolling_24h_mean,pm10,2026-09-25T18:00:00Z,72.17,ugm3
2555,Punjabi Bagh,28.6683,77.1167,West,CPCB,live,rolling_24h_mean,pm10,2026-09-25T19:00:00Z,56.01,ugm3
2555,Punjabi Bagh,28.6683,77.1167,West,CPCB,live,rolling_24h_mean,pm10,2026-09-25T20:00:00Z,51.3,ugm3
2555,Punjabi Bagh,28.6683,77.1167,West,CPCB,live,rolling_24h_mean,pm10,2026-09-25T21:00:00Z,44.82,ugm3
2555,Punjabi Bagh,28.6683,77.1167,West,CPCB,live,rolling_24h_mean,pm10,2026-09-25T22:00:00Z,50.22,ugm3
2555,Punjabi Bagh,28.6683,77.1167,West,CPCB,live,rolling_24h_mean,pm10,2026-09-25T23:00:00Z,45.9,ugm3
2555,Punjabi Bagh,28.6683,77.1167,West,CPCB,live,rolling_24h_mean,pm10,2026-09-26T00:00:00Z,48.06,ugm3
2555,Punjabi Bagh,28.6683,77.1167,West,CPCB,live,rolling_24h_mean,pm10,2026-09-26T01:00:00Z,52.38,ugm3
2555,Punjabi Bagh,28.6683,77.1167,West,CPCB,live,rolling_24h_mean,pm10,2026-09-26T02:00:00Z,51.3,ugm3
2555,Punjabi Bagh,28.6683,77.1167,West,CPCB,live,rolling_24h_mean,pm10,2026-09-26T03:00:00Z,84.3,ugm3
2555,Punjabi Bagh,28.6683,77.1167,West,CPCB,live,rolling_24h_mean,pm10,2026-09-26T04:00:00Z,104.5,ugm3
2555,Punjabi Bagh,28.6683,77.1167,West,CPCB,live,rolling_24h_mean,pm10,2026-09-26T05:00:00Z,160.05,ugm3
2555,Punjabi Bagh,28.6683,77.1167,West,CPCB,live,rolling_24h_mean,pm10,2026-09-26T06:00:00Z,78.23,ugm3
2555,Punjabi Bagh,28.6683,77.1167,West,CPCB,live,rolling_24h_mean,pm10,2026-09-26T07:00:00Z,112.58,ugm3
2555,Punjabi Bagh,28.6683,77.1167,West,CPCB,live,rolling_24h_mean,pm10,2026-09-26T08:00:00Z,118.64,ugm3
2555,Punjabi Bagh,28.6683,77.1167,West,CPCB,live,rolling_24h_mean,pm10,2026-09-26T09:00:00Z,96.42,ugm3
2555,Punjabi Bagh,28.6683,77.1167,West,CPCB,live,rolling_24h_mean,pm10,2026-09-26T10:00:00Z,104.5,ugm3
2555,Punjabi Bagh,28.6683,77.1167,West,CPCB,live,rolling_24h_mean,pm10,2026-09-26T11:00:00Z,110.56,ugm3
2555,Punjabi Bagh,28.6683,77.1167,West,CPCB,live,rolling_24h_mean,pm10,2026-09-26T12:00:00Z,128.74,ugm3
2555,Punjabi Bagh,28.6683,77.1167,West,CPCB,live,rolling_24h_mean,pm10,2026-09-26T13:00:00Z,128.74,ugm3
2555,Punjabi Bagh,28.6683,77.1167,West,CPCB,live,rolling_24h_mean,pm10,2026-09-26T14:00:00Z,60.05,ugm3
2555,Punjabi Bagh,28.6683,77.1167,West,CPCB,live,rolling_24h_mean,pm10,2026-09-26T15:00:00Z,62.07,ugm3
2555,Punjabi Bagh,28.6683,77.1167,West,CPCB,live,rolling_24h_mean,pm10,2026-09-26T16:00:00Z,62.07,ugm3
2555,Punjabi Bagh,28.6683,77.1167,West,CPCB,live,rolling_24h_mean,pm25,2026-09-23T17:00:00Z,106.82,ugm3
2555,Punjabi Bagh,28.6683,77.1167,West,CPCB,live,rolling_24h_mean,pm25,2026-09-23T18:00:00Z,89.39,ugm3
2555,Punjabi Bagh,28.6683,77.1167,West,CPCB,live,rolling_24h_mean,pm25,2026-09-23T19:00:00Z,101.01,ugm3
2555,Punjabi Bagh,28.6683,77.1167,West,CPCB,live,rolling_24h_mean,pm25,2026-09-23T20:00:00Z,122.32,ugm3
2555,Punjabi Bagh,28.6683,77.1167,West,CPCB,live,rolling_24h_mean,pm25,2026-09-23T21:00:00Z,106.82,ugm3
2555,Punjabi Bagh,28.6683,77.1167,West,CPCB,live,rolling_24h_mean,pm25,2026-09-23T22:00:00Z,124.25,ugm3
2555,Punjabi Bagh,28.6683,77.1167,West,CPCB,live,rolling_24h_mean,pm25,2026-09-24T00:00:00Z,89.39,ugm3
2555,Punjabi Bagh,28.6683,77.1167,West,CPCB,live,rolling_24h_mean,pm25,2026-09-24T03:00:00Z,46.26,ugm3
2555,Punjabi Bagh,28.6683,77.1167,West,CPCB,live,rolling_24h_mean,pm25,2026-09-24T05:00:00Z,38.14,ugm3
2555,Punjabi Bagh,28.6683,77.1167,West,CPCB,live,rolling_24h_mean,pm25,2026-09-24T06:00:00Z,55.2,ugm3
2555,Punjabi Bagh,28.6683,77.1167,West,CPCB,live,rolling_24h_mean,pm25,2026-09-24T07:00:00Z,55.2,ugm3
2555,Punjabi Bagh,28.6683,77.1167,West,CPCB,live,rolling_24h_mean,pm25,2026-09-24T10:00:00Z,62.28,ugm3
2555,Punjabi Bagh,28.6683,77.1167,West,CPCB,live,rolling_24h_mean,pm25,2026-09-24T11:00:00Z,60.34,ugm3
2555,Punjabi Bagh,28.6683,77.1167,West,CPCB,live,rolling_24h_mean,pm25,2026-09-24T13:00:00Z,40.98,ugm3
2555,Punjabi Bagh,28.6683,77.1167,West,CPCB,live,rolling_24h_mean,pm25,2026-09-24T16:00:00Z,58.41,ugm3
2555,Punjabi Bagh,28.6683,77.1167,West,CPCB,live,rolling_24h_mean,pm25,2026-09-24T17:00:00Z,11.16,ugm3
2555,Punjabi Bagh,28.6683,77.1167,West,CPCB,live,rolling_24h_mean,pm25,2026-09-24T18:00:00Z,28.51,ugm3
2555,Punjabi Bagh,28.6683,77.1167,West,CPCB,live,rolling_24h_mean,pm25,2026-09-24T22:00:00Z,7.32,ugm3
2555,Punjabi Bagh,28.6683,77.1167,West,CPCB,live,rolling_24h_mean,pm25,2026-09-25T00:00:00Z,7.32,ugm3
2555,Punjabi Bagh,28.6683,77.1167,West,CPCB,live,rolling_24h_mean,pm25,2026-09-25T02:00:00Z,7.32,ugm3
2555,Punjabi Bagh,28.6683,77.1167,West,CPCB,live,rolling_24h_mean,pm25,2026-09-25T03:00:00Z,7.32,ugm3
2555,Punjabi Bagh,28.6683,77.1167,West,CPCB,live,rolling_24h_mean,pm25,2026-09-25T05:00:00Z,35.16,ugm3
2555,Punjabi Bagh,28.6683,77.1167,West,CPCB,live,rolling_24h_mean,pm25,2026-09-25T07:00:00Z,3.24,ugm3
2555,Punjabi Bagh,28.6683,77.1167,West,CPCB,live,rolling_24h_mean,pm25,2026-09-25T08:00:00Z,1.32,ugm3
2555,Punjabi Bagh,28.6683,77.1167,West,CPCB,live,rolling_24h_mean,pm25,2026-09-25T09:00:00Z,24.23,ugm3
2555,Punjabi Bagh,28.6683,77.1167,West,CPCB,live,rolling_24h_mean,pm25,2026-09-25T10:00:00Z,33.26,ugm3
2555,Punjabi Bagh,28.6683,77.1167,West,CPCB,live,rolling_24h_mean,pm25,2026-09-25T11:00:00Z,2.28,ugm3
2555,Punjabi Bagh,28.6683,77.1167,West,CPCB,live,rolling_24h_mean,pm25,2026-09-25T12:00:00Z,8.28,ugm3
2555,Punjabi Bagh,28.6683,77.1167,West,CPCB,live,rolling_24h_mean,pm25,2026-09-25T13:00:00Z,9.24,ugm3
2555,Punjabi Bagh,28.6683,77.1167,West,CPCB,live,rolling_24h_mean,pm25,2026-09-25T14:00:00Z,40.17,ugm3
2555,Punjabi Bagh,28.6683,77.1167,West,CPCB,live,rolling_24h_mean,pm25,2026-09-25T15:00:00Z,68.09,ugm3
2555,Punjabi Bagh,28.6683,77.1167,West,CPCB,live,rolling_24h_mean,pm25,2026-09-25T16:00:00Z,38.95,ugm3
2555,Punjabi Bagh,28.6683,77.1167,West,CPCB,live,rolling_24h_mean,pm25,2026-09-25T17:00:00Z,38.95,ugm3
2555,Punjabi Bagh,28.6683,77.1167,West,CPCB,live,rolling_24h_mean,pm25,2026-09-25T18:00:00Z,25.18,ugm3
2555,Punjabi Bagh,28.6683,77.1167,West,CPCB,live,rolling_24h_mean,pm25,2026-09-25T19:00:00Z,7.32,ugm3
2555,Punjabi Bagh,28.6683,77.1167,West,CPCB,live,rolling_24h_mean,pm25,2026-09-25T20:00:00Z,3.24,ugm3
2555,Punjabi Bagh,28.6683,77.1167,West,CPCB,live,rolling_24h_mean,pm25,2026-09-25T21:00:00Z,3.24,ugm3
2555,Punjabi Bagh,28.6683,77.1167,West,CPCB,live,rolling_24h_mean,pm25,2026-09-25T22:00:00Z,3.24,ugm3
2555,Punjabi Bagh,28.6683,77.1167,West,CPCB,live,rolling_24h_mean,pm25,2026-09-25T23:00:00Z,2.28,ugm3
2555,Punjabi Bagh,28.6683,77.1167,West,CPCB,live,rolling_24h_mean,pm25,2026-09-26T00:00:00Z,7.32,ugm3
2555,Punjabi Bagh,28.6683,77.1167,West,CPCB,live,rolling_24h_mean,pm25,2026-09-26T01:00:00Z,7.32,ugm3
2555,Punjabi Bagh,28.6683,77.1167,West,CPCB,live,rolling_24h_mean,pm25,2026-09-26T02:00:00Z,6.12,ugm3
2555,Punjabi Bagh,28.6683,77.1167,West,CPCB,live,rolling_24h_mean,pm25,2026-09-26T03:00:00Z,35.16,ugm3
2555,Punjabi Bagh,28.6683,77.1167,West,CPCB,live,rolling_24h_mean,pm25,2026-09-26T04:00:00Z,23.27,ugm3
2555,Punjabi Bagh,28.6683,77.1167,West,CPCB,live,rolling_24h_mean,pm25,2026-09-26T05:00:00Z,30.41,ugm3
2555,Punjabi Bagh,28.6683,77.1167,West,CPCB,live,rolling_24h_mean,pm25,2026-09-26T06:00:00Z,53.17,ugm3
2555,Punjabi Bagh,28.6683,77.1167,West,CPCB,live,rolling_24h_mean,pm25,2026-09-26T07:00:00Z,56.47,ugm3
2555,Punjabi Bagh,28.6683,77.1167,West,CPCB,live,rolling_24h_mean,pm25,2026-09-26T08:00:00Z,35.16,ugm3
2555,Punjabi Bagh,28.6683,77.1167,West,CPCB,live,rolling_24h_mean,pm25,2026-09-26T09:00:00Z,34.21,ugm3
2555,Punjabi Bagh,28.6683,77.1167,West,CPCB,live,rolling_24h_mean,pm25,2026-09-26T10:00:00Z,7.32,ugm3
2555,Punjabi Bagh,28.6683,77.1167,West,CPCB,live,rolling_24h_mean,pm25,2026-09-26T11:00:00Z,7.32,ugm3
2555,Punjabi Bagh,28.6683,77.1167,West,CPCB,live,rolling_24h_mean,pm25,2026-09-26T12:00:00Z,29.46,ugm3
2555,Punjabi Bagh,28.6683,77.1167,West,CPCB,live,rolling_24h_mean,pm25,2026-09-26T13:00:00Z,29.46,ugm3
2555,Punjabi Bagh,28.6683,77.1167,West,CPCB,live,rolling_24h_mean,pm25,2026-09-26T14:00:00Z,42.2,ugm3
2555,Punjabi Bagh,28.6683,77.1167,West,CPCB,live,rolling_24h_mean,pm25,2026-09-26T15:00:00Z,28.51,ugm3
2555,Punjabi Bagh,28.6683,77.1167,West,CPCB,live,rolling_24h_mean,pm25,2026-09-26T16:00:00Z,28.51,ugm3
2556,R.K. Puram,28.5648,77.1744,South,CPCB,live,rolling_24h_mean,o3,2026-09-23T17:00:00Z,4.02,ugm3
2556,R.K. Puram,28.5648,77.1744,South,CPCB,live,rolling_24h_mean,o3,2026-09-23T18:00:00Z,4.02,ugm3
2556,R.K. Puram,28.5648,77.1744,South,CPCB,live,rolling_24h_mean,o3,2026-09-23T19:00:00Z,4.02,ugm3
2556,R.K. Puram,28.5648,77.1744,South,CPCB,live,rolling_24h_mean,o3,2026-09-23T20:00:00Z,4.02,ugm3
2556,R.K. Puram,28.5648,77.1744,South,CPCB,live,rolling_24h_mean,o3,2026-09-23T21:00:00Z,1.49,ugm3
2556,R.K. Puram,28.5648,77.1744,South,CPCB,live,rolling_24h_mean,o3,2026-09-23T22:00:00Z,4.02,ugm3
2556,R.K. Puram,28.5648,77.1744,South,CPCB,live,rolling_24h_mean,o3,2026-09-24T00:00:00Z,2.34,ugm3
2556,R.K. Puram,28.5648,77.1744,South,CPCB,live,rolling_24h_mean,o3,2026-09-24T03:00:00Z,8.05,ugm3
2556,R.K. Puram,28.5648,77.1744,South,CPCB,live,rolling_24h_mean,o3,2026-09-24T05:00:00Z,20.14,ugm3
2556,R.K. Puram,28.5648,77.1744,South,CPCB,live,rolling_24h_mean,o3,2026-09-24T06:00:00Z,27.56,ugm3
2556,R.K. Puram,28.5648,77.1744,South,CPCB,live,rolling_24h_mean,o3,2026-09-24T07:00:00Z,34.98,ugm3
2556,R.K. Puram,28.5648,77.1744,South,CPCB,live,rolling_24h_mean,o3,2026-09-24T10:00:00Z,51.31,ugm3
2556,R.K. Puram,28.5648,77.1744,South,CPCB,live,rolling_24h_mean,o3,2026-09-24T11:00:00Z,43.89,ugm3
2556,R.K. Puram,28.5648,77.1744,South,CPCB,live,rolling_24h_mean,o3,2026-09-24T13:00:00Z,28.41,ugm3
2556,R.K. Puram,28.5648,77.1744,South,CPCB,live,rolling_24h_mean,o3,2026-09-24T16:00:00Z,11.66,ugm3
2556,R.K. Puram,28.5648,77.1744,South,CPCB,live,rolling_24h_mean,o3,2026-09-24T17:00:00Z,11.44,ugm3
2556,R.K. Puram,28.5648,77.1744,South,CPCB,live,rolling_24h_mean,o3,2026-09-24T18:00:00Z,12.09,ugm3
2556,R.K. Puram,28.5648,77.1744,South,CPCB,live,rolling_24h_mean,o3,2026-09-24T22:00:00Z,14.41,ugm3
2556,R.K. Puram,28.5648,77.1744,South,CPCB,live,rolling_24h_mean,o3,2026-09-25T00:00:00Z,14.41,ugm3
2556,R.K. Puram,28.5648,77.1744,South,CPCB,live,rolling_24h_mean,o3,2026-09-25T02:00:00Z,14.41,ugm3
2556,R.K. Puram,28.5648,77.1744,South,CPCB,live,rolling_24h_mean,o3,2026-09-25T03:00:00Z,14.41,ugm3
2556,R.K. Puram,28.5648,77.1744,South,CPCB,live,rolling_24h_mean,o3,2026-09-25T05:00:00Z,16.53,ugm3
2556,R.K. Puram,28.5648,77.1744,South,CPCB,live,rolling_24h_mean,o3,2026-09-25T07:00:00Z,16.74,ugm3
2556,R.K. Puram,28.5648,77.1744,South,CPCB,live,rolling_24h_mean,o3,2026-09-25T08:00:00Z,16.74,ugm3
2556,R.K. Puram,28.5648,77.1744,South,CPCB,live,rolling_24h_mean,o3,2026-09-25T09:00:00Z,22.48,ugm3
2556,R.K. Puram,28.5648,77.1744,South,CPCB,live,rolling_24h_mean,o3,2026-09-25T10:00:00Z,25.01,ugm3
2556,R.K. Puram,28.5648,77.1744,South,CPCB,live,rolling_24h_mean,o3,2026-09-25T11:00:00Z,25.87,ugm3
2556,R.K. Puram,28.5648,77.1744,South,CPCB,live,rolling_24h_mean,o3,2026-09-25T12:00:00Z,21.63,ugm3
2556,R.K. Puram,28.5648,77.1744,South,CPCB,live,rolling_24h_mean,o3,2026-09-25T13:00:00Z,10.6,ugm3
2556,R.K. Puram,28.5648,77.1744,South,CPCB,live,rolling_24h_mean,o3,2026-09-25T14:00:00Z,6.58,ugm3
2556,R.K. Puram,28.5648,77.1744,South,CPCB,live,rolling_24h_mean,o3,2026-09-25T15:00:00Z,8.7,ugm3
2556,R.K. Puram,28.5648,77.1744,South,CPCB,live,rolling_24h_mean,o3,2026-09-25T16:00:00Z,7.64,ugm3
2556,R.K. Puram,28.5648,77.1744,South,CPCB,live,rolling_24h_mean,o3,2026-09-25T17:00:00Z,8.26,ugm3
2556,R.K. Puram,28.5648,77.1744,South,CPCB,live,rolling_24h_mean,o3,2026-09-25T18:00:00Z,5.93,ugm3
2556,R.K. Puram,28.5648,77.1744,South,CPCB,live,rolling_24h_mean,o3,2026-09-25T19:00:00Z,8.48,ugm3
2556,R.K. Puram,28.5648,77.1744,South,CPCB,live,rolling_24h_mean,o3,2026-09-25T20:00:00Z,9.97,ugm3
2556,R.K. Puram,28.5648,77.1744,South,CPCB,live,rolling_24h_mean,o3,2026-09-25T21:00:00Z,11.88,ugm3
2556,R.K. Puram,28.5648,77.1744,South,CPCB,live,rolling_24h_mean,o3,2026-09-25T22:00:00Z,11.23,ugm3
2556,R.K. Puram,28.5648,77.1744,South,CPCB,live,rolling_24h_mean,o3,2026-09-25T23:00:00Z,9.76,ugm3
2556,R.K. Puram,28.5648,77.1744,South,CPCB,live,rolling_24h_mean,o3,2026-09-26T00:00:00Z,12.94,ugm3
2556,R.K. Puram,28.5648,77.1744,South,CPCB,live,rolling_24h_mean,o3,2026-09-26T01:00:00Z,9.32,ugm3
2556,R.K. Puram,28.5648,77.1744,South,CPCB,live,rolling_24h_mean,o3,2026-09-26T02:00:00Z,4.24,ugm3
2556,R.K. Puram,28.5648,77.1744,South,CPCB,live,rolling_24h_mean,o3,2026-09-26T03:00:00Z,4.87,ugm3
2556,R.K. Puram,28.5648,77.1744,South,CPCB,live,rolling_24h_mean,o3,2026-09-26T04:00:00Z,5.3,ugm3
2556,R.K. Puram,28.5648,77.1744,South,CPCB,live,rolling_24h_mean,o3,2026-09-26T05:00:00Z,11.66,ugm3
2556,R.K. Puram,28.5648,77.1744,South,CPCB,live,rolling_24h_mean,o3,2026-09-26T06:00:00Z,21.63,ugm3
2556,R.K. Puram,28.5648,77.1744,South,CPCB,live,rolling_24h_mean,o3,2026-09-26T07:00:00Z,27.35,ugm3
2556,R.K. Puram,28.5648,77.1744,South,CPCB,live,rolling_24h_mean,o3,2026-09-26T08:00:00Z,18.24,ugm3
2556,R.K. Puram,28.5648,77.1744,South,CPCB,live,rolling_24h_mean,o3,2026-09-26T09:00:00Z,19.08,ugm3
2556,R.K. Puram,28.5648,77.1744,South,CPCB,live,rolling_24h_mean,o3,2026-09-26T10:00:00Z,14.41,ugm3
2556,R.K. Puram,28.5648,77.1744,South,CPCB,live,rolling_24h_mean,o3,2026-09-26T11:00:00Z,12.94,ugm3
2556,R.K. Puram,28.5648,77.1744,South,CPCB,live,rolling_24h_mean,o3,2026-09-26T12:00:00Z,10.17,ugm3
2556,R.K. Puram,28.5648,77.1744,South,CPCB,live,rolling_24h_mean,o3,2026-09-26T13:00:00Z,7.2,ugm3
2556,R.K. Puram,28.5648,77.1744,South,CPCB,live,rolling_24h_mean,o3,2026-09-26T14:00:00Z,9.76,ugm3
2556,R.K. Puram,28.5648,77.1744,South,CPCB,live,rolling_24h_mean,o3,2026-09-26T15:00:00Z,8.7,ugm3
2556,R.K. Puram,28.5648,77.1744,South,CPCB,live,rolling_24h_mean,o3,2026-09-26T16:00:00Z,4.87,ugm3
2556,R.K. Puram,28.5648,77.1744,South,CPCB,live,rolling_24h_mean,pm10,2026-09-23T17:00:00Z,250.97,ugm3
2556,R.K. Puram,28.5648,77.1744,South,CPCB,live,rolling_24h_mean,pm10,2026-09-23T18:00:00Z,202.48,ugm3
2556,R.K. Puram,28.5648,77.1744,South,CPCB,live,rolling_24h_mean,pm10,2026-09-23T19:00:00Z,166.11,ugm3
2556,R.K. Puram,28.5648,77.1744,South,CPCB,live,rolling_24h_mean,pm10,2026-09-23T20:00:00Z,144.91,ugm3
2556,R.K. Puram,28.5648,77.1744,South,CPCB,live,rolling_24h_mean,pm10,2026-09-23T21:00:00Z,158.03,ugm3
2556,R.K. Puram,28.5648,77.1744,South,CPCB,live,rolling_24h_mean,pm10,2026-09-23T22:00:00Z,158.03,ugm3
2556,R.K. Puram,28.5648,77.1744,South,CPCB,live,rolling_24h_mean,pm10,2026-09-24T00:00:00Z,174.19,ugm3
2556,R.K. Puram,28.5648,77.1744,South,CPCB,live,rolling_24h_mean,pm10,2026-09-24T03:00:00Z,104.5,ugm3
2556,R.K. Puram,28.5648,77.1744,South,CPCB,live,rolling_24h_mean,pm10,2026-09-24T05:00:00Z,72.17,ugm3
2556,R.K. Puram,28.5648,77.1744,South,CPCB,live,rolling_24h_mean,pm10,2026-09-24T06:00:00Z,120.66,ugm3
2556,R.K. Puram,28.5648,77.1744,South,CPCB,live,rolling_24h_mean,pm10,2026-09-24T07:00:00Z,122.68,ugm3
2556,R.K. Puram,28.5648,77.1744,South,CPCB,live,rolling_24h_mean,pm10,2026-09-24T10:00:00Z,114.6,ugm3
2556,R.K. Puram,28.5648,77.1744,South,CPCB,live,rolling_24h_mean,pm10,2026-09-24T11:00:00Z,155.01,ugm3
2556,R.K. Puram,28.5648,77.1744,South,CPCB,live,rolling_24h_mean,pm10,2026-09-24T13:00:00Z,126.72,ugm3
2556,R.K. Puram,28.5648,77.1744,South,CPCB,live,rolling_24h_mean,pm10,2026-09-24T16:00:00Z,116.62,ugm3
2556,R.K. Puram,28.5648,77.1744,South,CPCB,live,rolling_24h_mean,pm10,2026-09-24T17:00:00Z,86.32,ugm3
2556,R.K. Puram,28.5648,77.1744,South,CPCB,live,rolling_24h_mean,pm10,2026-09-24T18:00:00Z,98.44,ugm3
2556,R.K. Puram,28.5648,77.1744,South,CPCB,live,rolling_24h_mean,pm10,2026-09-24T22:00:00Z,30.78,ugm3
2556,R.K. Puram,28.5648,77.1744,South,CPCB,live,rolling_24h_mean,pm10,2026-09-25T00:00:00Z,30.78,ugm3
2556,R.K. Puram,28.5648,77.1744,South,CPCB,live,rolling_24h_mean,pm10,2026-09-25T02:00:00Z,30.78,ugm3
2556,R.K. Puram,28.5648,77.1744,South,CPCB,live,rolling_24h_mean,pm10,2026-09-25T03:00:00Z,30.78,ugm3
2556,R.K. Puram,28.5648,77.1744,South,CPCB,live,rolling_24h_mean,pm10,2026-09-25T05:00:00Z,74.19,ugm3
2556,R.K. Puram,28.5648,77.1744,South,CPCB,live,rolling_24h_mean,pm10,2026-09-25T07:00:00Z,74.19,ugm3
2556,R.K. Puram,28.5648,77.1744,South,CPCB,live,rolling_24h_mean,pm10,2026-09-25T08:00:00Z,74.19,ugm3
2556,R.K. Puram,28.5648,77.1744,South,CPCB,live,rolling_24h_mean,pm10,2026-09-25T09:00:00Z,51.3,ugm3
2556,R.K. Puram,28.5648,77.1744,South,CPCB,live,rolling_24h_mean,pm10,2026-09-25T10:00:00Z,68.13,ugm3
2556,R.K. Puram,28.5648,77.1744,South,CPCB,live,rolling_24h_mean,pm10,2026-09-25T11:00:00Z,112.58,ugm3
2556,R.K. Puram,28.5648,77.1744,South,CPCB,live,rolling_24h_mean,pm10,2026-09-25T12:00:00Z,76.21,ugm3
2556,R.K. Puram,28.5648,77.1744,South,CPCB,live,rolling_24h_mean,pm10,2026-09-25T13:00:00Z,82.28,ugm3
2556,R.K. Puram,28.5648,77.1744,South,CPCB,live,rolling_24h_mean,pm10,2026-09-25T14:00:00Z,92.38,ugm3
2556,R.K. Puram,28.5648,77.1744,South,CPCB,live,rolling_24h_mean,pm10,2026-09-25T15:00:00Z,116.62,ugm3
2556,R.K. Puram,28.5648,77.1744,South,CPCB,live,rolling_24h_mean,pm10,2026-09-25T16:00:00Z,104.5,ugm3
2556,R.K. Puram,28.5648,77.1744,South,CPCB,live,rolling_24h_mean,pm10,2026-09-25T17:00:00Z,94.4,ugm3
2556,R.K. Puram,28.5648,77.1744,South,CPCB,live,rolling_24h_mean,pm10,2026-09-25T18:00:00Z,68.13,ugm3
2556,R.K. Puram,28.5648,77.1744,South,CPCB,live,rolling_24h_mean,pm10,2026-09-25T19:00:00Z,41.58,ugm3
2556,R.K. Puram,28.5648,77.1744,South,CPCB,live,rolling_24h_mean,pm10,2026-09-25T20:00:00Z,35.1,ugm3
2556,R.K. Puram,28.5648,77.1744,South,CPCB,live,rolling_24h_mean,pm10,2026-09-25T21:00:00Z,24.3,ugm3
2556,R.K. Puram,28.5648,77.1744,South,CPCB,live,rolling_24h_mean,pm10,2026-09-25T22:00:00Z,24.3,ugm3
2556,R.K. Puram,28.5648,77.1744,South,CPCB,live,rolling_24h_mean,pm10,2026-09-25T23:00:00Z,23.22,ugm3
2556,R.K. Puram,28.5648,77.1744,South,CPCB,live,rolling_24h_mean,pm10,2026-09-26T00:00:00Z,29.7,ugm3
2556,R.K. Puram,28.5648,77.1744,South,CPCB,live,rolling_24h_mean,pm10,2026-09-26T01:00:00Z,19.98,ugm3
2556,R.K. Puram,28.5648,77.1744,South,CPCB,live,rolling_24h_mean,pm10,2026-09-26T02:00:00Z,39.42,ugm3
2556,R.K. Puram,28.5648,77.1744,South,CPCB,live,rolling_24h_mean,pm10,2026-09-26T03:00:00Z,72.17,ugm3
2556,R.K. Puram,28.5648,77.1744,South,CPCB,live,rolling_24h_mean,pm10,2026-09-26T04:00:00Z,132.79,ugm3
2556,R.K. Puram,28.5648,77.1744,South,CPCB,live,rolling_24h_mean,pm10,2026-09-26T05:00:00Z,166.11,ugm3
2556,R.K. Puram,28.5648,77.1744,South,CPCB,live,rolling_24h_mean,pm10,2026-09-26T06:00:00Z,84.3,ugm3
2556,R.K. Puram,28.5648,77.1744,South,CPCB,live,rolling_24h_mean,pm10,2026-09-26T07:00:00Z,92.38,ugm3
2556,R.K. Puram,28.5648,77.1744,South,CPCB,live,rolling_24h_mean,pm10,2026-09-26T08:00:00Z,92.38,ugm3
2556,R.K. Puram,28.5648,77.1744,South,CPCB,live,rolling_24h_mean,pm10,2026-09-26T09:00:00Z,110.56,ugm3
2556,R.K. Puram,28.5648,77.1744,South,CPCB,live,rolling_24h_mean,pm10,2026-09-26T10:00:00Z,138.85,ugm3
2556,R.K. Puram,28.5648,77.1744,South,CPCB,live,rolling_24h_mean,pm10,2026-09-26T11:00:00Z,162.07,ugm3
2556,R.K. Puram,28.5648,77.1744,South,CPCB,live,rolling_24h_mean,pm10,2026-09-26T12:00:00Z,66.11,ugm3
2556,R.K. Puram,28.5648,77.1744,South,CPCB,live,rolling_24h_mean,pm10,2026-09-26T13:00:00Z,27.54,ugm3
2556,R.K. Puram,28.5648,77.1744,South,CPCB,live,rolling_24h_mean,pm10,2026-09-26T14:00:00Z,36.18,ugm3
2556,R.K. Puram,28.5648,77.1744,South,CPCB,live,rolling_24h_mean,pm10,2026-09-26T15:00:00Z,26.46,ugm3
2556,R.K. Puram,28.5648,77.1744,South,CPCB,live,rolling_24h_mean,pm10,2026-09-26T16:00:00Z,13.5,ugm3
2556,R.K. Puram,28.5648,77.1744,South,CPCB,live,rolling_24h_mean,pm25,2026-09-23T17:00:00Z,135.87,ugm3
2556,R.K. Puram,28.5648,77.1744,South,CPCB,live,rolling_24h_mean,pm25,2026-09-23T18:00:00Z,97.14,ugm3
2556,R.K. Puram,28.5648,77.1744,South,CPCB,live,rolling_24h_mean,pm25,2026-09-23T19:00:00Z,89.39,ugm3
2556,R.K. Puram,28.5648,77.1744,South,CPCB,live,rolling_24h_mean,pm25,2026-09-23T20:00:00Z,87.46,ugm3
2556,R.K. Puram,28.5648,77.1744,South,CPCB,live,rolling_24h_mean,pm25,2026-09-23T21:00:00Z,101.01,ugm3
2556,R.K. Puram,28.5648,77.1744,South,CPCB,live,rolling_24h_mean,pm25,2026-09-23T22:00:00Z,81.65,ugm3
2556,R.K. Puram,28.5648,77.1744,South,CPCB,live,rolling_24h_mean,pm25,2026-09-24T00:00:00Z,58.41,ugm3
2556,R.K. Puram,28.5648,77.1744,South,CPCB,live,rolling_24h_mean,pm25,2026-09-24T03:00:00Z,38.14,ugm3
2556,R.K. Puram,28.5648,77.1744,South,CPCB,live,rolling_24h_mean,pm25,2026-09-24T05:00:00Z,26.13,ugm3
2556,R.K. Puram,28.5648,77.1744,South,CPCB,live,rolling_24h_mean,pm25,2026-09-24T06:00:00Z,22.8,ugm3
2556,R.K. Puram,28.5648,77.1744,South,CPCB,live,rolling_24h_mean,pm25,2026-09-24T07:00:00Z,46.26,ugm3
2556,R.K. Puram,28.5648,77.1744,South,CPCB,live,rolling_24h_mean,pm25,2026-09-24T10:00:00Z,35.7,ugm3
2556,R.K. Puram,28.5648,77.1744,South,CPCB,live,rolling_24h_mean,pm25,2026-09-24T11:00:00Z,40.58,ugm3
2556,R.K. Puram,28.5648,77.1744,South,CPCB,live,rolling_24h_mean,pm25,2026-09-24T13:00:00Z,47.48,ugm3
2556,R.K. Puram,28.5648,77.1744,South,CPCB,live,rolling_24h_mean,pm25,2026-09-24T16:00:00Z,42.2,ugm3
2556,R.K. Puram,28.5648,77.1744,South,CPCB,live,rolling_24h_mean,pm25,2026-09-24T17:00:00Z,28.98,ugm3
2556,R.K. Puram,28.5648,77.1744,South,CPCB,live,rolling_24h_mean,pm25,2026-09-24T18:00:00Z,22.32,ugm3
2556,R.K. Puram,28.5648,77.1744,South,CPCB,live,rolling_24h_mean,pm25,2026-09-24T22:00:00Z,7.32,ugm3
2556,R.K. Puram,28.5648,77.1744,South,CPCB,live,rolling_24h_mean,pm25,2026-09-25T00:00:00Z,7.32,ugm3
2556,R.K. Puram,28.5648,77.1744,South,CPCB,live,rolling_24h_mean,pm25,2026-09-25T02:00:00Z,7.32,ugm3
2556,R.K. Puram,28.5648,77.1744,South,CPCB,live,rolling_24h_mean,pm25,2026-09-25T03:00:00Z,7.32,ugm3
2556,R.K. Puram,28.5648,77.1744,South,CPCB,live,rolling_24h_mean,pm25,2026-09-25T05:00:00Z,7.56,ugm3
2556,R.K. Puram,28.5648,77.1744,South,CPCB,live,rolling_24h_mean,pm25,2026-09-25T07:00:00Z,8.28,ugm3
2556,R.K. Puram,28.5648,77.1744,South,CPCB,live,rolling_24h_mean,pm25,2026-09-25T08:00:00Z,8.28,ugm3
2556,R.K. Puram,28.5648,77.1744,South,CPCB,live,rolling_24h_mean,pm25,2026-09-25T09:00:00Z,9.24,ugm3
2556,R.K. Puram,28.5648,77.1744,South,CPCB,live,rolling_24h_mean,pm25,2026-09-25T10:00:00Z,18.04,ugm3
2556,R.K. Puram,28.5648,77.1744,South,CPCB,live,rolling_24h_mean,pm25,2026-09-25T11:00:00Z,17.09,ugm3
2556,R.K. Puram,28.5648,77.1744,South,CPCB,live,rolling_24h_mean,pm25,2026-09-25T12:00:00Z,10.68,ugm3
2556,R.K. Puram,28.5648,77.1744,South,CPCB,live,rolling_24h_mean,pm25,2026-09-25T13:00:00Z,13.76,ugm3
2556,R.K. Puram,28.5648,77.1744,South,CPCB,live,rolling_24h_mean,pm25,2026-09-25T14:00:00Z,35.16,ugm3
2556,R.K. Puram,28.5648,77.1744,South,CPCB,live,rolling_24h_mean,pm25,2026-09-25T15:00:00Z,45.04,ugm3
2556,R.K. Puram,28.5648,77.1744,South,CPCB,live,rolling_24h_mean,pm25,2026-09-25T16:00:00Z,36.52,ugm3
2556,R.K. Puram,28.5648,77.1744,South,CPCB,live,rolling_24h_mean,pm25,2026-09-25T17:00:00Z,34.69,ugm3
2556,R.K. Puram,28.5648,77.1744,South,CPCB,live,rolling_24h_mean,pm25,2026-09-25T18:00:00Z,18.04,ugm3
2556,R.K. Puram,28.5648,77.1744,South,CPCB,live,rolling_24h_mean,pm25,2026-09-25T19:00:00Z,5.64,ugm3
2556,R.K. Puram,28.5648,77.1744,South,CPCB,live,rolling_24h_mean,pm25,2026-09-25T20:00:00Z,7.32,ugm3
2556,R.K. Puram,28.5648,77.1744,South,CPCB,live,rolling_24h_mean,pm25,2026-09-25T21:00:00Z,5.88,ugm3
2556,R.K. Puram,28.5648,77.1744,South,CPCB,live,rolling_24h_mean,pm25,2026-09-25T22:00:00Z,5.4,ugm3
2556,R.K. Puram,28.5648,77.1744,South,CPCB,live,rolling_24h_mean,pm25,2026-09-25T23:00:00Z,8.04,ugm3
2556,R.K. Puram,28.5648,77.1744,South,CPCB,live,rolling_24h_mean,pm25,2026-09-26T00:00:00Z,11.16,ugm3
2556,R.K. Puram,28.5648,77.1744,South,CPCB,live,rolling_24h_mean,pm25,2026-09-26T01:00:00Z,12.81,ugm3
2556,R.K. Puram,28.5648,77.1744,South,CPCB,live,rolling_24h_mean,pm25,2026-09-26T02:00:00Z,26.6,ugm3
2556,R.K. Puram,28.5648,77.1744,South,CPCB,live,rolling_24h_mean,pm25,2026-09-26T03:00:00Z,19.47,ugm3
2556,R.K. Puram,28.5648,77.1744,South,CPCB,live,rolling_24h_mean,pm25,2026-09-26T04:00:00Z,19.95,ugm3
2556,R.K. Puram,28.5648,77.1744,South,CPCB,live,rolling_24h_mean,pm25,2026-09-26T05:00:00Z,18.52,ugm3
2556,R.K. Puram,28.5648,77.1744,South,CPCB,live,rolling_24h_mean,pm25,2026-09-26T06:00:00Z,17.57,ugm3
2556,R.K. Puram,28.5648,77.1744,South,CPCB,live,rolling_24h_mean,pm25,2026-09-26T07:00:00Z,20.42,ugm3
2556,R.K. Puram,28.5648,77.1744,South,CPCB,live,rolling_24h_mean,pm25,2026-09-26T08:00:00Z,23.75,ugm3
2556,R.K. Puram,28.5648,77.1744,South,CPCB,live,rolling_24h_mean,pm25,2026-09-26T09:00:00Z,19.47,ugm3
2556,R.K. Puram,28.5648,77.1744,South,CPCB,live,rolling_24h_mean,pm25,2026-09-26T10:00:00Z,7.56,ugm3
2556,R.K. Puram,28.5648,77.1744,South,CPCB,live,rolling_24h_mean,pm25,2026-09-26T11:00:00Z,5.16,ugm3
2556,R.K. Puram,28.5648,77.1744,South,CPCB,live,rolling_24h_mean,pm25,2026-09-26T12:00:00Z,4.2,ugm3
2556,R.K. Puram,28.5648,77.1744,South,CPCB,live,rolling_24h_mean,pm25,2026-09-26T13:00:00Z,9.24,ugm3
2556,R.K. Puram,28.5648,77.1744,South,CPCB,live,rolling_24h_mean,pm25,2026-09-26T14:00:00Z,7.56,ugm3
2556,R.K. Puram,28.5648,77.1744,South,CPCB,live,rolling_24h_mean,pm25,2026-09-26T15:00:00Z,3.0,ugm3
2556,R.K. Puram,28.5648,77.1744,South,CPCB,live,rolling_24h_mean,pm25,2026-09-26T16:00:00Z,11.64,ugm3
5404,Pusa,28.639645,77.146263,Central,IMD,archive,hourly_readings,no2,2026-09-16T14:00:00Z,120.0,ugm3
5404,Pusa,28.639645,77.146263,Central,IMD,archive,hourly_readings,no2,2026-09-16T15:00:00Z,112.0,ugm3
5404,Pusa,28.639645,77.146263,Central,IMD,archive,hourly_readings,no2,2026-09-16T17:00:00Z,129.0,ugm3
5404,Pusa,28.639645,77.146263,Central,IMD,archive,hourly_readings,no2,2026-09-16T18:00:00Z,133.0,ugm3
5404,Pusa,28.639645,77.146263,Central,IMD,archive,hourly_readings,no2,2026-09-16T19:00:00Z,105.0,ugm3
5404,Pusa,28.639645,77.146263,Central,IMD,archive,hourly_readings,no2,2026-09-16T20:00:00Z,108.0,ugm3
5404,Pusa,28.639645,77.146263,Central,IMD,archive,hourly_readings,no2,2026-09-16T21:00:00Z,95.5,ugm3
5404,Pusa,28.639645,77.146263,Central,IMD,archive,hourly_readings,no2,2026-09-16T22:00:00Z,59.4,ugm3
5404,Pusa,28.639645,77.146263,Central,IMD,archive,hourly_readings,no2,2026-09-16T23:00:00Z,116.0,ugm3
5404,Pusa,28.639645,77.146263,Central,IMD,archive,hourly_readings,no2,2026-09-17T00:00:00Z,42.2,ugm3
5404,Pusa,28.639645,77.146263,Central,IMD,archive,hourly_readings,no2,2026-09-17T01:00:00Z,43.2,ugm3
5404,Pusa,28.639645,77.146263,Central,IMD,archive,hourly_readings,no2,2026-09-17T02:00:00Z,46.3,ugm3
5404,Pusa,28.639645,77.146263,Central,IMD,archive,hourly_readings,no2,2026-09-17T03:00:00Z,43.4,ugm3
5404,Pusa,28.639645,77.146263,Central,IMD,archive,hourly_readings,no2,2026-09-17T04:00:00Z,42.8,ugm3
5404,Pusa,28.639645,77.146263,Central,IMD,archive,hourly_readings,no2,2026-09-17T05:00:00Z,34.4,ugm3
5404,Pusa,28.639645,77.146263,Central,IMD,archive,hourly_readings,no2,2026-09-17T06:00:00Z,36.9,ugm3
5404,Pusa,28.639645,77.146263,Central,IMD,archive,hourly_readings,no2,2026-09-17T07:00:00Z,37.9,ugm3
5404,Pusa,28.639645,77.146263,Central,IMD,archive,hourly_readings,no2,2026-09-17T08:00:00Z,32.0,ugm3
5404,Pusa,28.639645,77.146263,Central,IMD,archive,hourly_readings,no2,2026-09-17T09:00:00Z,26.6,ugm3
5404,Pusa,28.639645,77.146263,Central,IMD,archive,hourly_readings,no2,2026-09-17T10:00:00Z,32.1,ugm3
5404,Pusa,28.639645,77.146263,Central,IMD,archive,hourly_readings,no2,2026-09-17T11:00:00Z,37.0,ugm3
5404,Pusa,28.639645,77.146263,Central,IMD,archive,hourly_readings,no2,2026-09-17T12:00:00Z,62.7,ugm3
5404,Pusa,28.639645,77.146263,Central,IMD,archive,hourly_readings,no2,2026-09-17T13:00:00Z,64.3,ugm3
5404,Pusa,28.639645,77.146263,Central,IMD,archive,hourly_readings,o3,2026-09-16T14:00:00Z,45.7,ugm3
5404,Pusa,28.639645,77.146263,Central,IMD,archive,hourly_readings,o3,2026-09-16T15:00:00Z,32.7,ugm3
5404,Pusa,28.639645,77.146263,Central,IMD,archive,hourly_readings,o3,2026-09-16T17:00:00Z,9.8,ugm3
5404,Pusa,28.639645,77.146263,Central,IMD,archive,hourly_readings,o3,2026-09-16T18:00:00Z,9.4,ugm3
5404,Pusa,28.639645,77.146263,Central,IMD,archive,hourly_readings,o3,2026-09-16T19:00:00Z,11.0,ugm3
5404,Pusa,28.639645,77.146263,Central,IMD,archive,hourly_readings,o3,2026-09-16T20:00:00Z,13.2,ugm3
5404,Pusa,28.639645,77.146263,Central,IMD,archive,hourly_readings,o3,2026-09-16T21:00:00Z,14.9,ugm3
5404,Pusa,28.639645,77.146263,Central,IMD,archive,hourly_readings,o3,2026-09-16T22:00:00Z,73.4,ugm3
5404,Pusa,28.639645,77.146263,Central,IMD,archive,hourly_readings,o3,2026-09-16T23:00:00Z,112.0,ugm3
5404,Pusa,28.639645,77.146263,Central,IMD,archive,hourly_readings,o3,2026-09-17T00:00:00Z,98.7,ugm3
5404,Pusa,28.639645,77.146263,Central,IMD,archive,hourly_readings,o3,2026-09-17T01:00:00Z,97.9,ugm3
5404,Pusa,28.639645,77.146263,Central,IMD,archive,hourly_readings,o3,2026-09-17T02:00:00Z,108.0,ugm3
5404,Pusa,28.639645,77.146263,Central,IMD,archive,hourly_readings,o3,2026-09-17T03:00:00Z,138.0,ugm3
5404,Pusa,28.639645,77.146263,Central,IMD,archive,hourly_readings,o3,2026-09-17T04:00:00Z,149.0,ugm3
5404,Pusa,28.639645,77.146263,Central,IMD,archive,hourly_readings,o3,2026-09-17T05:00:00Z,146.0,ugm3
5404,Pusa,28.639645,77.146263,Central,IMD,archive,hourly_readings,o3,2026-09-17T06:00:00Z,162.0,ugm3
5404,Pusa,28.639645,77.146263,Central,IMD,archive,hourly_readings,o3,2026-09-17T07:00:00Z,197.0,ugm3
5404,Pusa,28.639645,77.146263,Central,IMD,archive,hourly_readings,o3,2026-09-17T08:00:00Z,182.0,ugm3
5404,Pusa,28.639645,77.146263,Central,IMD,archive,hourly_readings,o3,2026-09-17T09:00:00Z,163.0,ugm3
5404,Pusa,28.639645,77.146263,Central,IMD,archive,hourly_readings,o3,2026-09-17T10:00:00Z,141.0,ugm3
5404,Pusa,28.639645,77.146263,Central,IMD,archive,hourly_readings,o3,2026-09-17T11:00:00Z,144.0,ugm3
5404,Pusa,28.639645,77.146263,Central,IMD,archive,hourly_readings,o3,2026-09-17T12:00:00Z,113.0,ugm3
5404,Pusa,28.639645,77.146263,Central,IMD,archive,hourly_readings,o3,2026-09-17T13:00:00Z,83.4,ugm3
5404,Pusa,28.639645,77.146263,Central,IMD,archive,hourly_readings,pm10,2026-09-16T14:00:00Z,87.5,ugm3
5404,Pusa,28.639645,77.146263,Central,IMD,archive,hourly_readings,pm10,2026-09-16T15:00:00Z,112.0,ugm3
5404,Pusa,28.639645,77.146263,Central,IMD,archive,hourly_readings,pm10,2026-09-16T17:00:00Z,137.0,ugm3
5404,Pusa,28.639645,77.146263,Central,IMD,archive,hourly_readings,pm10,2026-09-16T18:00:00Z,137.0,ugm3
5404,Pusa,28.639645,77.146263,Central,IMD,archive,hourly_readings,pm10,2026-09-16T19:00:00Z,122.0,ugm3
5404,Pusa,28.639645,77.146263,Central,IMD,archive,hourly_readings,pm10,2026-09-16T20:00:00Z,121.0,ugm3
5404,Pusa,28.639645,77.146263,Central,IMD,archive,hourly_readings,pm10,2026-09-16T21:00:00Z,139.0,ugm3
5404,Pusa,28.639645,77.146263,Central,IMD,archive,hourly_readings,pm10,2026-09-16T22:00:00Z,154.0,ugm3
5404,Pusa,28.639645,77.146263,Central,IMD,archive,hourly_readings,pm10,2026-09-16T23:00:00Z,68.8,ugm3
5404,Pusa,28.639645,77.146263,Central,IMD,archive,hourly_readings,pm10,2026-09-17T00:00:00Z,37.6,ugm3
5404,Pusa,28.639645,77.146263,Central,IMD,archive,hourly_readings,pm10,2026-09-17T01:00:00Z,48.9,ugm3
5404,Pusa,28.639645,77.146263,Central,IMD,archive,hourly_readings,pm10,2026-09-17T02:00:00Z,63.5,ugm3
5404,Pusa,28.639645,77.146263,Central,IMD,archive,hourly_readings,pm10,2026-09-17T03:00:00Z,93.6,ugm3
5404,Pusa,28.639645,77.146263,Central,IMD,archive,hourly_readings,pm10,2026-09-17T04:00:00Z,298.0,ugm3
5404,Pusa,28.639645,77.146263,Central,IMD,archive,hourly_readings,pm10,2026-09-17T05:00:00Z,105.0,ugm3
5404,Pusa,28.639645,77.146263,Central,IMD,archive,hourly_readings,pm10,2026-09-17T06:00:00Z,69.0,ugm3
5404,Pusa,28.639645,77.146263,Central,IMD,archive,hourly_readings,pm10,2026-09-17T07:00:00Z,102.0,ugm3
5404,Pusa,28.639645,77.146263,Central,IMD,archive,hourly_readings,pm10,2026-09-17T08:00:00Z,120.0,ugm3
5404,Pusa,28.639645,77.146263,Central,IMD,archive,hourly_readings,pm10,2026-09-17T09:00:00Z,92.0,ugm3
5404,Pusa,28.639645,77.146263,Central,IMD,archive,hourly_readings,pm10,2026-09-17T10:00:00Z,66.5,ugm3
5404,Pusa,28.639645,77.146263,Central,IMD,archive,hourly_readings,pm10,2026-09-17T11:00:00Z,54.0,ugm3
5404,Pusa,28.639645,77.146263,Central,IMD,archive,hourly_readings,pm10,2026-09-17T12:00:00Z,66.1,ugm3
5404,Pusa,28.639645,77.146263,Central,IMD,archive,hourly_readings,pm10,2026-09-17T13:00:00Z,95.9,ugm3
5404,Pusa,28.639645,77.146263,Central,IMD,archive,hourly_readings,pm25,2026-09-16T14:00:00Z,28.8,ugm3
5404,Pusa,28.639645,77.146263,Central,IMD,archive,hourly_readings,pm25,2026-09-16T15:00:00Z,57.8,ugm3
5404,Pusa,28.639645,77.146263,Central,IMD,archive,hourly_readings,pm25,2026-09-16T17:00:00Z,85.7,ugm3
5404,Pusa,28.639645,77.146263,Central,IMD,archive,hourly_readings,pm25,2026-09-16T18:00:00Z,58.8,ugm3
5404,Pusa,28.639645,77.146263,Central,IMD,archive,hourly_readings,pm25,2026-09-16T19:00:00Z,56.7,ugm3
5404,Pusa,28.639645,77.146263,Central,IMD,archive,hourly_readings,pm25,2026-09-16T20:00:00Z,94.8,ugm3
5404,Pusa,28.639645,77.146263,Central,IMD,archive,hourly_readings,pm25,2026-09-16T21:00:00Z,79.8,ugm3
5404,Pusa,28.639645,77.146263,Central,IMD,archive,hourly_readings,pm25,2026-09-16T22:00:00Z,48.8,ugm3
5404,Pusa,28.639645,77.146263,Central,IMD,archive,hourly_readings,pm25,2026-09-16T23:00:00Z,5.9,ugm3
5404,Pusa,28.639645,77.146263,Central,IMD,archive,hourly_readings,pm25,2026-09-17T00:00:00Z,13.3,ugm3
5404,Pusa,28.639645,77.146263,Central,IMD,archive,hourly_readings,pm25,2026-09-17T01:00:00Z,24.6,ugm3
5404,Pusa,28.639645,77.146263,Central,IMD,archive,hourly_readings,pm25,2026-09-17T02:00:00Z,27.6,ugm3
5404,Pusa,28.639645,77.146263,Central,IMD,archive,hourly_readings,pm25,2026-09-17T03:00:00Z,42.1,ugm3
5404,Pusa,28.639645,77.146263,Central,IMD,archive,hourly_readings,pm25,2026-09-17T04:00:00Z,77.4,ugm3
5404,Pusa,28.639645,77.146263,Central,IMD,archive,hourly_readings,pm25,2026-09-17T05:00:00Z,34.3,ugm3
5404,Pusa,28.639645,77.146263,Central,IMD,archive,hourly_readings,pm25,2026-09-17T06:00:00Z,51.7,ugm3
5404,Pusa,28.639645,77.146263,Central,IMD,archive,hourly_readings,pm25,2026-09-17T07:00:00Z,79.2,ugm3
5404,Pusa,28.639645,77.146263,Central,IMD,archive,hourly_readings,pm25,2026-09-17T08:00:00Z,79.3,ugm3
5404,Pusa,28.639645,77.146263,Central,IMD,archive,hourly_readings,pm25,2026-09-17T09:00:00Z,55.3,ugm3
5404,Pusa,28.639645,77.146263,Central,IMD,archive,hourly_readings,pm25,2026-09-17T10:00:00Z,38.6,ugm3
5404,Pusa,28.639645,77.146263,Central,IMD,archive,hourly_readings,pm25,2026-09-17T11:00:00Z,35.1,ugm3
5404,Pusa,28.639645,77.146263,Central,IMD,archive,hourly_readings,pm25,2026-09-17T12:00:00Z,42.2,ugm3
5404,Pusa,28.639645,77.146263,Central,IMD,archive,hourly_readings,pm25,2026-09-17T13:00:00Z,44.2,ugm3
5541,Burari Crossing,28.72565,77.201157,North,IMD,archive,hourly_readings,no2,2026-09-16T14:00:00Z,87.1,ugm3
5541,Burari Crossing,28.72565,77.201157,North,IMD,archive,hourly_readings,no2,2026-09-16T15:00:00Z,68.9,ugm3
5541,Burari Crossing,28.72565,77.201157,North,IMD,archive,hourly_readings,no2,2026-09-16T17:00:00Z,149.0,ugm3
5541,Burari Crossing,28.72565,77.201157,North,IMD,archive,hourly_readings,no2,2026-09-16T18:00:00Z,92.2,ugm3
5541,Burari Crossing,28.72565,77.201157,North,IMD,archive,hourly_readings,no2,2026-09-16T19:00:00Z,63.7,ugm3
5541,Burari Crossing,28.72565,77.201157,North,IMD,archive,hourly_readings,no2,2026-09-16T20:00:00Z,47.3,ugm3
5541,Burari Crossing,28.72565,77.201157,North,IMD,archive,hourly_readings,no2,2026-09-16T21:00:00Z,39.2,ugm3
5541,Burari Crossing,28.72565,77.201157,North,IMD,archive,hourly_readings,no2,2026-09-16T22:00:00Z,27.5,ugm3
5541,Burari Crossing,28.72565,77.201157,North,IMD,archive,hourly_readings,no2,2026-09-16T23:00:00Z,32.4,ugm3
5541,Burari Crossing,28.72565,77.201157,North,IMD,archive,hourly_readings,no2,2026-09-17T00:00:00Z,110.0,ugm3
5541,Burari Crossing,28.72565,77.201157,North,IMD,archive,hourly_readings,no2,2026-09-17T01:00:00Z,58.7,ugm3
5541,Burari Crossing,28.72565,77.201157,North,IMD,archive,hourly_readings,no2,2026-09-17T02:00:00Z,61.2,ugm3
5541,Burari Crossing,28.72565,77.201157,North,IMD,archive,hourly_readings,no2,2026-09-17T03:00:00Z,83.3,ugm3
5541,Burari Crossing,28.72565,77.201157,North,IMD,archive,hourly_readings,no2,2026-09-17T04:00:00Z,147.0,ugm3
5541,Burari Crossing,28.72565,77.201157,North,IMD,archive,hourly_readings,no2,2026-09-17T05:00:00Z,163.0,ugm3
5541,Burari Crossing,28.72565,77.201157,North,IMD,archive,hourly_readings,no2,2026-09-17T06:00:00Z,129.0,ugm3
5541,Burari Crossing,28.72565,77.201157,North,IMD,archive,hourly_readings,no2,2026-09-17T07:00:00Z,101.0,ugm3
5541,Burari Crossing,28.72565,77.201157,North,IMD,archive,hourly_readings,no2,2026-09-17T08:00:00Z,88.3,ugm3
5541,Burari Crossing,28.72565,77.201157,North,IMD,archive,hourly_readings,no2,2026-09-17T09:00:00Z,94.0,ugm3
5541,Burari Crossing,28.72565,77.201157,North,IMD,archive,hourly_readings,no2,2026-09-17T10:00:00Z,104.0,ugm3
5541,Burari Crossing,28.72565,77.201157,North,IMD,archive,hourly_readings,no2,2026-09-17T11:00:00Z,55.8,ugm3
5541,Burari Crossing,28.72565,77.201157,North,IMD,archive,hourly_readings,no2,2026-09-17T12:00:00Z,84.0,ugm3
5541,Burari Crossing,28.72565,77.201157,North,IMD,archive,hourly_readings,no2,2026-09-17T13:00:00Z,90.7,ugm3
5541,Burari Crossing,28.72565,77.201157,North,IMD,archive,hourly_readings,o3,2026-09-16T14:00:00Z,36.0,ugm3
5541,Burari Crossing,28.72565,77.201157,North,IMD,archive,hourly_readings,o3,2026-09-16T15:00:00Z,41.3,ugm3
5541,Burari Crossing,28.72565,77.201157,North,IMD,archive,hourly_readings,o3,2026-09-16T17:00:00Z,32.0,ugm3
5541,Burari Crossing,28.72565,77.201157,North,IMD,archive,hourly_readings,o3,2026-09-16T18:00:00Z,32.2,ugm3
5541,Burari Crossing,28.72565,77.201157,North,IMD,archive,hourly_readings,o3,2026-09-16T19:00:00Z,34.6,ugm3
5541,Burari Crossing,28.72565,77.201157,North,IMD,archive,hourly_readings,o3,2026-09-16T20:00:00Z,28.5,ugm3
5541,Burari Crossing,28.72565,77.201157,North,IMD,archive,hourly_readings,o3,2026-09-16T21:00:00Z,24.7,ugm3
5541,Burari Crossing,28.72565,77.201157,North,IMD,archive,hourly_readings,o3,2026-09-16T22:00:00Z,92.5,ugm3
5541,Burari Crossing,28.72565,77.201157,North,IMD,archive,hourly_readings,o3,2026-09-16T23:00:00Z,109.0,ugm3
5541,Burari Crossing,28.72565,77.201157,North,IMD,archive,hourly_readings,o3,2026-09-17T00:00:00Z,73.6,ugm3
5541,Burari Crossing,28.72565,77.201157,North,IMD,archive,hourly_readings,o3,2026-09-17T01:00:00Z,77.2,ugm3
5541,Burari Crossing,28.72565,77.201157,North,IMD,archive,hourly_readings,o3,2026-09-17T02:00:00Z,81.1,ugm3
5541,Burari Crossing,28.72565,77.201157,North,IMD,archive,hourly_readings,o3,2026-09-17T03:00:00Z,82.4,ugm3
5541,Burari Crossing,28.72565,77.201157,North,IMD,archive,hourly_readings,o3,2026-09-17T04:00:00Z,89.1,ugm3
5541,Burari Crossing,28.72565,77.201157,North,IMD,archive,hourly_readings,o3,2026-09-17T05:00:00Z,87.6,ugm3
5541,Burari Crossing,28.72565,77.201157,North,IMD,archive,hourly_readings,o3,2026-09-17T06:00:00Z,92.3,ugm3
5541,Burari Crossing,28.72565,77.201157,North,IMD,archive,hourly_readings,o3,2026-09-17T07:00:00Z,99.0,ugm3
5541,Burari Crossing,28.72565,77.201157,North,IMD,archive,hourly_readings,o3,2026-09-17T08:00:00Z,110.0,ugm3
5541,Burari Crossing,28.72565,77.201157,North,IMD,archive,hourly_readings,o3,2026-09-17T09:00:00Z,118.0,ugm3
5541,Burari Crossing,28.72565,77.201157,North,IMD,archive,hourly_readings,o3,2026-09-17T10:00:00Z,112.0,ugm3
5541,Burari Crossing,28.72565,77.201157,North,IMD,archive,hourly_readings,o3,2026-09-17T11:00:00Z,152.0,ugm3
5541,Burari Crossing,28.72565,77.201157,North,IMD,archive,hourly_readings,o3,2026-09-17T12:00:00Z,123.0,ugm3
5541,Burari Crossing,28.72565,77.201157,North,IMD,archive,hourly_readings,o3,2026-09-17T13:00:00Z,101.0,ugm3
5541,Burari Crossing,28.72565,77.201157,North,IMD,archive,hourly_readings,pm10,2026-09-16T14:00:00Z,126.0,ugm3
5541,Burari Crossing,28.72565,77.201157,North,IMD,archive,hourly_readings,pm10,2026-09-16T15:00:00Z,133.0,ugm3
5541,Burari Crossing,28.72565,77.201157,North,IMD,archive,hourly_readings,pm10,2026-09-16T17:00:00Z,151.0,ugm3
5541,Burari Crossing,28.72565,77.201157,North,IMD,archive,hourly_readings,pm10,2026-09-16T18:00:00Z,156.0,ugm3
5541,Burari Crossing,28.72565,77.201157,North,IMD,archive,hourly_readings,pm10,2026-09-16T19:00:00Z,118.0,ugm3
5541,Burari Crossing,28.72565,77.201157,North,IMD,archive,hourly_readings,pm10,2026-09-16T20:00:00Z,132.0,ugm3
5541,Burari Crossing,28.72565,77.201157,North,IMD,archive,hourly_readings,pm10,2026-09-16T21:00:00Z,154.0,ugm3
5541,Burari Crossing,28.72565,77.201157,North,IMD,archive,hourly_readings,pm10,2026-09-16T22:00:00Z,253.0,ugm3
5541,Burari Crossing,28.72565,77.201157,North,IMD,archive,hourly_readings,pm10,2026-09-16T23:00:00Z,101.0,ugm3
5541,Burari Crossing,28.72565,77.201157,North,IMD,archive,hourly_readings,pm10,2026-09-17T00:00:00Z,42.4,ugm3
5541,Burari Crossing,28.72565,77.201157,North,IMD,archive,hourly_readings,pm10,2026-09-17T01:00:00Z,33.7,ugm3
5541,Burari Crossing,28.72565,77.201157,North,IMD,archive,hourly_readings,pm10,2026-09-17T02:00:00Z,42.0,ugm3
5541,Burari Crossing,28.72565,77.201157,North,IMD,archive,hourly_readings,pm10,2026-09-17T03:00:00Z,55.8,ugm3
5541,Burari Crossing,28.72565,77.201157,North,IMD,archive,hourly_readings,pm10,2026-09-17T04:00:00Z,101.0,ugm3
5541,Burari Crossing,28.72565,77.201157,North,IMD,archive,hourly_readings,pm10,2026-09-17T05:00:00Z,62.5,ugm3
5541,Burari Crossing,28.72565,77.201157,North,IMD,archive,hourly_readings,pm10,2026-09-17T06:00:00Z,70.9,ugm3
5541,Burari Crossing,28.72565,77.201157,North,IMD,archive,hourly_readings,pm10,2026-09-17T07:00:00Z,72.7,ugm3
5541,Burari Crossing,28.72565,77.201157,North,IMD,archive,hourly_readings,pm10,2026-09-17T08:00:00Z,69.0,ugm3
5541,Burari Crossing,28.72565,77.201157,North,IMD,archive,hourly_readings,pm10,2026-09-17T09:00:00Z,66.7,ugm3
5541,Burari Crossing,28.72565,77.201157,North,IMD,archive,hourly_readings,pm10,2026-09-17T10:00:00Z,75.9,ugm3
5541,Burari Crossing,28.72565,77.201157,North,IMD,archive,hourly_readings,pm10,2026-09-17T11:00:00Z,75.8,ugm3
5541,Burari Crossing,28.72565,77.201157,North,IMD,archive,hourly_readings,pm10,2026-09-17T12:00:00Z,104.0,ugm3
5541,Burari Crossing,28.72565,77.201157,North,IMD,archive,hourly_readings,pm10,2026-09-17T13:00:00Z,112.0,ugm3
5541,Burari Crossing,28.72565,77.201157,North,IMD,archive,hourly_readings,pm25,2026-09-16T14:00:00Z,64.3,ugm3
5541,Burari Crossing,28.72565,77.201157,North,IMD,archive,hourly_readings,pm25,2026-09-16T15:00:00Z,70.6,ugm3
5541,Burari Crossing,28.72565,77.201157,North,IMD,archive,hourly_readings,pm25,2026-09-16T17:00:00Z,70.2,ugm3
5541,Burari Crossing,28.72565,77.201157,North,IMD,archive,hourly_readings,pm25,2026-09-16T18:00:00Z,78.5,ugm3
5541,Burari Crossing,28.72565,77.201157,North,IMD,archive,hourly_readings,pm25,2026-09-16T19:00:00Z,55.1,ugm3
5541,Burari Crossing,28.72565,77.201157,North,IMD,archive,hourly_readings,pm25,2026-09-16T20:00:00Z,59.4,ugm3
5541,Burari Crossing,28.72565,77.201157,North,IMD,archive,hourly_readings,pm25,2026-09-16T21:00:00Z,99.6,ugm3
5541,Burari Crossing,28.72565,77.201157,North,IMD,archive,hourly_readings,pm25,2026-09-16T22:00:00Z,69.4,ugm3
5541,Burari Crossing,28.72565,77.201157,North,IMD,archive,hourly_readings,pm25,2026-09-16T23:00:00Z,31.9,ugm3
5541,Burari Crossing,28.72565,77.201157,North,IMD,archive,hourly_readings,pm25,2026-09-17T00:00:00Z,28.5,ugm3
5541,Burari Crossing,28.72565,77.201157,North,IMD,archive,hourly_readings,pm25,2026-09-17T01:00:00Z,16.6,ugm3
5541,Burari Crossing,28.72565,77.201157,North,IMD,archive,hourly_readings,pm25,2026-09-17T02:00:00Z,18.5,ugm3
5541,Burari Crossing,28.72565,77.201157,North,IMD,archive,hourly_readings,pm25,2026-09-17T03:00:00Z,21.7,ugm3
5541,Burari Crossing,28.72565,77.201157,North,IMD,archive,hourly_readings,pm25,2026-09-17T04:00:00Z,36.0,ugm3
5541,Burari Crossing,28.72565,77.201157,North,IMD,archive,hourly_readings,pm25,2026-09-17T05:00:00Z,21.5,ugm3
5541,Burari Crossing,28.72565,77.201157,North,IMD,archive,hourly_readings,pm25,2026-09-17T06:00:00Z,33.6,ugm3
5541,Burari Crossing,28.72565,77.201157,North,IMD,archive,hourly_readings,pm25,2026-09-17T07:00:00Z,34.4,ugm3
5541,Burari Crossing,28.72565,77.201157,North,IMD,archive,hourly_readings,pm25,2026-09-17T08:00:00Z,36.4,ugm3
5541,Burari Crossing,28.72565,77.201157,North,IMD,archive,hourly_readings,pm25,2026-09-17T09:00:00Z,28.5,ugm3
5541,Burari Crossing,28.72565,77.201157,North,IMD,archive,hourly_readings,pm25,2026-09-17T10:00:00Z,35.1,ugm3
5541,Burari Crossing,28.72565,77.201157,North,IMD,archive,hourly_readings,pm25,2026-09-17T11:00:00Z,39.8,ugm3
5541,Burari Crossing,28.72565,77.201157,North,IMD,archive,hourly_readings,pm25,2026-09-17T12:00:00Z,45.3,ugm3
5541,Burari Crossing,28.72565,77.201157,North,IMD,archive,hourly_readings,pm25,2026-09-17T13:00:00Z,51.7,ugm3
5570,Aya Nagar,28.474261,77.131606,South,IMD,archive,hourly_readings,no2,2026-09-16T14:00:00Z,16.0,ugm3
5570,Aya Nagar,28.474261,77.131606,South,IMD,archive,hourly_readings,no2,2026-09-16T15:00:00Z,14.0,ugm3
5570,Aya Nagar,28.474261,77.131606,South,IMD,archive,hourly_readings,no2,2026-09-16T17:00:00Z,8.8,ugm3
5570,Aya Nagar,28.474261,77.131606,South,IMD,archive,hourly_readings,no2,2026-09-16T18:00:00Z,8.7,ugm3
5570,Aya Nagar,28.474261,77.131606,South,IMD,archive,hourly_readings,no2,2026-09-16T19:00:00Z,7.5,ugm3
5570,Aya Nagar,28.474261,77.131606,South,IMD,archive,hourly_readings,no2,2026-09-16T20:00:00Z,7.2,ugm3
5570,Aya Nagar,28.474261,77.131606,South,IMD,archive,hourly_readings,no2,2026-09-16T21:00:00Z,7.7,ugm3
5570,Aya Nagar,28.474261,77.131606,South,IMD,archive,hourly_readings,no2,2026-09-16T22:00:00Z,9.3,ugm3
5570,Aya Nagar,28.474261,77.131606,South,IMD,archive,hourly_readings,no2,2026-09-16T23:00:00Z,13.9,ugm3
5570,Aya Nagar,28.474261,77.131606,South,IMD,archive,hourly_readings,no2,2026-09-17T00:00:00Z,13.2,ugm3
5570,Aya Nagar,28.474261,77.131606,South,IMD,archive,hourly_readings,no2,2026-09-17T01:00:00Z,15.0,ugm3
5570,Aya Nagar,28.474261,77.131606,South,IMD,archive,hourly_readings,no2,2026-09-17T02:00:00Z,16.7,ugm3
5570,Aya Nagar,28.474261,77.131606,South,IMD,archive,hourly_readings,no2,2026-09-17T03:00:00Z,17.5,ugm3
5570,Aya Nagar,28.474261,77.131606,South,IMD,archive,hourly_readings,no2,2026-09-17T04:00:00Z,19.0,ugm3
5570,Aya Nagar,28.474261,77.131606,South,IMD,archive,hourly_readings,no2,2026-09-17T05:00:00Z,20.3,ugm3
5570,Aya Nagar,28.474261,77.131606,South,IMD,archive,hourly_readings,no2,2026-09-17T06:00:00Z,21.9,ugm3
5570,Aya Nagar,28.474261,77.131606,South,IMD,archive,hourly_readings,no2,2026-09-17T07:00:00Z,22.3,ugm3
5570,Aya Nagar,28.474261,77.131606,South,IMD,archive,hourly_readings,no2,2026-09-17T08:00:00Z,22.3,ugm3
5570,Aya Nagar,28.474261,77.131606,South,IMD,archive,hourly_readings,no2,2026-09-17T09:00:00Z,22.2,ugm3
5570,Aya Nagar,28.474261,77.131606,South,IMD,archive,hourly_readings,no2,2026-09-17T10:00:00Z,21.2,ugm3
5570,Aya Nagar,28.474261,77.131606,South,IMD,archive,hourly_readings,no2,2026-09-17T11:00:00Z,20.3,ugm3
5570,Aya Nagar,28.474261,77.131606,South,IMD,archive,hourly_readings,no2,2026-09-17T12:00:00Z,19.1,ugm3
5570,Aya Nagar,28.474261,77.131606,South,IMD,archive,hourly_readings,no2,2026-09-17T13:00:00Z,19.5,ugm3
5570,Aya Nagar,28.474261,77.131606,South,IMD,archive,hourly_readings,o3,2026-09-16T14:00:00Z,3.0,ugm3
5570,Aya Nagar,28.474261,77.131606,South,IMD,archive,hourly_readings,o3,2026-09-16T15:00:00Z,4.2,ugm3
5570,Aya Nagar,28.474261,77.131606,South,IMD,archive,hourly_readings,o3,2026-09-16T17:00:00Z,4.7,ugm3
5570,Aya Nagar,28.474261,77.131606,South,IMD,archive,hourly_readings,o3,2026-09-16T18:00:00Z,6.7,ugm3
5570,Aya Nagar,28.474261,77.131606,South,IMD,archive,hourly_readings,o3,2026-09-16T19:00:00Z,10.9,ugm3
5570,Aya Nagar,28.474261,77.131606,South,IMD,archive,hourly_readings,o3,2026-09-16T20:00:00Z,12.7,ugm3
5570,Aya Nagar,28.474261,77.131606,South,IMD,archive,hourly_readings,o3,2026-09-16T21:00:00Z,21.0,ugm3
5570,Aya Nagar,28.474261,77.131606,South,IMD,archive,hourly_readings,o3,2026-09-16T22:00:00Z,45.3,ugm3
5570,Aya Nagar,28.474261,77.131606,South,IMD,archive,hourly_readings,o3,2026-09-16T23:00:00Z,47.5,ugm3
5570,Aya Nagar,28.474261,77.131606,South,IMD,archive,hourly_readings,o3,2026-09-17T00:00:00Z,43.9,ugm3
5570,Aya Nagar,28.474261,77.131606,South,IMD,archive,hourly_readings,o3,2026-09-17T01:00:00Z,38.6,ugm3
5570,Aya Nagar,28.474261,77.131606,South,IMD,archive,hourly_readings,o3,2026-09-17T02:00:00Z,41.1,ugm3
5570,Aya Nagar,28.474261,77.131606,South,IMD,archive,hourly_readings,o3,2026-09-17T03:00:00Z,57.7,ugm3
5570,Aya Nagar,28.474261,77.131606,South,IMD,archive,hourly_readings,o3,2026-09-17T04:00:00Z,64.0,ugm3
5570,Aya Nagar,28.474261,77.131606,South,IMD,archive,hourly_readings,o3,2026-09-17T05:00:00Z,69.8,ugm3
5570,Aya Nagar,28.474261,77.131606,South,IMD,archive,hourly_readings,o3,2026-09-17T06:00:00Z,83.0,ugm3
5570,Aya Nagar,28.474261,77.131606,South,IMD,archive,hourly_readings,o3,2026-09-17T07:00:00Z,93.4,ugm3
5570,Aya Nagar,28.474261,77.131606,South,IMD,archive,hourly_readings,o3,2026-09-17T08:00:00Z,98.4,ugm3
5570,Aya Nagar,28.474261,77.131606,South,IMD,archive,hourly_readings,o3,2026-09-17T09:00:00Z,96.0,ugm3
5570,Aya Nagar,28.474261,77.131606,South,IMD,archive,hourly_readings,o3,2026-09-17T10:00:00Z,74.5,ugm3
5570,Aya Nagar,28.474261,77.131606,South,IMD,archive,hourly_readings,o3,2026-09-17T11:00:00Z,47.0,ugm3
5570,Aya Nagar,28.474261,77.131606,South,IMD,archive,hourly_readings,o3,2026-09-17T12:00:00Z,48.4,ugm3
5570,Aya Nagar,28.474261,77.131606,South,IMD,archive,hourly_readings,o3,2026-09-17T13:00:00Z,37.5,ugm3
5570,Aya Nagar,28.474261,77.131606,South,IMD,archive,hourly_readings,pm10,2026-09-16T14:00:00Z,93.6,ugm3
5570,Aya Nagar,28.474261,77.131606,South,IMD,archive,hourly_readings,pm10,2026-09-16T15:00:00Z,117.0,ugm3
5570,Aya Nagar,28.474261,77.131606,South,IMD,archive,hourly_readings,pm10,2026-09-16T17:00:00Z,125.0,ugm3
5570,Aya Nagar,28.474261,77.131606,South,IMD,archive,hourly_readings,pm10,2026-09-16T18:00:00Z,136.0,ugm3
5570,Aya Nagar,28.474261,77.131606,South,IMD,archive,hourly_readings,pm10,2026-09-16T19:00:00Z,132.0,ugm3
5570,Aya Nagar,28.474261,77.131606,South,IMD,archive,hourly_readings,pm10,2026-09-16T20:00:00Z,117.0,ugm3
5570,Aya Nagar,28.474261,77.131606,South,IMD,archive,hourly_readings,pm10,2026-09-16T21:00:00Z,96.5,ugm3
5570,Aya Nagar,28.474261,77.131606,South,IMD,archive,hourly_readings,pm10,2026-09-16T22:00:00Z,83.4,ugm3
5570,Aya Nagar,28.474261,77.131606,South,IMD,archive,hourly_readings,pm10,2026-09-16T23:00:00Z,82.5,ugm3
5570,Aya Nagar,28.474261,77.131606,South,IMD,archive,hourly_readings,pm10,2026-09-17T00:00:00Z,29.6,ugm3
5570,Aya Nagar,28.474261,77.131606,South,IMD,archive,hourly_readings,pm10,2026-09-17T01:00:00Z,29.8,ugm3
5570,Aya Nagar,28.474261,77.131606,South,IMD,archive,hourly_readings,pm10,2026-09-17T02:00:00Z,47.6,ugm3
5570,Aya Nagar,28.474261,77.131606,South,IMD,archive,hourly_readings,pm10,2026-09-17T03:00:00Z,63.7,ugm3
5570,Aya Nagar,28.474261,77.131606,South,IMD,archive,hourly_readings,pm10,2026-09-17T04:00:00Z,104.0,ugm3
5570,Aya Nagar,28.474261,77.131606,South,IMD,archive,hourly_readings,pm10,2026-09-17T05:00:00Z,130.0,ugm3
5570,Aya Nagar,28.474261,77.131606,South,IMD,archive,hourly_readings,pm10,2026-09-17T06:00:00Z,108.0,ugm3
5570,Aya Nagar,28.474261,77.131606,South,IMD,archive,hourly_readings,pm10,2026-09-17T07:00:00Z,128.0,ugm3
5570,Aya Nagar,28.474261,77.131606,South,IMD,archive,hourly_readings,pm10,2026-09-17T08:00:00Z,121.0,ugm3
5570,Aya Nagar,28.474261,77.131606,South,IMD,archive,hourly_readings,pm10,2026-09-17T09:00:00Z,113.0,ugm3
5570,Aya Nagar,28.474261,77.131606,South,IMD,archive,hourly_readings,pm10,2026-09-17T10:00:00Z,101.0,ugm3
5570,Aya Nagar,28.474261,77.131606,South,IMD,archive,hourly_readings,pm10,2026-09-17T11:00:00Z,104.0,ugm3
5570,Aya Nagar,28.474261,77.131606,South,IMD,archive,hourly_readings,pm10,2026-09-17T12:00:00Z,39.8,ugm3
5570,Aya Nagar,28.474261,77.131606,South,IMD,archive,hourly_readings,pm10,2026-09-17T13:00:00Z,46.7,ugm3
5570,Aya Nagar,28.474261,77.131606,South,IMD,archive,hourly_readings,pm25,2026-09-16T14:00:00Z,36.0,ugm3
5570,Aya Nagar,28.474261,77.131606,South,IMD,archive,hourly_readings,pm25,2026-09-16T15:00:00Z,53.4,ugm3
5570,Aya Nagar,28.474261,77.131606,South,IMD,archive,hourly_readings,pm25,2026-09-16T17:00:00Z,64.8,ugm3
5570,Aya Nagar,28.474261,77.131606,South,IMD,archive,hourly_readings,pm25,2026-09-16T18:00:00Z,62.6,ugm3
5570,Aya Nagar,28.474261,77.131606,South,IMD,archive,hourly_readings,pm25,2026-09-16T19:00:00Z,47.3,ugm3
5570,Aya Nagar,28.474261,77.131606,South,IMD,archive,hourly_readings,pm25,2026-09-16T20:00:00Z,49.5,ugm3
5570,Aya Nagar,28.474261,77.131606,South,IMD,archive,hourly_readings,pm25,2026-09-16T21:00:00Z,31.1,ugm3
5570,Aya Nagar,28.474261,77.131606,South,IMD,archive,hourly_readings,pm25,2026-09-16T22:00:00Z,31.0,ugm3
5570,Aya Nagar,28.474261,77.131606,South,IMD,archive,hourly_readings,pm25,2026-09-16T23:00:00Z,15.7,ugm3
5570,Aya Nagar,28.474261,77.131606,South,IMD,archive,hourly_readings,pm25,2026-09-17T00:00:00Z,12.9,ugm3
5570,Aya Nagar,28.474261,77.131606,South,IMD,archive,hourly_readings,pm25,2026-09-17T01:00:00Z,20.1,ugm3
5570,Aya Nagar,28.474261,77.131606,South,IMD,archive,hourly_readings,pm25,2026-09-17T02:00:00Z,9.5,ugm3
5570,Aya Nagar,28.474261,77.131606,South,IMD,archive,hourly_readings,pm25,2026-09-17T03:00:00Z,20.1,ugm3
5570,Aya Nagar,28.474261,77.131606,South,IMD,archive,hourly_readings,pm25,2026-09-17T04:00:00Z,46.4,ugm3
5570,Aya Nagar,28.474261,77.131606,South,IMD,archive,hourly_readings,pm25,2026-09-17T05:00:00Z,50.5,ugm3
5570,Aya Nagar,28.474261,77.131606,South,IMD,archive,hourly_readings,pm25,2026-09-17T06:00:00Z,48.4,ugm3
5570,Aya Nagar,28.474261,77.131606,South,IMD,archive,hourly_readings,pm25,2026-09-17T07:00:00Z,54.0,ugm3
5570,Aya Nagar,28.474261,77.131606,South,IMD,archive,hourly_readings,pm25,2026-09-17T08:00:00Z,57.1,ugm3
5570,Aya Nagar,28.474261,77.131606,South,IMD,archive,hourly_readings,pm25,2026-09-17T09:00:00Z,48.2,ugm3
5570,Aya Nagar,28.474261,77.131606,South,IMD,archive,hourly_readings,pm25,2026-09-17T10:00:00Z,80.2,ugm3
5570,Aya Nagar,28.474261,77.131606,South,IMD,archive,hourly_readings,pm25,2026-09-17T11:00:00Z,77.8,ugm3
5570,Aya Nagar,28.474261,77.131606,South,IMD,archive,hourly_readings,pm25,2026-09-17T12:00:00Z,34.5,ugm3
5570,Aya Nagar,28.474261,77.131606,South,IMD,archive,hourly_readings,pm25,2026-09-17T13:00:00Z,38.8,ugm3
5586,Sirifort,28.550425,77.215938,South,CPCB,archive,hourly_readings,no2,2026-09-16T14:00:00Z,29.6,ugm3
5586,Sirifort,28.550425,77.215938,South,CPCB,archive,hourly_readings,no2,2026-09-16T15:00:00Z,29.8,ugm3
5586,Sirifort,28.550425,77.215938,South,CPCB,archive,hourly_readings,no2,2026-09-16T17:00:00Z,28.0,ugm3
5586,Sirifort,28.550425,77.215938,South,CPCB,archive,hourly_readings,no2,2026-09-16T18:00:00Z,27.7,ugm3
5586,Sirifort,28.550425,77.215938,South,CPCB,archive,hourly_readings,no2,2026-09-16T19:00:00Z,27.1,ugm3
5586,Sirifort,28.550425,77.215938,South,CPCB,archive,hourly_readings,no2,2026-09-16T20:00:00Z,26.7,ugm3
5586,Sirifort,28.550425,77.215938,South,CPCB,archive,hourly_readings,no2,2026-09-16T21:00:00Z,26.2,ugm3
5586,Sirifort,28.550425,77.215938,South,CPCB,archive,hourly_readings,no2,2026-09-16T22:00:00Z,25.7,ugm3
5586,Sirifort,28.550425,77.215938,South,CPCB,archive,hourly_readings,no2,2026-09-16T23:00:00Z,25.2,ugm3
5586,Sirifort,28.550425,77.215938,South,CPCB,archive,hourly_readings,no2,2026-09-17T00:00:00Z,25.8,ugm3
5586,Sirifort,28.550425,77.215938,South,CPCB,archive,hourly_readings,no2,2026-09-17T01:00:00Z,26.0,ugm3
5586,Sirifort,28.550425,77.215938,South,CPCB,archive,hourly_readings,no2,2026-09-17T02:00:00Z,25.8,ugm3
5586,Sirifort,28.550425,77.215938,South,CPCB,archive,hourly_readings,no2,2026-09-17T03:00:00Z,25.9,ugm3
5586,Sirifort,28.550425,77.215938,South,CPCB,archive,hourly_readings,no2,2026-09-17T04:00:00Z,26.0,ugm3
5586,Sirifort,28.550425,77.215938,South,CPCB,archive,hourly_readings,no2,2026-09-17T05:00:00Z,25.5,ugm3
5586,Sirifort,28.550425,77.215938,South,CPCB,archive,hourly_readings,no2,2026-09-17T06:00:00Z,25.0,ugm3
5586,Sirifort,28.550425,77.215938,South,CPCB,archive,hourly_readings,no2,2026-09-17T07:00:00Z,25.3,ugm3
5586,Sirifort,28.550425,77.215938,South,CPCB,archive,hourly_readings,no2,2026-09-17T08:00:00Z,25.6,ugm3
5586,Sirifort,28.550425,77.215938,South,CPCB,archive,hourly_readings,no2,2026-09-17T09:00:00Z,24.0,ugm3
5586,Sirifort,28.550425,77.215938,South,CPCB,archive,hourly_readings,no2,2026-09-17T10:00:00Z,23.8,ugm3
5586,Sirifort,28.550425,77.215938,South,CPCB,archive,hourly_readings,no2,2026-09-17T11:00:00Z,24.8,ugm3
5586,Sirifort,28.550425,77.215938,South,CPCB,archive,hourly_readings,no2,2026-09-17T12:00:00Z,26.0,ugm3
5586,Sirifort,28.550425,77.215938,South,CPCB,archive,hourly_readings,no2,2026-09-17T13:00:00Z,26.7,ugm3
5586,Sirifort,28.550425,77.215938,South,CPCB,archive,hourly_readings,o3,2026-09-16T14:00:00Z,12.0,ugm3
5586,Sirifort,28.550425,77.215938,South,CPCB,archive,hourly_readings,o3,2026-09-16T15:00:00Z,14.2,ugm3
5586,Sirifort,28.550425,77.215938,South,CPCB,archive,hourly_readings,o3,2026-09-16T17:00:00Z,19.9,ugm3
5586,Sirifort,28.550425,77.215938,South,CPCB,archive,hourly_readings,o3,2026-09-16T18:00:00Z,21.4,ugm3
5586,Sirifort,28.550425,77.215938,South,CPCB,archive,hourly_readings,o3,2026-09-16T19:00:00Z,21.0,ugm3
5586,Sirifort,28.550425,77.215938,South,CPCB,archive,hourly_readings,o3,2026-09-16T20:00:00Z,19.0,ugm3
5586,Sirifort,28.550425,77.215938,South,CPCB,archive,hourly_readings,o3,2026-09-16T21:00:00Z,18.7,ugm3
5586,Sirifort,28.550425,77.215938,South,CPCB,archive,hourly_readings,o3,2026-09-16T22:00:00Z,16.9,ugm3
5586,Sirifort,28.550425,77.215938,South,CPCB,archive,hourly_readings,o3,2026-09-16T23:00:00Z,15.5,ugm3
5586,Sirifort,28.550425,77.215938,South,CPCB,archive,hourly_readings,o3,2026-09-17T00:00:00Z,15.5,ugm3
5586,Sirifort,28.550425,77.215938,South,CPCB,archive,hourly_readings,o3,2026-09-17T01:00:00Z,15.8,ugm3
5586,Sirifort,28.550425,77.215938,South,CPCB,archive,hourly_readings,o3,2026-09-17T02:00:00Z,16.8,ugm3
5586,Sirifort,28.550425,77.215938,South,CPCB,archive,hourly_readings,o3,2026-09-17T03:00:00Z,16.8,ugm3
5586,Sirifort,28.550425,77.215938,South,CPCB,archive,hourly_readings,o3,2026-09-17T04:00:00Z,16.7,ugm3
5586,Sirifort,28.550425,77.215938,South,CPCB,archive,hourly_readings,o3,2026-09-17T05:00:00Z,15.7,ugm3
5586,Sirifort,28.550425,77.215938,South,CPCB,archive,hourly_readings,o3,2026-09-17T06:00:00Z,15.8,ugm3
5586,Sirifort,28.550425,77.215938,South,CPCB,archive,hourly_readings,o3,2026-09-17T07:00:00Z,17.0,ugm3
5586,Sirifort,28.550425,77.215938,South,CPCB,archive,hourly_readings,o3,2026-09-17T08:00:00Z,18.9,ugm3
5586,Sirifort,28.550425,77.215938,South,CPCB,archive,hourly_readings,o3,2026-09-17T09:00:00Z,18.7,ugm3
5586,Sirifort,28.550425,77.215938,South,CPCB,archive,hourly_readings,o3,2026-09-17T10:00:00Z,18.0,ugm3
5586,Sirifort,28.550425,77.215938,South,CPCB,archive,hourly_readings,o3,2026-09-17T11:00:00Z,15.1,ugm3
5586,Sirifort,28.550425,77.215938,South,CPCB,archive,hourly_readings,o3,2026-09-17T12:00:00Z,13.8,ugm3
5586,Sirifort,28.550425,77.215938,South,CPCB,archive,hourly_readings,o3,2026-09-17T13:00:00Z,14.2,ugm3
5586,Sirifort,28.550425,77.215938,South,CPCB,archive,hourly_readings,pm10,2026-09-16T14:00:00Z,234.0,ugm3
5586,Sirifort,28.550425,77.215938,South,CPCB,archive,hourly_readings,pm10,2026-09-16T15:00:00Z,232.0,ugm3
5586,Sirifort,28.550425,77.215938,South,CPCB,archive,hourly_readings,pm10,2026-09-16T17:00:00Z,200.0,ugm3
5586,Sirifort,28.550425,77.215938,South,CPCB,archive,hourly_readings,pm10,2026-09-16T18:00:00Z,183.0,ugm3
5586,Sirifort,28.550425,77.215938,South,CPCB,archive,hourly_readings,pm10,2026-09-16T19:00:00Z,139.0,ugm3
5586,Sirifort,28.550425,77.215938,South,CPCB,archive,hourly_readings,pm10,2026-09-16T20:00:00Z,133.0,ugm3
5586,Sirifort,28.550425,77.215938,South,CPCB,archive,hourly_readings,pm10,2026-09-16T21:00:00Z,130.0,ugm3
5586,Sirifort,28.550425,77.215938,South,CPCB,archive,hourly_readings,pm10,2026-09-16T22:00:00Z,151.0,ugm3
5586,Sirifort,28.550425,77.215938,South,CPCB,archive,hourly_readings,pm10,2026-09-16T23:00:00Z,192.0,ugm3
5586,Sirifort,28.550425,77.215938,South,CPCB,archive,hourly_readings,pm10,2026-09-17T00:00:00Z,56.6,ugm3
5586,Sirifort,28.550425,77.215938,South,CPCB,archive,hourly_readings,pm10,2026-09-17T01:00:00Z,69.7,ugm3
5586,Sirifort,28.550425,77.215938,South,CPCB,archive,hourly_readings,pm10,2026-09-17T02:00:00Z,111.0,ugm3
5586,Sirifort,28.550425,77.215938,South,CPCB,archive,hourly_readings,pm10,2026-09-17T03:00:00Z,253.0,ugm3
5586,Sirifort,28.550425,77.215938,South,CPCB,archive,hourly_readings,pm10,2026-09-17T04:00:00Z,495.0,ugm3
5586,Sirifort,28.550425,77.215938,South,CPCB,archive,hourly_readings,pm10,2026-09-17T05:00:00Z,132.0,ugm3
5586,Sirifort,28.550425,77.215938,South,CPCB,archive,hourly_readings,pm10,2026-09-17T06:00:00Z,126.0,ugm3
5586,Sirifort,28.550425,77.215938,South,CPCB,archive,hourly_readings,pm10,2026-09-17T07:00:00Z,125.0,ugm3
5586,Sirifort,28.550425,77.215938,South,CPCB,archive,hourly_readings,pm10,2026-09-17T08:00:00Z,153.0,ugm3
5586,Sirifort,28.550425,77.215938,South,CPCB,archive,hourly_readings,pm10,2026-09-17T09:00:00Z,134.0,ugm3
5586,Sirifort,28.550425,77.215938,South,CPCB,archive,hourly_readings,pm10,2026-09-17T10:00:00Z,121.0,ugm3
5586,Sirifort,28.550425,77.215938,South,CPCB,archive,hourly_readings,pm10,2026-09-17T11:00:00Z,152.0,ugm3
5586,Sirifort,28.550425,77.215938,South,CPCB,archive,hourly_readings,pm10,2026-09-17T12:00:00Z,243.0,ugm3
5586,Sirifort,28.550425,77.215938,South,CPCB,archive,hourly_readings,pm10,2026-09-17T13:00:00Z,275.0,ugm3
5586,Sirifort,28.550425,77.215938,South,CPCB,archive,hourly_readings,pm25,2026-09-16T14:00:00Z,54.5,ugm3
5586,Sirifort,28.550425,77.215938,South,CPCB,archive,hourly_readings,pm25,2026-09-16T15:00:00Z,62.5,ugm3
5586,Sirifort,28.550425,77.215938,South,CPCB,archive,hourly_readings,pm25,2026-09-16T17:00:00Z,86.0,ugm3
5586,Sirifort,28.550425,77.215938,South,CPCB,archive,hourly_readings,pm25,2026-09-16T18:00:00Z,82.5,ugm3
5586,Sirifort,28.550425,77.215938,South,CPCB,archive,hourly_readings,pm25,2026-09-16T19:00:00Z,69.5,ugm3
5586,Sirifort,28.550425,77.215938,South,CPCB,archive,hourly_readings,pm25,2026-09-16T20:00:00Z,67.5,ugm3
5586,Sirifort,28.550425,77.215938,South,CPCB,archive,hourly_readings,pm25,2026-09-16T21:00:00Z,65.5,ugm3
5586,Sirifort,28.550425,77.215938,South,CPCB,archive,hourly_readings,pm25,2026-09-16T22:00:00Z,59.3,ugm3
5586,Sirifort,28.550425,77.215938,South,CPCB,archive,hourly_readings,pm25,2026-09-16T23:00:00Z,38.8,ugm3
5586,Sirifort,28.550425,77.215938,South,CPCB,archive,hourly_readings,pm25,2026-09-17T00:00:00Z,24.6,ugm3
5586,Sirifort,28.550425,77.215938,South,CPCB,archive,hourly_readings,pm25,2026-09-17T01:00:00Z,37.9,ugm3
5586,Sirifort,28.550425,77.215938,South,CPCB,archive,hourly_readings,pm25,2026-09-17T02:00:00Z,43.0,ugm3
5586,Sirifort,28.550425,77.215938,South,CPCB,archive,hourly_readings,pm25,2026-09-17T03:00:00Z,50.8,ugm3
5586,Sirifort,28.550425,77.215938,South,CPCB,archive,hourly_readings,pm25,2026-09-17T04:00:00Z,65.1,ugm3
5586,Sirifort,28.550425,77.215938,South,CPCB,archive,hourly_readings,pm25,2026-09-17T05:00:00Z,62.0,ugm3
5586,Sirifort,28.550425,77.215938,South,CPCB,archive,hourly_readings,pm25,2026-09-17T06:00:00Z,59.8,ugm3
5586,Sirifort,28.550425,77.215938,South,CPCB,archive,hourly_readings,pm25,2026-09-17T07:00:00Z,54.8,ugm3
5586,Sirifort,28.550425,77.215938,South,CPCB,archive,hourly_readings,pm25,2026-09-17T08:00:00Z,59.8,ugm3
5586,Sirifort,28.550425,77.215938,South,CPCB,archive,hourly_readings,pm25,2026-09-17T09:00:00Z,58.0,ugm3
5586,Sirifort,28.550425,77.215938,South,CPCB,archive,hourly_readings,pm25,2026-09-17T10:00:00Z,55.9,ugm3
5586,Sirifort,28.550425,77.215938,South,CPCB,archive,hourly_readings,pm25,2026-09-17T11:00:00Z,58.2,ugm3
5586,Sirifort,28.550425,77.215938,South,CPCB,archive,hourly_readings,pm25,2026-09-17T12:00:00Z,51.5,ugm3
5586,Sirifort,28.550425,77.215938,South,CPCB,archive,hourly_readings,pm25,2026-09-17T13:00:00Z,54.8,ugm3
5598,"Sector - 125, Noida",28.544761,77.323126,East,UPPCB,archive,hourly_readings,no2,2026-09-16T14:00:00Z,13.4,ugm3
5598,"Sector - 125, Noida",28.544761,77.323126,East,UPPCB,archive,hourly_readings,no2,2026-09-16T15:00:00Z,13.5,ugm3
5598,"Sector - 125, Noida",28.544761,77.323126,East,UPPCB,archive,hourly_readings,no2,2026-09-16T23:00:00Z,12.6,ugm3
5598,"Sector - 125, Noida",28.544761,77.323126,East,UPPCB,archive,hourly_readings,no2,2026-09-17T00:00:00Z,12.7,ugm3
5598,"Sector - 125, Noida",28.544761,77.323126,East,UPPCB,archive,hourly_readings,no2,2026-09-17T01:00:00Z,12.8,ugm3
5598,"Sector - 125, Noida",28.544761,77.323126,East,UPPCB,archive,hourly_readings,no2,2026-09-17T02:00:00Z,12.9,ugm3
5598,"Sector - 125, Noida",28.544761,77.323126,East,UPPCB,archive,hourly_readings,no2,2026-09-17T03:00:00Z,12.8,ugm3
5598,"Sector - 125, Noida",28.544761,77.323126,East,UPPCB,archive,hourly_readings,no2,2026-09-17T04:00:00Z,12.9,ugm3
5598,"Sector - 125, Noida",28.544761,77.323126,East,UPPCB,archive,hourly_readings,no2,2026-09-17T05:00:00Z,12.7,ugm3
5598,"Sector - 125, Noida",28.544761,77.323126,East,UPPCB,archive,hourly_readings,no2,2026-09-17T06:00:00Z,12.6,ugm3
5598,"Sector - 125, Noida",28.544761,77.323126,East,UPPCB,archive,hourly_readings,no2,2026-09-17T07:00:00Z,12.7,ugm3
5598,"Sector - 125, Noida",28.544761,77.323126,East,UPPCB,archive,hourly_readings,no2,2026-09-17T08:00:00Z,12.5,ugm3
5598,"Sector - 125, Noida",28.544761,77.323126,East,UPPCB,archive,hourly_readings,no2,2026-09-17T09:00:00Z,12.4,ugm3
5598,"Sector - 125, Noida",28.544761,77.323126,East,UPPCB,archive,hourly_readings,no2,2026-09-17T10:00:00Z,12.4,ugm3
5598,"Sector - 125, Noida",28.544761,77.323126,East,UPPCB,archive,hourly_readings,no2,2026-09-17T11:00:00Z,12.5,ugm3
5598,"Sector - 125, Noida",28.544761,77.323126,East,UPPCB,archive,hourly_readings,no2,2026-09-17T12:00:00Z,12.5,ugm3
5598,"Sector - 125, Noida",28.544761,77.323126,East,UPPCB,archive,hourly_readings,no2,2026-09-17T13:00:00Z,12.6,ugm3
5598,"Sector - 125, Noida",28.544761,77.323126,East,UPPCB,archive,hourly_readings,o3,2026-09-16T14:00:00Z,14.9,ugm3
5598,"Sector - 125, Noida",28.544761,77.323126,East,UPPCB,archive,hourly_readings,o3,2026-09-16T15:00:00Z,13.1,ugm3
5598,"Sector - 125, Noida",28.544761,77.323126,East,UPPCB,archive,hourly_readings,o3,2026-09-16T23:00:00Z,13.6,ugm3
5598,"Sector - 125, Noida",28.544761,77.323126,East,UPPCB,archive,hourly_readings,o3,2026-09-17T00:00:00Z,14.4,ugm3
5598,"Sector - 125, Noida",28.544761,77.323126,East,UPPCB,archive,hourly_readings,o3,2026-09-17T01:00:00Z,15.1,ugm3
5598,"Sector - 125, Noida",28.544761,77.323126,East,UPPCB,archive,hourly_readings,o3,2026-09-17T02:00:00Z,16.4,ugm3
5598,"Sector - 125, Noida",28.544761,77.323126,East,UPPCB,archive,hourly_readings,o3,2026-09-17T03:00:00Z,18.0,ugm3
5598,"Sector - 125, Noida",28.544761,77.323126,East,UPPCB,archive,hourly_readings,o3,2026-09-17T04:00:00Z,19.2,ugm3
5598,"Sector - 125, Noida",28.544761,77.323126,East,UPPCB,archive,hourly_readings,o3,2026-09-17T05:00:00Z,18.4,ugm3
5598,"Sector - 125, Noida",28.544761,77.323126,East,UPPCB,archive,hourly_readings,o3,2026-09-17T06:00:00Z,20.4,ugm3
5598,"Sector - 125, Noida",28.544761,77.323126,East,UPPCB,archive,hourly_readings,o3,2026-09-17T07:00:00Z,22.3,ugm3
5598,"Sector - 125, Noida",28.544761,77.323126,East,UPPCB,archive,hourly_readings,o3,2026-09-17T08:00:00Z,24.3,ugm3
5598,"Sector - 125, Noida",28.544761,77.323126,East,UPPCB,archive,hourly_readings,o3,2026-09-17T09:00:00Z,24.3,ugm3
5598,"Sector - 125, Noida",28.544761,77.323126,East,UPPCB,archive,hourly_readings,o3,2026-09-17T10:00:00Z,22.3,ugm3
5598,"Sector - 125, Noida",28.544761,77.323126,East,UPPCB,archive,hourly_readings,o3,2026-09-17T11:00:00Z,20.9,ugm3
5598,"Sector - 125, Noida",28.544761,77.323126,East,UPPCB,archive,hourly_readings,o3,2026-09-17T12:00:00Z,18.7,ugm3
5598,"Sector - 125, Noida",28.544761,77.323126,East,UPPCB,archive,hourly_readings,o3,2026-09-17T13:00:00Z,14.8,ugm3
5598,"Sector - 125, Noida",28.544761,77.323126,East,UPPCB,archive,hourly_readings,pm10,2026-09-16T14:00:00Z,159.0,ugm3
5598,"Sector - 125, Noida",28.544761,77.323126,East,UPPCB,archive,hourly_readings,pm10,2026-09-16T15:00:00Z,310.0,ugm3
5598,"Sector - 125, Noida",28.544761,77.323126,East,UPPCB,archive,hourly_readings,pm10,2026-09-16T18:00:00Z,318.0,ugm3
5598,"Sector - 125, Noida",28.544761,77.323126,East,UPPCB,archive,hourly_readings,pm10,2026-09-16T19:00:00Z,318.0,ugm3
5598,"Sector - 125, Noida",28.544761,77.323126,East,UPPCB,archive,hourly_readings,pm10,2026-09-16T23:00:00Z,140.0,ugm3
5598,"Sector - 125, Noida",28.544761,77.323126,East,UPPCB,archive,hourly_readings,pm10,2026-09-17T00:00:00Z,72.0,ugm3
5598,"Sector - 125, Noida",28.544761,77.323126,East,UPPCB,archive,hourly_readings,pm10,2026-09-17T01:00:00Z,46.0,ugm3
5598,"Sector - 125, Noida",28.544761,77.323126,East,UPPCB,archive,hourly_readings,pm10,2026-09-17T02:00:00Z,67.0,ugm3
5598,"Sector - 125, Noida",28.544761,77.323126,East,UPPCB,archive,hourly_readings,pm10,2026-09-17T03:00:00Z,89.0,ugm3
5598,"Sector - 125, Noida",28.544761,77.323126,East,UPPCB,archive,hourly_readings,pm10,2026-09-17T04:00:00Z,113.0,ugm3
5598,"Sector - 125, Noida",28.544761,77.323126,East,UPPCB,archive,hourly_readings,pm10,2026-09-17T05:00:00Z,121.0,ugm3
5598,"Sector - 125, Noida",28.544761,77.323126,East,UPPCB,archive,hourly_readings,pm10,2026-09-17T06:00:00Z,95.0,ugm3
5598,"Sector - 125, Noida",28.544761,77.323126,East,UPPCB,archive,hourly_readings,pm10,2026-09-17T07:00:00Z,87.5,ugm3
5598,"Sector - 125, Noida",28.544761,77.323126,East,UPPCB,archive,hourly_readings,pm10,2026-09-17T08:00:00Z,89.5,ugm3
5598,"Sector - 125, Noida",28.544761,77.323126,East,UPPCB,archive,hourly_readings,pm10,2026-09-17T09:00:00Z,92.5,ugm3
5598,"Sector - 125, Noida",28.544761,77.323126,East,UPPCB,archive,hourly_readings,pm10,2026-09-17T10:00:00Z,104.0,ugm3
5598,"Sector - 125, Noida",28.544761,77.323126,East,UPPCB,archive,hourly_readings,pm10,2026-09-17T11:00:00Z,109.0,ugm3
5598,"Sector - 125, Noida",28.544761,77.323126,East,UPPCB,archive,hourly_readings,pm10,2026-09-17T12:00:00Z,130.0,ugm3
5598,"Sector - 125, Noida",28.544761,77.323126,East,UPPCB,archive,hourly_readings,pm10,2026-09-17T13:00:00Z,360.0,ugm3
5598,"Sector - 125, Noida",28.544761,77.323126,East,UPPCB,archive,hourly_readings,pm25,2026-09-16T14:00:00Z,42.5,ugm3
5598,"Sector - 125, Noida",28.544761,77.323126,East,UPPCB,archive,hourly_readings,pm25,2026-09-16T15:00:00Z,71.3,ugm3
5598,"Sector - 125, Noida",28.544761,77.323126,East,UPPCB,archive,hourly_readings,pm25,2026-09-16T18:00:00Z,76.0,ugm3
5598,"Sector - 125, Noida",28.544761,77.323126,East,UPPCB,archive,hourly_readings,pm25,2026-09-16T19:00:00Z,76.0,ugm3
5598,"Sector - 125, Noida",28.544761,77.323126,East,UPPCB,archive,hourly_readings,pm25,2026-09-16T23:00:00Z,34.0,ugm3
5598,"Sector - 125, Noida",28.544761,77.323126,East,UPPCB,archive,hourly_readings,pm25,2026-09-17T00:00:00Z,22.0,ugm3
5598,"Sector - 125, Noida",28.544761,77.323126,East,UPPCB,archive,hourly_readings,pm25,2026-09-17T01:00:00Z,14.5,ugm3
5598,"Sector - 125, Noida",28.544761,77.323126,East,UPPCB,archive,hourly_readings,pm25,2026-09-17T02:00:00Z,14.5,ugm3
5598,"Sector - 125, Noida",28.544761,77.323126,East,UPPCB,archive,hourly_readings,pm25,2026-09-17T03:00:00Z,24.5,ugm3
5598,"Sector - 125, Noida",28.544761,77.323126,East,UPPCB,archive,hourly_readings,pm25,2026-09-17T04:00:00Z,33.5,ugm3
5598,"Sector - 125, Noida",28.544761,77.323126,East,UPPCB,archive,hourly_readings,pm25,2026-09-17T05:00:00Z,38.0,ugm3
5598,"Sector - 125, Noida",28.544761,77.323126,East,UPPCB,archive,hourly_readings,pm25,2026-09-17T06:00:00Z,33.0,ugm3
5598,"Sector - 125, Noida",28.544761,77.323126,East,UPPCB,archive,hourly_readings,pm25,2026-09-17T07:00:00Z,31.0,ugm3
5598,"Sector - 125, Noida",28.544761,77.323126,East,UPPCB,archive,hourly_readings,pm25,2026-09-17T08:00:00Z,32.5,ugm3
5598,"Sector - 125, Noida",28.544761,77.323126,East,UPPCB,archive,hourly_readings,pm25,2026-09-17T09:00:00Z,34.5,ugm3
5598,"Sector - 125, Noida",28.544761,77.323126,East,UPPCB,archive,hourly_readings,pm25,2026-09-17T10:00:00Z,37.5,ugm3
5598,"Sector - 125, Noida",28.544761,77.323126,East,UPPCB,archive,hourly_readings,pm25,2026-09-17T11:00:00Z,36.5,ugm3
5598,"Sector - 125, Noida",28.544761,77.323126,East,UPPCB,archive,hourly_readings,pm25,2026-09-17T12:00:00Z,32.0,ugm3
5598,"Sector - 125, Noida",28.544761,77.323126,East,UPPCB,archive,hourly_readings,pm25,2026-09-17T13:00:00Z,64.5,ugm3
5610,"North Campus, DU",28.657381,77.158545,Central,IMD,archive,hourly_readings,no2,2026-09-16T14:00:00Z,232.0,ugm3
5610,"North Campus, DU",28.657381,77.158545,Central,IMD,archive,hourly_readings,no2,2026-09-16T15:00:00Z,177.0,ugm3
5610,"North Campus, DU",28.657381,77.158545,Central,IMD,archive,hourly_readings,no2,2026-09-16T17:00:00Z,188.0,ugm3
5610,"North Campus, DU",28.657381,77.158545,Central,IMD,archive,hourly_readings,no2,2026-09-16T18:00:00Z,181.0,ugm3
5610,"North Campus, DU",28.657381,77.158545,Central,IMD,archive,hourly_readings,no2,2026-09-16T19:00:00Z,162.0,ugm3
5610,"North Campus, DU",28.657381,77.158545,Central,IMD,archive,hourly_readings,no2,2026-09-16T20:00:00Z,154.0,ugm3
5610,"North Campus, DU",28.657381,77.158545,Central,IMD,archive,hourly_readings,no2,2026-09-16T21:00:00Z,161.0,ugm3
5610,"North Campus, DU",28.657381,77.158545,Central,IMD,archive,hourly_readings,no2,2026-09-16T22:00:00Z,62.3,ugm3
5610,"North Campus, DU",28.657381,77.158545,Central,IMD,archive,hourly_readings,no2,2026-09-16T23:00:00Z,44.2,ugm3
5610,"North Campus, DU",28.657381,77.158545,Central,IMD,archive,hourly_readings,no2,2026-09-17T00:00:00Z,57.3,ugm3
5610,"North Campus, DU",28.657381,77.158545,Central,IMD,archive,hourly_readings,no2,2026-09-17T01:00:00Z,45.7,ugm3
5610,"North Campus, DU",28.657381,77.158545,Central,IMD,archive,hourly_readings,no2,2026-09-17T02:00:00Z,49.8,ugm3
5610,"North Campus, DU",28.657381,77.158545,Central,IMD,archive,hourly_readings,no2,2026-09-17T03:00:00Z,64.9,ugm3
5610,"North Campus, DU",28.657381,77.158545,Central,IMD,archive,hourly_readings,no2,2026-09-17T04:00:00Z,73.1,ugm3
5610,"North Campus, DU",28.657381,77.158545,Central,IMD,archive,hourly_readings,no2,2026-09-17T05:00:00Z,57.8,ugm3
5610,"North Campus, DU",28.657381,77.158545,Central,IMD,archive,hourly_readings,no2,2026-09-17T06:00:00Z,75.7,ugm3
5610,"North Campus, DU",28.657381,77.158545,Central,IMD,archive,hourly_readings,no2,2026-09-17T07:00:00Z,84.3,ugm3
5610,"North Campus, DU",28.657381,77.158545,Central,IMD,archive,hourly_readings,no2,2026-09-17T08:00:00Z,79.7,ugm3
5610,"North Campus, DU",28.657381,77.158545,Central,IMD,archive,hourly_readings,no2,2026-09-17T09:00:00Z,164.0,ugm3
5610,"North Campus, DU",28.657381,77.158545,Central,IMD,archive,hourly_readings,no2,2026-09-17T10:00:00Z,144.0,ugm3
5610,"North Campus, DU",28.657381,77.158545,Central,IMD,archive,hourly_readings,no2,2026-09-17T11:00:00Z,106.0,ugm3
5610,"North Campus, DU",28.657381,77.158545,Central,IMD,archive,hourly_readings,no2,2026-09-17T12:00:00Z,133.0,ugm3
5610,"North Campus, DU",28.657381,77.158545,Central,IMD,archive,hourly_readings,no2,2026-09-17T13:00:00Z,125.0,ugm3
5610,"North Campus, DU",28.657381,77.158545,Central,IMD,archive,hourly_readings,o3,2026-09-16T14:00:00Z,26.0,ugm3
5610,"North Campus, DU",28.657381,77.158545,Central,IMD,archive,hourly_readings,o3,2026-09-16T15:00:00Z,26.0,ugm3
5610,"North Campus, DU",28.657381,77.158545,Central,IMD,archive,hourly_readings,o3,2026-09-16T17:00:00Z,26.5,ugm3
5610,"North Campus, DU",28.657381,77.158545,Central,IMD,archive,hourly_readings,o3,2026-09-16T18:00:00Z,26.0,ugm3
5610,"North Campus, DU",28.657381,77.158545,Central,IMD,archive,hourly_readings,o3,2026-09-16T19:00:00Z,26.1,ugm3
5610,"North Campus, DU",28.657381,77.158545,Central,IMD,archive,hourly_readings,o3,2026-09-16T20:00:00Z,26.2,ugm3
5610,"North Campus, DU",28.657381,77.158545,Central,IMD,archive,hourly_readings,o3,2026-09-16T21:00:00Z,26.0,ugm3
5610,"North Campus, DU",28.657381,77.158545,Central,IMD,archive,hourly_readings,o3,2026-09-16T22:00:00Z,68.0,ugm3
5610,"North Campus, DU",28.657381,77.158545,Central,IMD,archive,hourly_readings,o3,2026-09-16T23:00:00Z,85.7,ugm3
5610,"North Campus, DU",28.657381,77.158545,Central,IMD,archive,hourly_readings,o3,2026-09-17T00:00:00Z,78.0,ugm3
5610,"North Campus, DU",28.657381,77.158545,Central,IMD,archive,hourly_readings,o3,2026-09-17T01:00:00Z,85.2,ugm3
5610,"North Campus, DU",28.657381,77.158545,Central,IMD,archive,hourly_readings,o3,2026-09-17T02:00:00Z,90.7,ugm3
5610,"North Campus, DU",28.657381,77.158545,Central,IMD,archive,hourly_readings,o3,2026-09-17T03:00:00Z,89.5,ugm3
5610,"North Campus, DU",28.657381,77.158545,Central,IMD,archive,hourly_readings,o3,2026-09-17T04:00:00Z,80.3,ugm3
5610,"North Campus, DU",28.657381,77.158545,Central,IMD,archive,hourly_readings,o3,2026-09-17T05:00:00Z,84.3,ugm3
5610,"North Campus, DU",28.657381,77.158545,Central,IMD,archive,hourly_readings,o3,2026-09-17T06:00:00Z,92.0,ugm3
5610,"North Campus, DU",28.657381,77.158545,Central,IMD,archive,hourly_readings,o3,2026-09-17T07:00:00Z,108.0,ugm3
5610,"North Campus, DU",28.657381,77.158545,Central,IMD,archive,hourly_readings,o3,2026-09-17T08:00:00Z,115.0,ugm3
5610,"North Campus, DU",28.657381,77.158545,Central,IMD,archive,hourly_readings,o3,2026-09-17T09:00:00Z,94.6,ugm3
5610,"North Campus, DU",28.657381,77.158545,Central,IMD,archive,hourly_readings,o3,2026-09-17T10:00:00Z,89.4,ugm3
5610,"North Campus, DU",28.657381,77.158545,Central,IMD,archive,hourly_readings,o3,2026-09-17T11:00:00Z,64.6,ugm3
5610,"North Campus, DU",28.657381,77.158545,Central,IMD,archive,hourly_readings,o3,2026-09-17T12:00:00Z,51.4,ugm3
5610,"North Campus, DU",28.657381,77.158545,Central,IMD,archive,hourly_readings,o3,2026-09-17T13:00:00Z,49.3,ugm3
5610,"North Campus, DU",28.657381,77.158545,Central,IMD,archive,hourly_readings,pm10,2026-09-16T14:00:00Z,109.0,ugm3
5610,"North Campus, DU",28.657381,77.158545,Central,IMD,archive,hourly_readings,pm10,2026-09-16T15:00:00Z,128.0,ugm3
5610,"North Campus, DU",28.657381,77.158545,Central,IMD,archive,hourly_readings,pm10,2026-09-16T17:00:00Z,140.0,ugm3
5610,"North Campus, DU",28.657381,77.158545,Central,IMD,archive,hourly_readings,pm10,2026-09-16T18:00:00Z,175.0,ugm3
5610,"North Campus, DU",28.657381,77.158545,Central,IMD,archive,hourly_readings,pm10,2026-09-16T19:00:00Z,235.0,ugm3
5610,"North Campus, DU",28.657381,77.158545,Central,IMD,archive,hourly_readings,pm10,2026-09-16T20:00:00Z,229.0,ugm3
5610,"North Campus, DU",28.657381,77.158545,Central,IMD,archive,hourly_readings,pm10,2026-09-16T21:00:00Z,157.0,ugm3
5610,"North Campus, DU",28.657381,77.158545,Central,IMD,archive,hourly_readings,pm10,2026-09-16T22:00:00Z,173.0,ugm3
5610,"North Campus, DU",28.657381,77.158545,Central,IMD,archive,hourly_readings,pm10,2026-09-16T23:00:00Z,102.0,ugm3
5610,"North Campus, DU",28.657381,77.158545,Central,IMD,archive,hourly_readings,pm10,2026-09-17T00:00:00Z,36.7,ugm3
5610,"North Campus, DU",28.657381,77.158545,Central,IMD,archive,hourly_readings,pm10,2026-09-17T01:00:00Z,57.5,ugm3
5610,"North Campus, DU",28.657381,77.158545,Central,IMD,archive,hourly_readings,pm10,2026-09-17T02:00:00Z,65.1,ugm3
5610,"North Campus, DU",28.657381,77.158545,Central,IMD,archive,hourly_readings,pm10,2026-09-17T03:00:00Z,89.5,ugm3
5610,"North Campus, DU",28.657381,77.158545,Central,IMD,archive,hourly_readings,pm10,2026-09-17T04:00:00Z,129.0,ugm3
5610,"North Campus, DU",28.657381,77.158545,Central,IMD,archive,hourly_readings,pm10,2026-09-17T05:00:00Z,114.0,ugm3
5610,"North Campus, DU",28.657381,77.158545,Central,IMD,archive,hourly_readings,pm10,2026-09-17T06:00:00Z,133.0,ugm3
5610,"North Campus, DU",28.657381,77.158545,Central,IMD,archive,hourly_readings,pm10,2026-09-17T07:00:00Z,140.0,ugm3
5610,"North Campus, DU",28.657381,77.158545,Central,IMD,archive,hourly_readings,pm10,2026-09-17T08:00:00Z,122.0,ugm3
5610,"North Campus, DU",28.657381,77.158545,Central,IMD,archive,hourly_readings,pm10,2026-09-17T09:00:00Z,94.3,ugm3
5610,"North Campus, DU",28.657381,77.158545,Central,IMD,archive,hourly_readings,pm10,2026-09-17T10:00:00Z,106.0,ugm3
5610,"North Campus, DU",28.657381,77.158545,Central,IMD,archive,hourly_readings,pm10,2026-09-17T12:00:00Z,21.4,ugm3
5610,"North Campus, DU",28.657381,77.158545,Central,IMD,archive,hourly_readings,pm10,2026-09-17T13:00:00Z,57.8,ugm3
5610,"North Campus, DU",28.657381,77.158545,Central,IMD,archive,hourly_readings,pm25,2026-09-16T14:00:00Z,36.4,ugm3
5610,"North Campus, DU",28.657381,77.158545,Central,IMD,archive,hourly_readings,pm25,2026-09-16T15:00:00Z,51.6,ugm3
5610,"North Campus, DU",28.657381,77.158545,Central,IMD,archive,hourly_readings,pm25,2026-09-16T17:00:00Z,65.1,ugm3
5610,"North Campus, DU",28.657381,77.158545,Central,IMD,archive,hourly_readings,pm25,2026-09-16T18:00:00Z,95.8,ugm3
5610,"North Campus, DU",28.657381,77.158545,Central,IMD,archive,hourly_readings,pm25,2026-09-16T19:00:00Z,162.0,ugm3
5610,"North Campus, DU",28.657381,77.158545,Central,IMD,archive,hourly_readings,pm25,2026-09-16T20:00:00Z,159.0,ugm3
5610,"North Campus, DU",28.657381,77.158545,Central,IMD,archive,hourly_readings,pm25,2026-09-16T21:00:00Z,108.0,ugm3
5610,"North Campus, DU",28.657381,77.158545,Central,IMD,archive,hourly_readings,pm25,2026-09-16T22:00:00Z,67.0,ugm3
5610,"North Campus, DU",28.657381,77.158545,Central,IMD,archive,hourly_readings,pm25,2026-09-16T23:00:00Z,14.7,ugm3
5610,"North Campus, DU",28.657381,77.158545,Central,IMD,archive,hourly_readings,pm25,2026-09-17T00:00:00Z,17.9,ugm3
5610,"North Campus, DU",28.657381,77.158545,Central,IMD,archive,hourly_readings,pm25,2026-09-17T01:00:00Z,18.0,ugm3
5610,"North Campus, DU",28.657381,77.158545,Central,IMD,archive,hourly_readings,pm25,2026-09-17T02:00:00Z,23.7,ugm3
5610,"North Campus, DU",28.657381,77.158545,Central,IMD,archive,hourly_readings,pm25,2026-09-17T03:00:00Z,36.6,ugm3
5610,"North Campus, DU",28.657381,77.158545,Central,IMD,archive,hourly_readings,pm25,2026-09-17T04:00:00Z,63.5,ugm3
5610,"North Campus, DU",28.657381,77.158545,Central,IMD,archive,hourly_readings,pm25,2026-09-17T05:00:00Z,66.3,ugm3
5610,"North Campus, DU",28.657381,77.158545,Central,IMD,archive,hourly_readings,pm25,2026-09-17T06:00:00Z,70.9,ugm3
5610,"North Campus, DU",28.657381,77.158545,Central,IMD,archive,hourly_readings,pm25,2026-09-17T07:00:00Z,71.4,ugm3
5610,"North Campus, DU",28.657381,77.158545,Central,IMD,archive,hourly_readings,pm25,2026-09-17T08:00:00Z,68.6,ugm3
5610,"North Campus, DU",28.657381,77.158545,Central,IMD,archive,hourly_readings,pm25,2026-09-17T09:00:00Z,60.6,ugm3
5610,"North Campus, DU",28.657381,77.158545,Central,IMD,archive,hourly_readings,pm25,2026-09-17T10:00:00Z,82.6,ugm3
5610,"North Campus, DU",28.657381,77.158545,Central,IMD,archive,hourly_readings,pm25,2026-09-17T11:00:00Z,25.2,ugm3
5610,"North Campus, DU",28.657381,77.158545,Central,IMD,archive,hourly_readings,pm25,2026-09-17T12:00:00Z,22.2,ugm3
5610,"North Campus, DU",28.657381,77.158545,Central,IMD,archive,hourly_readings,pm25,2026-09-17T13:00:00Z,26.7,ugm3
5613,ITO,28.628624,77.24106,Central,CPCB,archive,hourly_readings,no2,2026-09-16T14:00:00Z,51.2,ugm3
5613,ITO,28.628624,77.24106,Central,CPCB,archive,hourly_readings,no2,2026-09-16T15:00:00Z,64.3,ugm3
5613,ITO,28.628624,77.24106,Central,CPCB,archive,hourly_readings,no2,2026-09-16T17:00:00Z,42.8,ugm3
5613,ITO,28.628624,77.24106,Central,CPCB,archive,hourly_readings,no2,2026-09-16T18:00:00Z,42.6,ugm3
5613,ITO,28.628624,77.24106,Central,CPCB,archive,hourly_readings,no2,2026-09-16T19:00:00Z,45.8,ugm3
5613,ITO,28.628624,77.24106,Central,CPCB,archive,hourly_readings,no2,2026-09-16T20:00:00Z,43.3,ugm3
5613,ITO,28.628624,77.24106,Central,CPCB,archive,hourly_readings,no2,2026-09-16T21:00:00Z,41.6,ugm3
5613,ITO,28.628624,77.24106,Central,CPCB,archive,hourly_readings,no2,2026-09-16T22:00:00Z,50.4,ugm3
5613,ITO,28.628624,77.24106,Central,CPCB,archive,hourly_readings,no2,2026-09-16T23:00:00Z,50.8,ugm3
5613,ITO,28.628624,77.24106,Central,CPCB,archive,hourly_readings,no2,2026-09-17T00:00:00Z,69.2,ugm3
5613,ITO,28.628624,77.24106,Central,CPCB,archive,hourly_readings,no2,2026-09-17T01:00:00Z,67.0,ugm3
5613,ITO,28.628624,77.24106,Central,CPCB,archive,hourly_readings,no2,2026-09-17T02:00:00Z,24.0,ugm3
5613,ITO,28.628624,77.24106,Central,CPCB,archive,hourly_readings,no2,2026-09-17T03:00:00Z,42.5,ugm3
5613,ITO,28.628624,77.24106,Central,CPCB,archive,hourly_readings,no2,2026-09-17T04:00:00Z,52.4,ugm3
5613,ITO,28.628624,77.24106,Central,CPCB,archive,hourly_readings,no2,2026-09-17T05:00:00Z,55.0,ugm3
5613,ITO,28.628624,77.24106,Central,CPCB,archive,hourly_readings,no2,2026-09-17T06:00:00Z,91.4,ugm3
5613,ITO,28.628624,77.24106,Central,CPCB,archive,hourly_readings,no2,2026-09-17T07:00:00Z,41.2,ugm3
5613,ITO,28.628624,77.24106,Central,CPCB,archive,hourly_readings,no2,2026-09-17T08:00:00Z,10.1,ugm3
5613,ITO,28.628624,77.24106,Central,CPCB,archive,hourly_readings,no2,2026-09-17T09:00:00Z,32.0,ugm3
5613,ITO,28.628624,77.24106,Central,CPCB,archive,hourly_readings,no2,2026-09-17T10:00:00Z,43.7,ugm3
5613,ITO,28.628624,77.24106,Central,CPCB,archive,hourly_readings,no2,2026-09-17T11:00:00Z,46.8,ugm3
5613,ITO,28.628624,77.24106,Central,CPCB,archive,hourly_readings,no2,2026-09-17T12:00:00Z,51.3,ugm3
5613,ITO,28.628624,77.24106,Central,CPCB,archive,hourly_readings,no2,2026-09-17T13:00:00Z,54.6,ugm3
5613,ITO,28.628624,77.24106,Central,CPCB,archive,hourly_readings,o3,2026-09-16T14:00:00Z,10.0,ugm3
5613,ITO,28.628624,77.24106,Central,CPCB,archive,hourly_readings,o3,2026-09-16T15:00:00Z,6.6,ugm3
5613,ITO,28.628624,77.24106,Central,CPCB,archive,hourly_readings,o3,2026-09-16T17:00:00Z,5.0,ugm3
5613,ITO,28.628624,77.24106,Central,CPCB,archive,hourly_readings,o3,2026-09-16T18:00:00Z,6.7,ugm3
5613,ITO,28.628624,77.24106,Central,CPCB,archive,hourly_readings,o3,2026-09-16T19:00:00Z,6.9,ugm3
5613,ITO,28.628624,77.24106,Central,CPCB,archive,hourly_readings,o3,2026-09-16T20:00:00Z,6.4,ugm3
5613,ITO,28.628624,77.24106,Central,CPCB,archive,hourly_readings,o3,2026-09-16T21:00:00Z,9.6,ugm3
5613,ITO,28.628624,77.24106,Central,CPCB,archive,hourly_readings,o3,2026-09-16T22:00:00Z,10.7,ugm3
5613,ITO,28.628624,77.24106,Central,CPCB,archive,hourly_readings,o3,2026-09-16T23:00:00Z,20.7,ugm3
5613,ITO,28.628624,77.24106,Central,CPCB,archive,hourly_readings,o3,2026-09-17T00:00:00Z,42.0,ugm3
5613,ITO,28.628624,77.24106,Central,CPCB,archive,hourly_readings,o3,2026-09-17T01:00:00Z,9.3,ugm3
5613,ITO,28.628624,77.24106,Central,CPCB,archive,hourly_readings,o3,2026-09-17T02:00:00Z,10.2,ugm3
5613,ITO,28.628624,77.24106,Central,CPCB,archive,hourly_readings,o3,2026-09-17T03:00:00Z,16.8,ugm3
5613,ITO,28.628624,77.24106,Central,CPCB,archive,hourly_readings,o3,2026-09-17T04:00:00Z,22.1,ugm3
5613,ITO,28.628624,77.24106,Central,CPCB,archive,hourly_readings,o3,2026-09-17T05:00:00Z,32.4,ugm3
5613,ITO,28.628624,77.24106,Central,CPCB,archive,hourly_readings,o3,2026-09-17T06:00:00Z,40.8,ugm3
5613,ITO,28.628624,77.24106,Central,CPCB,archive,hourly_readings,o3,2026-09-17T07:00:00Z,60.6,ugm3
5613,ITO,28.628624,77.24106,Central,CPCB,archive,hourly_readings,o3,2026-09-17T08:00:00Z,66.3,ugm3
5613,ITO,28.628624,77.24106,Central,CPCB,archive,hourly_readings,o3,2026-09-17T09:00:00Z,52.8,ugm3
5613,ITO,28.628624,77.24106,Central,CPCB,archive,hourly_readings,o3,2026-09-17T10:00:00Z,48.2,ugm3
5613,ITO,28.628624,77.24106,Central,CPCB,archive,hourly_readings,o3,2026-09-17T11:00:00Z,35.1,ugm3
5613,ITO,28.628624,77.24106,Central,CPCB,archive,hourly_readings,o3,2026-09-17T12:00:00Z,17.5,ugm3
5613,ITO,28.628624,77.24106,Central,CPCB,archive,hourly_readings,o3,2026-09-17T13:00:00Z,20.5,ugm3
5613,ITO,28.628624,77.24106,Central,CPCB,archive,hourly_readings,pm10,2026-09-16T14:00:00Z,103.0,ugm3
5613,ITO,28.628624,77.24106,Central,CPCB,archive,hourly_readings,pm10,2026-09-16T15:00:00Z,120.0,ugm3
5613,ITO,28.628624,77.24106,Central,CPCB,archive,hourly_readings,pm10,2026-09-16T17:00:00Z,130.0,ugm3
5613,ITO,28.628624,77.24106,Central,CPCB,archive,hourly_readings,pm10,2026-09-16T18:00:00Z,130.0,ugm3
5613,ITO,28.628624,77.24106,Central,CPCB,archive,hourly_readings,pm10,2026-09-16T19:00:00Z,138.0,ugm3
5613,ITO,28.628624,77.24106,Central,CPCB,archive,hourly_readings,pm10,2026-09-16T20:00:00Z,138.0,ugm3
5613,ITO,28.628624,77.24106,Central,CPCB,archive,hourly_readings,pm10,2026-09-16T21:00:00Z,136.0,ugm3
5613,ITO,28.628624,77.24106,Central,CPCB,archive,hourly_readings,pm10,2026-09-16T22:00:00Z,155.0,ugm3
5613,ITO,28.628624,77.24106,Central,CPCB,archive,hourly_readings,pm10,2026-09-16T23:00:00Z,107.0,ugm3
5613,ITO,28.628624,77.24106,Central,CPCB,archive,hourly_readings,pm10,2026-09-17T00:00:00Z,34.3,ugm3
5613,ITO,28.628624,77.24106,Central,CPCB,archive,hourly_readings,pm10,2026-09-17T01:00:00Z,42.3,ugm3
5613,ITO,28.628624,77.24106,Central,CPCB,archive,hourly_readings,pm10,2026-09-17T02:00:00Z,56.8,ugm3
5613,ITO,28.628624,77.24106,Central,CPCB,archive,hourly_readings,pm10,2026-09-17T03:00:00Z,92.3,ugm3
5613,ITO,28.628624,77.24106,Central,CPCB,archive,hourly_readings,pm10,2026-09-17T04:00:00Z,109.0,ugm3
5613,ITO,28.628624,77.24106,Central,CPCB,archive,hourly_readings,pm10,2026-09-17T05:00:00Z,78.3,ugm3
5613,ITO,28.628624,77.24106,Central,CPCB,archive,hourly_readings,pm10,2026-09-17T06:00:00Z,67.8,ugm3
5613,ITO,28.628624,77.24106,Central,CPCB,archive,hourly_readings,pm10,2026-09-17T07:00:00Z,91.0,ugm3
5613,ITO,28.628624,77.24106,Central,CPCB,archive,hourly_readings,pm10,2026-09-17T08:00:00Z,95.8,ugm3
5613,ITO,28.628624,77.24106,Central,CPCB,archive,hourly_readings,pm10,2026-09-17T09:00:00Z,79.3,ugm3
5613,ITO,28.628624,77.24106,Central,CPCB,archive,hourly_readings,pm10,2026-09-17T10:00:00Z,62.0,ugm3
5613,ITO,28.628624,77.24106,Central,CPCB,archive,hourly_readings,pm10,2026-09-17T11:00:00Z,63.5,ugm3
5613,ITO,28.628624,77.24106,Central,CPCB,archive,hourly_readings,pm10,2026-09-17T12:00:00Z,74.3,ugm3
5613,ITO,28.628624,77.24106,Central,CPCB,archive,hourly_readings,pm10,2026-09-17T13:00:00Z,92.3,ugm3
5613,ITO,28.628624,77.24106,Central,CPCB,archive,hourly_readings,pm25,2026-09-16T14:00:00Z,42.0,ugm3
5613,ITO,28.628624,77.24106,Central,CPCB,archive,hourly_readings,pm25,2026-09-16T15:00:00Z,50.0,ugm3
5613,ITO,28.628624,77.24106,Central,CPCB,archive,hourly_readings,pm25,2026-09-16T17:00:00Z,65.0,ugm3
5613,ITO,28.628624,77.24106,Central,CPCB,archive,hourly_readings,pm25,2026-09-16T18:00:00Z,62.3,ugm3
5613,ITO,28.628624,77.24106,Central,CPCB,archive,hourly_readings,pm25,2026-09-16T19:00:00Z,58.8,ugm3
5613,ITO,28.628624,77.24106,Central,CPCB,archive,hourly_readings,pm25,2026-09-16T20:00:00Z,61.5,ugm3
5613,ITO,28.628624,77.24106,Central,CPCB,archive,hourly_readings,pm25,2026-09-16T21:00:00Z,63.0,ugm3
5613,ITO,28.628624,77.24106,Central,CPCB,archive,hourly_readings,pm25,2026-09-16T22:00:00Z,51.0,ugm3
5613,ITO,28.628624,77.24106,Central,CPCB,archive,hourly_readings,pm25,2026-09-16T23:00:00Z,18.0,ugm3
5613,ITO,28.628624,77.24106,Central,CPCB,archive,hourly_readings,pm25,2026-09-17T00:00:00Z,16.3,ugm3
5613,ITO,28.628624,77.24106,Central,CPCB,archive,hourly_readings,pm25,2026-09-17T01:00:00Z,20.7,ugm3
5613,ITO,28.628624,77.24106,Central,CPCB,archive,hourly_readings,pm25,2026-09-17T02:00:00Z,22.3,ugm3
5613,ITO,28.628624,77.24106,Central,CPCB,archive,hourly_readings,pm25,2026-09-17T03:00:00Z,35.0,ugm3
5613,ITO,28.628624,77.24106,Central,CPCB,archive,hourly_readings,pm25,2026-09-17T04:00:00Z,44.8,ugm3
5613,ITO,28.628624,77.24106,Central,CPCB,archive,hourly_readings,pm25,2026-09-17T05:00:00Z,34.3,ugm3
5613,ITO,28.628624,77.24106,Central,CPCB,archive,hourly_readings,pm25,2026-09-17T06:00:00Z,35.3,ugm3
5613,ITO,28.628624,77.24106,Central,CPCB,archive,hourly_readings,pm25,2026-09-17T07:00:00Z,49.5,ugm3
5613,ITO,28.628624,77.24106,Central,CPCB,archive,hourly_readings,pm25,2026-09-17T08:00:00Z,45.0,ugm3
5613,ITO,28.628624,77.24106,Central,CPCB,archive,hourly_readings,pm25,2026-09-17T09:00:00Z,34.3,ugm3
5613,ITO,28.628624,77.24106,Central,CPCB,archive,hourly_readings,pm25,2026-09-17T10:00:00Z,27.0,ugm3
5613,ITO,28.628624,77.24106,Central,CPCB,archive,hourly_readings,pm25,2026-09-17T11:00:00Z,27.8,ugm3
5613,ITO,28.628624,77.24106,Central,CPCB,archive,hourly_readings,pm25,2026-09-17T12:00:00Z,27.8,ugm3
5613,ITO,28.628624,77.24106,Central,CPCB,archive,hourly_readings,pm25,2026-09-17T13:00:00Z,36.8,ugm3
5616,"Sector - 62, Noida",28.624548,77.35771,NCR Outer,IMD,archive,hourly_readings,no2,2026-09-16T14:00:00Z,4.8,ugm3
5616,"Sector - 62, Noida",28.624548,77.35771,NCR Outer,IMD,archive,hourly_readings,no2,2026-09-16T15:00:00Z,4.0,ugm3
5616,"Sector - 62, Noida",28.624548,77.35771,NCR Outer,IMD,archive,hourly_readings,no2,2026-09-16T17:00:00Z,1.8,ugm3
5616,"Sector - 62, Noida",28.624548,77.35771,NCR Outer,IMD,archive,hourly_readings,no2,2026-09-16T18:00:00Z,0.8,ugm3
5616,"Sector - 62, Noida",28.624548,77.35771,NCR Outer,IMD,archive,hourly_readings,no2,2026-09-16T19:00:00Z,0.7,ugm3
5616,"Sector - 62, Noida",28.624548,77.35771,NCR Outer,IMD,archive,hourly_readings,no2,2026-09-16T20:00:00Z,0.7,ugm3
5616,"Sector - 62, Noida",28.624548,77.35771,NCR Outer,IMD,archive,hourly_readings,no2,2026-09-16T21:00:00Z,0.5,ugm3
5616,"Sector - 62, Noida",28.624548,77.35771,NCR Outer,IMD,archive,hourly_readings,no2,2026-09-16T22:00:00Z,1.1,ugm3
5616,"Sector - 62, Noida",28.624548,77.35771,NCR Outer,IMD,archive,hourly_readings,no2,2026-09-16T23:00:00Z,3.2,ugm3
5616,"Sector - 62, Noida",28.624548,77.35771,NCR Outer,IMD,archive,hourly_readings,no2,2026-09-17T00:00:00Z,4.9,ugm3
5616,"Sector - 62, Noida",28.624548,77.35771,NCR Outer,IMD,archive,hourly_readings,no2,2026-09-17T01:00:00Z,3.9,ugm3
5616,"Sector - 62, Noida",28.624548,77.35771,NCR Outer,IMD,archive,hourly_readings,no2,2026-09-17T02:00:00Z,3.0,ugm3
5616,"Sector - 62, Noida",28.624548,77.35771,NCR Outer,IMD,archive,hourly_readings,no2,2026-09-17T03:00:00Z,2.6,ugm3
5616,"Sector - 62, Noida",28.624548,77.35771,NCR Outer,IMD,archive,hourly_readings,no2,2026-09-17T04:00:00Z,3.9,ugm3
5616,"Sector - 62, Noida",28.624548,77.35771,NCR Outer,IMD,archive,hourly_readings,no2,2026-09-17T05:00:00Z,2.9,ugm3
5616,"Sector - 62, Noida",28.624548,77.35771,NCR Outer,IMD,archive,hourly_readings,no2,2026-09-17T06:00:00Z,2.5,ugm3
5616,"Sector - 62, Noida",28.624548,77.35771,NCR Outer,IMD,archive,hourly_readings,no2,2026-09-17T07:00:00Z,2.5,ugm3
5616,"Sector - 62, Noida",28.624548,77.35771,NCR Outer,IMD,archive,hourly_readings,no2,2026-09-17T08:00:00Z,3.3,ugm3
5616,"Sector - 62, Noida",28.624548,77.35771,NCR Outer,IMD,archive,hourly_readings,no2,2026-09-17T09:00:00Z,3.4,ugm3
5616,"Sector - 62, Noida",28.624548,77.35771,NCR Outer,IMD,archive,hourly_readings,no2,2026-09-17T10:00:00Z,3.5,ugm3
5616,"Sector - 62, Noida",28.624548,77.35771,NCR Outer,IMD,archive,hourly_readings,no2,2026-09-17T11:00:00Z,3.9,ugm3
5616,"Sector - 62, Noida",28.624548,77.35771,NCR Outer,IMD,archive,hourly_readings,no2,2026-09-17T12:00:00Z,4.4,ugm3
5616,"Sector - 62, Noida",28.624548,77.35771,NCR Outer,IMD,archive,hourly_readings,no2,2026-09-17T13:00:00Z,4.6,ugm3
5616,"Sector - 62, Noida",28.624548,77.35771,NCR Outer,IMD,archive,hourly_readings,o3,2026-09-16T14:00:00Z,19.6,ugm3
5616,"Sector - 62, Noida",28.624548,77.35771,NCR Outer,IMD,archive,hourly_readings,o3,2026-09-16T15:00:00Z,16.9,ugm3
5616,"Sector - 62, Noida",28.624548,77.35771,NCR Outer,IMD,archive,hourly_readings,o3,2026-09-16T17:00:00Z,14.2,ugm3
5616,"Sector - 62, Noida",28.624548,77.35771,NCR Outer,IMD,archive,hourly_readings,o3,2026-09-16T18:00:00Z,14.9,ugm3
5616,"Sector - 62, Noida",28.624548,77.35771,NCR Outer,IMD,archive,hourly_readings,o3,2026-09-16T19:00:00Z,15.9,ugm3
5616,"Sector - 62, Noida",28.624548,77.35771,NCR Outer,IMD,archive,hourly_readings,o3,2026-09-16T20:00:00Z,16.7,ugm3
5616,"Sector - 62, Noida",28.624548,77.35771,NCR Outer,IMD,archive,hourly_readings,o3,2026-09-16T21:00:00Z,17.0,ugm3
5616,"Sector - 62, Noida",28.624548,77.35771,NCR Outer,IMD,archive,hourly_readings,o3,2026-09-16T22:00:00Z,15.7,ugm3
5616,"Sector - 62, Noida",28.624548,77.35771,NCR Outer,IMD,archive,hourly_readings,o3,2026-09-16T23:00:00Z,18.7,ugm3
5616,"Sector - 62, Noida",28.624548,77.35771,NCR Outer,IMD,archive,hourly_readings,o3,2026-09-17T00:00:00Z,18.4,ugm3
5616,"Sector - 62, Noida",28.624548,77.35771,NCR Outer,IMD,archive,hourly_readings,o3,2026-09-17T01:00:00Z,19.4,ugm3
5616,"Sector - 62, Noida",28.624548,77.35771,NCR Outer,IMD,archive,hourly_readings,o3,2026-09-17T02:00:00Z,20.9,ugm3
5616,"Sector - 62, Noida",28.624548,77.35771,NCR Outer,IMD,archive,hourly_readings,o3,2026-09-17T03:00:00Z,24.2,ugm3
5616,"Sector - 62, Noida",28.624548,77.35771,NCR Outer,IMD,archive,hourly_readings,o3,2026-09-17T04:00:00Z,26.5,ugm3
5616,"Sector - 62, Noida",28.624548,77.35771,NCR Outer,IMD,archive,hourly_readings,o3,2026-09-17T05:00:00Z,23.7,ugm3
5616,"Sector - 62, Noida",28.624548,77.35771,NCR Outer,IMD,archive,hourly_readings,o3,2026-09-17T06:00:00Z,25.8,ugm3
5616,"Sector - 62, Noida",28.624548,77.35771,NCR Outer,IMD,archive,hourly_readings,o3,2026-09-17T07:00:00Z,29.8,ugm3
5616,"Sector - 62, Noida",28.624548,77.35771,NCR Outer,IMD,archive,hourly_readings,o3,2026-09-17T08:00:00Z,32.1,ugm3
5616,"Sector - 62, Noida",28.624548,77.35771,NCR Outer,IMD,archive,hourly_readings,o3,2026-09-17T09:00:00Z,30.2,ugm3
5616,"Sector - 62, Noida",28.624548,77.35771,NCR Outer,IMD,archive,hourly_readings,o3,2026-09-17T10:00:00Z,30.1,ugm3
5616,"Sector - 62, Noida",28.624548,77.35771,NCR Outer,IMD,archive,hourly_readings,o3,2026-09-17T11:00:00Z,28.0,ugm3
5616,"Sector - 62, Noida",28.624548,77.35771,NCR Outer,IMD,archive,hourly_readings,o3,2026-09-17T12:00:00Z,26.1,ugm3
5616,"Sector - 62, Noida",28.624548,77.35771,NCR Outer,IMD,archive,hourly_readings,o3,2026-09-17T13:00:00Z,20.3,ugm3
5616,"Sector - 62, Noida",28.624548,77.35771,NCR Outer,IMD,archive,hourly_readings,pm10,2026-09-16T14:00:00Z,118.0,ugm3
5616,"Sector - 62, Noida",28.624548,77.35771,NCR Outer,IMD,archive,hourly_readings,pm10,2026-09-16T15:00:00Z,126.0,ugm3
5616,"Sector - 62, Noida",28.624548,77.35771,NCR Outer,IMD,archive,hourly_readings,pm10,2026-09-16T17:00:00Z,170.0,ugm3
5616,"Sector - 62, Noida",28.624548,77.35771,NCR Outer,IMD,archive,hourly_readings,pm10,2026-09-16T18:00:00Z,188.0,ugm3
5616,"Sector - 62, Noida",28.624548,77.35771,NCR Outer,IMD,archive,hourly_readings,pm10,2026-09-16T19:00:00Z,157.0,ugm3
5616,"Sector - 62, Noida",28.624548,77.35771,NCR Outer,IMD,archive,hourly_readings,pm10,2026-09-16T20:00:00Z,136.0,ugm3
5616,"Sector - 62, Noida",28.624548,77.35771,NCR Outer,IMD,archive,hourly_readings,pm10,2026-09-16T21:00:00Z,136.0,ugm3
5616,"Sector - 62, Noida",28.624548,77.35771,NCR Outer,IMD,archive,hourly_readings,pm10,2026-09-16T22:00:00Z,153.0,ugm3
5616,"Sector - 62, Noida",28.624548,77.35771,NCR Outer,IMD,archive,hourly_readings,pm10,2026-09-16T23:00:00Z,145.0,ugm3
5616,"Sector - 62, Noida",28.624548,77.35771,NCR Outer,IMD,archive,hourly_readings,pm10,2026-09-17T00:00:00Z,53.5,ugm3
5616,"Sector - 62, Noida",28.624548,77.35771,NCR Outer,IMD,archive,hourly_readings,pm10,2026-09-17T01:00:00Z,41.9,ugm3
5616,"Sector - 62, Noida",28.624548,77.35771,NCR Outer,IMD,archive,hourly_readings,pm10,2026-09-17T02:00:00Z,70.9,ugm3
5616,"Sector - 62, Noida",28.624548,77.35771,NCR Outer,IMD,archive,hourly_readings,pm10,2026-09-17T03:00:00Z,84.8,ugm3
5616,"Sector - 62, Noida",28.624548,77.35771,NCR Outer,IMD,archive,hourly_readings,pm10,2026-09-17T04:00:00Z,102.0,ugm3
5616,"Sector - 62, Noida",28.624548,77.35771,NCR Outer,IMD,archive,hourly_readings,pm10,2026-09-17T05:00:00Z,110.0,ugm3
5616,"Sector - 62, Noida",28.624548,77.35771,NCR Outer,IMD,archive,hourly_readings,pm10,2026-09-17T06:00:00Z,68.2,ugm3
5616,"Sector - 62, Noida",28.624548,77.35771,NCR Outer,IMD,archive,hourly_readings,pm10,2026-09-17T07:00:00Z,66.4,ugm3
5616,"Sector - 62, Noida",28.624548,77.35771,NCR Outer,IMD,archive,hourly_readings,pm10,2026-09-17T08:00:00Z,79.2,ugm3
5616,"Sector - 62, Noida",28.624548,77.35771,NCR Outer,IMD,archive,hourly_readings,pm10,2026-09-17T09:00:00Z,78.2,ugm3
5616,"Sector - 62, Noida",28.624548,77.35771,NCR Outer,IMD,archive,hourly_readings,pm10,2026-09-17T10:00:00Z,63.2,ugm3
5616,"Sector - 62, Noida",28.624548,77.35771,NCR Outer,IMD,archive,hourly_readings,pm10,2026-09-17T11:00:00Z,79.8,ugm3
5616,"Sector - 62, Noida",28.624548,77.35771,NCR Outer,IMD,archive,hourly_readings,pm10,2026-09-17T12:00:00Z,90.8,ugm3
5616,"Sector - 62, Noida",28.624548,77.35771,NCR Outer,IMD,archive,hourly_readings,pm10,2026-09-17T13:00:00Z,102.0,ugm3
5616,"Sector - 62, Noida",28.624548,77.35771,NCR Outer,IMD,archive,hourly_readings,pm25,2026-09-16T14:00:00Z,53.7,ugm3
5616,"Sector - 62, Noida",28.624548,77.35771,NCR Outer,IMD,archive,hourly_readings,pm25,2026-09-16T15:00:00Z,64.3,ugm3
5616,"Sector - 62, Noida",28.624548,77.35771,NCR Outer,IMD,archive,hourly_readings,pm25,2026-09-16T17:00:00Z,68.6,ugm3
5616,"Sector - 62, Noida",28.624548,77.35771,NCR Outer,IMD,archive,hourly_readings,pm25,2026-09-16T18:00:00Z,73.1,ugm3
5616,"Sector - 62, Noida",28.624548,77.35771,NCR Outer,IMD,archive,hourly_readings,pm25,2026-09-16T19:00:00Z,72.6,ugm3
5616,"Sector - 62, Noida",28.624548,77.35771,NCR Outer,IMD,archive,hourly_readings,pm25,2026-09-16T20:00:00Z,81.1,ugm3
5616,"Sector - 62, Noida",28.624548,77.35771,NCR Outer,IMD,archive,hourly_readings,pm25,2026-09-16T21:00:00Z,80.9,ugm3
5616,"Sector - 62, Noida",28.624548,77.35771,NCR Outer,IMD,archive,hourly_readings,pm25,2026-09-16T22:00:00Z,75.4,ugm3
5616,"Sector - 62, Noida",28.624548,77.35771,NCR Outer,IMD,archive,hourly_readings,pm25,2026-09-16T23:00:00Z,37.4,ugm3
5616,"Sector - 62, Noida",28.624548,77.35771,NCR Outer,IMD,archive,hourly_readings,pm25,2026-09-17T00:00:00Z,20.8,ugm3
5616,"Sector - 62, Noida",28.624548,77.35771,NCR Outer,IMD,archive,hourly_readings,pm25,2026-09-17T01:00:00Z,17.1,ugm3
5616,"Sector - 62, Noida",28.624548,77.35771,NCR Outer,IMD,archive,hourly_readings,pm25,2026-09-17T02:00:00Z,28.0,ugm3
5616,"Sector - 62, Noida",28.624548,77.35771,NCR Outer,IMD,archive,hourly_readings,pm25,2026-09-17T03:00:00Z,32.0,ugm3
5616,"Sector - 62, Noida",28.624548,77.35771,NCR Outer,IMD,archive,hourly_readings,pm25,2026-09-17T04:00:00Z,56.8,ugm3
5616,"Sector - 62, Noida",28.624548,77.35771,NCR Outer,IMD,archive,hourly_readings,pm25,2026-09-17T05:00:00Z,47.3,ugm3
5616,"Sector - 62, Noida",28.624548,77.35771,NCR Outer,IMD,archive,hourly_readings,pm25,2026-09-17T06:00:00Z,32.9,ugm3
5616,"Sector - 62, Noida",28.624548,77.35771,NCR Outer,IMD,archive,hourly_readings,pm25,2026-09-17T07:00:00Z,48.3,ugm3
5616,"Sector - 62, Noida",28.624548,77.35771,NCR Outer,IMD,archive,hourly_readings,pm25,2026-09-17T08:00:00Z,59.1,ugm3
5616,"Sector - 62, Noida",28.624548,77.35771,NCR Outer,IMD,archive,hourly_readings,pm25,2026-09-17T09:00:00Z,47.7,ugm3
5616,"Sector - 62, Noida",28.624548,77.35771,NCR Outer,IMD,archive,hourly_readings,pm25,2026-09-17T10:00:00Z,36.0,ugm3
5616,"Sector - 62, Noida",28.624548,77.35771,NCR Outer,IMD,archive,hourly_readings,pm25,2026-09-17T11:00:00Z,36.6,ugm3
5616,"Sector - 62, Noida",28.624548,77.35771,NCR Outer,IMD,archive,hourly_readings,pm25,2026-09-17T12:00:00Z,36.1,ugm3
5616,"Sector - 62, Noida",28.624548,77.35771,NCR Outer,IMD,archive,hourly_readings,pm25,2026-09-17T13:00:00Z,42.2,ugm3
5622,NSIT Dwarka,28.60909,77.032541,West,CPCB,archive,hourly_readings,no2,2026-09-16T14:00:00Z,24.9,ugm3
5622,NSIT Dwarka,28.60909,77.032541,West,CPCB,archive,hourly_readings,no2,2026-09-16T15:00:00Z,43.9,ugm3
5622,NSIT Dwarka,28.60909,77.032541,West,CPCB,archive,hourly_readings,no2,2026-09-16T17:00:00Z,47.9,ugm3
5622,NSIT Dwarka,28.60909,77.032541,West,CPCB,archive,hourly_readings,no2,2026-09-16T18:00:00Z,47.9,ugm3
5622,NSIT Dwarka,28.60909,77.032541,West,CPCB,archive,hourly_readings,no2,2026-09-16T20:00:00Z,37.4,ugm3
5622,NSIT Dwarka,28.60909,77.032541,West,CPCB,archive,hourly_readings,no2,2026-09-16T21:00:00Z,44.1,ugm3
5622,NSIT Dwarka,28.60909,77.032541,West,CPCB,archive,hourly_readings,no2,2026-09-16T22:00:00Z,44.8,ugm3
5622,NSIT Dwarka,28.60909,77.032541,West,CPCB,archive,hourly_readings,no2,2026-09-16T23:00:00Z,40.4,ugm3
5622,NSIT Dwarka,28.60909,77.032541,West,CPCB,archive,hourly_readings,no2,2026-09-17T00:00:00Z,48.6,ugm3
5622,NSIT Dwarka,28.60909,77.032541,West,CPCB,archive,hourly_readings,no2,2026-09-17T01:00:00Z,51.9,ugm3
5622,NSIT Dwarka,28.60909,77.032541,West,CPCB,archive,hourly_readings,no2,2026-09-17T02:00:00Z,27.3,ugm3
5622,NSIT Dwarka,28.60909,77.032541,West,CPCB,archive,hourly_readings,no2,2026-09-17T03:00:00Z,28.9,ugm3
5622,NSIT Dwarka,28.60909,77.032541,West,CPCB,archive,hourly_readings,no2,2026-09-17T04:00:00Z,29.4,ugm3
5622,NSIT Dwarka,28.60909,77.032541,West,CPCB,archive,hourly_readings,no2,2026-09-17T05:00:00Z,42.2,ugm3
5622,NSIT Dwarka,28.60909,77.032541,West,CPCB,archive,hourly_readings,no2,2026-09-17T06:00:00Z,34.6,ugm3
5622,NSIT Dwarka,28.60909,77.032541,West,CPCB,archive,hourly_readings,no2,2026-09-17T07:00:00Z,30.4,ugm3
5622,NSIT Dwarka,28.60909,77.032541,West,CPCB,archive,hourly_readings,no2,2026-09-17T08:00:00Z,53.3,ugm3
5622,NSIT Dwarka,28.60909,77.032541,West,CPCB,archive,hourly_readings,no2,2026-09-17T09:00:00Z,36.0,ugm3
5622,NSIT Dwarka,28.60909,77.032541,West,CPCB,archive,hourly_readings,no2,2026-09-17T10:00:00Z,31.6,ugm3
5622,NSIT Dwarka,28.60909,77.032541,West,CPCB,archive,hourly_readings,no2,2026-09-17T11:00:00Z,13.2,ugm3
5622,NSIT Dwarka,28.60909,77.032541,West,CPCB,archive,hourly_readings,no2,2026-09-17T12:00:00Z,26.3,ugm3
5622,NSIT Dwarka,28.60909,77.032541,West,CPCB,archive,hourly_readings,no2,2026-09-17T13:00:00Z,23.0,ugm3
5622,NSIT Dwarka,28.60909,77.032541,West,CPCB,archive,hourly_readings,o3,2026-09-16T14:00:00Z,16.0,ugm3
5622,NSIT Dwarka,28.60909,77.032541,West,CPCB,archive,hourly_readings,o3,2026-09-16T15:00:00Z,17.2,ugm3
5622,NSIT Dwarka,28.60909,77.032541,West,CPCB,archive,hourly_readings,o3,2026-09-16T17:00:00Z,15.6,ugm3
5622,NSIT Dwarka,28.60909,77.032541,West,CPCB,archive,hourly_readings,o3,2026-09-16T18:00:00Z,18.1,ugm3
5622,NSIT Dwarka,28.60909,77.032541,West,CPCB,archive,hourly_readings,o3,2026-09-16T20:00:00Z,14.8,ugm3
5622,NSIT Dwarka,28.60909,77.032541,West,CPCB,archive,hourly_readings,o3,2026-09-16T21:00:00Z,15.8,ugm3
5622,NSIT Dwarka,28.60909,77.032541,West,CPCB,archive,hourly_readings,o3,2026-09-16T22:00:00Z,17.0,ugm3
5622,NSIT Dwarka,28.60909,77.032541,West,CPCB,archive,hourly_readings,o3,2026-09-16T23:00:00Z,15.9,ugm3
5622,NSIT Dwarka,28.60909,77.032541,West,CPCB,archive,hourly_readings,o3,2026-09-17T00:00:00Z,17.2,ugm3
5622,NSIT Dwarka,28.60909,77.032541,West,CPCB,archive,hourly_readings,o3,2026-09-17T01:00:00Z,17.5,ugm3
5622,NSIT Dwarka,28.60909,77.032541,West,CPCB,archive,hourly_readings,o3,2026-09-17T02:00:00Z,16.8,ugm3
5622,NSIT Dwarka,28.60909,77.032541,West,CPCB,archive,hourly_readings,o3,2026-09-17T03:00:00Z,98.2,ugm3
5622,NSIT Dwarka,28.60909,77.032541,West,CPCB,archive,hourly_readings,o3,2026-09-17T04:00:00Z,142.0,ugm3
5622,NSIT Dwarka,28.60909,77.032541,West,CPCB,archive,hourly_readings,o3,2026-09-17T05:00:00Z,17.0,ugm3
5622,NSIT Dwarka,28.60909,77.032541,West,CPCB,archive,hourly_readings,o3,2026-09-17T06:00:00Z,17.2,ugm3
5622,NSIT Dwarka,28.60909,77.032541,West,CPCB,archive,hourly_readings,o3,2026-09-17T07:00:00Z,16.7,ugm3
5622,NSIT Dwarka,28.60909,77.032541,West,CPCB,archive,hourly_readings,o3,2026-09-17T08:00:00Z,18.0,ugm3
5622,NSIT Dwarka,28.60909,77.032541,West,CPCB,archive,hourly_readings,o3,2026-09-17T09:00:00Z,18.6,ugm3
5622,NSIT Dwarka,28.60909,77.032541,West,CPCB,archive,hourly_readings,o3,2026-09-17T10:00:00Z,15.9,ugm3
5622,NSIT Dwarka,28.60909,77.032541,West,CPCB,archive,hourly_readings,o3,2026-09-17T11:00:00Z,16.7,ugm3
5622,NSIT Dwarka,28.60909,77.032541,West,CPCB,archive,hourly_readings,o3,2026-09-17T12:00:00Z,16.5,ugm3
5622,NSIT Dwarka,28.60909,77.032541,West,CPCB,archive,hourly_readings,o3,2026-09-17T13:00:00Z,16.0,ugm3
5622,NSIT Dwarka,28.60909,77.032541,West,CPCB,archive,hourly_readings,pm10,2026-09-16T14:00:00Z,54.6,ugm3
5622,NSIT Dwarka,28.60909,77.032541,West,CPCB,archive,hourly_readings,pm10,2026-09-16T15:00:00Z,68.4,ugm3
5622,NSIT Dwarka,28.60909,77.032541,West,CPCB,archive,hourly_readings,pm10,2026-09-16T17:00:00Z,95.8,ugm3
5622,NSIT Dwarka,28.60909,77.032541,West,CPCB,archive,hourly_readings,pm10,2026-09-16T18:00:00Z,95.9,ugm3
5622,NSIT Dwarka,28.60909,77.032541,West,CPCB,archive,hourly_readings,pm10,2026-09-16T20:00:00Z,93.5,ugm3
5622,NSIT Dwarka,28.60909,77.032541,West,CPCB,archive,hourly_readings,pm10,2026-09-16T21:00:00Z,87.3,ugm3
5622,NSIT Dwarka,28.60909,77.032541,West,CPCB,archive,hourly_readings,pm10,2026-09-16T22:00:00Z,62.0,ugm3
5622,NSIT Dwarka,28.60909,77.032541,West,CPCB,archive,hourly_readings,pm10,2026-09-16T23:00:00Z,38.2,ugm3
5622,NSIT Dwarka,28.60909,77.032541,West,CPCB,archive,hourly_readings,pm10,2026-09-17T00:00:00Z,28.5,ugm3
5622,NSIT Dwarka,28.60909,77.032541,West,CPCB,archive,hourly_readings,pm10,2026-09-17T01:00:00Z,14.8,ugm3
5622,NSIT Dwarka,28.60909,77.032541,West,CPCB,archive,hourly_readings,pm10,2026-09-17T02:00:00Z,14.8,ugm3
5622,NSIT Dwarka,28.60909,77.032541,West,CPCB,archive,hourly_readings,pm10,2026-09-17T03:00:00Z,31.5,ugm3
5622,NSIT Dwarka,28.60909,77.032541,West,CPCB,archive,hourly_readings,pm10,2026-09-17T04:00:00Z,54.5,ugm3
5622,NSIT Dwarka,28.60909,77.032541,West,CPCB,archive,hourly_readings,pm10,2026-09-17T05:00:00Z,65.2,ugm3
5622,NSIT Dwarka,28.60909,77.032541,West,CPCB,archive,hourly_readings,pm10,2026-09-17T06:00:00Z,61.7,ugm3
5622,NSIT Dwarka,28.60909,77.032541,West,CPCB,archive,hourly_readings,pm10,2026-09-17T07:00:00Z,59.8,ugm3
5622,NSIT Dwarka,28.60909,77.032541,West,CPCB,archive,hourly_readings,pm10,2026-09-17T08:00:00Z,58.0,ugm3
5622,NSIT Dwarka,28.60909,77.032541,West,CPCB,archive,hourly_readings,pm10,2026-09-17T09:00:00Z,56.5,ugm3
5622,NSIT Dwarka,28.60909,77.032541,West,CPCB,archive,hourly_readings,pm10,2026-09-17T10:00:00Z,51.2,ugm3
5622,NSIT Dwarka,28.60909,77.032541,West,CPCB,archive,hourly_readings,pm10,2026-09-17T11:00:00Z,53.0,ugm3
5622,NSIT Dwarka,28.60909,77.032541,West,CPCB,archive,hourly_readings,pm10,2026-09-17T12:00:00Z,55.5,ugm3
5622,NSIT Dwarka,28.60909,77.032541,West,CPCB,archive,hourly_readings,pm10,2026-09-17T13:00:00Z,62.6,ugm3
5622,NSIT Dwarka,28.60909,77.032541,West,CPCB,archive,hourly_readings,pm25,2026-09-16T14:00:00Z,16.6,ugm3
5622,NSIT Dwarka,28.60909,77.032541,West,CPCB,archive,hourly_readings,pm25,2026-09-16T15:00:00Z,29.2,ugm3
5622,NSIT Dwarka,28.60909,77.032541,West,CPCB,archive,hourly_readings,pm25,2026-09-16T17:00:00Z,21.4,ugm3
5622,NSIT Dwarka,28.60909,77.032541,West,CPCB,archive,hourly_readings,pm25,2026-09-16T18:00:00Z,21.3,ugm3
5622,NSIT Dwarka,28.60909,77.032541,West,CPCB,archive,hourly_readings,pm25,2026-09-16T20:00:00Z,18.6,ugm3
5622,NSIT Dwarka,28.60909,77.032541,West,CPCB,archive,hourly_readings,pm25,2026-09-16T21:00:00Z,18.4,ugm3
5622,NSIT Dwarka,28.60909,77.032541,West,CPCB,archive,hourly_readings,pm25,2026-09-16T22:00:00Z,17.4,ugm3
5622,NSIT Dwarka,28.60909,77.032541,West,CPCB,archive,hourly_readings,pm25,2026-09-16T23:00:00Z,17.1,ugm3
5622,NSIT Dwarka,28.60909,77.032541,West,CPCB,archive,hourly_readings,pm25,2026-09-17T00:00:00Z,17.6,ugm3
5622,NSIT Dwarka,28.60909,77.032541,West,CPCB,archive,hourly_readings,pm25,2026-09-17T01:00:00Z,14.4,ugm3
5622,NSIT Dwarka,28.60909,77.032541,West,CPCB,archive,hourly_readings,pm25,2026-09-17T02:00:00Z,14.4,ugm3
5622,NSIT Dwarka,28.60909,77.032541,West,CPCB,archive,hourly_readings,pm25,2026-09-17T03:00:00Z,23.3,ugm3
5622,NSIT Dwarka,28.60909,77.032541,West,CPCB,archive,hourly_readings,pm25,2026-09-17T04:00:00Z,21.2,ugm3
5622,NSIT Dwarka,28.60909,77.032541,West,CPCB,archive,hourly_readings,pm25,2026-09-17T05:00:00Z,15.5,ugm3
5622,NSIT Dwarka,28.60909,77.032541,West,CPCB,archive,hourly_readings,pm25,2026-09-17T06:00:00Z,16.5,ugm3
5622,NSIT Dwarka,28.60909,77.032541,West,CPCB,archive,hourly_readings,pm25,2026-09-17T07:00:00Z,16.3,ugm3
5622,NSIT Dwarka,28.60909,77.032541,West,CPCB,archive,hourly_readings,pm25,2026-09-17T08:00:00Z,16.8,ugm3
5622,NSIT Dwarka,28.60909,77.032541,West,CPCB,archive,hourly_readings,pm25,2026-09-17T09:00:00Z,15.8,ugm3
5622,NSIT Dwarka,28.60909,77.032541,West,CPCB,archive,hourly_readings,pm25,2026-09-17T10:00:00Z,20.8,ugm3
5622,NSIT Dwarka,28.60909,77.032541,West,CPCB,archive,hourly_readings,pm25,2026-09-17T11:00:00Z,18.9,ugm3
5622,NSIT Dwarka,28.60909,77.032541,West,CPCB,archive,hourly_readings,pm25,2026-09-17T12:00:00Z,20.9,ugm3
5622,NSIT Dwarka,28.60909,77.032541,West,CPCB,archive,hourly_readings,pm25,2026-09-17T13:00:00Z,24.6,ugm3
5626,DTU,28.75005,77.111261,North,CPCB,archive,hourly_readings,no2,2026-09-16T14:00:00Z,4.1,ugm3
5626,DTU,28.75005,77.111261,North,CPCB,archive,hourly_readings,no2,2026-09-16T15:00:00Z,4.0,ugm3
5626,DTU,28.75005,77.111261,North,CPCB,archive,hourly_readings,no2,2026-09-16T17:00:00Z,3.7,ugm3
5626,DTU,28.75005,77.111261,North,CPCB,archive,hourly_readings,no2,2026-09-16T18:00:00Z,3.9,ugm3
5626,DTU,28.75005,77.111261,North,CPCB,archive,hourly_readings,no2,2026-09-16T19:00:00Z,4.2,ugm3
5626,DTU,28.75005,77.111261,North,CPCB,archive,hourly_readings,no2,2026-09-16T20:00:00Z,3.9,ugm3
5626,DTU,28.75005,77.111261,North,CPCB,archive,hourly_readings,no2,2026-09-16T21:00:00Z,3.8,ugm3
5626,DTU,28.75005,77.111261,North,CPCB,archive,hourly_readings,no2,2026-09-16T22:00:00Z,3.8,ugm3
5626,DTU,28.75005,77.111261,North,CPCB,archive,hourly_readings,no2,2026-09-16T23:00:00Z,3.9,ugm3
5626,DTU,28.75005,77.111261,North,CPCB,archive,hourly_readings,no2,2026-09-17T00:00:00Z,3.9,ugm3
5626,DTU,28.75005,77.111261,North,CPCB,archive,hourly_readings,no2,2026-09-17T01:00:00Z,4.2,ugm3
5626,DTU,28.75005,77.111261,North,CPCB,archive,hourly_readings,no2,2026-09-17T02:00:00Z,4.3,ugm3
5626,DTU,28.75005,77.111261,North,CPCB,archive,hourly_readings,no2,2026-09-17T03:00:00Z,27.1,ugm3
5626,DTU,28.75005,77.111261,North,CPCB,archive,hourly_readings,no2,2026-09-17T04:00:00Z,28.8,ugm3
5626,DTU,28.75005,77.111261,North,CPCB,archive,hourly_readings,no2,2026-09-17T05:00:00Z,29.0,ugm3
5626,DTU,28.75005,77.111261,North,CPCB,archive,hourly_readings,no2,2026-09-17T06:00:00Z,30.2,ugm3
5626,DTU,28.75005,77.111261,North,CPCB,archive,hourly_readings,no2,2026-09-17T07:00:00Z,28.5,ugm3
5626,DTU,28.75005,77.111261,North,CPCB,archive,hourly_readings,no2,2026-09-17T08:00:00Z,28.0,ugm3
5626,DTU,28.75005,77.111261,North,CPCB,archive,hourly_readings,no2,2026-09-17T09:00:00Z,23.0,ugm3
5626,DTU,28.75005,77.111261,North,CPCB,archive,hourly_readings,no2,2026-09-17T10:00:00Z,15.6,ugm3
5626,DTU,28.75005,77.111261,North,CPCB,archive,hourly_readings,no2,2026-09-17T11:00:00Z,19.2,ugm3
5626,DTU,28.75005,77.111261,North,CPCB,archive,hourly_readings,no2,2026-09-17T12:00:00Z,19.0,ugm3
5626,DTU,28.75005,77.111261,North,CPCB,archive,hourly_readings,no2,2026-09-17T13:00:00Z,19.4,ugm3
5626,DTU,28.75005,77.111261,North,CPCB,archive,hourly_readings,o3,2026-09-16T14:00:00Z,20.8,ugm3
5626,DTU,28.75005,77.111261,North,CPCB,archive,hourly_readings,o3,2026-09-16T15:00:00Z,15.5,ugm3
5626,DTU,28.75005,77.111261,North,CPCB,archive,hourly_readings,o3,2026-09-16T17:00:00Z,20.5,ugm3
5626,DTU,28.75005,77.111261,North,CPCB,archive,hourly_readings,o3,2026-09-16T18:00:00Z,23.7,ugm3
5626,DTU,28.75005,77.111261,North,CPCB,archive,hourly_readings,o3,2026-09-16T19:00:00Z,36.7,ugm3
5626,DTU,28.75005,77.111261,North,CPCB,archive,hourly_readings,o3,2026-09-16T20:00:00Z,25.3,ugm3
5626,DTU,28.75005,77.111261,North,CPCB,archive,hourly_readings,o3,2026-09-16T21:00:00Z,13.9,ugm3
5626,DTU,28.75005,77.111261,North,CPCB,archive,hourly_readings,o3,2026-09-16T22:00:00Z,38.0,ugm3
5626,DTU,28.75005,77.111261,North,CPCB,archive,hourly_readings,o3,2026-09-16T23:00:00Z,43.4,ugm3
5626,DTU,28.75005,77.111261,North,CPCB,archive,hourly_readings,o3,2026-09-17T00:00:00Z,37.9,ugm3
5626,DTU,28.75005,77.111261,North,CPCB,archive,hourly_readings,o3,2026-09-17T01:00:00Z,40.1,ugm3
5626,DTU,28.75005,77.111261,North,CPCB,archive,hourly_readings,o3,2026-09-17T02:00:00Z,34.4,ugm3
5626,DTU,28.75005,77.111261,North,CPCB,archive,hourly_readings,o3,2026-09-17T03:00:00Z,38.0,ugm3
5626,DTU,28.75005,77.111261,North,CPCB,archive,hourly_readings,o3,2026-09-17T04:00:00Z,49.6,ugm3
5626,DTU,28.75005,77.111261,North,CPCB,archive,hourly_readings,o3,2026-09-17T05:00:00Z,56.2,ugm3
5626,DTU,28.75005,77.111261,North,CPCB,archive,hourly_readings,o3,2026-09-17T06:00:00Z,51.2,ugm3
5626,DTU,28.75005,77.111261,North,CPCB,archive,hourly_readings,o3,2026-09-17T07:00:00Z,59.6,ugm3
5626,DTU,28.75005,77.111261,North,CPCB,archive,hourly_readings,o3,2026-09-17T08:00:00Z,62.6,ugm3
5626,DTU,28.75005,77.111261,North,CPCB,archive,hourly_readings,o3,2026-09-17T09:00:00Z,63.6,ugm3
5626,DTU,28.75005,77.111261,North,CPCB,archive,hourly_readings,o3,2026-09-17T10:00:00Z,35.3,ugm3
5626,DTU,28.75005,77.111261,North,CPCB,archive,hourly_readings,o3,2026-09-17T11:00:00Z,32.4,ugm3
5626,DTU,28.75005,77.111261,North,CPCB,archive,hourly_readings,o3,2026-09-17T12:00:00Z,30.6,ugm3
5626,DTU,28.75005,77.111261,North,CPCB,archive,hourly_readings,o3,2026-09-17T13:00:00Z,33.9,ugm3
5626,DTU,28.75005,77.111261,North,CPCB,archive,hourly_readings,pm10,2026-09-16T14:00:00Z,147.0,ugm3
5626,DTU,28.75005,77.111261,North,CPCB,archive,hourly_readings,pm10,2026-09-16T15:00:00Z,149.0,ugm3
5626,DTU,28.75005,77.111261,North,CPCB,archive,hourly_readings,pm10,2026-09-16T17:00:00Z,120.0,ugm3
5626,DTU,28.75005,77.111261,North,CPCB,archive,hourly_readings,pm10,2026-09-16T18:00:00Z,132.0,ugm3
5626,DTU,28.75005,77.111261,North,CPCB,archive,hourly_readings,pm10,2026-09-16T19:00:00Z,159.0,ugm3
5626,DTU,28.75005,77.111261,North,CPCB,archive,hourly_readings,pm10,2026-09-16T20:00:00Z,123.0,ugm3
5626,DTU,28.75005,77.111261,North,CPCB,archive,hourly_readings,pm10,2026-09-16T21:00:00Z,111.0,ugm3
5626,DTU,28.75005,77.111261,North,CPCB,archive,hourly_readings,pm10,2026-09-16T22:00:00Z,151.0,ugm3
5626,DTU,28.75005,77.111261,North,CPCB,archive,hourly_readings,pm10,2026-09-16T23:00:00Z,165.0,ugm3
5626,DTU,28.75005,77.111261,North,CPCB,archive,hourly_readings,pm10,2026-09-17T00:00:00Z,30.8,ugm3
5626,DTU,28.75005,77.111261,North,CPCB,archive,hourly_readings,pm10,2026-09-17T01:00:00Z,43.9,ugm3
5626,DTU,28.75005,77.111261,North,CPCB,archive,hourly_readings,pm10,2026-09-17T02:00:00Z,45.3,ugm3
5626,DTU,28.75005,77.111261,North,CPCB,archive,hourly_readings,pm10,2026-09-17T03:00:00Z,56.5,ugm3
5626,DTU,28.75005,77.111261,North,CPCB,archive,hourly_readings,pm10,2026-09-17T04:00:00Z,70.1,ugm3
5626,DTU,28.75005,77.111261,North,CPCB,archive,hourly_readings,pm10,2026-09-17T05:00:00Z,67.7,ugm3
5626,DTU,28.75005,77.111261,North,CPCB,archive,hourly_readings,pm10,2026-09-17T06:00:00Z,55.3,ugm3
5626,DTU,28.75005,77.111261,North,CPCB,archive,hourly_readings,pm10,2026-09-17T07:00:00Z,51.8,ugm3
5626,DTU,28.75005,77.111261,North,CPCB,archive,hourly_readings,pm10,2026-09-17T08:00:00Z,57.4,ugm3
5626,DTU,28.75005,77.111261,North,CPCB,archive,hourly_readings,pm10,2026-09-17T09:00:00Z,54.8,ugm3
5626,DTU,28.75005,77.111261,North,CPCB,archive,hourly_readings,pm10,2026-09-17T10:00:00Z,64.5,ugm3
5626,DTU,28.75005,77.111261,North,CPCB,archive,hourly_readings,pm10,2026-09-17T11:00:00Z,73.0,ugm3
5626,DTU,28.75005,77.111261,North,CPCB,archive,hourly_readings,pm10,2026-09-17T12:00:00Z,84.1,ugm3
5626,DTU,28.75005,77.111261,North,CPCB,archive,hourly_readings,pm10,2026-09-17T13:00:00Z,96.7,ugm3
5626,DTU,28.75005,77.111261,North,CPCB,archive,hourly_readings,pm25,2026-09-16T14:00:00Z,57.0,ugm3
5626,DTU,28.75005,77.111261,North,CPCB,archive,hourly_readings,pm25,2026-09-16T15:00:00Z,67.3,ugm3
5626,DTU,28.75005,77.111261,North,CPCB,archive,hourly_readings,pm25,2026-09-16T17:00:00Z,75.0,ugm3
5626,DTU,28.75005,77.111261,North,CPCB,archive,hourly_readings,pm25,2026-09-16T18:00:00Z,77.3,ugm3
5626,DTU,28.75005,77.111261,North,CPCB,archive,hourly_readings,pm25,2026-09-16T19:00:00Z,81.0,ugm3
5626,DTU,28.75005,77.111261,North,CPCB,archive,hourly_readings,pm25,2026-09-16T20:00:00Z,71.3,ugm3
5626,DTU,28.75005,77.111261,North,CPCB,archive,hourly_readings,pm25,2026-09-16T21:00:00Z,70.3,ugm3
5626,DTU,28.75005,77.111261,North,CPCB,archive,hourly_readings,pm25,2026-09-16T22:00:00Z,63.5,ugm3
5626,DTU,28.75005,77.111261,North,CPCB,archive,hourly_readings,pm25,2026-09-16T23:00:00Z,28.3,ugm3
5626,DTU,28.75005,77.111261,North,CPCB,archive,hourly_readings,pm25,2026-09-17T00:00:00Z,18.8,ugm3
5626,DTU,28.75005,77.111261,North,CPCB,archive,hourly_readings,pm25,2026-09-17T01:00:00Z,23.5,ugm3
5626,DTU,28.75005,77.111261,North,CPCB,archive,hourly_readings,pm25,2026-09-17T02:00:00Z,22.8,ugm3
5626,DTU,28.75005,77.111261,North,CPCB,archive,hourly_readings,pm25,2026-09-17T03:00:00Z,27.3,ugm3
5626,DTU,28.75005,77.111261,North,CPCB,archive,hourly_readings,pm25,2026-09-17T04:00:00Z,33.0,ugm3
5626,DTU,28.75005,77.111261,North,CPCB,archive,hourly_readings,pm25,2026-09-17T05:00:00Z,30.0,ugm3
5626,DTU,28.75005,77.111261,North,CPCB,archive,hourly_readings,pm25,2026-09-17T06:00:00Z,30.3,ugm3
5626,DTU,28.75005,77.111261,North,CPCB,archive,hourly_readings,pm25,2026-09-17T07:00:00Z,30.3,ugm3
5626,DTU,28.75005,77.111261,North,CPCB,archive,hourly_readings,pm25,2026-09-17T08:00:00Z,30.3,ugm3
5626,DTU,28.75005,77.111261,North,CPCB,archive,hourly_readings,pm25,2026-09-17T09:00:00Z,30.3,ugm3
5626,DTU,28.75005,77.111261,North,CPCB,archive,hourly_readings,pm25,2026-09-17T10:00:00Z,29.0,ugm3
5626,DTU,28.75005,77.111261,North,CPCB,archive,hourly_readings,pm25,2026-09-17T11:00:00Z,31.3,ugm3
5626,DTU,28.75005,77.111261,North,CPCB,archive,hourly_readings,pm25,2026-09-17T12:00:00Z,30.8,ugm3
5626,DTU,28.75005,77.111261,North,CPCB,archive,hourly_readings,pm25,2026-09-17T13:00:00Z,37.8,ugm3
5627,CRRI Mathura Road,28.551201,77.273574,South,IMD,archive,hourly_readings,no2,2026-09-16T14:00:00Z,42.9,ugm3
5627,CRRI Mathura Road,28.551201,77.273574,South,IMD,archive,hourly_readings,no2,2026-09-16T15:00:00Z,44.4,ugm3
5627,CRRI Mathura Road,28.551201,77.273574,South,IMD,archive,hourly_readings,no2,2026-09-16T17:00:00Z,36.1,ugm3
5627,CRRI Mathura Road,28.551201,77.273574,South,IMD,archive,hourly_readings,no2,2026-09-16T18:00:00Z,32.3,ugm3
5627,CRRI Mathura Road,28.551201,77.273574,South,IMD,archive,hourly_readings,no2,2026-09-16T19:00:00Z,35.1,ugm3
5627,CRRI Mathura Road,28.551201,77.273574,South,IMD,archive,hourly_readings,no2,2026-09-16T20:00:00Z,35.9,ugm3
5627,CRRI Mathura Road,28.551201,77.273574,South,IMD,archive,hourly_readings,no2,2026-09-16T21:00:00Z,27.0,ugm3
5627,CRRI Mathura Road,28.551201,77.273574,South,IMD,archive,hourly_readings,no2,2026-09-16T22:00:00Z,28.9,ugm3
5627,CRRI Mathura Road,28.551201,77.273574,South,IMD,archive,hourly_readings,no2,2026-09-16T23:00:00Z,29.4,ugm3
5627,CRRI Mathura Road,28.551201,77.273574,South,IMD,archive,hourly_readings,no2,2026-09-17T00:00:00Z,23.7,ugm3
5627,CRRI Mathura Road,28.551201,77.273574,South,IMD,archive,hourly_readings,no2,2026-09-17T01:00:00Z,25.3,ugm3
5627,CRRI Mathura Road,28.551201,77.273574,South,IMD,archive,hourly_readings,no2,2026-09-17T02:00:00Z,24.6,ugm3
5627,CRRI Mathura Road,28.551201,77.273574,South,IMD,archive,hourly_readings,no2,2026-09-17T03:00:00Z,26.2,ugm3
5627,CRRI Mathura Road,28.551201,77.273574,South,IMD,archive,hourly_readings,no2,2026-09-17T04:00:00Z,26.1,ugm3
5627,CRRI Mathura Road,28.551201,77.273574,South,IMD,archive,hourly_readings,no2,2026-09-17T05:00:00Z,23.8,ugm3
5627,CRRI Mathura Road,28.551201,77.273574,South,IMD,archive,hourly_readings,no2,2026-09-17T06:00:00Z,22.4,ugm3
5627,CRRI Mathura Road,28.551201,77.273574,South,IMD,archive,hourly_readings,no2,2026-09-17T07:00:00Z,23.9,ugm3
5627,CRRI Mathura Road,28.551201,77.273574,South,IMD,archive,hourly_readings,no2,2026-09-17T08:00:00Z,26.5,ugm3
5627,CRRI Mathura Road,28.551201,77.273574,South,IMD,archive,hourly_readings,no2,2026-09-17T09:00:00Z,27.4,ugm3
5627,CRRI Mathura Road,28.551201,77.273574,South,IMD,archive,hourly_readings,no2,2026-09-17T10:00:00Z,28.4,ugm3
5627,CRRI Mathura Road,28.551201,77.273574,South,IMD,archive,hourly_readings,no2,2026-09-17T11:00:00Z,54.9,ugm3
5627,CRRI Mathura Road,28.551201,77.273574,South,IMD,archive,hourly_readings,no2,2026-09-17T12:00:00Z,62.1,ugm3
5627,CRRI Mathura Road,28.551201,77.273574,South,IMD,archive,hourly_readings,no2,2026-09-17T13:00:00Z,64.7,ugm3
5627,CRRI Mathura Road,28.551201,77.273574,South,IMD,archive,hourly_readings,o3,2026-09-16T14:00:00Z,31.4,ugm3
5627,CRRI Mathura Road,28.551201,77.273574,South,IMD,archive,hourly_readings,o3,2026-09-16T15:00:00Z,32.8,ugm3
5627,CRRI Mathura Road,28.551201,77.273574,South,IMD,archive,hourly_readings,o3,2026-09-16T17:00:00Z,28.2,ugm3
5627,CRRI Mathura Road,28.551201,77.273574,South,IMD,archive,hourly_readings,o3,2026-09-16T18:00:00Z,30.8,ugm3
5627,CRRI Mathura Road,28.551201,77.273574,South,IMD,archive,hourly_readings,o3,2026-09-16T19:00:00Z,30.7,ugm3
5627,CRRI Mathura Road,28.551201,77.273574,South,IMD,archive,hourly_readings,o3,2026-09-16T20:00:00Z,29.9,ugm3
5627,CRRI Mathura Road,28.551201,77.273574,South,IMD,archive,hourly_readings,o3,2026-09-16T21:00:00Z,31.3,ugm3
5627,CRRI Mathura Road,28.551201,77.273574,South,IMD,archive,hourly_readings,o3,2026-09-16T22:00:00Z,27.1,ugm3
5627,CRRI Mathura Road,28.551201,77.273574,South,IMD,archive,hourly_readings,o3,2026-09-16T23:00:00Z,33.0,ugm3
5627,CRRI Mathura Road,28.551201,77.273574,South,IMD,archive,hourly_readings,o3,2026-09-17T00:00:00Z,39.3,ugm3
5627,CRRI Mathura Road,28.551201,77.273574,South,IMD,archive,hourly_readings,o3,2026-09-17T01:00:00Z,41.2,ugm3
5627,CRRI Mathura Road,28.551201,77.273574,South,IMD,archive,hourly_readings,o3,2026-09-17T02:00:00Z,48.0,ugm3
5627,CRRI Mathura Road,28.551201,77.273574,South,IMD,archive,hourly_readings,o3,2026-09-17T03:00:00Z,52.6,ugm3
5627,CRRI Mathura Road,28.551201,77.273574,South,IMD,archive,hourly_readings,o3,2026-09-17T04:00:00Z,63.0,ugm3
5627,CRRI Mathura Road,28.551201,77.273574,South,IMD,archive,hourly_readings,o3,2026-09-17T05:00:00Z,64.1,ugm3
5627,CRRI Mathura Road,28.551201,77.273574,South,IMD,archive,hourly_readings,o3,2026-09-17T06:00:00Z,77.0,ugm3
5627,CRRI Mathura Road,28.551201,77.273574,South,IMD,archive,hourly_readings,o3,2026-09-17T07:00:00Z,86.9,ugm3
5627,CRRI Mathura Road,28.551201,77.273574,South,IMD,archive,hourly_readings,o3,2026-09-17T08:00:00Z,91.6,ugm3
5627,CRRI Mathura Road,28.551201,77.273574,South,IMD,archive,hourly_readings,o3,2026-09-17T09:00:00Z,86.6,ugm3
5627,CRRI Mathura Road,28.551201,77.273574,South,IMD,archive,hourly_readings,o3,2026-09-17T10:00:00Z,77.9,ugm3
5627,CRRI Mathura Road,28.551201,77.273574,South,IMD,archive,hourly_readings,o3,2026-09-17T11:00:00Z,50.8,ugm3
5627,CRRI Mathura Road,28.551201,77.273574,South,IMD,archive,hourly_readings,o3,2026-09-17T12:00:00Z,40.6,ugm3
5627,CRRI Mathura Road,28.551201,77.273574,South,IMD,archive,hourly_readings,o3,2026-09-17T13:00:00Z,32.3,ugm3
5627,CRRI Mathura Road,28.551201,77.273574,South,IMD,archive,hourly_readings,pm10,2026-09-16T14:00:00Z,173.0,ugm3
5627,CRRI Mathura Road,28.551201,77.273574,South,IMD,archive,hourly_readings,pm10,2026-09-16T15:00:00Z,199.0,ugm3
5627,CRRI Mathura Road,28.551201,77.273574,South,IMD,archive,hourly_readings,pm10,2026-09-16T17:00:00Z,156.0,ugm3
5627,CRRI Mathura Road,28.551201,77.273574,South,IMD,archive,hourly_readings,pm10,2026-09-16T18:00:00Z,148.0,ugm3
5627,CRRI Mathura Road,28.551201,77.273574,South,IMD,archive,hourly_readings,pm10,2026-09-16T19:00:00Z,160.0,ugm3
5627,CRRI Mathura Road,28.551201,77.273574,South,IMD,archive,hourly_readings,pm10,2026-09-16T20:00:00Z,186.0,ugm3
5627,CRRI Mathura Road,28.551201,77.273574,South,IMD,archive,hourly_readings,pm10,2026-09-16T21:00:00Z,210.0,ugm3
5627,CRRI Mathura Road,28.551201,77.273574,South,IMD,archive,hourly_readings,pm10,2026-09-16T22:00:00Z,170.0,ugm3
5627,CRRI Mathura Road,28.551201,77.273574,South,IMD,archive,hourly_readings,pm10,2026-09-16T23:00:00Z,217.0,ugm3
5627,CRRI Mathura Road,28.551201,77.273574,South,IMD,archive,hourly_readings,pm10,2026-09-17T00:00:00Z,54.5,ugm3
5627,CRRI Mathura Road,28.551201,77.273574,South,IMD,archive,hourly_readings,pm10,2026-09-17T01:00:00Z,57.2,ugm3
5627,CRRI Mathura Road,28.551201,77.273574,South,IMD,archive,hourly_readings,pm10,2026-09-17T02:00:00Z,71.2,ugm3
5627,CRRI Mathura Road,28.551201,77.273574,South,IMD,archive,hourly_readings,pm10,2026-09-17T03:00:00Z,101.0,ugm3
5627,CRRI Mathura Road,28.551201,77.273574,South,IMD,archive,hourly_readings,pm10,2026-09-17T04:00:00Z,134.0,ugm3
5627,CRRI Mathura Road,28.551201,77.273574,South,IMD,archive,hourly_readings,pm10,2026-09-17T05:00:00Z,110.0,ugm3
5627,CRRI Mathura Road,28.551201,77.273574,South,IMD,archive,hourly_readings,pm10,2026-09-17T06:00:00Z,94.9,ugm3
5627,CRRI Mathura Road,28.551201,77.273574,South,IMD,archive,hourly_readings,pm10,2026-09-17T07:00:00Z,95.7,ugm3
5627,CRRI Mathura Road,28.551201,77.273574,South,IMD,archive,hourly_readings,pm10,2026-09-17T08:00:00Z,107.0,ugm3
5627,CRRI Mathura Road,28.551201,77.273574,South,IMD,archive,hourly_readings,pm10,2026-09-17T09:00:00Z,97.7,ugm3
5627,CRRI Mathura Road,28.551201,77.273574,South,IMD,archive,hourly_readings,pm10,2026-09-17T10:00:00Z,84.8,ugm3
5627,CRRI Mathura Road,28.551201,77.273574,South,IMD,archive,hourly_readings,pm10,2026-09-17T11:00:00Z,127.0,ugm3
5627,CRRI Mathura Road,28.551201,77.273574,South,IMD,archive,hourly_readings,pm10,2026-09-17T12:00:00Z,155.0,ugm3
5627,CRRI Mathura Road,28.551201,77.273574,South,IMD,archive,hourly_readings,pm10,2026-09-17T13:00:00Z,175.0,ugm3
5627,CRRI Mathura Road,28.551201,77.273574,South,IMD,archive,hourly_readings,pm25,2026-09-16T14:00:00Z,52.1,ugm3
5627,CRRI Mathura Road,28.551201,77.273574,South,IMD,archive,hourly_readings,pm25,2026-09-16T15:00:00Z,50.9,ugm3
5627,CRRI Mathura Road,28.551201,77.273574,South,IMD,archive,hourly_readings,pm25,2026-09-16T17:00:00Z,55.7,ugm3
5627,CRRI Mathura Road,28.551201,77.273574,South,IMD,archive,hourly_readings,pm25,2026-09-16T18:00:00Z,55.7,ugm3
5627,CRRI Mathura Road,28.551201,77.273574,South,IMD,archive,hourly_readings,pm25,2026-09-16T19:00:00Z,61.4,ugm3
5627,CRRI Mathura Road,28.551201,77.273574,South,IMD,archive,hourly_readings,pm25,2026-09-16T20:00:00Z,70.4,ugm3
5627,CRRI Mathura Road,28.551201,77.273574,South,IMD,archive,hourly_readings,pm25,2026-09-16T21:00:00Z,74.6,ugm3
5627,CRRI Mathura Road,28.551201,77.273574,South,IMD,archive,hourly_readings,pm25,2026-09-16T22:00:00Z,43.8,ugm3
5627,CRRI Mathura Road,28.551201,77.273574,South,IMD,archive,hourly_readings,pm25,2026-09-16T23:00:00Z,26.2,ugm3
5627,CRRI Mathura Road,28.551201,77.273574,South,IMD,archive,hourly_readings,pm25,2026-09-17T00:00:00Z,18.1,ugm3
5627,CRRI Mathura Road,28.551201,77.273574,South,IMD,archive,hourly_readings,pm25,2026-09-17T01:00:00Z,12.9,ugm3
5627,CRRI Mathura Road,28.551201,77.273574,South,IMD,archive,hourly_readings,pm25,2026-09-17T02:00:00Z,19.2,ugm3
5627,CRRI Mathura Road,28.551201,77.273574,South,IMD,archive,hourly_readings,pm25,2026-09-17T03:00:00Z,24.6,ugm3
5627,CRRI Mathura Road,28.551201,77.273574,South,IMD,archive,hourly_readings,pm25,2026-09-17T04:00:00Z,48.0,ugm3
5627,CRRI Mathura Road,28.551201,77.273574,South,IMD,archive,hourly_readings,pm25,2026-09-17T05:00:00Z,40.0,ugm3
5627,CRRI Mathura Road,28.551201,77.273574,South,IMD,archive,hourly_readings,pm25,2026-09-17T06:00:00Z,44.0,ugm3
5627,CRRI Mathura Road,28.551201,77.273574,South,IMD,archive,hourly_readings,pm25,2026-09-17T07:00:00Z,40.6,ugm3
5627,CRRI Mathura Road,28.551201,77.273574,South,IMD,archive,hourly_readings,pm25,2026-09-17T08:00:00Z,42.3,ugm3
5627,CRRI Mathura Road,28.551201,77.273574,South,IMD,archive,hourly_readings,pm25,2026-09-17T09:00:00Z,39.9,ugm3
5627,CRRI Mathura Road,28.551201,77.273574,South,IMD,archive,hourly_readings,pm25,2026-09-17T10:00:00Z,38.7,ugm3
5627,CRRI Mathura Road,28.551201,77.273574,South,IMD,archive,hourly_readings,pm25,2026-09-17T11:00:00Z,38.6,ugm3
5627,CRRI Mathura Road,28.551201,77.273574,South,IMD,archive,hourly_readings,pm25,2026-09-17T12:00:00Z,40.8,ugm3
5627,CRRI Mathura Road,28.551201,77.273574,South,IMD,archive,hourly_readings,pm25,2026-09-17T13:00:00Z,46.8,ugm3
5630,Shadipur,28.651478,77.147311,Central,CPCB,archive,hourly_readings,no2,2026-09-16T14:00:00Z,50.4,ugm3
5630,Shadipur,28.651478,77.147311,Central,CPCB,archive,hourly_readings,no2,2026-09-16T15:00:00Z,49.4,ugm3
5630,Shadipur,28.651478,77.147311,Central,CPCB,archive,hourly_readings,no2,2026-09-16T17:00:00Z,45.6,ugm3
5630,Shadipur,28.651478,77.147311,Central,CPCB,archive,hourly_readings,no2,2026-09-16T18:00:00Z,58.5,ugm3
5630,Shadipur,28.651478,77.147311,Central,CPCB,archive,hourly_readings,no2,2026-09-16T19:00:00Z,54.0,ugm3
5630,Shadipur,28.651478,77.147311,Central,CPCB,archive,hourly_readings,no2,2026-09-16T20:00:00Z,43.6,ugm3
5630,Shadipur,28.651478,77.147311,Central,CPCB,archive,hourly_readings,no2,2026-09-16T21:00:00Z,48.5,ugm3
5630,Shadipur,28.651478,77.147311,Central,CPCB,archive,hourly_readings,no2,2026-09-16T22:00:00Z,113.0,ugm3
5630,Shadipur,28.651478,77.147311,Central,CPCB,archive,hourly_readings,no2,2026-09-16T23:00:00Z,65.0,ugm3
5630,Shadipur,28.651478,77.147311,Central,CPCB,archive,hourly_readings,no2,2026-09-17T00:00:00Z,54.0,ugm3
5630,Shadipur,28.651478,77.147311,Central,CPCB,archive,hourly_readings,no2,2026-09-17T01:00:00Z,51.3,ugm3
5630,Shadipur,28.651478,77.147311,Central,CPCB,archive,hourly_readings,no2,2026-09-17T02:00:00Z,50.6,ugm3
5630,Shadipur,28.651478,77.147311,Central,CPCB,archive,hourly_readings,no2,2026-09-17T03:00:00Z,48.3,ugm3
5630,Shadipur,28.651478,77.147311,Central,CPCB,archive,hourly_readings,no2,2026-09-17T04:00:00Z,46.4,ugm3
5630,Shadipur,28.651478,77.147311,Central,CPCB,archive,hourly_readings,no2,2026-09-17T05:00:00Z,49.7,ugm3
5630,Shadipur,28.651478,77.147311,Central,CPCB,archive,hourly_readings,no2,2026-09-17T06:00:00Z,50.9,ugm3
5630,Shadipur,28.651478,77.147311,Central,CPCB,archive,hourly_readings,no2,2026-09-17T07:00:00Z,52.0,ugm3
5630,Shadipur,28.651478,77.147311,Central,CPCB,archive,hourly_readings,no2,2026-09-17T08:00:00Z,49.5,ugm3
5630,Shadipur,28.651478,77.147311,Central,CPCB,archive,hourly_readings,no2,2026-09-17T09:00:00Z,50.6,ugm3
5630,Shadipur,28.651478,77.147311,Central,CPCB,archive,hourly_readings,no2,2026-09-17T10:00:00Z,50.7,ugm3
5630,Shadipur,28.651478,77.147311,Central,CPCB,archive,hourly_readings,no2,2026-09-17T11:00:00Z,55.5,ugm3
5630,Shadipur,28.651478,77.147311,Central,CPCB,archive,hourly_readings,no2,2026-09-17T12:00:00Z,58.4,ugm3
5630,Shadipur,28.651478,77.147311,Central,CPCB,archive,hourly_readings,no2,2026-09-17T13:00:00Z,49.4,ugm3
5630,Shadipur,28.651478,77.147311,Central,CPCB,archive,hourly_readings,o3,2026-09-16T14:00:00Z,11.0,ugm3
5630,Shadipur,28.651478,77.147311,Central,CPCB,archive,hourly_readings,o3,2026-09-16T15:00:00Z,11.8,ugm3
5630,Shadipur,28.651478,77.147311,Central,CPCB,archive,hourly_readings,o3,2026-09-16T17:00:00Z,12.7,ugm3
5630,Shadipur,28.651478,77.147311,Central,CPCB,archive,hourly_readings,o3,2026-09-16T18:00:00Z,14.7,ugm3
5630,Shadipur,28.651478,77.147311,Central,CPCB,archive,hourly_readings,o3,2026-09-16T19:00:00Z,13.3,ugm3
5630,Shadipur,28.651478,77.147311,Central,CPCB,archive,hourly_readings,o3,2026-09-16T20:00:00Z,12.1,ugm3
5630,Shadipur,28.651478,77.147311,Central,CPCB,archive,hourly_readings,o3,2026-09-16T21:00:00Z,13.0,ugm3
5630,Shadipur,28.651478,77.147311,Central,CPCB,archive,hourly_readings,o3,2026-09-16T22:00:00Z,17.9,ugm3
5630,Shadipur,28.651478,77.147311,Central,CPCB,archive,hourly_readings,o3,2026-09-16T23:00:00Z,24.3,ugm3
5630,Shadipur,28.651478,77.147311,Central,CPCB,archive,hourly_readings,o3,2026-09-17T00:00:00Z,19.6,ugm3
5630,Shadipur,28.651478,77.147311,Central,CPCB,archive,hourly_readings,o3,2026-09-17T01:00:00Z,19.2,ugm3
5630,Shadipur,28.651478,77.147311,Central,CPCB,archive,hourly_readings,o3,2026-09-17T02:00:00Z,21.2,ugm3
5630,Shadipur,28.651478,77.147311,Central,CPCB,archive,hourly_readings,o3,2026-09-17T03:00:00Z,18.2,ugm3
5630,Shadipur,28.651478,77.147311,Central,CPCB,archive,hourly_readings,o3,2026-09-17T04:00:00Z,12.7,ugm3
5630,Shadipur,28.651478,77.147311,Central,CPCB,archive,hourly_readings,o3,2026-09-17T05:00:00Z,9.2,ugm3
5630,Shadipur,28.651478,77.147311,Central,CPCB,archive,hourly_readings,o3,2026-09-17T06:00:00Z,8.4,ugm3
5630,Shadipur,28.651478,77.147311,Central,CPCB,archive,hourly_readings,o3,2026-09-17T07:00:00Z,9.8,ugm3
5630,Shadipur,28.651478,77.147311,Central,CPCB,archive,hourly_readings,o3,2026-09-17T08:00:00Z,10.4,ugm3
5630,Shadipur,28.651478,77.147311,Central,CPCB,archive,hourly_readings,o3,2026-09-17T09:00:00Z,8.1,ugm3
5630,Shadipur,28.651478,77.147311,Central,CPCB,archive,hourly_readings,o3,2026-09-17T10:00:00Z,7.1,ugm3
5630,Shadipur,28.651478,77.147311,Central,CPCB,archive,hourly_readings,o3,2026-09-17T11:00:00Z,7.3,ugm3
5630,Shadipur,28.651478,77.147311,Central,CPCB,archive,hourly_readings,o3,2026-09-17T12:00:00Z,9.3,ugm3
5630,Shadipur,28.651478,77.147311,Central,CPCB,archive,hourly_readings,o3,2026-09-17T13:00:00Z,9.3,ugm3
5630,Shadipur,28.651478,77.147311,Central,CPCB,archive,hourly_readings,pm10,2026-09-16T14:00:00Z,144.0,ugm3
5630,Shadipur,28.651478,77.147311,Central,CPCB,archive,hourly_readings,pm10,2026-09-16T15:00:00Z,127.0,ugm3
5630,Shadipur,28.651478,77.147311,Central,CPCB,archive,hourly_readings,pm10,2026-09-16T17:00:00Z,126.0,ugm3
5630,Shadipur,28.651478,77.147311,Central,CPCB,archive,hourly_readings,pm10,2026-09-16T18:00:00Z,127.0,ugm3
5630,Shadipur,28.651478,77.147311,Central,CPCB,archive,hourly_readings,pm10,2026-09-16T19:00:00Z,131.0,ugm3
5630,Shadipur,28.651478,77.147311,Central,CPCB,archive,hourly_readings,pm10,2026-09-16T20:00:00Z,123.0,ugm3
5630,Shadipur,28.651478,77.147311,Central,CPCB,archive,hourly_readings,pm10,2026-09-16T21:00:00Z,121.0,ugm3
5630,Shadipur,28.651478,77.147311,Central,CPCB,archive,hourly_readings,pm10,2026-09-16T22:00:00Z,111.0,ugm3
5630,Shadipur,28.651478,77.147311,Central,CPCB,archive,hourly_readings,pm10,2026-09-16T23:00:00Z,111.0,ugm3
5630,Shadipur,28.651478,77.147311,Central,CPCB,archive,hourly_readings,pm10,2026-09-17T00:00:00Z,78.4,ugm3
5630,Shadipur,28.651478,77.147311,Central,CPCB,archive,hourly_readings,pm10,2026-09-17T01:00:00Z,70.0,ugm3
5630,Shadipur,28.651478,77.147311,Central,CPCB,archive,hourly_readings,pm10,2026-09-17T02:00:00Z,67.4,ugm3
5630,Shadipur,28.651478,77.147311,Central,CPCB,archive,hourly_readings,pm10,2026-09-17T03:00:00Z,62.1,ugm3
5630,Shadipur,28.651478,77.147311,Central,CPCB,archive,hourly_readings,pm10,2026-09-17T04:00:00Z,63.6,ugm3
5630,Shadipur,28.651478,77.147311,Central,CPCB,archive,hourly_readings,pm10,2026-09-17T05:00:00Z,70.4,ugm3
5630,Shadipur,28.651478,77.147311,Central,CPCB,archive,hourly_readings,pm10,2026-09-17T06:00:00Z,68.5,ugm3
5630,Shadipur,28.651478,77.147311,Central,CPCB,archive,hourly_readings,pm10,2026-09-17T07:00:00Z,72.0,ugm3
5630,Shadipur,28.651478,77.147311,Central,CPCB,archive,hourly_readings,pm10,2026-09-17T08:00:00Z,72.8,ugm3
5630,Shadipur,28.651478,77.147311,Central,CPCB,archive,hourly_readings,pm10,2026-09-17T09:00:00Z,66.8,ugm3
5630,Shadipur,28.651478,77.147311,Central,CPCB,archive,hourly_readings,pm10,2026-09-17T10:00:00Z,62.7,ugm3
5630,Shadipur,28.651478,77.147311,Central,CPCB,archive,hourly_readings,pm10,2026-09-17T11:00:00Z,61.8,ugm3
5630,Shadipur,28.651478,77.147311,Central,CPCB,archive,hourly_readings,pm10,2026-09-17T12:00:00Z,84.8,ugm3
5630,Shadipur,28.651478,77.147311,Central,CPCB,archive,hourly_readings,pm10,2026-09-17T13:00:00Z,110.0,ugm3
5630,Shadipur,28.651478,77.147311,Central,CPCB,archive,hourly_readings,pm25,2026-09-16T14:00:00Z,48.1,ugm3
5630,Shadipur,28.651478,77.147311,Central,CPCB,archive,hourly_readings,pm25,2026-09-16T15:00:00Z,45.3,ugm3
5630,Shadipur,28.651478,77.147311,Central,CPCB,archive,hourly_readings,pm25,2026-09-16T17:00:00Z,45.2,ugm3
5630,Shadipur,28.651478,77.147311,Central,CPCB,archive,hourly_readings,pm25,2026-09-16T18:00:00Z,45.1,ugm3
5630,Shadipur,28.651478,77.147311,Central,CPCB,archive,hourly_readings,pm25,2026-09-16T19:00:00Z,45.0,ugm3
5630,Shadipur,28.651478,77.147311,Central,CPCB,archive,hourly_readings,pm25,2026-09-16T20:00:00Z,45.3,ugm3
5630,Shadipur,28.651478,77.147311,Central,CPCB,archive,hourly_readings,pm25,2026-09-16T21:00:00Z,45.2,ugm3
5630,Shadipur,28.651478,77.147311,Central,CPCB,archive,hourly_readings,pm25,2026-09-16T22:00:00Z,39.4,ugm3
5630,Shadipur,28.651478,77.147311,Central,CPCB,archive,hourly_readings,pm25,2026-09-16T23:00:00Z,26.9,ugm3
5630,Shadipur,28.651478,77.147311,Central,CPCB,archive,hourly_readings,pm25,2026-09-17T00:00:00Z,20.5,ugm3
5630,Shadipur,28.651478,77.147311,Central,CPCB,archive,hourly_readings,pm25,2026-09-17T01:00:00Z,19.8,ugm3
5630,Shadipur,28.651478,77.147311,Central,CPCB,archive,hourly_readings,pm25,2026-09-17T02:00:00Z,21.4,ugm3
5630,Shadipur,28.651478,77.147311,Central,CPCB,archive,hourly_readings,pm25,2026-09-17T03:00:00Z,26.5,ugm3
5630,Shadipur,28.651478,77.147311,Central,CPCB,archive,hourly_readings,pm25,2026-09-17T04:00:00Z,28.4,ugm3
5630,Shadipur,28.651478,77.147311,Central,CPCB,archive,hourly_readings,pm25,2026-09-17T05:00:00Z,29.8,ugm3
5630,Shadipur,28.651478,77.147311,Central,CPCB,archive,hourly_readings,pm25,2026-09-17T06:00:00Z,26.2,ugm3
5630,Shadipur,28.651478,77.147311,Central,CPCB,archive,hourly_readings,pm25,2026-09-17T07:00:00Z,27.5,ugm3
5630,Shadipur,28.651478,77.147311,Central,CPCB,archive,hourly_readings,pm25,2026-09-17T08:00:00Z,22.7,ugm3
5630,Shadipur,28.651478,77.147311,Central,CPCB,archive,hourly_readings,pm25,2026-09-17T09:00:00Z,24.9,ugm3
5630,Shadipur,28.651478,77.147311,Central,CPCB,archive,hourly_readings,pm25,2026-09-17T10:00:00Z,22.8,ugm3
5630,Shadipur,28.651478,77.147311,Central,CPCB,archive,hourly_readings,pm25,2026-09-17T11:00:00Z,27.5,ugm3
5630,Shadipur,28.651478,77.147311,Central,CPCB,archive,hourly_readings,pm25,2026-09-17T12:00:00Z,31.2,ugm3
5630,Shadipur,28.651478,77.147311,Central,CPCB,archive,hourly_readings,pm25,2026-09-17T13:00:00Z,36.9,ugm3
5634,Lodhi Road,28.591825,77.227307,Central,IMD,archive,hourly_readings,no2,2026-09-16T14:00:00Z,33.9,ugm3
5634,Lodhi Road,28.591825,77.227307,Central,IMD,archive,hourly_readings,no2,2026-09-16T15:00:00Z,34.7,ugm3
5634,Lodhi Road,28.591825,77.227307,Central,IMD,archive,hourly_readings,no2,2026-09-16T17:00:00Z,33.3,ugm3
5634,Lodhi Road,28.591825,77.227307,Central,IMD,archive,hourly_readings,no2,2026-09-16T18:00:00Z,30.6,ugm3
5634,Lodhi Road,28.591825,77.227307,Central,IMD,archive,hourly_readings,no2,2026-09-16T19:00:00Z,27.5,ugm3
5634,Lodhi Road,28.591825,77.227307,Central,IMD,archive,hourly_readings,no2,2026-09-16T20:00:00Z,25.5,ugm3
5634,Lodhi Road,28.591825,77.227307,Central,IMD,archive,hourly_readings,no2,2026-09-16T21:00:00Z,20.7,ugm3
5634,Lodhi Road,28.591825,77.227307,Central,IMD,archive,hourly_readings,no2,2026-09-16T22:00:00Z,13.7,ugm3
5634,Lodhi Road,28.591825,77.227307,Central,IMD,archive,hourly_readings,no2,2026-09-16T23:00:00Z,4.2,ugm3
5634,Lodhi Road,28.591825,77.227307,Central,IMD,archive,hourly_readings,no2,2026-09-17T00:00:00Z,6.3,ugm3
5634,Lodhi Road,28.591825,77.227307,Central,IMD,archive,hourly_readings,no2,2026-09-17T01:00:00Z,6.9,ugm3
5634,Lodhi Road,28.591825,77.227307,Central,IMD,archive,hourly_readings,no2,2026-09-17T02:00:00Z,10.6,ugm3
5634,Lodhi Road,28.591825,77.227307,Central,IMD,archive,hourly_readings,no2,2026-09-17T03:00:00Z,13.5,ugm3
5634,Lodhi Road,28.591825,77.227307,Central,IMD,archive,hourly_readings,no2,2026-09-17T04:00:00Z,9.2,ugm3
5634,Lodhi Road,28.591825,77.227307,Central,IMD,archive,hourly_readings,no2,2026-09-17T05:00:00Z,6.8,ugm3
5634,Lodhi Road,28.591825,77.227307,Central,IMD,archive,hourly_readings,no2,2026-09-17T06:00:00Z,7.7,ugm3
5634,Lodhi Road,28.591825,77.227307,Central,IMD,archive,hourly_readings,no2,2026-09-17T07:00:00Z,7.4,ugm3
5634,Lodhi Road,28.591825,77.227307,Central,IMD,archive,hourly_readings,no2,2026-09-17T08:00:00Z,6.6,ugm3
5634,Lodhi Road,28.591825,77.227307,Central,IMD,archive,hourly_readings,no2,2026-09-17T09:00:00Z,4.8,ugm3
5634,Lodhi Road,28.591825,77.227307,Central,IMD,archive,hourly_readings,no2,2026-09-17T10:00:00Z,6.9,ugm3
5634,Lodhi Road,28.591825,77.227307,Central,IMD,archive,hourly_readings,no2,2026-09-17T11:00:00Z,18.1,ugm3
5634,Lodhi Road,28.591825,77.227307,Central,IMD,archive,hourly_readings,no2,2026-09-17T12:00:00Z,29.5,ugm3
5634,Lodhi Road,28.591825,77.227307,Central,IMD,archive,hourly_readings,no2,2026-09-17T13:00:00Z,35.3,ugm3
5634,Lodhi Road,28.591825,77.227307,Central,IMD,archive,hourly_readings,o3,2026-09-16T14:00:00Z,8.7,ugm3
5634,Lodhi Road,28.591825,77.227307,Central,IMD,archive,hourly_readings,o3,2026-09-16T15:00:00Z,4.7,ugm3
5634,Lodhi Road,28.591825,77.227307,Central,IMD,archive,hourly_readings,o3,2026-09-16T17:00:00Z,3.2,ugm3
5634,Lodhi Road,28.591825,77.227307,Central,IMD,archive,hourly_readings,o3,2026-09-16T18:00:00Z,6.3,ugm3
5634,Lodhi Road,28.591825,77.227307,Central,IMD,archive,hourly_readings,o3,2026-09-16T19:00:00Z,6.8,ugm3
5634,Lodhi Road,28.591825,77.227307,Central,IMD,archive,hourly_readings,o3,2026-09-16T20:00:00Z,7.9,ugm3
5634,Lodhi Road,28.591825,77.227307,Central,IMD,archive,hourly_readings,o3,2026-09-16T21:00:00Z,14.1,ugm3
5634,Lodhi Road,28.591825,77.227307,Central,IMD,archive,hourly_readings,o3,2026-09-16T22:00:00Z,51.4,ugm3
5634,Lodhi Road,28.591825,77.227307,Central,IMD,archive,hourly_readings,o3,2026-09-16T23:00:00Z,76.7,ugm3
5634,Lodhi Road,28.591825,77.227307,Central,IMD,archive,hourly_readings,o3,2026-09-17T00:00:00Z,66.3,ugm3
5634,Lodhi Road,28.591825,77.227307,Central,IMD,archive,hourly_readings,o3,2026-09-17T01:00:00Z,74.7,ugm3
5634,Lodhi Road,28.591825,77.227307,Central,IMD,archive,hourly_readings,o3,2026-09-17T02:00:00Z,80.3,ugm3
5634,Lodhi Road,28.591825,77.227307,Central,IMD,archive,hourly_readings,o3,2026-09-17T03:00:00Z,96.6,ugm3
5634,Lodhi Road,28.591825,77.227307,Central,IMD,archive,hourly_readings,o3,2026-09-17T04:00:00Z,105.0,ugm3
5634,Lodhi Road,28.591825,77.227307,Central,IMD,archive,hourly_readings,o3,2026-09-17T05:00:00Z,104.0,ugm3
5634,Lodhi Road,28.591825,77.227307,Central,IMD,archive,hourly_readings,o3,2026-09-17T06:00:00Z,116.0,ugm3
5634,Lodhi Road,28.591825,77.227307,Central,IMD,archive,hourly_readings,o3,2026-09-17T07:00:00Z,141.0,ugm3
5634,Lodhi Road,28.591825,77.227307,Central,IMD,archive,hourly_readings,o3,2026-09-17T08:00:00Z,148.0,ugm3
5634,Lodhi Road,28.591825,77.227307,Central,IMD,archive,hourly_readings,o3,2026-09-17T09:00:00Z,125.0,ugm3
5634,Lodhi Road,28.591825,77.227307,Central,IMD,archive,hourly_readings,o3,2026-09-17T10:00:00Z,98.6,ugm3
5634,Lodhi Road,28.591825,77.227307,Central,IMD,archive,hourly_readings,o3,2026-09-17T11:00:00Z,56.0,ugm3
5634,Lodhi Road,28.591825,77.227307,Central,IMD,archive,hourly_readings,o3,2026-09-17T12:00:00Z,31.0,ugm3
5634,Lodhi Road,28.591825,77.227307,Central,IMD,archive,hourly_readings,o3,2026-09-17T13:00:00Z,15.5,ugm3
5634,Lodhi Road,28.591825,77.227307,Central,IMD,archive,hourly_readings,pm10,2026-09-16T14:00:00Z,72.8,ugm3
5634,Lodhi Road,28.591825,77.227307,Central,IMD,archive,hourly_readings,pm10,2026-09-16T15:00:00Z,90.4,ugm3
5634,Lodhi Road,28.591825,77.227307,Central,IMD,archive,hourly_readings,pm10,2026-09-16T17:00:00Z,132.0,ugm3
5634,Lodhi Road,28.591825,77.227307,Central,IMD,archive,hourly_readings,pm10,2026-09-16T18:00:00Z,139.0,ugm3
5634,Lodhi Road,28.591825,77.227307,Central,IMD,archive,hourly_readings,pm10,2026-09-16T19:00:00Z,138.0,ugm3
5634,Lodhi Road,28.591825,77.227307,Central,IMD,archive,hourly_readings,pm10,2026-09-16T20:00:00Z,131.0,ugm3
5634,Lodhi Road,28.591825,77.227307,Central,IMD,archive,hourly_readings,pm10,2026-09-16T21:00:00Z,132.0,ugm3
5634,Lodhi Road,28.591825,77.227307,Central,IMD,archive,hourly_readings,pm10,2026-09-16T22:00:00Z,139.0,ugm3
5634,Lodhi Road,28.591825,77.227307,Central,IMD,archive,hourly_readings,pm10,2026-09-16T23:00:00Z,95.9,ugm3
5634,Lodhi Road,28.591825,77.227307,Central,IMD,archive,hourly_readings,pm10,2026-09-17T00:00:00Z,46.3,ugm3
5634,Lodhi Road,28.591825,77.227307,Central,IMD,archive,hourly_readings,pm10,2026-09-17T01:00:00Z,45.0,ugm3
5634,Lodhi Road,28.591825,77.227307,Central,IMD,archive,hourly_readings,pm10,2026-09-17T02:00:00Z,56.2,ugm3
5634,Lodhi Road,28.591825,77.227307,Central,IMD,archive,hourly_readings,pm10,2026-09-17T03:00:00Z,84.7,ugm3
5634,Lodhi Road,28.591825,77.227307,Central,IMD,archive,hourly_readings,pm10,2026-09-17T04:00:00Z,109.0,ugm3
5634,Lodhi Road,28.591825,77.227307,Central,IMD,archive,hourly_readings,pm10,2026-09-17T05:00:00Z,118.0,ugm3
5634,Lodhi Road,28.591825,77.227307,Central,IMD,archive,hourly_readings,pm10,2026-09-17T06:00:00Z,93.3,ugm3
5634,Lodhi Road,28.591825,77.227307,Central,IMD,archive,hourly_readings,pm10,2026-09-17T07:00:00Z,105.0,ugm3
5634,Lodhi Road,28.591825,77.227307,Central,IMD,archive,hourly_readings,pm10,2026-09-17T08:00:00Z,120.0,ugm3
5634,Lodhi Road,28.591825,77.227307,Central,IMD,archive,hourly_readings,pm10,2026-09-17T09:00:00Z,110.0,ugm3
5634,Lodhi Road,28.591825,77.227307,Central,IMD,archive,hourly_readings,pm10,2026-09-17T10:00:00Z,88.1,ugm3
5634,Lodhi Road,28.591825,77.227307,Central,IMD,archive,hourly_readings,pm10,2026-09-17T11:00:00Z,74.5,ugm3
5634,Lodhi Road,28.591825,77.227307,Central,IMD,archive,hourly_readings,pm10,2026-09-17T12:00:00Z,77.7,ugm3
5634,Lodhi Road,28.591825,77.227307,Central,IMD,archive,hourly_readings,pm10,2026-09-17T13:00:00Z,93.0,ugm3
5634,Lodhi Road,28.591825,77.227307,Central,IMD,archive,hourly_readings,pm25,2026-09-16T14:00:00Z,24.3,ugm3
5634,Lodhi Road,28.591825,77.227307,Central,IMD,archive,hourly_readings,pm25,2026-09-16T15:00:00Z,36.8,ugm3
5634,Lodhi Road,28.591825,77.227307,Central,IMD,archive,hourly_readings,pm25,2026-09-16T17:00:00Z,62.7,ugm3
5634,Lodhi Road,28.591825,77.227307,Central,IMD,archive,hourly_readings,pm25,2026-09-16T18:00:00Z,64.9,ugm3
5634,Lodhi Road,28.591825,77.227307,Central,IMD,archive,hourly_readings,pm25,2026-09-16T19:00:00Z,63.0,ugm3
5634,Lodhi Road,28.591825,77.227307,Central,IMD,archive,hourly_readings,pm25,2026-09-16T20:00:00Z,50.2,ugm3
5634,Lodhi Road,28.591825,77.227307,Central,IMD,archive,hourly_readings,pm25,2026-09-16T21:00:00Z,62.1,ugm3
5634,Lodhi Road,28.591825,77.227307,Central,IMD,archive,hourly_readings,pm25,2026-09-16T22:00:00Z,35.9,ugm3
5634,Lodhi Road,28.591825,77.227307,Central,IMD,archive,hourly_readings,pm25,2026-09-16T23:00:00Z,21.5,ugm3
5634,Lodhi Road,28.591825,77.227307,Central,IMD,archive,hourly_readings,pm25,2026-09-17T00:00:00Z,24.1,ugm3
5634,Lodhi Road,28.591825,77.227307,Central,IMD,archive,hourly_readings,pm25,2026-09-17T01:00:00Z,15.5,ugm3
5634,Lodhi Road,28.591825,77.227307,Central,IMD,archive,hourly_readings,pm25,2026-09-17T02:00:00Z,20.0,ugm3
5634,Lodhi Road,28.591825,77.227307,Central,IMD,archive,hourly_readings,pm25,2026-09-17T03:00:00Z,42.0,ugm3
5634,Lodhi Road,28.591825,77.227307,Central,IMD,archive,hourly_readings,pm25,2026-09-17T04:00:00Z,51.2,ugm3
5634,Lodhi Road,28.591825,77.227307,Central,IMD,archive,hourly_readings,pm25,2026-09-17T05:00:00Z,49.8,ugm3
5634,Lodhi Road,28.591825,77.227307,Central,IMD,archive,hourly_readings,pm25,2026-09-17T06:00:00Z,57.1,ugm3
5634,Lodhi Road,28.591825,77.227307,Central,IMD,archive,hourly_readings,pm25,2026-09-17T07:00:00Z,64.7,ugm3
5634,Lodhi Road,28.591825,77.227307,Central,IMD,archive,hourly_readings,pm25,2026-09-17T08:00:00Z,64.7,ugm3
5634,Lodhi Road,28.591825,77.227307,Central,IMD,archive,hourly_readings,pm25,2026-09-17T09:00:00Z,41.2,ugm3
5634,Lodhi Road,28.591825,77.227307,Central,IMD,archive,hourly_readings,pm25,2026-09-17T10:00:00Z,42.1,ugm3
5634,Lodhi Road,28.591825,77.227307,Central,IMD,archive,hourly_readings,pm25,2026-09-17T11:00:00Z,22.1,ugm3
5634,Lodhi Road,28.591825,77.227307,Central,IMD,archive,hourly_readings,pm25,2026-09-17T12:00:00Z,35.3,ugm3
5634,Lodhi Road,28.591825,77.227307,Central,IMD,archive,hourly_readings,pm25,2026-09-17T13:00:00Z,42.8,ugm3
5665,"Vasundhara, Ghaziabad",28.660335,77.357256,NCR Outer,UPPCB,archive,hourly_readings,no2,2026-09-16T14:00:00Z,35.3,ugm3
5665,"Vasundhara, Ghaziabad",28.660335,77.357256,NCR Outer,UPPCB,archive,hourly_readings,no2,2026-09-16T15:00:00Z,29.9,ugm3
5665,"Vasundhara, Ghaziabad",28.660335,77.357256,NCR Outer,UPPCB,archive,hourly_readings,no2,2026-09-16T17:00:00Z,32.6,ugm3
5665,"Vasundhara, Ghaziabad",28.660335,77.357256,NCR Outer,UPPCB,archive,hourly_readings,no2,2026-09-16T18:00:00Z,45.0,ugm3
5665,"Vasundhara, Ghaziabad",28.660335,77.357256,NCR Outer,UPPCB,archive,hourly_readings,no2,2026-09-16T19:00:00Z,30.6,ugm3
5665,"Vasundhara, Ghaziabad",28.660335,77.357256,NCR Outer,UPPCB,archive,hourly_readings,no2,2026-09-16T20:00:00Z,23.2,ugm3
5665,"Vasundhara, Ghaziabad",28.660335,77.357256,NCR Outer,UPPCB,archive,hourly_readings,no2,2026-09-16T21:00:00Z,27.9,ugm3
5665,"Vasundhara, Ghaziabad",28.660335,77.357256,NCR Outer,UPPCB,archive,hourly_readings,no2,2026-09-16T22:00:00Z,27.0,ugm3
5665,"Vasundhara, Ghaziabad",28.660335,77.357256,NCR Outer,UPPCB,archive,hourly_readings,no2,2026-09-16T23:00:00Z,25.4,ugm3
5665,"Vasundhara, Ghaziabad",28.660335,77.357256,NCR Outer,UPPCB,archive,hourly_readings,no2,2026-09-17T00:00:00Z,15.4,ugm3
5665,"Vasundhara, Ghaziabad",28.660335,77.357256,NCR Outer,UPPCB,archive,hourly_readings,no2,2026-09-17T01:00:00Z,21.4,ugm3
5665,"Vasundhara, Ghaziabad",28.660335,77.357256,NCR Outer,UPPCB,archive,hourly_readings,no2,2026-09-17T02:00:00Z,17.2,ugm3
5665,"Vasundhara, Ghaziabad",28.660335,77.357256,NCR Outer,UPPCB,archive,hourly_readings,no2,2026-09-17T03:00:00Z,31.0,ugm3
5665,"Vasundhara, Ghaziabad",28.660335,77.357256,NCR Outer,UPPCB,archive,hourly_readings,no2,2026-09-17T04:00:00Z,33.8,ugm3
5665,"Vasundhara, Ghaziabad",28.660335,77.357256,NCR Outer,UPPCB,archive,hourly_readings,no2,2026-09-17T05:00:00Z,9.4,ugm3
5665,"Vasundhara, Ghaziabad",28.660335,77.357256,NCR Outer,UPPCB,archive,hourly_readings,no2,2026-09-17T06:00:00Z,14.2,ugm3
5665,"Vasundhara, Ghaziabad",28.660335,77.357256,NCR Outer,UPPCB,archive,hourly_readings,no2,2026-09-17T07:00:00Z,10.5,ugm3
5665,"Vasundhara, Ghaziabad",28.660335,77.357256,NCR Outer,UPPCB,archive,hourly_readings,no2,2026-09-17T08:00:00Z,10.2,ugm3
5665,"Vasundhara, Ghaziabad",28.660335,77.357256,NCR Outer,UPPCB,archive,hourly_readings,no2,2026-09-17T09:00:00Z,10.0,ugm3
5665,"Vasundhara, Ghaziabad",28.660335,77.357256,NCR Outer,UPPCB,archive,hourly_readings,no2,2026-09-17T10:00:00Z,11.2,ugm3
5665,"Vasundhara, Ghaziabad",28.660335,77.357256,NCR Outer,UPPCB,archive,hourly_readings,no2,2026-09-17T11:00:00Z,18.1,ugm3
5665,"Vasundhara, Ghaziabad",28.660335,77.357256,NCR Outer,UPPCB,archive,hourly_readings,no2,2026-09-17T12:00:00Z,34.7,ugm3
5665,"Vasundhara, Ghaziabad",28.660335,77.357256,NCR Outer,UPPCB,archive,hourly_readings,no2,2026-09-17T13:00:00Z,53.4,ugm3
5665,"Vasundhara, Ghaziabad",28.660335,77.357256,NCR Outer,UPPCB,archive,hourly_readings,o3,2026-09-16T14:00:00Z,54.2,ugm3
5665,"Vasundhara, Ghaziabad",28.660335,77.357256,NCR Outer,UPPCB,archive,hourly_readings,o3,2026-09-16T15:00:00Z,52.3,ugm3
5665,"Vasundhara, Ghaziabad",28.660335,77.357256,NCR Outer,UPPCB,archive,hourly_readings,o3,2026-09-16T17:00:00Z,15.2,ugm3
5665,"Vasundhara, Ghaziabad",28.660335,77.357256,NCR Outer,UPPCB,archive,hourly_readings,o3,2026-09-16T18:00:00Z,6.4,ugm3
5665,"Vasundhara, Ghaziabad",28.660335,77.357256,NCR Outer,UPPCB,archive,hourly_readings,o3,2026-09-16T19:00:00Z,8.2,ugm3
5665,"Vasundhara, Ghaziabad",28.660335,77.357256,NCR Outer,UPPCB,archive,hourly_readings,o3,2026-09-16T20:00:00Z,11.8,ugm3
5665,"Vasundhara, Ghaziabad",28.660335,77.357256,NCR Outer,UPPCB,archive,hourly_readings,o3,2026-09-16T21:00:00Z,6.7,ugm3
5665,"Vasundhara, Ghaziabad",28.660335,77.357256,NCR Outer,UPPCB,archive,hourly_readings,o3,2026-09-16T22:00:00Z,52.8,ugm3
5665,"Vasundhara, Ghaziabad",28.660335,77.357256,NCR Outer,UPPCB,archive,hourly_readings,o3,2026-09-16T23:00:00Z,23.5,ugm3
5665,"Vasundhara, Ghaziabad",28.660335,77.357256,NCR Outer,UPPCB,archive,hourly_readings,o3,2026-09-17T00:00:00Z,15.7,ugm3
5665,"Vasundhara, Ghaziabad",28.660335,77.357256,NCR Outer,UPPCB,archive,hourly_readings,o3,2026-09-17T01:00:00Z,18.5,ugm3
5665,"Vasundhara, Ghaziabad",28.660335,77.357256,NCR Outer,UPPCB,archive,hourly_readings,o3,2026-09-17T02:00:00Z,27.8,ugm3
5665,"Vasundhara, Ghaziabad",28.660335,77.357256,NCR Outer,UPPCB,archive,hourly_readings,o3,2026-09-17T03:00:00Z,31.7,ugm3
5665,"Vasundhara, Ghaziabad",28.660335,77.357256,NCR Outer,UPPCB,archive,hourly_readings,o3,2026-09-17T04:00:00Z,18.2,ugm3
5665,"Vasundhara, Ghaziabad",28.660335,77.357256,NCR Outer,UPPCB,archive,hourly_readings,o3,2026-09-17T05:00:00Z,7.9,ugm3
5665,"Vasundhara, Ghaziabad",28.660335,77.357256,NCR Outer,UPPCB,archive,hourly_readings,o3,2026-09-17T06:00:00Z,29.3,ugm3
5665,"Vasundhara, Ghaziabad",28.660335,77.357256,NCR Outer,UPPCB,archive,hourly_readings,o3,2026-09-17T09:00:00Z,34.7,ugm3
5665,"Vasundhara, Ghaziabad",28.660335,77.357256,NCR Outer,UPPCB,archive,hourly_readings,o3,2026-09-17T10:00:00Z,42.4,ugm3
5665,"Vasundhara, Ghaziabad",28.660335,77.357256,NCR Outer,UPPCB,archive,hourly_readings,o3,2026-09-17T11:00:00Z,44.5,ugm3
5665,"Vasundhara, Ghaziabad",28.660335,77.357256,NCR Outer,UPPCB,archive,hourly_readings,o3,2026-09-17T12:00:00Z,37.7,ugm3
5665,"Vasundhara, Ghaziabad",28.660335,77.357256,NCR Outer,UPPCB,archive,hourly_readings,o3,2026-09-17T13:00:00Z,31.7,ugm3
5665,"Vasundhara, Ghaziabad",28.660335,77.357256,NCR Outer,UPPCB,archive,hourly_readings,pm10,2026-09-16T14:00:00Z,136.0,ugm3
5665,"Vasundhara, Ghaziabad",28.660335,77.357256,NCR Outer,UPPCB,archive,hourly_readings,pm10,2026-09-16T15:00:00Z,129.0,ugm3
5665,"Vasundhara, Ghaziabad",28.660335,77.357256,NCR Outer,UPPCB,archive,hourly_readings,pm10,2026-09-16T17:00:00Z,129.0,ugm3
5665,"Vasundhara, Ghaziabad",28.660335,77.357256,NCR Outer,UPPCB,archive,hourly_readings,pm10,2026-09-16T18:00:00Z,140.0,ugm3
5665,"Vasundhara, Ghaziabad",28.660335,77.357256,NCR Outer,UPPCB,archive,hourly_readings,pm10,2026-09-16T19:00:00Z,134.0,ugm3
5665,"Vasundhara, Ghaziabad",28.660335,77.357256,NCR Outer,UPPCB,archive,hourly_readings,pm10,2026-09-16T20:00:00Z,121.0,ugm3
5665,"Vasundhara, Ghaziabad",28.660335,77.357256,NCR Outer,UPPCB,archive,hourly_readings,pm10,2026-09-16T21:00:00Z,147.0,ugm3
5665,"Vasundhara, Ghaziabad",28.660335,77.357256,NCR Outer,UPPCB,archive,hourly_readings,pm10,2026-09-16T22:00:00Z,254.0,ugm3
5665,"Vasundhara, Ghaziabad",28.660335,77.357256,NCR Outer,UPPCB,archive,hourly_readings,pm10,2026-09-16T23:00:00Z,121.0,ugm3
5665,"Vasundhara, Ghaziabad",28.660335,77.357256,NCR Outer,UPPCB,archive,hourly_readings,pm10,2026-09-17T00:00:00Z,90.0,ugm3
5665,"Vasundhara, Ghaziabad",28.660335,77.357256,NCR Outer,UPPCB,archive,hourly_readings,pm10,2026-09-17T01:00:00Z,53.0,ugm3
5665,"Vasundhara, Ghaziabad",28.660335,77.357256,NCR Outer,UPPCB,archive,hourly_readings,pm10,2026-09-17T02:00:00Z,51.0,ugm3
5665,"Vasundhara, Ghaziabad",28.660335,77.357256,NCR Outer,UPPCB,archive,hourly_readings,pm10,2026-09-17T03:00:00Z,80.5,ugm3
5665,"Vasundhara, Ghaziabad",28.660335,77.357256,NCR Outer,UPPCB,archive,hourly_readings,pm10,2026-09-17T04:00:00Z,100.0,ugm3
5665,"Vasundhara, Ghaziabad",28.660335,77.357256,NCR Outer,UPPCB,archive,hourly_readings,pm10,2026-09-17T05:00:00Z,100.0,ugm3
5665,"Vasundhara, Ghaziabad",28.660335,77.357256,NCR Outer,UPPCB,archive,hourly_readings,pm10,2026-09-17T06:00:00Z,68.0,ugm3
5665,"Vasundhara, Ghaziabad",28.660335,77.357256,NCR Outer,UPPCB,archive,hourly_readings,pm10,2026-09-17T07:00:00Z,71.3,ugm3
5665,"Vasundhara, Ghaziabad",28.660335,77.357256,NCR Outer,UPPCB,archive,hourly_readings,pm10,2026-09-17T08:00:00Z,83.0,ugm3
5665,"Vasundhara, Ghaziabad",28.660335,77.357256,NCR Outer,UPPCB,archive,hourly_readings,pm10,2026-09-17T09:00:00Z,78.5,ugm3
5665,"Vasundhara, Ghaziabad",28.660335,77.357256,NCR Outer,UPPCB,archive,hourly_readings,pm10,2026-09-17T10:00:00Z,71.5,ugm3
5665,"Vasundhara, Ghaziabad",28.660335,77.357256,NCR Outer,UPPCB,archive,hourly_readings,pm10,2026-09-17T11:00:00Z,74.0,ugm3
5665,"Vasundhara, Ghaziabad",28.660335,77.357256,NCR Outer,UPPCB,archive,hourly_readings,pm25,2026-09-16T14:00:00Z,36.0,ugm3
5665,"Vasundhara, Ghaziabad",28.660335,77.357256,NCR Outer,UPPCB,archive,hourly_readings,pm25,2026-09-16T15:00:00Z,46.0,ugm3
5665,"Vasundhara, Ghaziabad",28.660335,77.357256,NCR Outer,UPPCB,archive,hourly_readings,pm25,2026-09-16T17:00:00Z,43.0,ugm3
5665,"Vasundhara, Ghaziabad",28.660335,77.357256,NCR Outer,UPPCB,archive,hourly_readings,pm25,2026-09-16T18:00:00Z,56.5,ugm3
5665,"Vasundhara, Ghaziabad",28.660335,77.357256,NCR Outer,UPPCB,archive,hourly_readings,pm25,2026-09-16T19:00:00Z,64.5,ugm3
5665,"Vasundhara, Ghaziabad",28.660335,77.357256,NCR Outer,UPPCB,archive,hourly_readings,pm25,2026-09-16T20:00:00Z,63.5,ugm3
5665,"Vasundhara, Ghaziabad",28.660335,77.357256,NCR Outer,UPPCB,archive,hourly_readings,pm25,2026-09-16T21:00:00Z,82.0,ugm3
5665,"Vasundhara, Ghaziabad",28.660335,77.357256,NCR Outer,UPPCB,archive,hourly_readings,pm25,2026-09-16T22:00:00Z,64.5,ugm3
5665,"Vasundhara, Ghaziabad",28.660335,77.357256,NCR Outer,UPPCB,archive,hourly_readings,pm25,2026-09-16T23:00:00Z,26.0,ugm3
5665,"Vasundhara, Ghaziabad",28.660335,77.357256,NCR Outer,UPPCB,archive,hourly_readings,pm25,2026-09-17T00:00:00Z,21.5,ugm3
5665,"Vasundhara, Ghaziabad",28.660335,77.357256,NCR Outer,UPPCB,archive,hourly_readings,pm25,2026-09-17T01:00:00Z,13.7,ugm3
5665,"Vasundhara, Ghaziabad",28.660335,77.357256,NCR Outer,UPPCB,archive,hourly_readings,pm25,2026-09-17T02:00:00Z,13.0,ugm3
5665,"Vasundhara, Ghaziabad",28.660335,77.357256,NCR Outer,UPPCB,archive,hourly_readings,pm25,2026-09-17T03:00:00Z,28.0,ugm3
5665,"Vasundhara, Ghaziabad",28.660335,77.357256,NCR Outer,UPPCB,archive,hourly_readings,pm25,2026-09-17T04:00:00Z,37.0,ugm3
5665,"Vasundhara, Ghaziabad",28.660335,77.357256,NCR Outer,UPPCB,archive,hourly_readings,pm25,2026-09-17T05:00:00Z,37.0,ugm3
5665,"Vasundhara, Ghaziabad",28.660335,77.357256,NCR Outer,UPPCB,archive,hourly_readings,pm25,2026-09-17T06:00:00Z,43.0,ugm3
5665,"Vasundhara, Ghaziabad",28.660335,77.357256,NCR Outer,UPPCB,archive,hourly_readings,pm25,2026-09-17T07:00:00Z,41.7,ugm3
5665,"Vasundhara, Ghaziabad",28.660335,77.357256,NCR Outer,UPPCB,archive,hourly_readings,pm25,2026-09-17T08:00:00Z,43.5,ugm3
5665,"Vasundhara, Ghaziabad",28.660335,77.357256,NCR Outer,UPPCB,archive,hourly_readings,pm25,2026-09-17T09:00:00Z,45.0,ugm3
5665,"Vasundhara, Ghaziabad",28.660335,77.357256,NCR Outer,UPPCB,archive,hourly_readings,pm25,2026-09-17T10:00:00Z,40.5,ugm3
5665,"Vasundhara, Ghaziabad",28.660335,77.357256,NCR Outer,UPPCB,archive,hourly_readings,pm25,2026-09-17T11:00:00Z,40.0,ugm3
5665,"Vasundhara, Ghaziabad",28.660335,77.357256,NCR Outer,UPPCB,archive,hourly_readings,pm25,2026-09-17T12:00:00Z,41.0,ugm3
5665,"Vasundhara, Ghaziabad",28.660335,77.357256,NCR Outer,UPPCB,archive,hourly_readings,pm25,2026-09-17T13:00:00Z,46.0,ugm3
6356,Pusa,28.639645,77.146262,Central,DPCC,archive,hourly_readings,no2,2026-09-16T14:00:00Z,27.1,ugm3
6356,Pusa,28.639645,77.146262,Central,DPCC,archive,hourly_readings,no2,2026-09-16T15:00:00Z,39.6,ugm3
6356,Pusa,28.639645,77.146262,Central,DPCC,archive,hourly_readings,no2,2026-09-16T17:00:00Z,41.8,ugm3
6356,Pusa,28.639645,77.146262,Central,DPCC,archive,hourly_readings,no2,2026-09-16T18:00:00Z,45.8,ugm3
6356,Pusa,28.639645,77.146262,Central,DPCC,archive,hourly_readings,no2,2026-09-16T19:00:00Z,49.1,ugm3
6356,Pusa,28.639645,77.146262,Central,DPCC,archive,hourly_readings,no2,2026-09-16T20:00:00Z,48.2,ugm3
6356,Pusa,28.639645,77.146262,Central,DPCC,archive,hourly_readings,no2,2026-09-16T21:00:00Z,46.6,ugm3
6356,Pusa,28.639645,77.146262,Central,DPCC,archive,hourly_readings,no2,2026-09-16T22:00:00Z,28.8,ugm3
6356,Pusa,28.639645,77.146262,Central,DPCC,archive,hourly_readings,no2,2026-09-16T23:00:00Z,11.8,ugm3
6356,Pusa,28.639645,77.146262,Central,DPCC,archive,hourly_readings,no2,2026-09-17T00:00:00Z,13.0,ugm3
6356,Pusa,28.639645,77.146262,Central,DPCC,archive,hourly_readings,no2,2026-09-17T01:00:00Z,16.3,ugm3
6356,Pusa,28.639645,77.146262,Central,DPCC,archive,hourly_readings,no2,2026-09-17T02:00:00Z,9.9,ugm3
6356,Pusa,28.639645,77.146262,Central,DPCC,archive,hourly_readings,no2,2026-09-17T03:00:00Z,14.5,ugm3
6356,Pusa,28.639645,77.146262,Central,DPCC,archive,hourly_readings,no2,2026-09-17T04:00:00Z,27.1,ugm3
6356,Pusa,28.639645,77.146262,Central,DPCC,archive,hourly_readings,no2,2026-09-17T05:00:00Z,16.1,ugm3
6356,Pusa,28.639645,77.146262,Central,DPCC,archive,hourly_readings,no2,2026-09-17T06:00:00Z,13.4,ugm3
6356,Pusa,28.639645,77.146262,Central,DPCC,archive,hourly_readings,no2,2026-09-17T07:00:00Z,11.4,ugm3
6356,Pusa,28.639645,77.146262,Central,DPCC,archive,hourly_readings,no2,2026-09-17T08:00:00Z,14.6,ugm3
6356,Pusa,28.639645,77.146262,Central,DPCC,archive,hourly_readings,no2,2026-09-17T09:00:00Z,18.0,ugm3
6356,Pusa,28.639645,77.146262,Central,DPCC,archive,hourly_readings,no2,2026-09-17T10:00:00Z,31.1,ugm3
6356,Pusa,28.639645,77.146262,Central,DPCC,archive,hourly_readings,no2,2026-09-17T11:00:00Z,71.3,ugm3
6356,Pusa,28.639645,77.146262,Central,DPCC,archive,hourly_readings,no2,2026-09-17T12:00:00Z,77.2,ugm3
6356,Pusa,28.639645,77.146262,Central,DPCC,archive,hourly_readings,no2,2026-09-17T13:00:00Z,72.8,ugm3
6356,Pusa,28.639645,77.146262,Central,DPCC,archive,hourly_readings,o3,2026-09-16T14:00:00Z,5.8,ugm3
6356,Pusa,28.639645,77.146262,Central,DPCC,archive,hourly_readings,o3,2026-09-16T15:00:00Z,6.7,ugm3
6356,Pusa,28.639645,77.146262,Central,DPCC,archive,hourly_readings,o3,2026-09-16T17:00:00Z,6.7,ugm3
6356,Pusa,28.639645,77.146262,Central,DPCC,archive,hourly_readings,o3,2026-09-16T18:00:00Z,6.8,ugm3
6356,Pusa,28.639645,77.146262,Central,DPCC,archive,hourly_readings,o3,2026-09-16T20:00:00Z,7.1,ugm3
6356,Pusa,28.639645,77.146262,Central,DPCC,archive,hourly_readings,o3,2026-09-16T21:00:00Z,6.6,ugm3
6356,Pusa,28.639645,77.146262,Central,DPCC,archive,hourly_readings,o3,2026-09-16T22:00:00Z,13.0,ugm3
6356,Pusa,28.639645,77.146262,Central,DPCC,archive,hourly_readings,o3,2026-09-16T23:00:00Z,9.9,ugm3
6356,Pusa,28.639645,77.146262,Central,DPCC,archive,hourly_readings,o3,2026-09-17T00:00:00Z,6.4,ugm3
6356,Pusa,28.639645,77.146262,Central,DPCC,archive,hourly_readings,o3,2026-09-17T01:00:00Z,8.4,ugm3
6356,Pusa,28.639645,77.146262,Central,DPCC,archive,hourly_readings,o3,2026-09-17T02:00:00Z,9.0,ugm3
6356,Pusa,28.639645,77.146262,Central,DPCC,archive,hourly_readings,o3,2026-09-17T03:00:00Z,9.0,ugm3
6356,Pusa,28.639645,77.146262,Central,DPCC,archive,hourly_readings,o3,2026-09-17T04:00:00Z,7.2,ugm3
6356,Pusa,28.639645,77.146262,Central,DPCC,archive,hourly_readings,o3,2026-09-17T05:00:00Z,8.4,ugm3
6356,Pusa,28.639645,77.146262,Central,DPCC,archive,hourly_readings,o3,2026-09-17T06:00:00Z,7.8,ugm3
6356,Pusa,28.639645,77.146262,Central,DPCC,archive,hourly_readings,o3,2026-09-17T07:00:00Z,10.3,ugm3
6356,Pusa,28.639645,77.146262,Central,DPCC,archive,hourly_readings,o3,2026-09-17T08:00:00Z,12.1,ugm3
6356,Pusa,28.639645,77.146262,Central,DPCC,archive,hourly_readings,o3,2026-09-17T09:00:00Z,10.7,ugm3
6356,Pusa,28.639645,77.146262,Central,DPCC,archive,hourly_readings,o3,2026-09-17T10:00:00Z,9.3,ugm3
6356,Pusa,28.639645,77.146262,Central,DPCC,archive,hourly_readings,o3,2026-09-17T11:00:00Z,8.3,ugm3
6356,Pusa,28.639645,77.146262,Central,DPCC,archive,hourly_readings,o3,2026-09-17T12:00:00Z,7.0,ugm3
6356,Pusa,28.639645,77.146262,Central,DPCC,archive,hourly_readings,o3,2026-09-17T13:00:00Z,6.5,ugm3
6356,Pusa,28.639645,77.146262,Central,DPCC,archive,hourly_readings,pm10,2026-09-16T14:00:00Z,117.0,ugm3
6356,Pusa,28.639645,77.146262,Central,DPCC,archive,hourly_readings,pm10,2026-09-16T15:00:00Z,121.0,ugm3
6356,Pusa,28.639645,77.146262,Central,DPCC,archive,hourly_readings,pm10,2026-09-16T17:00:00Z,146.0,ugm3
6356,Pusa,28.639645,77.146262,Central,DPCC,archive,hourly_readings,pm10,2026-09-16T18:00:00Z,139.0,ugm3
6356,Pusa,28.639645,77.146262,Central,DPCC,archive,hourly_readings,pm10,2026-09-16T19:00:00Z,135.0,ugm3
6356,Pusa,28.639645,77.146262,Central,DPCC,archive,hourly_readings,pm10,2026-09-16T20:00:00Z,160.0,ugm3
6356,Pusa,28.639645,77.146262,Central,DPCC,archive,hourly_readings,pm10,2026-09-16T21:00:00Z,99.0,ugm3
6356,Pusa,28.639645,77.146262,Central,DPCC,archive,hourly_readings,pm10,2026-09-16T22:00:00Z,169.0,ugm3
6356,Pusa,28.639645,77.146262,Central,DPCC,archive,hourly_readings,pm10,2026-09-16T23:00:00Z,219.0,ugm3
6356,Pusa,28.639645,77.146262,Central,DPCC,archive,hourly_readings,pm10,2026-09-17T00:00:00Z,46.5,ugm3
6356,Pusa,28.639645,77.146262,Central,DPCC,archive,hourly_readings,pm10,2026-09-17T01:00:00Z,63.0,ugm3
6356,Pusa,28.639645,77.146262,Central,DPCC,archive,hourly_readings,pm10,2026-09-17T02:00:00Z,61.8,ugm3
6356,Pusa,28.639645,77.146262,Central,DPCC,archive,hourly_readings,pm10,2026-09-17T03:00:00Z,63.3,ugm3
6356,Pusa,28.639645,77.146262,Central,DPCC,archive,hourly_readings,pm10,2026-09-17T04:00:00Z,89.8,ugm3
6356,Pusa,28.639645,77.146262,Central,DPCC,archive,hourly_readings,pm10,2026-09-17T05:00:00Z,110.0,ugm3
6356,Pusa,28.639645,77.146262,Central,DPCC,archive,hourly_readings,pm10,2026-09-17T06:00:00Z,74.0,ugm3
6356,Pusa,28.639645,77.146262,Central,DPCC,archive,hourly_readings,pm10,2026-09-17T07:00:00Z,79.3,ugm3
6356,Pusa,28.639645,77.146262,Central,DPCC,archive,hourly_readings,pm10,2026-09-17T08:00:00Z,89.3,ugm3
6356,Pusa,28.639645,77.146262,Central,DPCC,archive,hourly_readings,pm10,2026-09-17T09:00:00Z,100.0,ugm3
6356,Pusa,28.639645,77.146262,Central,DPCC,archive,hourly_readings,pm10,2026-09-17T10:00:00Z,103.0,ugm3
6356,Pusa,28.639645,77.146262,Central,DPCC,archive,hourly_readings,pm10,2026-09-17T11:00:00Z,122.0,ugm3
6356,Pusa,28.639645,77.146262,Central,DPCC,archive,hourly_readings,pm10,2026-09-17T12:00:00Z,189.0,ugm3
6356,Pusa,28.639645,77.146262,Central,DPCC,archive,hourly_readings,pm10,2026-09-17T13:00:00Z,211.0,ugm3
6356,Pusa,28.639645,77.146262,Central,DPCC,archive,hourly_readings,pm25,2026-09-16T14:00:00Z,47.3,ugm3
6356,Pusa,28.639645,77.146262,Central,DPCC,archive,hourly_readings,pm25,2026-09-16T15:00:00Z,50.3,ugm3
6356,Pusa,28.639645,77.146262,Central,DPCC,archive,hourly_readings,pm25,2026-09-16T17:00:00Z,64.0,ugm3
6356,Pusa,28.639645,77.146262,Central,DPCC,archive,hourly_readings,pm25,2026-09-16T18:00:00Z,65.3,ugm3
6356,Pusa,28.639645,77.146262,Central,DPCC,archive,hourly_readings,pm25,2026-09-16T19:00:00Z,69.8,ugm3
6356,Pusa,28.639645,77.146262,Central,DPCC,archive,hourly_readings,pm25,2026-09-16T20:00:00Z,69.5,ugm3
6356,Pusa,28.639645,77.146262,Central,DPCC,archive,hourly_readings,pm25,2026-09-16T21:00:00Z,63.3,ugm3
6356,Pusa,28.639645,77.146262,Central,DPCC,archive,hourly_readings,pm25,2026-09-16T22:00:00Z,59.8,ugm3
6356,Pusa,28.639645,77.146262,Central,DPCC,archive,hourly_readings,pm25,2026-09-16T23:00:00Z,32.8,ugm3
6356,Pusa,28.639645,77.146262,Central,DPCC,archive,hourly_readings,pm25,2026-09-17T00:00:00Z,18.5,ugm3
6356,Pusa,28.639645,77.146262,Central,DPCC,archive,hourly_readings,pm25,2026-09-17T01:00:00Z,22.8,ugm3
6356,Pusa,28.639645,77.146262,Central,DPCC,archive,hourly_readings,pm25,2026-09-17T02:00:00Z,21.5,ugm3
6356,Pusa,28.639645,77.146262,Central,DPCC,archive,hourly_readings,pm25,2026-09-17T03:00:00Z,22.0,ugm3
6356,Pusa,28.639645,77.146262,Central,DPCC,archive,hourly_readings,pm25,2026-09-17T04:00:00Z,31.3,ugm3
6356,Pusa,28.639645,77.146262,Central,DPCC,archive,hourly_readings,pm25,2026-09-17T05:00:00Z,39.8,ugm3
6356,Pusa,28.639645,77.146262,Central,DPCC,archive,hourly_readings,pm25,2026-09-17T06:00:00Z,37.0,ugm3
6356,Pusa,28.639645,77.146262,Central,DPCC,archive,hourly_readings,pm25,2026-09-17T07:00:00Z,41.0,ugm3
6356,Pusa,28.639645,77.146262,Central,DPCC,archive,hourly_readings,pm25,2026-09-17T08:00:00Z,44.3,ugm3
6356,Pusa,28.639645,77.146262,Central,DPCC,archive,hourly_readings,pm25,2026-09-17T09:00:00Z,44.0,ugm3
6356,Pusa,28.639645,77.146262,Central,DPCC,archive,hourly_readings,pm25,2026-09-17T10:00:00Z,39.5,ugm3
6356,Pusa,28.639645,77.146262,Central,DPCC,archive,hourly_readings,pm25,2026-09-17T11:00:00Z,38.8,ugm3
6356,Pusa,28.639645,77.146262,Central,DPCC,archive,hourly_readings,pm25,2026-09-17T12:00:00Z,50.8,ugm3
6356,Pusa,28.639645,77.146262,Central,DPCC,archive,hourly_readings,pm25,2026-09-17T13:00:00Z,54.3,ugm3
6359,"IHBAS, Dilshad Garden",28.681174,77.302523,East,CPCB,archive,hourly_readings,no2,2026-09-16T14:00:00Z,41.7,ugm3
6359,"IHBAS, Dilshad Garden",28.681174,77.302523,East,CPCB,archive,hourly_readings,no2,2026-09-16T17:00:00Z,39.5,ugm3
6359,"IHBAS, Dilshad Garden",28.681174,77.302523,East,CPCB,archive,hourly_readings,no2,2026-09-16T18:00:00Z,39.8,ugm3
6359,"IHBAS, Dilshad Garden",28.681174,77.302523,East,CPCB,archive,hourly_readings,no2,2026-09-16T19:00:00Z,39.4,ugm3
6359,"IHBAS, Dilshad Garden",28.681174,77.302523,East,CPCB,archive,hourly_readings,no2,2026-09-16T20:00:00Z,39.5,ugm3
6359,"IHBAS, Dilshad Garden",28.681174,77.302523,East,CPCB,archive,hourly_readings,no2,2026-09-16T21:00:00Z,38.6,ugm3
6359,"IHBAS, Dilshad Garden",28.681174,77.302523,East,CPCB,archive,hourly_readings,no2,2026-09-16T22:00:00Z,39.7,ugm3
6359,"IHBAS, Dilshad Garden",28.681174,77.302523,East,CPCB,archive,hourly_readings,no2,2026-09-16T23:00:00Z,38.8,ugm3
6359,"IHBAS, Dilshad Garden",28.681174,77.302523,East,CPCB,archive,hourly_readings,no2,2026-09-17T00:00:00Z,38.5,ugm3
6359,"IHBAS, Dilshad Garden",28.681174,77.302523,East,CPCB,archive,hourly_readings,no2,2026-09-17T01:00:00Z,40.1,ugm3
6359,"IHBAS, Dilshad Garden",28.681174,77.302523,East,CPCB,archive,hourly_readings,no2,2026-09-17T02:00:00Z,41.4,ugm3
6359,"IHBAS, Dilshad Garden",28.681174,77.302523,East,CPCB,archive,hourly_readings,no2,2026-09-17T03:00:00Z,41.3,ugm3
6359,"IHBAS, Dilshad Garden",28.681174,77.302523,East,CPCB,archive,hourly_readings,no2,2026-09-17T04:00:00Z,39.8,ugm3
6359,"IHBAS, Dilshad Garden",28.681174,77.302523,East,CPCB,archive,hourly_readings,no2,2026-09-17T05:00:00Z,39.4,ugm3
6359,"IHBAS, Dilshad Garden",28.681174,77.302523,East,CPCB,archive,hourly_readings,no2,2026-09-17T06:00:00Z,40.8,ugm3
6359,"IHBAS, Dilshad Garden",28.681174,77.302523,East,CPCB,archive,hourly_readings,no2,2026-09-17T07:00:00Z,40.2,ugm3
6359,"IHBAS, Dilshad Garden",28.681174,77.302523,East,CPCB,archive,hourly_readings,no2,2026-09-17T08:00:00Z,40.7,ugm3
6359,"IHBAS, Dilshad Garden",28.681174,77.302523,East,CPCB,archive,hourly_readings,no2,2026-09-17T09:00:00Z,39.9,ugm3
6359,"IHBAS, Dilshad Garden",28.681174,77.302523,East,CPCB,archive,hourly_readings,no2,2026-09-17T10:00:00Z,40.4,ugm3
6359,"IHBAS, Dilshad Garden",28.681174,77.302523,East,CPCB,archive,hourly_readings,no2,2026-09-17T11:00:00Z,40.0,ugm3
6359,"IHBAS, Dilshad Garden",28.681174,77.302523,East,CPCB,archive,hourly_readings,no2,2026-09-17T12:00:00Z,38.9,ugm3
6359,"IHBAS, Dilshad Garden",28.681174,77.302523,East,CPCB,archive,hourly_readings,no2,2026-09-17T13:00:00Z,40.6,ugm3
6359,"IHBAS, Dilshad Garden",28.681174,77.302523,East,CPCB,archive,hourly_readings,o3,2026-09-16T14:00:00Z,8.6,ugm3
6359,"IHBAS, Dilshad Garden",28.681174,77.302523,East,CPCB,archive,hourly_readings,o3,2026-09-16T15:00:00Z,8.1,ugm3
6359,"IHBAS, Dilshad Garden",28.681174,77.302523,East,CPCB,archive,hourly_readings,o3,2026-09-16T17:00:00Z,4.5,ugm3
6359,"IHBAS, Dilshad Garden",28.681174,77.302523,East,CPCB,archive,hourly_readings,o3,2026-09-16T18:00:00Z,4.3,ugm3
6359,"IHBAS, Dilshad Garden",28.681174,77.302523,East,CPCB,archive,hourly_readings,o3,2026-09-16T19:00:00Z,4.2,ugm3
6359,"IHBAS, Dilshad Garden",28.681174,77.302523,East,CPCB,archive,hourly_readings,o3,2026-09-16T20:00:00Z,4.3,ugm3
6359,"IHBAS, Dilshad Garden",28.681174,77.302523,East,CPCB,archive,hourly_readings,o3,2026-09-16T21:00:00Z,4.8,ugm3
6359,"IHBAS, Dilshad Garden",28.681174,77.302523,East,CPCB,archive,hourly_readings,o3,2026-09-16T22:00:00Z,7.5,ugm3
6359,"IHBAS, Dilshad Garden",28.681174,77.302523,East,CPCB,archive,hourly_readings,o3,2026-09-16T23:00:00Z,7.4,ugm3
6359,"IHBAS, Dilshad Garden",28.681174,77.302523,East,CPCB,archive,hourly_readings,o3,2026-09-17T00:00:00Z,7.7,ugm3
6359,"IHBAS, Dilshad Garden",28.681174,77.302523,East,CPCB,archive,hourly_readings,o3,2026-09-17T01:00:00Z,8.7,ugm3
6359,"IHBAS, Dilshad Garden",28.681174,77.302523,East,CPCB,archive,hourly_readings,o3,2026-09-17T02:00:00Z,12.9,ugm3
6359,"IHBAS, Dilshad Garden",28.681174,77.302523,East,CPCB,archive,hourly_readings,o3,2026-09-17T03:00:00Z,12.6,ugm3
6359,"IHBAS, Dilshad Garden",28.681174,77.302523,East,CPCB,archive,hourly_readings,o3,2026-09-17T04:00:00Z,14.5,ugm3
6359,"IHBAS, Dilshad Garden",28.681174,77.302523,East,CPCB,archive,hourly_readings,o3,2026-09-17T05:00:00Z,20.9,ugm3
6359,"IHBAS, Dilshad Garden",28.681174,77.302523,East,CPCB,archive,hourly_readings,o3,2026-09-17T06:00:00Z,21.8,ugm3
6359,"IHBAS, Dilshad Garden",28.681174,77.302523,East,CPCB,archive,hourly_readings,o3,2026-09-17T07:00:00Z,25.9,ugm3
6359,"IHBAS, Dilshad Garden",28.681174,77.302523,East,CPCB,archive,hourly_readings,o3,2026-09-17T08:00:00Z,24.6,ugm3
6359,"IHBAS, Dilshad Garden",28.681174,77.302523,East,CPCB,archive,hourly_readings,o3,2026-09-17T09:00:00Z,22.0,ugm3
6359,"IHBAS, Dilshad Garden",28.681174,77.302523,East,CPCB,archive,hourly_readings,o3,2026-09-17T10:00:00Z,22.0,ugm3
6359,"IHBAS, Dilshad Garden",28.681174,77.302523,East,CPCB,archive,hourly_readings,o3,2026-09-17T11:00:00Z,19.8,ugm3
6359,"IHBAS, Dilshad Garden",28.681174,77.302523,East,CPCB,archive,hourly_readings,o3,2026-09-17T12:00:00Z,14.2,ugm3
6359,"IHBAS, Dilshad Garden",28.681174,77.302523,East,CPCB,archive,hourly_readings,o3,2026-09-17T13:00:00Z,12.7,ugm3
6359,"IHBAS, Dilshad Garden",28.681174,77.302523,East,CPCB,archive,hourly_readings,pm10,2026-09-16T14:00:00Z,83.1,ugm3
6359,"IHBAS, Dilshad Garden",28.681174,77.302523,East,CPCB,archive,hourly_readings,pm10,2026-09-16T17:00:00Z,90.8,ugm3
6359,"IHBAS, Dilshad Garden",28.681174,77.302523,East,CPCB,archive,hourly_readings,pm10,2026-09-16T18:00:00Z,83.4,ugm3
6359,"IHBAS, Dilshad Garden",28.681174,77.302523,East,CPCB,archive,hourly_readings,pm10,2026-09-16T19:00:00Z,69.7,ugm3
6359,"IHBAS, Dilshad Garden",28.681174,77.302523,East,CPCB,archive,hourly_readings,pm10,2026-09-16T20:00:00Z,74.3,ugm3
6359,"IHBAS, Dilshad Garden",28.681174,77.302523,East,CPCB,archive,hourly_readings,pm10,2026-09-16T21:00:00Z,80.9,ugm3
6359,"IHBAS, Dilshad Garden",28.681174,77.302523,East,CPCB,archive,hourly_readings,pm10,2026-09-16T22:00:00Z,90.8,ugm3
6359,"IHBAS, Dilshad Garden",28.681174,77.302523,East,CPCB,archive,hourly_readings,pm10,2026-09-16T23:00:00Z,101.0,ugm3
6359,"IHBAS, Dilshad Garden",28.681174,77.302523,East,CPCB,archive,hourly_readings,pm10,2026-09-17T00:00:00Z,89.8,ugm3
6359,"IHBAS, Dilshad Garden",28.681174,77.302523,East,CPCB,archive,hourly_readings,pm10,2026-09-17T01:00:00Z,75.8,ugm3
6359,"IHBAS, Dilshad Garden",28.681174,77.302523,East,CPCB,archive,hourly_readings,pm10,2026-09-17T02:00:00Z,67.7,ugm3
6359,"IHBAS, Dilshad Garden",28.681174,77.302523,East,CPCB,archive,hourly_readings,pm10,2026-09-17T03:00:00Z,68.9,ugm3
6359,"IHBAS, Dilshad Garden",28.681174,77.302523,East,CPCB,archive,hourly_readings,pm10,2026-09-17T04:00:00Z,71.8,ugm3
6359,"IHBAS, Dilshad Garden",28.681174,77.302523,East,CPCB,archive,hourly_readings,pm10,2026-09-17T05:00:00Z,67.7,ugm3
6359,"IHBAS, Dilshad Garden",28.681174,77.302523,East,CPCB,archive,hourly_readings,pm10,2026-09-17T06:00:00Z,60.0,ugm3
6359,"IHBAS, Dilshad Garden",28.681174,77.302523,East,CPCB,archive,hourly_readings,pm10,2026-09-17T07:00:00Z,63.6,ugm3
6359,"IHBAS, Dilshad Garden",28.681174,77.302523,East,CPCB,archive,hourly_readings,pm10,2026-09-17T08:00:00Z,54.1,ugm3
6359,"IHBAS, Dilshad Garden",28.681174,77.302523,East,CPCB,archive,hourly_readings,pm10,2026-09-17T09:00:00Z,51.5,ugm3
6359,"IHBAS, Dilshad Garden",28.681174,77.302523,East,CPCB,archive,hourly_readings,pm10,2026-09-17T10:00:00Z,36.9,ugm3
6359,"IHBAS, Dilshad Garden",28.681174,77.302523,East,CPCB,archive,hourly_readings,pm10,2026-09-17T11:00:00Z,36.1,ugm3
6359,"IHBAS, Dilshad Garden",28.681174,77.302523,East,CPCB,archive,hourly_readings,pm10,2026-09-17T12:00:00Z,41.6,ugm3
6359,"IHBAS, Dilshad Garden",28.681174,77.302523,East,CPCB,archive,hourly_readings,pm10,2026-09-17T13:00:00Z,46.9,ugm3
6359,"IHBAS, Dilshad Garden",28.681174,77.302523,East,CPCB,archive,hourly_readings,pm25,2026-09-16T14:00:00Z,59.0,ugm3
6359,"IHBAS, Dilshad Garden",28.681174,77.302523,East,CPCB,archive,hourly_readings,pm25,2026-09-16T17:00:00Z,64.0,ugm3
6359,"IHBAS, Dilshad Garden",28.681174,77.302523,East,CPCB,archive,hourly_readings,pm25,2026-09-16T18:00:00Z,59.2,ugm3
6359,"IHBAS, Dilshad Garden",28.681174,77.302523,East,CPCB,archive,hourly_readings,pm25,2026-09-16T19:00:00Z,50.3,ugm3
6359,"IHBAS, Dilshad Garden",28.681174,77.302523,East,CPCB,archive,hourly_readings,pm25,2026-09-16T20:00:00Z,53.3,ugm3
6359,"IHBAS, Dilshad Garden",28.681174,77.302523,East,CPCB,archive,hourly_readings,pm25,2026-09-16T21:00:00Z,57.6,ugm3
6359,"IHBAS, Dilshad Garden",28.681174,77.302523,East,CPCB,archive,hourly_readings,pm25,2026-09-16T22:00:00Z,64.1,ugm3
6359,"IHBAS, Dilshad Garden",28.681174,77.302523,East,CPCB,archive,hourly_readings,pm25,2026-09-16T23:00:00Z,70.3,ugm3
6359,"IHBAS, Dilshad Garden",28.681174,77.302523,East,CPCB,archive,hourly_readings,pm25,2026-09-17T00:00:00Z,63.4,ugm3
6359,"IHBAS, Dilshad Garden",28.681174,77.302523,East,CPCB,archive,hourly_readings,pm25,2026-09-17T01:00:00Z,54.3,ugm3
6359,"IHBAS, Dilshad Garden",28.681174,77.302523,East,CPCB,archive,hourly_readings,pm25,2026-09-17T02:00:00Z,49.0,ugm3
6359,"IHBAS, Dilshad Garden",28.681174,77.302523,East,CPCB,archive,hourly_readings,pm25,2026-09-17T03:00:00Z,49.8,ugm3
6359,"IHBAS, Dilshad Garden",28.681174,77.302523,East,CPCB,archive,hourly_readings,pm25,2026-09-17T04:00:00Z,51.7,ugm3
6359,"IHBAS, Dilshad Garden",28.681174,77.302523,East,CPCB,archive,hourly_readings,pm25,2026-09-17T05:00:00Z,49.1,ugm3
6359,"IHBAS, Dilshad Garden",28.681174,77.302523,East,CPCB,archive,hourly_readings,pm25,2026-09-17T06:00:00Z,44.0,ugm3
6359,"IHBAS, Dilshad Garden",28.681174,77.302523,East,CPCB,archive,hourly_readings,pm25,2026-09-17T07:00:00Z,46.3,ugm3
6359,"IHBAS, Dilshad Garden",28.681174,77.302523,East,CPCB,archive,hourly_readings,pm25,2026-09-17T08:00:00Z,40.2,ugm3
6359,"IHBAS, Dilshad Garden",28.681174,77.302523,East,CPCB,archive,hourly_readings,pm25,2026-09-17T09:00:00Z,38.5,ugm3
6359,"IHBAS, Dilshad Garden",28.681174,77.302523,East,CPCB,archive,hourly_readings,pm25,2026-09-17T10:00:00Z,29.0,ugm3
6359,"IHBAS, Dilshad Garden",28.681174,77.302523,East,CPCB,archive,hourly_readings,pm25,2026-09-17T11:00:00Z,28.5,ugm3
6359,"IHBAS, Dilshad Garden",28.681174,77.302523,East,CPCB,archive,hourly_readings,pm25,2026-09-17T12:00:00Z,32.0,ugm3
6359,"IHBAS, Dilshad Garden",28.681174,77.302523,East,CPCB,archive,hourly_readings,pm25,2026-09-17T13:00:00Z,35.5,ugm3
6924,"Indirapuram, Ghaziabad",28.646233,77.358075,NCR Outer,UPPCB,archive,hourly_readings,no2,2026-09-16T14:00:00Z,21.1,ugm3
6924,"Indirapuram, Ghaziabad",28.646233,77.358075,NCR Outer,UPPCB,archive,hourly_readings,no2,2026-09-16T15:00:00Z,22.2,ugm3
6924,"Indirapuram, Ghaziabad",28.646233,77.358075,NCR Outer,UPPCB,archive,hourly_readings,no2,2026-09-16T17:00:00Z,19.4,ugm3
6924,"Indirapuram, Ghaziabad",28.646233,77.358075,NCR Outer,UPPCB,archive,hourly_readings,no2,2026-09-16T18:00:00Z,21.4,ugm3
6924,"Indirapuram, Ghaziabad",28.646233,77.358075,NCR Outer,UPPCB,archive,hourly_readings,no2,2026-09-16T19:00:00Z,17.7,ugm3
6924,"Indirapuram, Ghaziabad",28.646233,77.358075,NCR Outer,UPPCB,archive,hourly_readings,no2,2026-09-16T20:00:00Z,14.2,ugm3
6924,"Indirapuram, Ghaziabad",28.646233,77.358075,NCR Outer,UPPCB,archive,hourly_readings,no2,2026-09-16T21:00:00Z,14.9,ugm3
6924,"Indirapuram, Ghaziabad",28.646233,77.358075,NCR Outer,UPPCB,archive,hourly_readings,no2,2026-09-16T22:00:00Z,14.0,ugm3
6924,"Indirapuram, Ghaziabad",28.646233,77.358075,NCR Outer,UPPCB,archive,hourly_readings,no2,2026-09-16T23:00:00Z,13.1,ugm3
6924,"Indirapuram, Ghaziabad",28.646233,77.358075,NCR Outer,UPPCB,archive,hourly_readings,no2,2026-09-17T00:00:00Z,12.8,ugm3
6924,"Indirapuram, Ghaziabad",28.646233,77.358075,NCR Outer,UPPCB,archive,hourly_readings,no2,2026-09-17T01:00:00Z,13.4,ugm3
6924,"Indirapuram, Ghaziabad",28.646233,77.358075,NCR Outer,UPPCB,archive,hourly_readings,no2,2026-09-17T02:00:00Z,10.6,ugm3
6924,"Indirapuram, Ghaziabad",28.646233,77.358075,NCR Outer,UPPCB,archive,hourly_readings,no2,2026-09-17T03:00:00Z,11.3,ugm3
6924,"Indirapuram, Ghaziabad",28.646233,77.358075,NCR Outer,UPPCB,archive,hourly_readings,no2,2026-09-17T04:00:00Z,10.1,ugm3
6924,"Indirapuram, Ghaziabad",28.646233,77.358075,NCR Outer,UPPCB,archive,hourly_readings,no2,2026-09-17T05:00:00Z,7.8,ugm3
6924,"Indirapuram, Ghaziabad",28.646233,77.358075,NCR Outer,UPPCB,archive,hourly_readings,no2,2026-09-17T06:00:00Z,7.9,ugm3
6924,"Indirapuram, Ghaziabad",28.646233,77.358075,NCR Outer,UPPCB,archive,hourly_readings,no2,2026-09-17T07:00:00Z,7.9,ugm3
6924,"Indirapuram, Ghaziabad",28.646233,77.358075,NCR Outer,UPPCB,archive,hourly_readings,no2,2026-09-17T08:00:00Z,8.2,ugm3
6924,"Indirapuram, Ghaziabad",28.646233,77.358075,NCR Outer,UPPCB,archive,hourly_readings,no2,2026-09-17T09:00:00Z,7.0,ugm3
6924,"Indirapuram, Ghaziabad",28.646233,77.358075,NCR Outer,UPPCB,archive,hourly_readings,no2,2026-09-17T10:00:00Z,7.3,ugm3
6924,"Indirapuram, Ghaziabad",28.646233,77.358075,NCR Outer,UPPCB,archive,hourly_readings,no2,2026-09-17T11:00:00Z,9.8,ugm3
6924,"Indirapuram, Ghaziabad",28.646233,77.358075,NCR Outer,UPPCB,archive,hourly_readings,no2,2026-09-17T12:00:00Z,15.2,ugm3
6924,"Indirapuram, Ghaziabad",28.646233,77.358075,NCR Outer,UPPCB,archive,hourly_readings,no2,2026-09-17T13:00:00Z,18.9,ugm3
6924,"Indirapuram, Ghaziabad",28.646233,77.358075,NCR Outer,UPPCB,archive,hourly_readings,o3,2026-09-16T14:00:00Z,19.0,ugm3
6924,"Indirapuram, Ghaziabad",28.646233,77.358075,NCR Outer,UPPCB,archive,hourly_readings,o3,2026-09-16T15:00:00Z,25.4,ugm3
6924,"Indirapuram, Ghaziabad",28.646233,77.358075,NCR Outer,UPPCB,archive,hourly_readings,o3,2026-09-16T17:00:00Z,22.2,ugm3
6924,"Indirapuram, Ghaziabad",28.646233,77.358075,NCR Outer,UPPCB,archive,hourly_readings,o3,2026-09-16T18:00:00Z,21.3,ugm3
6924,"Indirapuram, Ghaziabad",28.646233,77.358075,NCR Outer,UPPCB,archive,hourly_readings,o3,2026-09-16T19:00:00Z,21.1,ugm3
6924,"Indirapuram, Ghaziabad",28.646233,77.358075,NCR Outer,UPPCB,archive,hourly_readings,o3,2026-09-16T20:00:00Z,18.6,ugm3
6924,"Indirapuram, Ghaziabad",28.646233,77.358075,NCR Outer,UPPCB,archive,hourly_readings,o3,2026-09-16T21:00:00Z,21.4,ugm3
6924,"Indirapuram, Ghaziabad",28.646233,77.358075,NCR Outer,UPPCB,archive,hourly_readings,o3,2026-09-16T22:00:00Z,22.7,ugm3
6924,"Indirapuram, Ghaziabad",28.646233,77.358075,NCR Outer,UPPCB,archive,hourly_readings,o3,2026-09-16T23:00:00Z,27.9,ugm3
6924,"Indirapuram, Ghaziabad",28.646233,77.358075,NCR Outer,UPPCB,archive,hourly_readings,o3,2026-09-17T00:00:00Z,28.6,ugm3
6924,"Indirapuram, Ghaziabad",28.646233,77.358075,NCR Outer,UPPCB,archive,hourly_readings,o3,2026-09-17T01:00:00Z,29.6,ugm3
6924,"Indirapuram, Ghaziabad",28.646233,77.358075,NCR Outer,UPPCB,archive,hourly_readings,o3,2026-09-17T02:00:00Z,32.9,ugm3
6924,"Indirapuram, Ghaziabad",28.646233,77.358075,NCR Outer,UPPCB,archive,hourly_readings,o3,2026-09-17T03:00:00Z,35.7,ugm3
6924,"Indirapuram, Ghaziabad",28.646233,77.358075,NCR Outer,UPPCB,archive,hourly_readings,o3,2026-09-17T04:00:00Z,32.5,ugm3
6924,"Indirapuram, Ghaziabad",28.646233,77.358075,NCR Outer,UPPCB,archive,hourly_readings,o3,2026-09-17T05:00:00Z,30.4,ugm3
6924,"Indirapuram, Ghaziabad",28.646233,77.358075,NCR Outer,UPPCB,archive,hourly_readings,o3,2026-09-17T06:00:00Z,34.5,ugm3
6924,"Indirapuram, Ghaziabad",28.646233,77.358075,NCR Outer,UPPCB,archive,hourly_readings,o3,2026-09-17T07:00:00Z,40.6,ugm3
6924,"Indirapuram, Ghaziabad",28.646233,77.358075,NCR Outer,UPPCB,archive,hourly_readings,o3,2026-09-17T08:00:00Z,42.8,ugm3
6924,"Indirapuram, Ghaziabad",28.646233,77.358075,NCR Outer,UPPCB,archive,hourly_readings,o3,2026-09-17T09:00:00Z,42.1,ugm3
6924,"Indirapuram, Ghaziabad",28.646233,77.358075,NCR Outer,UPPCB,archive,hourly_readings,o3,2026-09-17T10:00:00Z,40.2,ugm3
6924,"Indirapuram, Ghaziabad",28.646233,77.358075,NCR Outer,UPPCB,archive,hourly_readings,o3,2026-09-17T11:00:00Z,35.5,ugm3
6924,"Indirapuram, Ghaziabad",28.646233,77.358075,NCR Outer,UPPCB,archive,hourly_readings,o3,2026-09-17T12:00:00Z,27.7,ugm3
6924,"Indirapuram, Ghaziabad",28.646233,77.358075,NCR Outer,UPPCB,archive,hourly_readings,o3,2026-09-17T13:00:00Z,26.2,ugm3
6924,"Indirapuram, Ghaziabad",28.646233,77.358075,NCR Outer,UPPCB,archive,hourly_readings,pm10,2026-09-16T14:00:00Z,111.0,ugm3
6924,"Indirapuram, Ghaziabad",28.646233,77.358075,NCR Outer,UPPCB,archive,hourly_readings,pm10,2026-09-16T15:00:00Z,122.0,ugm3
6924,"Indirapuram, Ghaziabad",28.646233,77.358075,NCR Outer,UPPCB,archive,hourly_readings,pm10,2026-09-16T17:00:00Z,101.0,ugm3
6924,"Indirapuram, Ghaziabad",28.646233,77.358075,NCR Outer,UPPCB,archive,hourly_readings,pm10,2026-09-16T18:00:00Z,113.0,ugm3
6924,"Indirapuram, Ghaziabad",28.646233,77.358075,NCR Outer,UPPCB,archive,hourly_readings,pm10,2026-09-16T19:00:00Z,137.0,ugm3
6924,"Indirapuram, Ghaziabad",28.646233,77.358075,NCR Outer,UPPCB,archive,hourly_readings,pm10,2026-09-16T20:00:00Z,152.0,ugm3
6924,"Indirapuram, Ghaziabad",28.646233,77.358075,NCR Outer,UPPCB,archive,hourly_readings,pm10,2026-09-16T21:00:00Z,173.0,ugm3
6924,"Indirapuram, Ghaziabad",28.646233,77.358075,NCR Outer,UPPCB,archive,hourly_readings,pm10,2026-09-16T22:00:00Z,162.0,ugm3
6924,"Indirapuram, Ghaziabad",28.646233,77.358075,NCR Outer,UPPCB,archive,hourly_readings,pm10,2026-09-16T23:00:00Z,91.5,ugm3
6924,"Indirapuram, Ghaziabad",28.646233,77.358075,NCR Outer,UPPCB,archive,hourly_readings,pm10,2026-09-17T00:00:00Z,45.0,ugm3
6924,"Indirapuram, Ghaziabad",28.646233,77.358075,NCR Outer,UPPCB,archive,hourly_readings,pm10,2026-09-17T01:00:00Z,33.5,ugm3
6924,"Indirapuram, Ghaziabad",28.646233,77.358075,NCR Outer,UPPCB,archive,hourly_readings,pm10,2026-09-17T02:00:00Z,34.0,ugm3
6924,"Indirapuram, Ghaziabad",28.646233,77.358075,NCR Outer,UPPCB,archive,hourly_readings,pm10,2026-09-17T03:00:00Z,54.0,ugm3
6924,"Indirapuram, Ghaziabad",28.646233,77.358075,NCR Outer,UPPCB,archive,hourly_readings,pm10,2026-09-17T04:00:00Z,77.5,ugm3
6924,"Indirapuram, Ghaziabad",28.646233,77.358075,NCR Outer,UPPCB,archive,hourly_readings,pm10,2026-09-17T05:00:00Z,73.5,ugm3
6924,"Indirapuram, Ghaziabad",28.646233,77.358075,NCR Outer,UPPCB,archive,hourly_readings,pm10,2026-09-17T06:00:00Z,61.0,ugm3
6924,"Indirapuram, Ghaziabad",28.646233,77.358075,NCR Outer,UPPCB,archive,hourly_readings,pm10,2026-09-17T07:00:00Z,65.0,ugm3
6924,"Indirapuram, Ghaziabad",28.646233,77.358075,NCR Outer,UPPCB,archive,hourly_readings,pm10,2026-09-17T08:00:00Z,73.0,ugm3
6924,"Indirapuram, Ghaziabad",28.646233,77.358075,NCR Outer,UPPCB,archive,hourly_readings,pm10,2026-09-17T09:00:00Z,66.0,ugm3
6924,"Indirapuram, Ghaziabad",28.646233,77.358075,NCR Outer,UPPCB,archive,hourly_readings,pm10,2026-09-17T10:00:00Z,55.0,ugm3
6924,"Indirapuram, Ghaziabad",28.646233,77.358075,NCR Outer,UPPCB,archive,hourly_readings,pm10,2026-09-17T11:00:00Z,58.5,ugm3
6924,"Indirapuram, Ghaziabad",28.646233,77.358075,NCR Outer,UPPCB,archive,hourly_readings,pm10,2026-09-17T12:00:00Z,68.5,ugm3
6924,"Indirapuram, Ghaziabad",28.646233,77.358075,NCR Outer,UPPCB,archive,hourly_readings,pm10,2026-09-17T13:00:00Z,75.0,ugm3
6924,"Indirapuram, Ghaziabad",28.646233,77.358075,NCR Outer,UPPCB,archive,hourly_readings,pm25,2026-09-16T14:00:00Z,61.5,ugm3
6924,"Indirapuram, Ghaziabad",28.646233,77.358075,NCR Outer,UPPCB,archive,hourly_readings,pm25,2026-09-16T15:00:00Z,67.5,ugm3
6924,"Indirapuram, Ghaziabad",28.646233,77.358075,NCR Outer,UPPCB,archive,hourly_readings,pm25,2026-09-16T17:00:00Z,56.0,ugm3
6924,"Indirapuram, Ghaziabad",28.646233,77.358075,NCR Outer,UPPCB,archive,hourly_readings,pm25,2026-09-16T18:00:00Z,62.5,ugm3
6924,"Indirapuram, Ghaziabad",28.646233,77.358075,NCR Outer,UPPCB,archive,hourly_readings,pm25,2026-09-16T19:00:00Z,76.0,ugm3
6924,"Indirapuram, Ghaziabad",28.646233,77.358075,NCR Outer,UPPCB,archive,hourly_readings,pm25,2026-09-16T20:00:00Z,84.5,ugm3
6924,"Indirapuram, Ghaziabad",28.646233,77.358075,NCR Outer,UPPCB,archive,hourly_readings,pm25,2026-09-16T21:00:00Z,96.0,ugm3
6924,"Indirapuram, Ghaziabad",28.646233,77.358075,NCR Outer,UPPCB,archive,hourly_readings,pm25,2026-09-16T22:00:00Z,90.0,ugm3
6924,"Indirapuram, Ghaziabad",28.646233,77.358075,NCR Outer,UPPCB,archive,hourly_readings,pm25,2026-09-16T23:00:00Z,51.0,ugm3
6924,"Indirapuram, Ghaziabad",28.646233,77.358075,NCR Outer,UPPCB,archive,hourly_readings,pm25,2026-09-17T00:00:00Z,25.0,ugm3
6924,"Indirapuram, Ghaziabad",28.646233,77.358075,NCR Outer,UPPCB,archive,hourly_readings,pm25,2026-09-17T01:00:00Z,18.5,ugm3
6924,"Indirapuram, Ghaziabad",28.646233,77.358075,NCR Outer,UPPCB,archive,hourly_readings,pm25,2026-09-17T02:00:00Z,19.0,ugm3
6924,"Indirapuram, Ghaziabad",28.646233,77.358075,NCR Outer,UPPCB,archive,hourly_readings,pm25,2026-09-17T03:00:00Z,30.0,ugm3
6924,"Indirapuram, Ghaziabad",28.646233,77.358075,NCR Outer,UPPCB,archive,hourly_readings,pm25,2026-09-17T04:00:00Z,43.0,ugm3
6924,"Indirapuram, Ghaziabad",28.646233,77.358075,NCR Outer,UPPCB,archive,hourly_readings,pm25,2026-09-17T05:00:00Z,41.0,ugm3
6924,"Indirapuram, Ghaziabad",28.646233,77.358075,NCR Outer,UPPCB,archive,hourly_readings,pm25,2026-09-17T06:00:00Z,34.0,ugm3
6924,"Indirapuram, Ghaziabad",28.646233,77.358075,NCR Outer,UPPCB,archive,hourly_readings,pm25,2026-09-17T07:00:00Z,36.0,ugm3
6924,"Indirapuram, Ghaziabad",28.646233,77.358075,NCR Outer,UPPCB,archive,hourly_readings,pm25,2026-09-17T08:00:00Z,40.3,ugm3
6924,"Indirapuram, Ghaziabad",28.646233,77.358075,NCR Outer,UPPCB,archive,hourly_readings,pm25,2026-09-17T09:00:00Z,36.5,ugm3
6924,"Indirapuram, Ghaziabad",28.646233,77.358075,NCR Outer,UPPCB,archive,hourly_readings,pm25,2026-09-17T10:00:00Z,30.5,ugm3
6924,"Indirapuram, Ghaziabad",28.646233,77.358075,NCR Outer,UPPCB,archive,hourly_readings,pm25,2026-09-17T11:00:00Z,32.5,ugm3
6924,"Indirapuram, Ghaziabad",28.646233,77.358075,NCR Outer,UPPCB,archive,hourly_readings,pm25,2026-09-17T12:00:00Z,38.0,ugm3
6924,"Indirapuram, Ghaziabad",28.646233,77.358075,NCR Outer,UPPCB,archive,hourly_readings,pm25,2026-09-17T13:00:00Z,41.5,ugm3
6931,Dwarka-Sector 8,28.571027,77.071901,West,DPCC,archive,hourly_readings,no2,2026-09-16T14:00:00Z,45.4,ugm3
6931,Dwarka-Sector 8,28.571027,77.071901,West,DPCC,archive,hourly_readings,no2,2026-09-16T15:00:00Z,38.4,ugm3
6931,Dwarka-Sector 8,28.571027,77.071901,West,DPCC,archive,hourly_readings,no2,2026-09-16T17:00:00Z,64.4,ugm3
6931,Dwarka-Sector 8,28.571027,77.071901,West,DPCC,archive,hourly_readings,no2,2026-09-16T18:00:00Z,59.0,ugm3
6931,Dwarka-Sector 8,28.571027,77.071901,West,DPCC,archive,hourly_readings,no2,2026-09-16T19:00:00Z,53.3,ugm3
6931,Dwarka-Sector 8,28.571027,77.071901,West,DPCC,archive,hourly_readings,no2,2026-09-16T20:00:00Z,53.0,ugm3
6931,Dwarka-Sector 8,28.571027,77.071901,West,DPCC,archive,hourly_readings,no2,2026-09-16T21:00:00Z,28.1,ugm3
6931,Dwarka-Sector 8,28.571027,77.071901,West,DPCC,archive,hourly_readings,no2,2026-09-16T22:00:00Z,12.8,ugm3
6931,Dwarka-Sector 8,28.571027,77.071901,West,DPCC,archive,hourly_readings,no2,2026-09-16T23:00:00Z,7.3,ugm3
6931,Dwarka-Sector 8,28.571027,77.071901,West,DPCC,archive,hourly_readings,no2,2026-09-17T00:00:00Z,12.3,ugm3
6931,Dwarka-Sector 8,28.571027,77.071901,West,DPCC,archive,hourly_readings,no2,2026-09-17T01:00:00Z,17.4,ugm3
6931,Dwarka-Sector 8,28.571027,77.071901,West,DPCC,archive,hourly_readings,no2,2026-09-17T02:00:00Z,17.2,ugm3
6931,Dwarka-Sector 8,28.571027,77.071901,West,DPCC,archive,hourly_readings,no2,2026-09-17T03:00:00Z,13.8,ugm3
6931,Dwarka-Sector 8,28.571027,77.071901,West,DPCC,archive,hourly_readings,no2,2026-09-17T04:00:00Z,14.7,ugm3
6931,Dwarka-Sector 8,28.571027,77.071901,West,DPCC,archive,hourly_readings,no2,2026-09-17T05:00:00Z,13.1,ugm3
6931,Dwarka-Sector 8,28.571027,77.071901,West,DPCC,archive,hourly_readings,no2,2026-09-17T06:00:00Z,12.3,ugm3
6931,Dwarka-Sector 8,28.571027,77.071901,West,DPCC,archive,hourly_readings,no2,2026-09-17T07:00:00Z,13.2,ugm3
6931,Dwarka-Sector 8,28.571027,77.071901,West,DPCC,archive,hourly_readings,no2,2026-09-17T08:00:00Z,12.5,ugm3
6931,Dwarka-Sector 8,28.571027,77.071901,West,DPCC,archive,hourly_readings,no2,2026-09-17T09:00:00Z,14.5,ugm3
6931,Dwarka-Sector 8,28.571027,77.071901,West,DPCC,archive,hourly_readings,no2,2026-09-17T10:00:00Z,13.1,ugm3
6931,Dwarka-Sector 8,28.571027,77.071901,West,DPCC,archive,hourly_readings,no2,2026-09-17T11:00:00Z,30.5,ugm3
6931,Dwarka-Sector 8,28.571027,77.071901,West,DPCC,archive,hourly_readings,no2,2026-09-17T12:00:00Z,33.3,ugm3
6931,Dwarka-Sector 8,28.571027,77.071901,West,DPCC,archive,hourly_readings,no2,2026-09-17T13:00:00Z,32.5,ugm3
6931,Dwarka-Sector 8,28.571027,77.071901,West,DPCC,archive,hourly_readings,o3,2026-09-16T14:00:00Z,16.0,ugm3
6931,Dwarka-Sector 8,28.571027,77.071901,West,DPCC,archive,hourly_readings,o3,2026-09-16T15:00:00Z,18.4,ugm3
6931,Dwarka-Sector 8,28.571027,77.071901,West,DPCC,archive,hourly_readings,o3,2026-09-16T17:00:00Z,11.3,ugm3
6931,Dwarka-Sector 8,28.571027,77.071901,West,DPCC,archive,hourly_readings,o3,2026-09-16T18:00:00Z,11.2,ugm3
6931,Dwarka-Sector 8,28.571027,77.071901,West,DPCC,archive,hourly_readings,o3,2026-09-16T19:00:00Z,11.0,ugm3
6931,Dwarka-Sector 8,28.571027,77.071901,West,DPCC,archive,hourly_readings,o3,2026-09-16T20:00:00Z,11.0,ugm3
6931,Dwarka-Sector 8,28.571027,77.071901,West,DPCC,archive,hourly_readings,o3,2026-09-16T21:00:00Z,14.9,ugm3
6931,Dwarka-Sector 8,28.571027,77.071901,West,DPCC,archive,hourly_readings,o3,2026-09-16T22:00:00Z,25.9,ugm3
6931,Dwarka-Sector 8,28.571027,77.071901,West,DPCC,archive,hourly_readings,o3,2026-09-16T23:00:00Z,34.0,ugm3
6931,Dwarka-Sector 8,28.571027,77.071901,West,DPCC,archive,hourly_readings,o3,2026-09-17T00:00:00Z,31.7,ugm3
6931,Dwarka-Sector 8,28.571027,77.071901,West,DPCC,archive,hourly_readings,o3,2026-09-17T01:00:00Z,29.2,ugm3
6931,Dwarka-Sector 8,28.571027,77.071901,West,DPCC,archive,hourly_readings,o3,2026-09-17T02:00:00Z,30.9,ugm3
6931,Dwarka-Sector 8,28.571027,77.071901,West,DPCC,archive,hourly_readings,o3,2026-09-17T03:00:00Z,38.3,ugm3
6931,Dwarka-Sector 8,28.571027,77.071901,West,DPCC,archive,hourly_readings,o3,2026-09-17T04:00:00Z,42.9,ugm3
6931,Dwarka-Sector 8,28.571027,77.071901,West,DPCC,archive,hourly_readings,o3,2026-09-17T05:00:00Z,40.1,ugm3
6931,Dwarka-Sector 8,28.571027,77.071901,West,DPCC,archive,hourly_readings,o3,2026-09-17T06:00:00Z,44.8,ugm3
6931,Dwarka-Sector 8,28.571027,77.071901,West,DPCC,archive,hourly_readings,o3,2026-09-17T07:00:00Z,50.4,ugm3
6931,Dwarka-Sector 8,28.571027,77.071901,West,DPCC,archive,hourly_readings,o3,2026-09-17T08:00:00Z,55.1,ugm3
6931,Dwarka-Sector 8,28.571027,77.071901,West,DPCC,archive,hourly_readings,o3,2026-09-17T09:00:00Z,53.8,ugm3
6931,Dwarka-Sector 8,28.571027,77.071901,West,DPCC,archive,hourly_readings,o3,2026-09-17T10:00:00Z,46.6,ugm3
6931,Dwarka-Sector 8,28.571027,77.071901,West,DPCC,archive,hourly_readings,o3,2026-09-17T11:00:00Z,38.4,ugm3
6931,Dwarka-Sector 8,28.571027,77.071901,West,DPCC,archive,hourly_readings,o3,2026-09-17T12:00:00Z,29.9,ugm3
6931,Dwarka-Sector 8,28.571027,77.071901,West,DPCC,archive,hourly_readings,o3,2026-09-17T13:00:00Z,25.1,ugm3
6931,Dwarka-Sector 8,28.571027,77.071901,West,DPCC,archive,hourly_readings,pm10,2026-09-16T14:00:00Z,153.0,ugm3
6931,Dwarka-Sector 8,28.571027,77.071901,West,DPCC,archive,hourly_readings,pm10,2026-09-16T15:00:00Z,173.0,ugm3
6931,Dwarka-Sector 8,28.571027,77.071901,West,DPCC,archive,hourly_readings,pm10,2026-09-16T17:00:00Z,184.0,ugm3
6931,Dwarka-Sector 8,28.571027,77.071901,West,DPCC,archive,hourly_readings,pm10,2026-09-16T18:00:00Z,183.0,ugm3
6931,Dwarka-Sector 8,28.571027,77.071901,West,DPCC,archive,hourly_readings,pm10,2026-09-16T19:00:00Z,168.0,ugm3
6931,Dwarka-Sector 8,28.571027,77.071901,West,DPCC,archive,hourly_readings,pm10,2026-09-16T20:00:00Z,129.0,ugm3
6931,Dwarka-Sector 8,28.571027,77.071901,West,DPCC,archive,hourly_readings,pm10,2026-09-16T21:00:00Z,103.0,ugm3
6931,Dwarka-Sector 8,28.571027,77.071901,West,DPCC,archive,hourly_readings,pm10,2026-09-16T22:00:00Z,138.0,ugm3
6931,Dwarka-Sector 8,28.571027,77.071901,West,DPCC,archive,hourly_readings,pm10,2026-09-16T23:00:00Z,207.0,ugm3
6931,Dwarka-Sector 8,28.571027,77.071901,West,DPCC,archive,hourly_readings,pm10,2026-09-17T00:00:00Z,35.0,ugm3
6931,Dwarka-Sector 8,28.571027,77.071901,West,DPCC,archive,hourly_readings,pm10,2026-09-17T01:00:00Z,56.3,ugm3
6931,Dwarka-Sector 8,28.571027,77.071901,West,DPCC,archive,hourly_readings,pm10,2026-09-17T02:00:00Z,111.0,ugm3
6931,Dwarka-Sector 8,28.571027,77.071901,West,DPCC,archive,hourly_readings,pm10,2026-09-17T03:00:00Z,170.0,ugm3
6931,Dwarka-Sector 8,28.571027,77.071901,West,DPCC,archive,hourly_readings,pm10,2026-09-17T04:00:00Z,108.0,ugm3
6931,Dwarka-Sector 8,28.571027,77.071901,West,DPCC,archive,hourly_readings,pm10,2026-09-17T05:00:00Z,118.0,ugm3
6931,Dwarka-Sector 8,28.571027,77.071901,West,DPCC,archive,hourly_readings,pm10,2026-09-17T06:00:00Z,90.0,ugm3
6931,Dwarka-Sector 8,28.571027,77.071901,West,DPCC,archive,hourly_readings,pm10,2026-09-17T07:00:00Z,83.0,ugm3
6931,Dwarka-Sector 8,28.571027,77.071901,West,DPCC,archive,hourly_readings,pm10,2026-09-17T08:00:00Z,107.0,ugm3
6931,Dwarka-Sector 8,28.571027,77.071901,West,DPCC,archive,hourly_readings,pm10,2026-09-17T09:00:00Z,104.0,ugm3
6931,Dwarka-Sector 8,28.571027,77.071901,West,DPCC,archive,hourly_readings,pm10,2026-09-17T10:00:00Z,90.8,ugm3
6931,Dwarka-Sector 8,28.571027,77.071901,West,DPCC,archive,hourly_readings,pm10,2026-09-17T11:00:00Z,105.0,ugm3
6931,Dwarka-Sector 8,28.571027,77.071901,West,DPCC,archive,hourly_readings,pm10,2026-09-17T12:00:00Z,158.0,ugm3
6931,Dwarka-Sector 8,28.571027,77.071901,West,DPCC,archive,hourly_readings,pm10,2026-09-17T13:00:00Z,176.0,ugm3
6931,Dwarka-Sector 8,28.571027,77.071901,West,DPCC,archive,hourly_readings,pm25,2026-09-16T14:00:00Z,43.0,ugm3
6931,Dwarka-Sector 8,28.571027,77.071901,West,DPCC,archive,hourly_readings,pm25,2026-09-16T15:00:00Z,51.3,ugm3
6931,Dwarka-Sector 8,28.571027,77.071901,West,DPCC,archive,hourly_readings,pm25,2026-09-16T17:00:00Z,52.0,ugm3
6931,Dwarka-Sector 8,28.571027,77.071901,West,DPCC,archive,hourly_readings,pm25,2026-09-16T18:00:00Z,50.3,ugm3
6931,Dwarka-Sector 8,28.571027,77.071901,West,DPCC,archive,hourly_readings,pm25,2026-09-16T19:00:00Z,45.5,ugm3
6931,Dwarka-Sector 8,28.571027,77.071901,West,DPCC,archive,hourly_readings,pm25,2026-09-16T20:00:00Z,43.5,ugm3
6931,Dwarka-Sector 8,28.571027,77.071901,West,DPCC,archive,hourly_readings,pm25,2026-09-16T21:00:00Z,30.3,ugm3
6931,Dwarka-Sector 8,28.571027,77.071901,West,DPCC,archive,hourly_readings,pm25,2026-09-16T22:00:00Z,17.8,ugm3
6931,Dwarka-Sector 8,28.571027,77.071901,West,DPCC,archive,hourly_readings,pm25,2026-09-16T23:00:00Z,6.0,ugm3
6931,Dwarka-Sector 8,28.571027,77.071901,West,DPCC,archive,hourly_readings,pm25,2026-09-17T00:00:00Z,8.5,ugm3
6931,Dwarka-Sector 8,28.571027,77.071901,West,DPCC,archive,hourly_readings,pm25,2026-09-17T01:00:00Z,10.3,ugm3
6931,Dwarka-Sector 8,28.571027,77.071901,West,DPCC,archive,hourly_readings,pm25,2026-09-17T02:00:00Z,22.0,ugm3
6931,Dwarka-Sector 8,28.571027,77.071901,West,DPCC,archive,hourly_readings,pm25,2026-09-17T03:00:00Z,28.5,ugm3
6931,Dwarka-Sector 8,28.571027,77.071901,West,DPCC,archive,hourly_readings,pm25,2026-09-17T04:00:00Z,31.5,ugm3
6931,Dwarka-Sector 8,28.571027,77.071901,West,DPCC,archive,hourly_readings,pm25,2026-09-17T05:00:00Z,34.3,ugm3
6931,Dwarka-Sector 8,28.571027,77.071901,West,DPCC,archive,hourly_readings,pm25,2026-09-17T06:00:00Z,30.5,ugm3
6931,Dwarka-Sector 8,28.571027,77.071901,West,DPCC,archive,hourly_readings,pm25,2026-09-17T07:00:00Z,35.3,ugm3
6931,Dwarka-Sector 8,28.571027,77.071901,West,DPCC,archive,hourly_readings,pm25,2026-09-17T08:00:00Z,36.5,ugm3
6931,Dwarka-Sector 8,28.571027,77.071901,West,DPCC,archive,hourly_readings,pm25,2026-09-17T09:00:00Z,38.3,ugm3
6931,Dwarka-Sector 8,28.571027,77.071901,West,DPCC,archive,hourly_readings,pm25,2026-09-17T10:00:00Z,37.0,ugm3
6931,Dwarka-Sector 8,28.571027,77.071901,West,DPCC,archive,hourly_readings,pm25,2026-09-17T11:00:00Z,34.3,ugm3
6931,Dwarka-Sector 8,28.571027,77.071901,West,DPCC,archive,hourly_readings,pm25,2026-09-17T12:00:00Z,44.5,ugm3
6931,Dwarka-Sector 8,28.571027,77.071901,West,DPCC,archive,hourly_readings,pm25,2026-09-17T13:00:00Z,45.5,ugm3
6936,"Arya Nagar, Bahadurgarh",28.6701,76.9254,West,HSPCB,archive,hourly_readings,no2,2026-09-16T14:00:00Z,18.6,ugm3
6936,"Arya Nagar, Bahadurgarh",28.6701,76.9254,West,HSPCB,archive,hourly_readings,no2,2026-09-16T15:00:00Z,18.6,ugm3
6936,"Arya Nagar, Bahadurgarh",28.6701,76.9254,West,HSPCB,archive,hourly_readings,no2,2026-09-16T17:00:00Z,16.9,ugm3
6936,"Arya Nagar, Bahadurgarh",28.6701,76.9254,West,HSPCB,archive,hourly_readings,no2,2026-09-16T18:00:00Z,19.1,ugm3
6936,"Arya Nagar, Bahadurgarh",28.6701,76.9254,West,HSPCB,archive,hourly_readings,no2,2026-09-16T19:00:00Z,19.0,ugm3
6936,"Arya Nagar, Bahadurgarh",28.6701,76.9254,West,HSPCB,archive,hourly_readings,no2,2026-09-16T20:00:00Z,18.8,ugm3
6936,"Arya Nagar, Bahadurgarh",28.6701,76.9254,West,HSPCB,archive,hourly_readings,no2,2026-09-16T21:00:00Z,19.0,ugm3
6936,"Arya Nagar, Bahadurgarh",28.6701,76.9254,West,HSPCB,archive,hourly_readings,no2,2026-09-16T22:00:00Z,18.6,ugm3
6936,"Arya Nagar, Bahadurgarh",28.6701,76.9254,West,HSPCB,archive,hourly_readings,no2,2026-09-16T23:00:00Z,18.6,ugm3
6936,"Arya Nagar, Bahadurgarh",28.6701,76.9254,West,HSPCB,archive,hourly_readings,no2,2026-09-17T00:00:00Z,20.0,ugm3
6936,"Arya Nagar, Bahadurgarh",28.6701,76.9254,West,HSPCB,archive,hourly_readings,no2,2026-09-17T01:00:00Z,19.3,ugm3
6936,"Arya Nagar, Bahadurgarh",28.6701,76.9254,West,HSPCB,archive,hourly_readings,no2,2026-09-17T02:00:00Z,20.2,ugm3
6936,"Arya Nagar, Bahadurgarh",28.6701,76.9254,West,HSPCB,archive,hourly_readings,no2,2026-09-17T03:00:00Z,18.3,ugm3
6936,"Arya Nagar, Bahadurgarh",28.6701,76.9254,West,HSPCB,archive,hourly_readings,no2,2026-09-17T04:00:00Z,19.2,ugm3
6936,"Arya Nagar, Bahadurgarh",28.6701,76.9254,West,HSPCB,archive,hourly_readings,no2,2026-09-17T05:00:00Z,17.8,ugm3
6936,"Arya Nagar, Bahadurgarh",28.6701,76.9254,West,HSPCB,archive,hourly_readings,no2,2026-09-17T06:00:00Z,17.4,ugm3
6936,"Arya Nagar, Bahadurgarh",28.6701,76.9254,West,HSPCB,archive,hourly_readings,no2,2026-09-17T07:00:00Z,20.2,ugm3
6936,"Arya Nagar, Bahadurgarh",28.6701,76.9254,West,HSPCB,archive,hourly_readings,no2,2026-09-17T08:00:00Z,18.7,ugm3
6936,"Arya Nagar, Bahadurgarh",28.6701,76.9254,West,HSPCB,archive,hourly_readings,no2,2026-09-17T09:00:00Z,18.2,ugm3
6936,"Arya Nagar, Bahadurgarh",28.6701,76.9254,West,HSPCB,archive,hourly_readings,no2,2026-09-17T10:00:00Z,18.3,ugm3
6936,"Arya Nagar, Bahadurgarh",28.6701,76.9254,West,HSPCB,archive,hourly_readings,no2,2026-09-17T11:00:00Z,15.7,ugm3
6936,"Arya Nagar, Bahadurgarh",28.6701,76.9254,West,HSPCB,archive,hourly_readings,no2,2026-09-17T12:00:00Z,16.9,ugm3
6936,"Arya Nagar, Bahadurgarh",28.6701,76.9254,West,HSPCB,archive,hourly_readings,no2,2026-09-17T13:00:00Z,17.9,ugm3
6936,"Arya Nagar, Bahadurgarh",28.6701,76.9254,West,HSPCB,archive,hourly_readings,o3,2026-09-16T14:00:00Z,19.4,ugm3
6936,"Arya Nagar, Bahadurgarh",28.6701,76.9254,West,HSPCB,archive,hourly_readings,o3,2026-09-16T15:00:00Z,17.7,ugm3
6936,"Arya Nagar, Bahadurgarh",28.6701,76.9254,West,HSPCB,archive,hourly_readings,o3,2026-09-16T17:00:00Z,3.5,ugm3
6936,"Arya Nagar, Bahadurgarh",28.6701,76.9254,West,HSPCB,archive,hourly_readings,o3,2026-09-16T18:00:00Z,3.2,ugm3
6936,"Arya Nagar, Bahadurgarh",28.6701,76.9254,West,HSPCB,archive,hourly_readings,o3,2026-09-16T19:00:00Z,5.1,ugm3
6936,"Arya Nagar, Bahadurgarh",28.6701,76.9254,West,HSPCB,archive,hourly_readings,o3,2026-09-16T20:00:00Z,6.6,ugm3
6936,"Arya Nagar, Bahadurgarh",28.6701,76.9254,West,HSPCB,archive,hourly_readings,o3,2026-09-16T21:00:00Z,9.6,ugm3
6936,"Arya Nagar, Bahadurgarh",28.6701,76.9254,West,HSPCB,archive,hourly_readings,o3,2026-09-16T22:00:00Z,10.0,ugm3
6936,"Arya Nagar, Bahadurgarh",28.6701,76.9254,West,HSPCB,archive,hourly_readings,o3,2026-09-16T23:00:00Z,10.5,ugm3
6936,"Arya Nagar, Bahadurgarh",28.6701,76.9254,West,HSPCB,archive,hourly_readings,o3,2026-09-17T00:00:00Z,11.6,ugm3
6936,"Arya Nagar, Bahadurgarh",28.6701,76.9254,West,HSPCB,archive,hourly_readings,o3,2026-09-17T01:00:00Z,15.9,ugm3
6936,"Arya Nagar, Bahadurgarh",28.6701,76.9254,West,HSPCB,archive,hourly_readings,o3,2026-09-17T02:00:00Z,20.2,ugm3
6936,"Arya Nagar, Bahadurgarh",28.6701,76.9254,West,HSPCB,archive,hourly_readings,o3,2026-09-17T03:00:00Z,17.9,ugm3
6936,"Arya Nagar, Bahadurgarh",28.6701,76.9254,West,HSPCB,archive,hourly_readings,o3,2026-09-17T04:00:00Z,26.1,ugm3
6936,"Arya Nagar, Bahadurgarh",28.6701,76.9254,West,HSPCB,archive,hourly_readings,o3,2026-09-17T05:00:00Z,30.9,ugm3
6936,"Arya Nagar, Bahadurgarh",28.6701,76.9254,West,HSPCB,archive,hourly_readings,o3,2026-09-17T06:00:00Z,42.9,ugm3
6936,"Arya Nagar, Bahadurgarh",28.6701,76.9254,West,HSPCB,archive,hourly_readings,o3,2026-09-17T07:00:00Z,46.0,ugm3
6936,"Arya Nagar, Bahadurgarh",28.6701,76.9254,West,HSPCB,archive,hourly_readings,o3,2026-09-17T08:00:00Z,48.6,ugm3
6936,"Arya Nagar, Bahadurgarh",28.6701,76.9254,West,HSPCB,archive,hourly_readings,o3,2026-09-17T09:00:00Z,41.4,ugm3
6936,"Arya Nagar, Bahadurgarh",28.6701,76.9254,West,HSPCB,archive,hourly_readings,o3,2026-09-17T10:00:00Z,40.2,ugm3
6936,"Arya Nagar, Bahadurgarh",28.6701,76.9254,West,HSPCB,archive,hourly_readings,o3,2026-09-17T11:00:00Z,32.7,ugm3
6936,"Arya Nagar, Bahadurgarh",28.6701,76.9254,West,HSPCB,archive,hourly_readings,o3,2026-09-17T12:00:00Z,30.7,ugm3
6936,"Arya Nagar, Bahadurgarh",28.6701,76.9254,West,HSPCB,archive,hourly_readings,o3,2026-09-17T13:00:00Z,23.6,ugm3
6936,"Arya Nagar, Bahadurgarh",28.6701,76.9254,West,HSPCB,archive,hourly_readings,pm10,2026-09-16T14:00:00Z,79.8,ugm3
6936,"Arya Nagar, Bahadurgarh",28.6701,76.9254,West,HSPCB,archive,hourly_readings,pm10,2026-09-16T15:00:00Z,93.3,ugm3
6936,"Arya Nagar, Bahadurgarh",28.6701,76.9254,West,HSPCB,archive,hourly_readings,pm10,2026-09-16T17:00:00Z,144.0,ugm3
6936,"Arya Nagar, Bahadurgarh",28.6701,76.9254,West,HSPCB,archive,hourly_readings,pm10,2026-09-16T18:00:00Z,153.0,ugm3
6936,"Arya Nagar, Bahadurgarh",28.6701,76.9254,West,HSPCB,archive,hourly_readings,pm10,2026-09-16T19:00:00Z,166.0,ugm3
6936,"Arya Nagar, Bahadurgarh",28.6701,76.9254,West,HSPCB,archive,hourly_readings,pm10,2026-09-16T20:00:00Z,175.0,ugm3
6936,"Arya Nagar, Bahadurgarh",28.6701,76.9254,West,HSPCB,archive,hourly_readings,pm10,2026-09-16T21:00:00Z,177.0,ugm3
6936,"Arya Nagar, Bahadurgarh",28.6701,76.9254,West,HSPCB,archive,hourly_readings,pm10,2026-09-16T22:00:00Z,186.0,ugm3
6936,"Arya Nagar, Bahadurgarh",28.6701,76.9254,West,HSPCB,archive,hourly_readings,pm10,2026-09-16T23:00:00Z,185.0,ugm3
6936,"Arya Nagar, Bahadurgarh",28.6701,76.9254,West,HSPCB,archive,hourly_readings,pm10,2026-09-17T00:00:00Z,106.0,ugm3
6936,"Arya Nagar, Bahadurgarh",28.6701,76.9254,West,HSPCB,archive,hourly_readings,pm10,2026-09-17T01:00:00Z,140.0,ugm3
6936,"Arya Nagar, Bahadurgarh",28.6701,76.9254,West,HSPCB,archive,hourly_readings,pm10,2026-09-17T02:00:00Z,148.0,ugm3
6936,"Arya Nagar, Bahadurgarh",28.6701,76.9254,West,HSPCB,archive,hourly_readings,pm10,2026-09-17T03:00:00Z,134.0,ugm3
6936,"Arya Nagar, Bahadurgarh",28.6701,76.9254,West,HSPCB,archive,hourly_readings,pm10,2026-09-17T04:00:00Z,148.0,ugm3
6936,"Arya Nagar, Bahadurgarh",28.6701,76.9254,West,HSPCB,archive,hourly_readings,pm10,2026-09-17T05:00:00Z,138.0,ugm3
6936,"Arya Nagar, Bahadurgarh",28.6701,76.9254,West,HSPCB,archive,hourly_readings,pm10,2026-09-17T06:00:00Z,46.0,ugm3
6936,"Arya Nagar, Bahadurgarh",28.6701,76.9254,West,HSPCB,archive,hourly_readings,pm10,2026-09-17T07:00:00Z,67.5,ugm3
6936,"Arya Nagar, Bahadurgarh",28.6701,76.9254,West,HSPCB,archive,hourly_readings,pm10,2026-09-17T08:00:00Z,59.3,ugm3
6936,"Arya Nagar, Bahadurgarh",28.6701,76.9254,West,HSPCB,archive,hourly_readings,pm10,2026-09-17T09:00:00Z,53.4,ugm3
6936,"Arya Nagar, Bahadurgarh",28.6701,76.9254,West,HSPCB,archive,hourly_readings,pm10,2026-09-17T10:00:00Z,56.7,ugm3
6936,"Arya Nagar, Bahadurgarh",28.6701,76.9254,West,HSPCB,archive,hourly_readings,pm10,2026-09-17T11:00:00Z,43.8,ugm3
6936,"Arya Nagar, Bahadurgarh",28.6701,76.9254,West,HSPCB,archive,hourly_readings,pm10,2026-09-17T12:00:00Z,56.3,ugm3
6936,"Arya Nagar, Bahadurgarh",28.6701,76.9254,West,HSPCB,archive,hourly_readings,pm10,2026-09-17T13:00:00Z,77.8,ugm3
6936,"Arya Nagar, Bahadurgarh",28.6701,76.9254,West,HSPCB,archive,hourly_readings,pm25,2026-09-16T14:00:00Z,36.8,ugm3
6936,"Arya Nagar, Bahadurgarh",28.6701,76.9254,West,HSPCB,archive,hourly_readings,pm25,2026-09-16T15:00:00Z,46.5,ugm3
6936,"Arya Nagar, Bahadurgarh",28.6701,76.9254,West,HSPCB,archive,hourly_readings,pm25,2026-09-16T17:00:00Z,58.1,ugm3
6936,"Arya Nagar, Bahadurgarh",28.6701,76.9254,West,HSPCB,archive,hourly_readings,pm25,2026-09-16T18:00:00Z,62.6,ugm3
6936,"Arya Nagar, Bahadurgarh",28.6701,76.9254,West,HSPCB,archive,hourly_readings,pm25,2026-09-16T19:00:00Z,68.1,ugm3
6936,"Arya Nagar, Bahadurgarh",28.6701,76.9254,West,HSPCB,archive,hourly_readings,pm25,2026-09-16T20:00:00Z,78.9,ugm3
6936,"Arya Nagar, Bahadurgarh",28.6701,76.9254,West,HSPCB,archive,hourly_readings,pm25,2026-09-16T21:00:00Z,78.4,ugm3
6936,"Arya Nagar, Bahadurgarh",28.6701,76.9254,West,HSPCB,archive,hourly_readings,pm25,2026-09-16T22:00:00Z,62.7,ugm3
6936,"Arya Nagar, Bahadurgarh",28.6701,76.9254,West,HSPCB,archive,hourly_readings,pm25,2026-09-16T23:00:00Z,57.8,ugm3
6936,"Arya Nagar, Bahadurgarh",28.6701,76.9254,West,HSPCB,archive,hourly_readings,pm25,2026-09-17T00:00:00Z,33.7,ugm3
6936,"Arya Nagar, Bahadurgarh",28.6701,76.9254,West,HSPCB,archive,hourly_readings,pm25,2026-09-17T01:00:00Z,36.6,ugm3
6936,"Arya Nagar, Bahadurgarh",28.6701,76.9254,West,HSPCB,archive,hourly_readings,pm25,2026-09-17T02:00:00Z,35.4,ugm3
6936,"Arya Nagar, Bahadurgarh",28.6701,76.9254,West,HSPCB,archive,hourly_readings,pm25,2026-09-17T03:00:00Z,31.3,ugm3
6936,"Arya Nagar, Bahadurgarh",28.6701,76.9254,West,HSPCB,archive,hourly_readings,pm25,2026-09-17T04:00:00Z,32.7,ugm3
6936,"Arya Nagar, Bahadurgarh",28.6701,76.9254,West,HSPCB,archive,hourly_readings,pm25,2026-09-17T05:00:00Z,30.7,ugm3
6936,"Arya Nagar, Bahadurgarh",28.6701,76.9254,West,HSPCB,archive,hourly_readings,pm25,2026-09-17T06:00:00Z,37.3,ugm3
6936,"Arya Nagar, Bahadurgarh",28.6701,76.9254,West,HSPCB,archive,hourly_readings,pm25,2026-09-17T07:00:00Z,40.8,ugm3
6936,"Arya Nagar, Bahadurgarh",28.6701,76.9254,West,HSPCB,archive,hourly_readings,pm25,2026-09-17T08:00:00Z,44.3,ugm3
6936,"Arya Nagar, Bahadurgarh",28.6701,76.9254,West,HSPCB,archive,hourly_readings,pm25,2026-09-17T09:00:00Z,45.2,ugm3
6936,"Arya Nagar, Bahadurgarh",28.6701,76.9254,West,HSPCB,archive,hourly_readings,pm25,2026-09-17T10:00:00Z,43.5,ugm3
6936,"Arya Nagar, Bahadurgarh",28.6701,76.9254,West,HSPCB,archive,hourly_readings,pm25,2026-09-17T11:00:00Z,40.3,ugm3
6936,"Arya Nagar, Bahadurgarh",28.6701,76.9254,West,HSPCB,archive,hourly_readings,pm25,2026-09-17T12:00:00Z,35.9,ugm3
6936,"Arya Nagar, Bahadurgarh",28.6701,76.9254,West,HSPCB,archive,hourly_readings,pm25,2026-09-17T13:00:00Z,38.5,ugm3
6953,"Sector-2 IMT, Manesar",28.360699,76.93609,NCR Outer,HSPCB,archive,hourly_readings,no2,2026-09-16T14:00:00Z,33.1,ugm3
6953,"Sector-2 IMT, Manesar",28.360699,76.93609,NCR Outer,HSPCB,archive,hourly_readings,no2,2026-09-16T15:00:00Z,34.7,ugm3
6953,"Sector-2 IMT, Manesar",28.360699,76.93609,NCR Outer,HSPCB,archive,hourly_readings,no2,2026-09-16T17:00:00Z,14.0,ugm3
6953,"Sector-2 IMT, Manesar",28.360699,76.93609,NCR Outer,HSPCB,archive,hourly_readings,no2,2026-09-16T18:00:00Z,13.3,ugm3
6953,"Sector-2 IMT, Manesar",28.360699,76.93609,NCR Outer,HSPCB,archive,hourly_readings,no2,2026-09-16T19:00:00Z,13.3,ugm3
6953,"Sector-2 IMT, Manesar",28.360699,76.93609,NCR Outer,HSPCB,archive,hourly_readings,no2,2026-09-16T20:00:00Z,13.4,ugm3
6953,"Sector-2 IMT, Manesar",28.360699,76.93609,NCR Outer,HSPCB,archive,hourly_readings,no2,2026-09-16T21:00:00Z,13.8,ugm3
6953,"Sector-2 IMT, Manesar",28.360699,76.93609,NCR Outer,HSPCB,archive,hourly_readings,no2,2026-09-16T22:00:00Z,13.7,ugm3
6953,"Sector-2 IMT, Manesar",28.360699,76.93609,NCR Outer,HSPCB,archive,hourly_readings,no2,2026-09-16T23:00:00Z,15.9,ugm3
6953,"Sector-2 IMT, Manesar",28.360699,76.93609,NCR Outer,HSPCB,archive,hourly_readings,no2,2026-09-17T00:00:00Z,23.1,ugm3
6953,"Sector-2 IMT, Manesar",28.360699,76.93609,NCR Outer,HSPCB,archive,hourly_readings,no2,2026-09-17T01:00:00Z,23.0,ugm3
6953,"Sector-2 IMT, Manesar",28.360699,76.93609,NCR Outer,HSPCB,archive,hourly_readings,no2,2026-09-17T02:00:00Z,19.6,ugm3
6953,"Sector-2 IMT, Manesar",28.360699,76.93609,NCR Outer,HSPCB,archive,hourly_readings,no2,2026-09-17T03:00:00Z,19.4,ugm3
6953,"Sector-2 IMT, Manesar",28.360699,76.93609,NCR Outer,HSPCB,archive,hourly_readings,no2,2026-09-17T04:00:00Z,20.3,ugm3
6953,"Sector-2 IMT, Manesar",28.360699,76.93609,NCR Outer,HSPCB,archive,hourly_readings,no2,2026-09-17T05:00:00Z,19.4,ugm3
6953,"Sector-2 IMT, Manesar",28.360699,76.93609,NCR Outer,HSPCB,archive,hourly_readings,no2,2026-09-17T06:00:00Z,19.7,ugm3
6953,"Sector-2 IMT, Manesar",28.360699,76.93609,NCR Outer,HSPCB,archive,hourly_readings,no2,2026-09-17T07:00:00Z,19.7,ugm3
6953,"Sector-2 IMT, Manesar",28.360699,76.93609,NCR Outer,HSPCB,archive,hourly_readings,no2,2026-09-17T08:00:00Z,21.1,ugm3
6953,"Sector-2 IMT, Manesar",28.360699,76.93609,NCR Outer,HSPCB,archive,hourly_readings,no2,2026-09-17T09:00:00Z,19.2,ugm3
6953,"Sector-2 IMT, Manesar",28.360699,76.93609,NCR Outer,HSPCB,archive,hourly_readings,no2,2026-09-17T10:00:00Z,18.9,ugm3
6953,"Sector-2 IMT, Manesar",28.360699,76.93609,NCR Outer,HSPCB,archive,hourly_readings,no2,2026-09-17T11:00:00Z,59.6,ugm3
6953,"Sector-2 IMT, Manesar",28.360699,76.93609,NCR Outer,HSPCB,archive,hourly_readings,no2,2026-09-17T12:00:00Z,58.6,ugm3
6953,"Sector-2 IMT, Manesar",28.360699,76.93609,NCR Outer,HSPCB,archive,hourly_readings,no2,2026-09-17T13:00:00Z,44.5,ugm3
6953,"Sector-2 IMT, Manesar",28.360699,76.93609,NCR Outer,HSPCB,archive,hourly_readings,o3,2026-09-16T14:00:00Z,8.5,ugm3
6953,"Sector-2 IMT, Manesar",28.360699,76.93609,NCR Outer,HSPCB,archive,hourly_readings,o3,2026-09-16T15:00:00Z,8.1,ugm3
6953,"Sector-2 IMT, Manesar",28.360699,76.93609,NCR Outer,HSPCB,archive,hourly_readings,o3,2026-09-16T17:00:00Z,8.6,ugm3
6953,"Sector-2 IMT, Manesar",28.360699,76.93609,NCR Outer,HSPCB,archive,hourly_readings,o3,2026-09-16T18:00:00Z,8.3,ugm3
6953,"Sector-2 IMT, Manesar",28.360699,76.93609,NCR Outer,HSPCB,archive,hourly_readings,o3,2026-09-16T19:00:00Z,8.1,ugm3
6953,"Sector-2 IMT, Manesar",28.360699,76.93609,NCR Outer,HSPCB,archive,hourly_readings,o3,2026-09-16T20:00:00Z,8.3,ugm3
6953,"Sector-2 IMT, Manesar",28.360699,76.93609,NCR Outer,HSPCB,archive,hourly_readings,o3,2026-09-16T21:00:00Z,16.7,ugm3
6953,"Sector-2 IMT, Manesar",28.360699,76.93609,NCR Outer,HSPCB,archive,hourly_readings,o3,2026-09-16T22:00:00Z,16.6,ugm3
6953,"Sector-2 IMT, Manesar",28.360699,76.93609,NCR Outer,HSPCB,archive,hourly_readings,o3,2026-09-16T23:00:00Z,8.2,ugm3
6953,"Sector-2 IMT, Manesar",28.360699,76.93609,NCR Outer,HSPCB,archive,hourly_readings,o3,2026-09-17T00:00:00Z,11.5,ugm3
6953,"Sector-2 IMT, Manesar",28.360699,76.93609,NCR Outer,HSPCB,archive,hourly_readings,o3,2026-09-17T01:00:00Z,18.1,ugm3
6953,"Sector-2 IMT, Manesar",28.360699,76.93609,NCR Outer,HSPCB,archive,hourly_readings,o3,2026-09-17T02:00:00Z,21.4,ugm3
6953,"Sector-2 IMT, Manesar",28.360699,76.93609,NCR Outer,HSPCB,archive,hourly_readings,o3,2026-09-17T03:00:00Z,29.3,ugm3
6953,"Sector-2 IMT, Manesar",28.360699,76.93609,NCR Outer,HSPCB,archive,hourly_readings,o3,2026-09-17T04:00:00Z,39.7,ugm3
6953,"Sector-2 IMT, Manesar",28.360699,76.93609,NCR Outer,HSPCB,archive,hourly_readings,o3,2026-09-17T05:00:00Z,25.1,ugm3
6953,"Sector-2 IMT, Manesar",28.360699,76.93609,NCR Outer,HSPCB,archive,hourly_readings,o3,2026-09-17T06:00:00Z,28.8,ugm3
6953,"Sector-2 IMT, Manesar",28.360699,76.93609,NCR Outer,HSPCB,archive,hourly_readings,o3,2026-09-17T07:00:00Z,38.7,ugm3
6953,"Sector-2 IMT, Manesar",28.360699,76.93609,NCR Outer,HSPCB,archive,hourly_readings,o3,2026-09-17T08:00:00Z,42.5,ugm3
6953,"Sector-2 IMT, Manesar",28.360699,76.93609,NCR Outer,HSPCB,archive,hourly_readings,o3,2026-09-17T09:00:00Z,40.0,ugm3
6953,"Sector-2 IMT, Manesar",28.360699,76.93609,NCR Outer,HSPCB,archive,hourly_readings,o3,2026-09-17T10:00:00Z,16.6,ugm3
6953,"Sector-2 IMT, Manesar",28.360699,76.93609,NCR Outer,HSPCB,archive,hourly_readings,o3,2026-09-17T11:00:00Z,15.4,ugm3
6953,"Sector-2 IMT, Manesar",28.360699,76.93609,NCR Outer,HSPCB,archive,hourly_readings,o3,2026-09-17T12:00:00Z,16.0,ugm3
6953,"Sector-2 IMT, Manesar",28.360699,76.93609,NCR Outer,HSPCB,archive,hourly_readings,o3,2026-09-17T13:00:00Z,12.2,ugm3
6953,"Sector-2 IMT, Manesar",28.360699,76.93609,NCR Outer,HSPCB,archive,hourly_readings,pm10,2026-09-16T14:00:00Z,314.0,ugm3
6953,"Sector-2 IMT, Manesar",28.360699,76.93609,NCR Outer,HSPCB,archive,hourly_readings,pm10,2026-09-16T15:00:00Z,283.0,ugm3
6953,"Sector-2 IMT, Manesar",28.360699,76.93609,NCR Outer,HSPCB,archive,hourly_readings,pm10,2026-09-16T17:00:00Z,110.0,ugm3
6953,"Sector-2 IMT, Manesar",28.360699,76.93609,NCR Outer,HSPCB,archive,hourly_readings,pm10,2026-09-16T18:00:00Z,144.0,ugm3
6953,"Sector-2 IMT, Manesar",28.360699,76.93609,NCR Outer,HSPCB,archive,hourly_readings,pm10,2026-09-16T19:00:00Z,234.0,ugm3
6953,"Sector-2 IMT, Manesar",28.360699,76.93609,NCR Outer,HSPCB,archive,hourly_readings,pm10,2026-09-16T20:00:00Z,132.0,ugm3
6953,"Sector-2 IMT, Manesar",28.360699,76.93609,NCR Outer,HSPCB,archive,hourly_readings,pm10,2026-09-16T21:00:00Z,34.0,ugm3
6953,"Sector-2 IMT, Manesar",28.360699,76.93609,NCR Outer,HSPCB,archive,hourly_readings,pm10,2026-09-16T22:00:00Z,16.3,ugm3
6953,"Sector-2 IMT, Manesar",28.360699,76.93609,NCR Outer,HSPCB,archive,hourly_readings,pm10,2026-09-16T23:00:00Z,13.4,ugm3
6953,"Sector-2 IMT, Manesar",28.360699,76.93609,NCR Outer,HSPCB,archive,hourly_readings,pm10,2026-09-17T00:00:00Z,48.4,ugm3
6953,"Sector-2 IMT, Manesar",28.360699,76.93609,NCR Outer,HSPCB,archive,hourly_readings,pm10,2026-09-17T01:00:00Z,42.0,ugm3
6953,"Sector-2 IMT, Manesar",28.360699,76.93609,NCR Outer,HSPCB,archive,hourly_readings,pm10,2026-09-17T02:00:00Z,43.1,ugm3
6953,"Sector-2 IMT, Manesar",28.360699,76.93609,NCR Outer,HSPCB,archive,hourly_readings,pm10,2026-09-17T03:00:00Z,53.7,ugm3
6953,"Sector-2 IMT, Manesar",28.360699,76.93609,NCR Outer,HSPCB,archive,hourly_readings,pm10,2026-09-17T04:00:00Z,60.2,ugm3
6953,"Sector-2 IMT, Manesar",28.360699,76.93609,NCR Outer,HSPCB,archive,hourly_readings,pm10,2026-09-17T05:00:00Z,73.1,ugm3
6953,"Sector-2 IMT, Manesar",28.360699,76.93609,NCR Outer,HSPCB,archive,hourly_readings,pm10,2026-09-17T06:00:00Z,72.8,ugm3
6953,"Sector-2 IMT, Manesar",28.360699,76.93609,NCR Outer,HSPCB,archive,hourly_readings,pm10,2026-09-17T07:00:00Z,66.7,ugm3
6953,"Sector-2 IMT, Manesar",28.360699,76.93609,NCR Outer,HSPCB,archive,hourly_readings,pm10,2026-09-17T08:00:00Z,71.1,ugm3
6953,"Sector-2 IMT, Manesar",28.360699,76.93609,NCR Outer,HSPCB,archive,hourly_readings,pm10,2026-09-17T09:00:00Z,97.8,ugm3
6953,"Sector-2 IMT, Manesar",28.360699,76.93609,NCR Outer,HSPCB,archive,hourly_readings,pm10,2026-09-17T10:00:00Z,94.9,ugm3
6953,"Sector-2 IMT, Manesar",28.360699,76.93609,NCR Outer,HSPCB,archive,hourly_readings,pm10,2026-09-17T11:00:00Z,85.4,ugm3
6953,"Sector-2 IMT, Manesar",28.360699,76.93609,NCR Outer,HSPCB,archive,hourly_readings,pm10,2026-09-17T12:00:00Z,94.5,ugm3
6953,"Sector-2 IMT, Manesar",28.360699,76.93609,NCR Outer,HSPCB,archive,hourly_readings,pm10,2026-09-17T13:00:00Z,121.0,ugm3
6953,"Sector-2 IMT, Manesar",28.360699,76.93609,NCR Outer,HSPCB,archive,hourly_readings,pm25,2026-09-16T14:00:00Z,204.0,ugm3
6953,"Sector-2 IMT, Manesar",28.360699,76.93609,NCR Outer,HSPCB,archive,hourly_readings,pm25,2026-09-16T15:00:00Z,184.0,ugm3
6953,"Sector-2 IMT, Manesar",28.360699,76.93609,NCR Outer,HSPCB,archive,hourly_readings,pm25,2026-09-16T17:00:00Z,71.4,ugm3
6953,"Sector-2 IMT, Manesar",28.360699,76.93609,NCR Outer,HSPCB,archive,hourly_readings,pm25,2026-09-16T18:00:00Z,93.8,ugm3
6953,"Sector-2 IMT, Manesar",28.360699,76.93609,NCR Outer,HSPCB,archive,hourly_readings,pm25,2026-09-16T19:00:00Z,152.0,ugm3
6953,"Sector-2 IMT, Manesar",28.360699,76.93609,NCR Outer,HSPCB,archive,hourly_readings,pm25,2026-09-16T20:00:00Z,85.8,ugm3
6953,"Sector-2 IMT, Manesar",28.360699,76.93609,NCR Outer,HSPCB,archive,hourly_readings,pm25,2026-09-16T21:00:00Z,22.1,ugm3
6953,"Sector-2 IMT, Manesar",28.360699,76.93609,NCR Outer,HSPCB,archive,hourly_readings,pm25,2026-09-16T22:00:00Z,10.6,ugm3
6953,"Sector-2 IMT, Manesar",28.360699,76.93609,NCR Outer,HSPCB,archive,hourly_readings,pm25,2026-09-16T23:00:00Z,8.7,ugm3
6953,"Sector-2 IMT, Manesar",28.360699,76.93609,NCR Outer,HSPCB,archive,hourly_readings,pm25,2026-09-17T00:00:00Z,31.5,ugm3
6953,"Sector-2 IMT, Manesar",28.360699,76.93609,NCR Outer,HSPCB,archive,hourly_readings,pm25,2026-09-17T01:00:00Z,27.3,ugm3
6953,"Sector-2 IMT, Manesar",28.360699,76.93609,NCR Outer,HSPCB,archive,hourly_readings,pm25,2026-09-17T02:00:00Z,28.0,ugm3
6953,"Sector-2 IMT, Manesar",28.360699,76.93609,NCR Outer,HSPCB,archive,hourly_readings,pm25,2026-09-17T03:00:00Z,34.9,ugm3
6953,"Sector-2 IMT, Manesar",28.360699,76.93609,NCR Outer,HSPCB,archive,hourly_readings,pm25,2026-09-17T04:00:00Z,39.1,ugm3
6953,"Sector-2 IMT, Manesar",28.360699,76.93609,NCR Outer,HSPCB,archive,hourly_readings,pm25,2026-09-17T05:00:00Z,47.5,ugm3
6953,"Sector-2 IMT, Manesar",28.360699,76.93609,NCR Outer,HSPCB,archive,hourly_readings,pm25,2026-09-17T06:00:00Z,47.3,ugm3
6953,"Sector-2 IMT, Manesar",28.360699,76.93609,NCR Outer,HSPCB,archive,hourly_readings,pm25,2026-09-17T07:00:00Z,43.4,ugm3
6953,"Sector-2 IMT, Manesar",28.360699,76.93609,NCR Outer,HSPCB,archive,hourly_readings,pm25,2026-09-17T08:00:00Z,46.2,ugm3
6953,"Sector-2 IMT, Manesar",28.360699,76.93609,NCR Outer,HSPCB,archive,hourly_readings,pm25,2026-09-17T09:00:00Z,63.4,ugm3
6953,"Sector-2 IMT, Manesar",28.360699,76.93609,NCR Outer,HSPCB,archive,hourly_readings,pm25,2026-09-17T10:00:00Z,61.7,ugm3
6953,"Sector-2 IMT, Manesar",28.360699,76.93609,NCR Outer,HSPCB,archive,hourly_readings,pm25,2026-09-17T11:00:00Z,55.5,ugm3
6953,"Sector-2 IMT, Manesar",28.360699,76.93609,NCR Outer,HSPCB,archive,hourly_readings,pm25,2026-09-17T12:00:00Z,61.4,ugm3
6953,"Sector-2 IMT, Manesar",28.360699,76.93609,NCR Outer,HSPCB,archive,hourly_readings,pm25,2026-09-17T13:00:00Z,78.6,ugm3
6972,"Nathu Colony, Ballabgarh",28.341925,77.319699,NCR Outer,HSPCB,archive,hourly_readings,no2,2026-09-16T14:00:00Z,15.8,ugm3
6972,"Nathu Colony, Ballabgarh",28.341925,77.319699,NCR Outer,HSPCB,archive,hourly_readings,no2,2026-09-16T15:00:00Z,16.3,ugm3
6972,"Nathu Colony, Ballabgarh",28.341925,77.319699,NCR Outer,HSPCB,archive,hourly_readings,no2,2026-09-16T17:00:00Z,17.3,ugm3
6972,"Nathu Colony, Ballabgarh",28.341925,77.319699,NCR Outer,HSPCB,archive,hourly_readings,no2,2026-09-16T18:00:00Z,16.0,ugm3
6972,"Nathu Colony, Ballabgarh",28.341925,77.319699,NCR Outer,HSPCB,archive,hourly_readings,no2,2026-09-16T19:00:00Z,15.6,ugm3
6972,"Nathu Colony, Ballabgarh",28.341925,77.319699,NCR Outer,HSPCB,archive,hourly_readings,no2,2026-09-16T20:00:00Z,15.7,ugm3
6972,"Nathu Colony, Ballabgarh",28.341925,77.319699,NCR Outer,HSPCB,archive,hourly_readings,no2,2026-09-16T21:00:00Z,16.1,ugm3
6972,"Nathu Colony, Ballabgarh",28.341925,77.319699,NCR Outer,HSPCB,archive,hourly_readings,no2,2026-09-16T22:00:00Z,15.9,ugm3
6972,"Nathu Colony, Ballabgarh",28.341925,77.319699,NCR Outer,HSPCB,archive,hourly_readings,no2,2026-09-16T23:00:00Z,15.8,ugm3
6972,"Nathu Colony, Ballabgarh",28.341925,77.319699,NCR Outer,HSPCB,archive,hourly_readings,no2,2026-09-17T00:00:00Z,16.0,ugm3
6972,"Nathu Colony, Ballabgarh",28.341925,77.319699,NCR Outer,HSPCB,archive,hourly_readings,no2,2026-09-17T01:00:00Z,15.8,ugm3
6972,"Nathu Colony, Ballabgarh",28.341925,77.319699,NCR Outer,HSPCB,archive,hourly_readings,no2,2026-09-17T02:00:00Z,15.8,ugm3
6972,"Nathu Colony, Ballabgarh",28.341925,77.319699,NCR Outer,HSPCB,archive,hourly_readings,no2,2026-09-17T03:00:00Z,16.3,ugm3
6972,"Nathu Colony, Ballabgarh",28.341925,77.319699,NCR Outer,HSPCB,archive,hourly_readings,no2,2026-09-17T04:00:00Z,15.8,ugm3
6972,"Nathu Colony, Ballabgarh",28.341925,77.319699,NCR Outer,HSPCB,archive,hourly_readings,no2,2026-09-17T05:00:00Z,16.1,ugm3
6972,"Nathu Colony, Ballabgarh",28.341925,77.319699,NCR Outer,HSPCB,archive,hourly_readings,no2,2026-09-17T06:00:00Z,16.7,ugm3
6972,"Nathu Colony, Ballabgarh",28.341925,77.319699,NCR Outer,HSPCB,archive,hourly_readings,no2,2026-09-17T07:00:00Z,16.3,ugm3
6972,"Nathu Colony, Ballabgarh",28.341925,77.319699,NCR Outer,HSPCB,archive,hourly_readings,no2,2026-09-17T08:00:00Z,15.9,ugm3
6972,"Nathu Colony, Ballabgarh",28.341925,77.319699,NCR Outer,HSPCB,archive,hourly_readings,no2,2026-09-17T09:00:00Z,15.7,ugm3
6972,"Nathu Colony, Ballabgarh",28.341925,77.319699,NCR Outer,HSPCB,archive,hourly_readings,no2,2026-09-17T10:00:00Z,15.8,ugm3
6972,"Nathu Colony, Ballabgarh",28.341925,77.319699,NCR Outer,HSPCB,archive,hourly_readings,no2,2026-09-17T11:00:00Z,16.0,ugm3
6972,"Nathu Colony, Ballabgarh",28.341925,77.319699,NCR Outer,HSPCB,archive,hourly_readings,no2,2026-09-17T12:00:00Z,15.5,ugm3
6972,"Nathu Colony, Ballabgarh",28.341925,77.319699,NCR Outer,HSPCB,archive,hourly_readings,no2,2026-09-17T13:00:00Z,16.1,ugm3
6972,"Nathu Colony, Ballabgarh",28.341925,77.319699,NCR Outer,HSPCB,archive,hourly_readings,o3,2026-09-16T14:00:00Z,10.7,ugm3
6972,"Nathu Colony, Ballabgarh",28.341925,77.319699,NCR Outer,HSPCB,archive,hourly_readings,o3,2026-09-16T15:00:00Z,25.4,ugm3
6972,"Nathu Colony, Ballabgarh",28.341925,77.319699,NCR Outer,HSPCB,archive,hourly_readings,o3,2026-09-16T17:00:00Z,114.0,ugm3
6972,"Nathu Colony, Ballabgarh",28.341925,77.319699,NCR Outer,HSPCB,archive,hourly_readings,o3,2026-09-16T18:00:00Z,5.8,ugm3
6972,"Nathu Colony, Ballabgarh",28.341925,77.319699,NCR Outer,HSPCB,archive,hourly_readings,o3,2026-09-16T19:00:00Z,20.6,ugm3
6972,"Nathu Colony, Ballabgarh",28.341925,77.319699,NCR Outer,HSPCB,archive,hourly_readings,o3,2026-09-16T20:00:00Z,4.6,ugm3
6972,"Nathu Colony, Ballabgarh",28.341925,77.319699,NCR Outer,HSPCB,archive,hourly_readings,o3,2026-09-16T21:00:00Z,21.0,ugm3
6972,"Nathu Colony, Ballabgarh",28.341925,77.319699,NCR Outer,HSPCB,archive,hourly_readings,o3,2026-09-16T22:00:00Z,6.9,ugm3
6972,"Nathu Colony, Ballabgarh",28.341925,77.319699,NCR Outer,HSPCB,archive,hourly_readings,o3,2026-09-16T23:00:00Z,21.9,ugm3
6972,"Nathu Colony, Ballabgarh",28.341925,77.319699,NCR Outer,HSPCB,archive,hourly_readings,o3,2026-09-17T00:00:00Z,14.8,ugm3
6972,"Nathu Colony, Ballabgarh",28.341925,77.319699,NCR Outer,HSPCB,archive,hourly_readings,o3,2026-09-17T01:00:00Z,19.0,ugm3
6972,"Nathu Colony, Ballabgarh",28.341925,77.319699,NCR Outer,HSPCB,archive,hourly_readings,o3,2026-09-17T02:00:00Z,15.4,ugm3
6972,"Nathu Colony, Ballabgarh",28.341925,77.319699,NCR Outer,HSPCB,archive,hourly_readings,o3,2026-09-17T03:00:00Z,24.1,ugm3
6972,"Nathu Colony, Ballabgarh",28.341925,77.319699,NCR Outer,HSPCB,archive,hourly_readings,o3,2026-09-17T04:00:00Z,16.9,ugm3
6972,"Nathu Colony, Ballabgarh",28.341925,77.319699,NCR Outer,HSPCB,archive,hourly_readings,o3,2026-09-17T05:00:00Z,35.0,ugm3
6972,"Nathu Colony, Ballabgarh",28.341925,77.319699,NCR Outer,HSPCB,archive,hourly_readings,o3,2026-09-17T06:00:00Z,26.2,ugm3
6972,"Nathu Colony, Ballabgarh",28.341925,77.319699,NCR Outer,HSPCB,archive,hourly_readings,o3,2026-09-17T07:00:00Z,38.0,ugm3
6972,"Nathu Colony, Ballabgarh",28.341925,77.319699,NCR Outer,HSPCB,archive,hourly_readings,o3,2026-09-17T08:00:00Z,35.9,ugm3
6972,"Nathu Colony, Ballabgarh",28.341925,77.319699,NCR Outer,HSPCB,archive,hourly_readings,o3,2026-09-17T09:00:00Z,47.6,ugm3
6972,"Nathu Colony, Ballabgarh",28.341925,77.319699,NCR Outer,HSPCB,archive,hourly_readings,o3,2026-09-17T10:00:00Z,42.1,ugm3
6972,"Nathu Colony, Ballabgarh",28.341925,77.319699,NCR Outer,HSPCB,archive,hourly_readings,o3,2026-09-17T11:00:00Z,41.0,ugm3
6972,"Nathu Colony, Ballabgarh",28.341925,77.319699,NCR Outer,HSPCB,archive,hourly_readings,o3,2026-09-17T12:00:00Z,19.7,ugm3
6972,"Nathu Colony, Ballabgarh",28.341925,77.319699,NCR Outer,HSPCB,archive,hourly_readings,o3,2026-09-17T13:00:00Z,35.8,ugm3
6972,"Nathu Colony, Ballabgarh",28.341925,77.319699,NCR Outer,HSPCB,archive,hourly_readings,pm10,2026-09-16T21:00:00Z,28.7,ugm3
6972,"Nathu Colony, Ballabgarh",28.341925,77.319699,NCR Outer,HSPCB,archive,hourly_readings,pm10,2026-09-16T22:00:00Z,39.3,ugm3
6972,"Nathu Colony, Ballabgarh",28.341925,77.319699,NCR Outer,HSPCB,archive,hourly_readings,pm10,2026-09-17T01:00:00Z,24.0,ugm3
6972,"Nathu Colony, Ballabgarh",28.341925,77.319699,NCR Outer,HSPCB,archive,hourly_readings,pm10,2026-09-17T02:00:00Z,24.0,ugm3
6972,"Nathu Colony, Ballabgarh",28.341925,77.319699,NCR Outer,HSPCB,archive,hourly_readings,pm10,2026-09-17T03:00:00Z,25.5,ugm3
6972,"Nathu Colony, Ballabgarh",28.341925,77.319699,NCR Outer,HSPCB,archive,hourly_readings,pm10,2026-09-17T04:00:00Z,28.6,ugm3
6972,"Nathu Colony, Ballabgarh",28.341925,77.319699,NCR Outer,HSPCB,archive,hourly_readings,pm25,2026-09-16T14:00:00Z,20.8,ugm3
6972,"Nathu Colony, Ballabgarh",28.341925,77.319699,NCR Outer,HSPCB,archive,hourly_readings,pm25,2026-09-16T15:00:00Z,20.7,ugm3
6972,"Nathu Colony, Ballabgarh",28.341925,77.319699,NCR Outer,HSPCB,archive,hourly_readings,pm25,2026-09-16T21:00:00Z,32.3,ugm3
6972,"Nathu Colony, Ballabgarh",28.341925,77.319699,NCR Outer,HSPCB,archive,hourly_readings,pm25,2026-09-16T22:00:00Z,34.5,ugm3
6972,"Nathu Colony, Ballabgarh",28.341925,77.319699,NCR Outer,HSPCB,archive,hourly_readings,pm25,2026-09-17T01:00:00Z,21.6,ugm3
6972,"Nathu Colony, Ballabgarh",28.341925,77.319699,NCR Outer,HSPCB,archive,hourly_readings,pm25,2026-09-17T02:00:00Z,21.6,ugm3
6972,"Nathu Colony, Ballabgarh",28.341925,77.319699,NCR Outer,HSPCB,archive,hourly_readings,pm25,2026-09-17T03:00:00Z,24.1,ugm3
6972,"Nathu Colony, Ballabgarh",28.341925,77.319699,NCR Outer,HSPCB,archive,hourly_readings,pm25,2026-09-17T04:00:00Z,27.1,ugm3
6972,"Nathu Colony, Ballabgarh",28.341925,77.319699,NCR Outer,HSPCB,archive,hourly_readings,pm25,2026-09-17T07:00:00Z,25.0,ugm3
6972,"Nathu Colony, Ballabgarh",28.341925,77.319699,NCR Outer,HSPCB,archive,hourly_readings,pm25,2026-09-17T08:00:00Z,27.1,ugm3
6972,"Nathu Colony, Ballabgarh",28.341925,77.319699,NCR Outer,HSPCB,archive,hourly_readings,pm25,2026-09-17T09:00:00Z,32.2,ugm3
6972,"Nathu Colony, Ballabgarh",28.341925,77.319699,NCR Outer,HSPCB,archive,hourly_readings,pm25,2026-09-17T10:00:00Z,27.2,ugm3
6972,"Nathu Colony, Ballabgarh",28.341925,77.319699,NCR Outer,HSPCB,archive,hourly_readings,pm25,2026-09-17T11:00:00Z,29.3,ugm3
6972,"Nathu Colony, Ballabgarh",28.341925,77.319699,NCR Outer,HSPCB,archive,hourly_readings,pm25,2026-09-17T12:00:00Z,43.0,ugm3
6972,"Nathu Colony, Ballabgarh",28.341925,77.319699,NCR Outer,HSPCB,archive,hourly_readings,pm25,2026-09-17T13:00:00Z,33.7,ugm3
6978,"Knowledge Park - III, Greater Noida",28.47272,77.482,NCR Outer,UPPCB,archive,hourly_readings,no2,2026-09-16T14:00:00Z,50.9,ugm3
6978,"Knowledge Park - III, Greater Noida",28.47272,77.482,NCR Outer,UPPCB,archive,hourly_readings,no2,2026-09-16T15:00:00Z,54.7,ugm3
6978,"Knowledge Park - III, Greater Noida",28.47272,77.482,NCR Outer,UPPCB,archive,hourly_readings,no2,2026-09-16T17:00:00Z,45.3,ugm3
6978,"Knowledge Park - III, Greater Noida",28.47272,77.482,NCR Outer,UPPCB,archive,hourly_readings,no2,2026-09-16T18:00:00Z,43.8,ugm3
6978,"Knowledge Park - III, Greater Noida",28.47272,77.482,NCR Outer,UPPCB,archive,hourly_readings,no2,2026-09-16T19:00:00Z,36.0,ugm3
6978,"Knowledge Park - III, Greater Noida",28.47272,77.482,NCR Outer,UPPCB,archive,hourly_readings,no2,2026-09-16T20:00:00Z,26.8,ugm3
6978,"Knowledge Park - III, Greater Noida",28.47272,77.482,NCR Outer,UPPCB,archive,hourly_readings,no2,2026-09-16T21:00:00Z,33.5,ugm3
6978,"Knowledge Park - III, Greater Noida",28.47272,77.482,NCR Outer,UPPCB,archive,hourly_readings,no2,2026-09-16T22:00:00Z,22.2,ugm3
6978,"Knowledge Park - III, Greater Noida",28.47272,77.482,NCR Outer,UPPCB,archive,hourly_readings,no2,2026-09-16T23:00:00Z,10.9,ugm3
6978,"Knowledge Park - III, Greater Noida",28.47272,77.482,NCR Outer,UPPCB,archive,hourly_readings,no2,2026-09-17T00:00:00Z,12.3,ugm3
6978,"Knowledge Park - III, Greater Noida",28.47272,77.482,NCR Outer,UPPCB,archive,hourly_readings,no2,2026-09-17T01:00:00Z,12.8,ugm3
6978,"Knowledge Park - III, Greater Noida",28.47272,77.482,NCR Outer,UPPCB,archive,hourly_readings,no2,2026-09-17T02:00:00Z,30.7,ugm3
6978,"Knowledge Park - III, Greater Noida",28.47272,77.482,NCR Outer,UPPCB,archive,hourly_readings,no2,2026-09-17T03:00:00Z,20.5,ugm3
6978,"Knowledge Park - III, Greater Noida",28.47272,77.482,NCR Outer,UPPCB,archive,hourly_readings,no2,2026-09-17T04:00:00Z,17.9,ugm3
6978,"Knowledge Park - III, Greater Noida",28.47272,77.482,NCR Outer,UPPCB,archive,hourly_readings,no2,2026-09-17T05:00:00Z,11.2,ugm3
6978,"Knowledge Park - III, Greater Noida",28.47272,77.482,NCR Outer,UPPCB,archive,hourly_readings,no2,2026-09-17T06:00:00Z,9.6,ugm3
6978,"Knowledge Park - III, Greater Noida",28.47272,77.482,NCR Outer,UPPCB,archive,hourly_readings,no2,2026-09-17T07:00:00Z,9.2,ugm3
6978,"Knowledge Park - III, Greater Noida",28.47272,77.482,NCR Outer,UPPCB,archive,hourly_readings,no2,2026-09-17T08:00:00Z,15.4,ugm3
6978,"Knowledge Park - III, Greater Noida",28.47272,77.482,NCR Outer,UPPCB,archive,hourly_readings,no2,2026-09-17T09:00:00Z,21.6,ugm3
6978,"Knowledge Park - III, Greater Noida",28.47272,77.482,NCR Outer,UPPCB,archive,hourly_readings,no2,2026-09-17T10:00:00Z,44.4,ugm3
6978,"Knowledge Park - III, Greater Noida",28.47272,77.482,NCR Outer,UPPCB,archive,hourly_readings,no2,2026-09-17T11:00:00Z,98.3,ugm3
6978,"Knowledge Park - III, Greater Noida",28.47272,77.482,NCR Outer,UPPCB,archive,hourly_readings,no2,2026-09-17T12:00:00Z,113.0,ugm3
6978,"Knowledge Park - III, Greater Noida",28.47272,77.482,NCR Outer,UPPCB,archive,hourly_readings,no2,2026-09-17T13:00:00Z,142.0,ugm3
6978,"Knowledge Park - III, Greater Noida",28.47272,77.482,NCR Outer,UPPCB,archive,hourly_readings,o3,2026-09-16T14:00:00Z,22.8,ugm3
6978,"Knowledge Park - III, Greater Noida",28.47272,77.482,NCR Outer,UPPCB,archive,hourly_readings,o3,2026-09-16T15:00:00Z,23.8,ugm3
6978,"Knowledge Park - III, Greater Noida",28.47272,77.482,NCR Outer,UPPCB,archive,hourly_readings,o3,2026-09-16T17:00:00Z,24.3,ugm3
6978,"Knowledge Park - III, Greater Noida",28.47272,77.482,NCR Outer,UPPCB,archive,hourly_readings,o3,2026-09-16T18:00:00Z,25.0,ugm3
6978,"Knowledge Park - III, Greater Noida",28.47272,77.482,NCR Outer,UPPCB,archive,hourly_readings,o3,2026-09-16T19:00:00Z,28.4,ugm3
6978,"Knowledge Park - III, Greater Noida",28.47272,77.482,NCR Outer,UPPCB,archive,hourly_readings,o3,2026-09-16T20:00:00Z,33.1,ugm3
6978,"Knowledge Park - III, Greater Noida",28.47272,77.482,NCR Outer,UPPCB,archive,hourly_readings,o3,2026-09-16T21:00:00Z,25.5,ugm3
6978,"Knowledge Park - III, Greater Noida",28.47272,77.482,NCR Outer,UPPCB,archive,hourly_readings,o3,2026-09-16T22:00:00Z,26.3,ugm3
6978,"Knowledge Park - III, Greater Noida",28.47272,77.482,NCR Outer,UPPCB,archive,hourly_readings,o3,2026-09-16T23:00:00Z,40.1,ugm3
6978,"Knowledge Park - III, Greater Noida",28.47272,77.482,NCR Outer,UPPCB,archive,hourly_readings,o3,2026-09-17T00:00:00Z,52.5,ugm3
6978,"Knowledge Park - III, Greater Noida",28.47272,77.482,NCR Outer,UPPCB,archive,hourly_readings,o3,2026-09-17T01:00:00Z,51.9,ugm3
6978,"Knowledge Park - III, Greater Noida",28.47272,77.482,NCR Outer,UPPCB,archive,hourly_readings,o3,2026-09-17T02:00:00Z,40.0,ugm3
6978,"Knowledge Park - III, Greater Noida",28.47272,77.482,NCR Outer,UPPCB,archive,hourly_readings,o3,2026-09-17T03:00:00Z,60.3,ugm3
6978,"Knowledge Park - III, Greater Noida",28.47272,77.482,NCR Outer,UPPCB,archive,hourly_readings,o3,2026-09-17T04:00:00Z,70.6,ugm3
6978,"Knowledge Park - III, Greater Noida",28.47272,77.482,NCR Outer,UPPCB,archive,hourly_readings,o3,2026-09-17T05:00:00Z,83.3,ugm3
6978,"Knowledge Park - III, Greater Noida",28.47272,77.482,NCR Outer,UPPCB,archive,hourly_readings,o3,2026-09-17T06:00:00Z,89.1,ugm3
6978,"Knowledge Park - III, Greater Noida",28.47272,77.482,NCR Outer,UPPCB,archive,hourly_readings,o3,2026-09-17T07:00:00Z,100.0,ugm3
6978,"Knowledge Park - III, Greater Noida",28.47272,77.482,NCR Outer,UPPCB,archive,hourly_readings,o3,2026-09-17T08:00:00Z,91.5,ugm3
6978,"Knowledge Park - III, Greater Noida",28.47272,77.482,NCR Outer,UPPCB,archive,hourly_readings,o3,2026-09-17T09:00:00Z,73.3,ugm3
6978,"Knowledge Park - III, Greater Noida",28.47272,77.482,NCR Outer,UPPCB,archive,hourly_readings,o3,2026-09-17T10:00:00Z,50.2,ugm3
6978,"Knowledge Park - III, Greater Noida",28.47272,77.482,NCR Outer,UPPCB,archive,hourly_readings,o3,2026-09-17T11:00:00Z,15.2,ugm3
6978,"Knowledge Park - III, Greater Noida",28.47272,77.482,NCR Outer,UPPCB,archive,hourly_readings,o3,2026-09-17T12:00:00Z,8.1,ugm3
6978,"Knowledge Park - III, Greater Noida",28.47272,77.482,NCR Outer,UPPCB,archive,hourly_readings,o3,2026-09-17T13:00:00Z,3.1,ugm3
6978,"Knowledge Park - III, Greater Noida",28.47272,77.482,NCR Outer,UPPCB,archive,hourly_readings,pm10,2026-09-16T14:00:00Z,378.0,ugm3
6978,"Knowledge Park - III, Greater Noida",28.47272,77.482,NCR Outer,UPPCB,archive,hourly_readings,pm10,2026-09-16T15:00:00Z,360.0,ugm3
6978,"Knowledge Park - III, Greater Noida",28.47272,77.482,NCR Outer,UPPCB,archive,hourly_readings,pm10,2026-09-16T17:00:00Z,208.0,ugm3
6978,"Knowledge Park - III, Greater Noida",28.47272,77.482,NCR Outer,UPPCB,archive,hourly_readings,pm10,2026-09-16T18:00:00Z,182.0,ugm3
6978,"Knowledge Park - III, Greater Noida",28.47272,77.482,NCR Outer,UPPCB,archive,hourly_readings,pm10,2026-09-16T19:00:00Z,134.0,ugm3
6978,"Knowledge Park - III, Greater Noida",28.47272,77.482,NCR Outer,UPPCB,archive,hourly_readings,pm10,2026-09-16T20:00:00Z,99.0,ugm3
6978,"Knowledge Park - III, Greater Noida",28.47272,77.482,NCR Outer,UPPCB,archive,hourly_readings,pm10,2026-09-16T21:00:00Z,96.0,ugm3
6978,"Knowledge Park - III, Greater Noida",28.47272,77.482,NCR Outer,UPPCB,archive,hourly_readings,pm10,2026-09-16T22:00:00Z,87.0,ugm3
6978,"Knowledge Park - III, Greater Noida",28.47272,77.482,NCR Outer,UPPCB,archive,hourly_readings,pm10,2026-09-16T23:00:00Z,123.0,ugm3
6978,"Knowledge Park - III, Greater Noida",28.47272,77.482,NCR Outer,UPPCB,archive,hourly_readings,pm10,2026-09-17T00:00:00Z,118.0,ugm3
6978,"Knowledge Park - III, Greater Noida",28.47272,77.482,NCR Outer,UPPCB,archive,hourly_readings,pm10,2026-09-17T01:00:00Z,59.0,ugm3
6978,"Knowledge Park - III, Greater Noida",28.47272,77.482,NCR Outer,UPPCB,archive,hourly_readings,pm10,2026-09-17T02:00:00Z,75.5,ugm3
6978,"Knowledge Park - III, Greater Noida",28.47272,77.482,NCR Outer,UPPCB,archive,hourly_readings,pm10,2026-09-17T03:00:00Z,104.0,ugm3
6978,"Knowledge Park - III, Greater Noida",28.47272,77.482,NCR Outer,UPPCB,archive,hourly_readings,pm10,2026-09-17T04:00:00Z,103.0,ugm3
6978,"Knowledge Park - III, Greater Noida",28.47272,77.482,NCR Outer,UPPCB,archive,hourly_readings,pm10,2026-09-17T05:00:00Z,82.0,ugm3
6978,"Knowledge Park - III, Greater Noida",28.47272,77.482,NCR Outer,UPPCB,archive,hourly_readings,pm10,2026-09-17T06:00:00Z,73.5,ugm3
6978,"Knowledge Park - III, Greater Noida",28.47272,77.482,NCR Outer,UPPCB,archive,hourly_readings,pm10,2026-09-17T07:00:00Z,75.0,ugm3
6978,"Knowledge Park - III, Greater Noida",28.47272,77.482,NCR Outer,UPPCB,archive,hourly_readings,pm10,2026-09-17T08:00:00Z,88.0,ugm3
6978,"Knowledge Park - III, Greater Noida",28.47272,77.482,NCR Outer,UPPCB,archive,hourly_readings,pm10,2026-09-17T09:00:00Z,86.0,ugm3
6978,"Knowledge Park - III, Greater Noida",28.47272,77.482,NCR Outer,UPPCB,archive,hourly_readings,pm10,2026-09-17T10:00:00Z,84.0,ugm3
6978,"Knowledge Park - III, Greater Noida",28.47272,77.482,NCR Outer,UPPCB,archive,hourly_readings,pm10,2026-09-17T11:00:00Z,126.0,ugm3
6978,"Knowledge Park - III, Greater Noida",28.47272,77.482,NCR Outer,UPPCB,archive,hourly_readings,pm10,2026-09-17T12:00:00Z,174.0,ugm3
6978,"Knowledge Park - III, Greater Noida",28.47272,77.482,NCR Outer,UPPCB,archive,hourly_readings,pm10,2026-09-17T13:00:00Z,188.0,ugm3
6978,"Knowledge Park - III, Greater Noida",28.47272,77.482,NCR Outer,UPPCB,archive,hourly_readings,pm25,2026-09-16T14:00:00Z,114.0,ugm3
6978,"Knowledge Park - III, Greater Noida",28.47272,77.482,NCR Outer,UPPCB,archive,hourly_readings,pm25,2026-09-16T15:00:00Z,102.0,ugm3
6978,"Knowledge Park - III, Greater Noida",28.47272,77.482,NCR Outer,UPPCB,archive,hourly_readings,pm25,2026-09-16T17:00:00Z,80.0,ugm3
6978,"Knowledge Park - III, Greater Noida",28.47272,77.482,NCR Outer,UPPCB,archive,hourly_readings,pm25,2026-09-16T18:00:00Z,70.5,ugm3
6978,"Knowledge Park - III, Greater Noida",28.47272,77.482,NCR Outer,UPPCB,archive,hourly_readings,pm25,2026-09-16T19:00:00Z,64.0,ugm3
6978,"Knowledge Park - III, Greater Noida",28.47272,77.482,NCR Outer,UPPCB,archive,hourly_readings,pm25,2026-09-16T20:00:00Z,63.5,ugm3
6978,"Knowledge Park - III, Greater Noida",28.47272,77.482,NCR Outer,UPPCB,archive,hourly_readings,pm25,2026-09-16T21:00:00Z,70.5,ugm3
6978,"Knowledge Park - III, Greater Noida",28.47272,77.482,NCR Outer,UPPCB,archive,hourly_readings,pm25,2026-09-16T22:00:00Z,67.0,ugm3
6978,"Knowledge Park - III, Greater Noida",28.47272,77.482,NCR Outer,UPPCB,archive,hourly_readings,pm25,2026-09-16T23:00:00Z,43.0,ugm3
6978,"Knowledge Park - III, Greater Noida",28.47272,77.482,NCR Outer,UPPCB,archive,hourly_readings,pm25,2026-09-17T00:00:00Z,27.0,ugm3
6978,"Knowledge Park - III, Greater Noida",28.47272,77.482,NCR Outer,UPPCB,archive,hourly_readings,pm25,2026-09-17T01:00:00Z,16.0,ugm3
6978,"Knowledge Park - III, Greater Noida",28.47272,77.482,NCR Outer,UPPCB,archive,hourly_readings,pm25,2026-09-17T02:00:00Z,25.0,ugm3
6978,"Knowledge Park - III, Greater Noida",28.47272,77.482,NCR Outer,UPPCB,archive,hourly_readings,pm25,2026-09-17T03:00:00Z,49.0,ugm3
6978,"Knowledge Park - III, Greater Noida",28.47272,77.482,NCR Outer,UPPCB,archive,hourly_readings,pm25,2026-09-17T04:00:00Z,48.0,ugm3
6978,"Knowledge Park - III, Greater Noida",28.47272,77.482,NCR Outer,UPPCB,archive,hourly_readings,pm25,2026-09-17T05:00:00Z,45.0,ugm3
6978,"Knowledge Park - III, Greater Noida",28.47272,77.482,NCR Outer,UPPCB,archive,hourly_readings,pm25,2026-09-17T06:00:00Z,51.5,ugm3
6978,"Knowledge Park - III, Greater Noida",28.47272,77.482,NCR Outer,UPPCB,archive,hourly_readings,pm25,2026-09-17T07:00:00Z,49.0,ugm3
6978,"Knowledge Park - III, Greater Noida",28.47272,77.482,NCR Outer,UPPCB,archive,hourly_readings,pm25,2026-09-17T08:00:00Z,54.5,ugm3
6978,"Knowledge Park - III, Greater Noida",28.47272,77.482,NCR Outer,UPPCB,archive,hourly_readings,pm25,2026-09-17T09:00:00Z,52.0,ugm3
6978,"Knowledge Park - III, Greater Noida",28.47272,77.482,NCR Outer,UPPCB,archive,hourly_readings,pm25,2026-09-17T10:00:00Z,41.5,ugm3
6978,"Knowledge Park - III, Greater Noida",28.47272,77.482,NCR Outer,UPPCB,archive,hourly_readings,pm25,2026-09-17T11:00:00Z,49.0,ugm3
6978,"Knowledge Park - III, Greater Noida",28.47272,77.482,NCR Outer,UPPCB,archive,hourly_readings,pm25,2026-09-17T12:00:00Z,67.5,ugm3
6978,"Knowledge Park - III, Greater Noida",28.47272,77.482,NCR Outer,UPPCB,archive,hourly_readings,pm25,2026-09-17T13:00:00Z,75.5,ugm3
6980,"Sector-1, Noida",28.589247,77.321962,East,UPPCB,archive,hourly_readings,no2,2026-09-16T14:00:00Z,42.8,ugm3
6980,"Sector-1, Noida",28.589247,77.321962,East,UPPCB,archive,hourly_readings,no2,2026-09-16T15:00:00Z,43.9,ugm3
6980,"Sector-1, Noida",28.589247,77.321962,East,UPPCB,archive,hourly_readings,no2,2026-09-16T17:00:00Z,39.8,ugm3
6980,"Sector-1, Noida",28.589247,77.321962,East,UPPCB,archive,hourly_readings,no2,2026-09-16T18:00:00Z,37.0,ugm3
6980,"Sector-1, Noida",28.589247,77.321962,East,UPPCB,archive,hourly_readings,no2,2026-09-16T19:00:00Z,33.0,ugm3
6980,"Sector-1, Noida",28.589247,77.321962,East,UPPCB,archive,hourly_readings,no2,2026-09-16T20:00:00Z,26.3,ugm3
6980,"Sector-1, Noida",28.589247,77.321962,East,UPPCB,archive,hourly_readings,no2,2026-09-16T21:00:00Z,38.7,ugm3
6980,"Sector-1, Noida",28.589247,77.321962,East,UPPCB,archive,hourly_readings,no2,2026-09-16T22:00:00Z,25.8,ugm3
6980,"Sector-1, Noida",28.589247,77.321962,East,UPPCB,archive,hourly_readings,no2,2026-09-16T23:00:00Z,8.4,ugm3
6980,"Sector-1, Noida",28.589247,77.321962,East,UPPCB,archive,hourly_readings,no2,2026-09-17T00:00:00Z,22.9,ugm3
6980,"Sector-1, Noida",28.589247,77.321962,East,UPPCB,archive,hourly_readings,no2,2026-09-17T01:00:00Z,19.0,ugm3
6980,"Sector-1, Noida",28.589247,77.321962,East,UPPCB,archive,hourly_readings,no2,2026-09-17T02:00:00Z,21.7,ugm3
6980,"Sector-1, Noida",28.589247,77.321962,East,UPPCB,archive,hourly_readings,no2,2026-09-17T03:00:00Z,19.5,ugm3
6980,"Sector-1, Noida",28.589247,77.321962,East,UPPCB,archive,hourly_readings,no2,2026-09-17T04:00:00Z,16.2,ugm3
6980,"Sector-1, Noida",28.589247,77.321962,East,UPPCB,archive,hourly_readings,no2,2026-09-17T05:00:00Z,13.1,ugm3
6980,"Sector-1, Noida",28.589247,77.321962,East,UPPCB,archive,hourly_readings,no2,2026-09-17T06:00:00Z,16.3,ugm3
6980,"Sector-1, Noida",28.589247,77.321962,East,UPPCB,archive,hourly_readings,no2,2026-09-17T07:00:00Z,12.4,ugm3
6980,"Sector-1, Noida",28.589247,77.321962,East,UPPCB,archive,hourly_readings,no2,2026-09-17T08:00:00Z,14.6,ugm3
6980,"Sector-1, Noida",28.589247,77.321962,East,UPPCB,archive,hourly_readings,no2,2026-09-17T09:00:00Z,12.1,ugm3
6980,"Sector-1, Noida",28.589247,77.321962,East,UPPCB,archive,hourly_readings,no2,2026-09-17T10:00:00Z,10.8,ugm3
6980,"Sector-1, Noida",28.589247,77.321962,East,UPPCB,archive,hourly_readings,no2,2026-09-17T11:00:00Z,20.8,ugm3
6980,"Sector-1, Noida",28.589247,77.321962,East,UPPCB,archive,hourly_readings,no2,2026-09-17T12:00:00Z,45.9,ugm3
6980,"Sector-1, Noida",28.589247,77.321962,East,UPPCB,archive,hourly_readings,no2,2026-09-17T13:00:00Z,56.8,ugm3
6980,"Sector-1, Noida",28.589247,77.321962,East,UPPCB,archive,hourly_readings,o3,2026-09-16T14:00:00Z,52.7,ugm3
6980,"Sector-1, Noida",28.589247,77.321962,East,UPPCB,archive,hourly_readings,o3,2026-09-16T15:00:00Z,32.1,ugm3
6980,"Sector-1, Noida",28.589247,77.321962,East,UPPCB,archive,hourly_readings,o3,2026-09-16T17:00:00Z,23.3,ugm3
6980,"Sector-1, Noida",28.589247,77.321962,East,UPPCB,archive,hourly_readings,o3,2026-09-16T18:00:00Z,24.4,ugm3
6980,"Sector-1, Noida",28.589247,77.321962,East,UPPCB,archive,hourly_readings,o3,2026-09-16T19:00:00Z,30.0,ugm3
6980,"Sector-1, Noida",28.589247,77.321962,East,UPPCB,archive,hourly_readings,o3,2026-09-16T20:00:00Z,33.9,ugm3
6980,"Sector-1, Noida",28.589247,77.321962,East,UPPCB,archive,hourly_readings,o3,2026-09-16T21:00:00Z,24.4,ugm3
6980,"Sector-1, Noida",28.589247,77.321962,East,UPPCB,archive,hourly_readings,o3,2026-09-16T22:00:00Z,36.0,ugm3
6980,"Sector-1, Noida",28.589247,77.321962,East,UPPCB,archive,hourly_readings,o3,2026-09-16T23:00:00Z,64.1,ugm3
6980,"Sector-1, Noida",28.589247,77.321962,East,UPPCB,archive,hourly_readings,o3,2026-09-17T00:00:00Z,58.5,ugm3
6980,"Sector-1, Noida",28.589247,77.321962,East,UPPCB,archive,hourly_readings,o3,2026-09-17T01:00:00Z,68.9,ugm3
6980,"Sector-1, Noida",28.589247,77.321962,East,UPPCB,archive,hourly_readings,o3,2026-09-17T02:00:00Z,72.9,ugm3
6980,"Sector-1, Noida",28.589247,77.321962,East,UPPCB,archive,hourly_readings,o3,2026-09-17T03:00:00Z,98.5,ugm3
6980,"Sector-1, Noida",28.589247,77.321962,East,UPPCB,archive,hourly_readings,o3,2026-09-17T04:00:00Z,99.8,ugm3
6980,"Sector-1, Noida",28.589247,77.321962,East,UPPCB,archive,hourly_readings,o3,2026-09-17T05:00:00Z,88.0,ugm3
6980,"Sector-1, Noida",28.589247,77.321962,East,UPPCB,archive,hourly_readings,o3,2026-09-17T06:00:00Z,103.0,ugm3
6980,"Sector-1, Noida",28.589247,77.321962,East,UPPCB,archive,hourly_readings,o3,2026-09-17T07:00:00Z,119.0,ugm3
6980,"Sector-1, Noida",28.589247,77.321962,East,UPPCB,archive,hourly_readings,o3,2026-09-17T08:00:00Z,129.0,ugm3
6980,"Sector-1, Noida",28.589247,77.321962,East,UPPCB,archive,hourly_readings,o3,2026-09-17T09:00:00Z,120.0,ugm3
6980,"Sector-1, Noida",28.589247,77.321962,East,UPPCB,archive,hourly_readings,o3,2026-09-17T10:00:00Z,102.0,ugm3
6980,"Sector-1, Noida",28.589247,77.321962,East,UPPCB,archive,hourly_readings,o3,2026-09-17T11:00:00Z,85.8,ugm3
6980,"Sector-1, Noida",28.589247,77.321962,East,UPPCB,archive,hourly_readings,o3,2026-09-17T12:00:00Z,55.8,ugm3
6980,"Sector-1, Noida",28.589247,77.321962,East,UPPCB,archive,hourly_readings,o3,2026-09-17T13:00:00Z,44.1,ugm3
6980,"Sector-1, Noida",28.589247,77.321962,East,UPPCB,archive,hourly_readings,pm10,2026-09-16T14:00:00Z,181.0,ugm3
6980,"Sector-1, Noida",28.589247,77.321962,East,UPPCB,archive,hourly_readings,pm10,2026-09-16T15:00:00Z,192.0,ugm3
6980,"Sector-1, Noida",28.589247,77.321962,East,UPPCB,archive,hourly_readings,pm10,2026-09-16T17:00:00Z,221.0,ugm3
6980,"Sector-1, Noida",28.589247,77.321962,East,UPPCB,archive,hourly_readings,pm10,2026-09-16T18:00:00Z,203.0,ugm3
6980,"Sector-1, Noida",28.589247,77.321962,East,UPPCB,archive,hourly_readings,pm10,2026-09-16T19:00:00Z,174.0,ugm3
6980,"Sector-1, Noida",28.589247,77.321962,East,UPPCB,archive,hourly_readings,pm10,2026-09-16T20:00:00Z,161.0,ugm3
6980,"Sector-1, Noida",28.589247,77.321962,East,UPPCB,archive,hourly_readings,pm10,2026-09-16T21:00:00Z,151.0,ugm3
6980,"Sector-1, Noida",28.589247,77.321962,East,UPPCB,archive,hourly_readings,pm10,2026-09-16T22:00:00Z,194.0,ugm3
6980,"Sector-1, Noida",28.589247,77.321962,East,UPPCB,archive,hourly_readings,pm10,2026-09-16T23:00:00Z,156.0,ugm3
6980,"Sector-1, Noida",28.589247,77.321962,East,UPPCB,archive,hourly_readings,pm10,2026-09-17T00:00:00Z,68.5,ugm3
6980,"Sector-1, Noida",28.589247,77.321962,East,UPPCB,archive,hourly_readings,pm10,2026-09-17T01:00:00Z,64.0,ugm3
6980,"Sector-1, Noida",28.589247,77.321962,East,UPPCB,archive,hourly_readings,pm10,2026-09-17T02:00:00Z,70.0,ugm3
6980,"Sector-1, Noida",28.589247,77.321962,East,UPPCB,archive,hourly_readings,pm10,2026-09-17T03:00:00Z,97.0,ugm3
6980,"Sector-1, Noida",28.589247,77.321962,East,UPPCB,archive,hourly_readings,pm10,2026-09-17T04:00:00Z,127.0,ugm3
6980,"Sector-1, Noida",28.589247,77.321962,East,UPPCB,archive,hourly_readings,pm10,2026-09-17T05:00:00Z,110.0,ugm3
6980,"Sector-1, Noida",28.589247,77.321962,East,UPPCB,archive,hourly_readings,pm10,2026-09-17T06:00:00Z,95.0,ugm3
6980,"Sector-1, Noida",28.589247,77.321962,East,UPPCB,archive,hourly_readings,pm10,2026-09-17T07:00:00Z,111.0,ugm3
6980,"Sector-1, Noida",28.589247,77.321962,East,UPPCB,archive,hourly_readings,pm10,2026-09-17T08:00:00Z,128.0,ugm3
6980,"Sector-1, Noida",28.589247,77.321962,East,UPPCB,archive,hourly_readings,pm10,2026-09-17T09:00:00Z,118.0,ugm3
6980,"Sector-1, Noida",28.589247,77.321962,East,UPPCB,archive,hourly_readings,pm10,2026-09-17T10:00:00Z,89.5,ugm3
6980,"Sector-1, Noida",28.589247,77.321962,East,UPPCB,archive,hourly_readings,pm10,2026-09-17T11:00:00Z,89.5,ugm3
6980,"Sector-1, Noida",28.589247,77.321962,East,UPPCB,archive,hourly_readings,pm10,2026-09-17T12:00:00Z,106.0,ugm3
6980,"Sector-1, Noida",28.589247,77.321962,East,UPPCB,archive,hourly_readings,pm10,2026-09-17T13:00:00Z,140.0,ugm3
6980,"Sector-1, Noida",28.589247,77.321962,East,UPPCB,archive,hourly_readings,pm25,2026-09-16T14:00:00Z,53.5,ugm3
6980,"Sector-1, Noida",28.589247,77.321962,East,UPPCB,archive,hourly_readings,pm25,2026-09-16T15:00:00Z,66.0,ugm3
6980,"Sector-1, Noida",28.589247,77.321962,East,UPPCB,archive,hourly_readings,pm25,2026-09-16T17:00:00Z,72.0,ugm3
6980,"Sector-1, Noida",28.589247,77.321962,East,UPPCB,archive,hourly_readings,pm25,2026-09-16T18:00:00Z,65.5,ugm3
6980,"Sector-1, Noida",28.589247,77.321962,East,UPPCB,archive,hourly_readings,pm25,2026-09-16T19:00:00Z,65.5,ugm3
6980,"Sector-1, Noida",28.589247,77.321962,East,UPPCB,archive,hourly_readings,pm25,2026-09-16T20:00:00Z,72.0,ugm3
6980,"Sector-1, Noida",28.589247,77.321962,East,UPPCB,archive,hourly_readings,pm25,2026-09-16T21:00:00Z,75.0,ugm3
6980,"Sector-1, Noida",28.589247,77.321962,East,UPPCB,archive,hourly_readings,pm25,2026-09-16T22:00:00Z,43.5,ugm3
6980,"Sector-1, Noida",28.589247,77.321962,East,UPPCB,archive,hourly_readings,pm25,2026-09-16T23:00:00Z,7.0,ugm3
6980,"Sector-1, Noida",28.589247,77.321962,East,UPPCB,archive,hourly_readings,pm25,2026-09-17T00:00:00Z,12.0,ugm3
6980,"Sector-1, Noida",28.589247,77.321962,East,UPPCB,archive,hourly_readings,pm25,2026-09-17T01:00:00Z,12.5,ugm3
6980,"Sector-1, Noida",28.589247,77.321962,East,UPPCB,archive,hourly_readings,pm25,2026-09-17T02:00:00Z,11.5,ugm3
6980,"Sector-1, Noida",28.589247,77.321962,East,UPPCB,archive,hourly_readings,pm25,2026-09-17T03:00:00Z,23.5,ugm3
6980,"Sector-1, Noida",28.589247,77.321962,East,UPPCB,archive,hourly_readings,pm25,2026-09-17T04:00:00Z,40.5,ugm3
6980,"Sector-1, Noida",28.589247,77.321962,East,UPPCB,archive,hourly_readings,pm25,2026-09-17T05:00:00Z,40.5,ugm3
6980,"Sector-1, Noida",28.589247,77.321962,East,UPPCB,archive,hourly_readings,pm25,2026-09-17T06:00:00Z,39.0,ugm3
6980,"Sector-1, Noida",28.589247,77.321962,East,UPPCB,archive,hourly_readings,pm25,2026-09-17T07:00:00Z,49.5,ugm3
6980,"Sector-1, Noida",28.589247,77.321962,East,UPPCB,archive,hourly_readings,pm25,2026-09-17T08:00:00Z,47.5,ugm3
6980,"Sector-1, Noida",28.589247,77.321962,East,UPPCB,archive,hourly_readings,pm25,2026-09-17T09:00:00Z,33.0,ugm3
6980,"Sector-1, Noida",28.589247,77.321962,East,UPPCB,archive,hourly_readings,pm25,2026-09-17T10:00:00Z,24.5,ugm3
6980,"Sector-1, Noida",28.589247,77.321962,East,UPPCB,archive,hourly_readings,pm25,2026-09-17T11:00:00Z,25.5,ugm3
6980,"Sector-1, Noida",28.589247,77.321962,East,UPPCB,archive,hourly_readings,pm25,2026-09-17T12:00:00Z,23.0,ugm3
6980,"Sector-1, Noida",28.589247,77.321962,East,UPPCB,archive,hourly_readings,pm25,2026-09-17T13:00:00Z,37.5,ugm3
6986,"Knowledge Park - V, Greater Noida",28.557054,77.453663,NCR Outer,UPPCB,archive,hourly_readings,no2,2026-09-16T14:00:00Z,71.8,ugm3
6986,"Knowledge Park - V, Greater Noida",28.557054,77.453663,NCR Outer,UPPCB,archive,hourly_readings,no2,2026-09-16T15:00:00Z,72.5,ugm3
6986,"Knowledge Park - V, Greater Noida",28.557054,77.453663,NCR Outer,UPPCB,archive,hourly_readings,no2,2026-09-16T17:00:00Z,68.4,ugm3
6986,"Knowledge Park - V, Greater Noida",28.557054,77.453663,NCR Outer,UPPCB,archive,hourly_readings,no2,2026-09-16T18:00:00Z,67.3,ugm3
6986,"Knowledge Park - V, Greater Noida",28.557054,77.453663,NCR Outer,UPPCB,archive,hourly_readings,no2,2026-09-16T19:00:00Z,70.6,ugm3
6986,"Knowledge Park - V, Greater Noida",28.557054,77.453663,NCR Outer,UPPCB,archive,hourly_readings,no2,2026-09-16T20:00:00Z,67.6,ugm3
6986,"Knowledge Park - V, Greater Noida",28.557054,77.453663,NCR Outer,UPPCB,archive,hourly_readings,no2,2026-09-16T21:00:00Z,59.8,ugm3
6986,"Knowledge Park - V, Greater Noida",28.557054,77.453663,NCR Outer,UPPCB,archive,hourly_readings,no2,2026-09-16T22:00:00Z,53.9,ugm3
6986,"Knowledge Park - V, Greater Noida",28.557054,77.453663,NCR Outer,UPPCB,archive,hourly_readings,no2,2026-09-16T23:00:00Z,33.7,ugm3
6986,"Knowledge Park - V, Greater Noida",28.557054,77.453663,NCR Outer,UPPCB,archive,hourly_readings,no2,2026-09-17T00:00:00Z,30.6,ugm3
6986,"Knowledge Park - V, Greater Noida",28.557054,77.453663,NCR Outer,UPPCB,archive,hourly_readings,no2,2026-09-17T01:00:00Z,33.6,ugm3
6986,"Knowledge Park - V, Greater Noida",28.557054,77.453663,NCR Outer,UPPCB,archive,hourly_readings,no2,2026-09-17T02:00:00Z,39.8,ugm3
6986,"Knowledge Park - V, Greater Noida",28.557054,77.453663,NCR Outer,UPPCB,archive,hourly_readings,no2,2026-09-17T03:00:00Z,31.3,ugm3
6986,"Knowledge Park - V, Greater Noida",28.557054,77.453663,NCR Outer,UPPCB,archive,hourly_readings,no2,2026-09-17T04:00:00Z,28.1,ugm3
6986,"Knowledge Park - V, Greater Noida",28.557054,77.453663,NCR Outer,UPPCB,archive,hourly_readings,no2,2026-09-17T05:00:00Z,25.5,ugm3
6986,"Knowledge Park - V, Greater Noida",28.557054,77.453663,NCR Outer,UPPCB,archive,hourly_readings,no2,2026-09-17T06:00:00Z,27.1,ugm3
6986,"Knowledge Park - V, Greater Noida",28.557054,77.453663,NCR Outer,UPPCB,archive,hourly_readings,no2,2026-09-17T07:00:00Z,27.1,ugm3
6986,"Knowledge Park - V, Greater Noida",28.557054,77.453663,NCR Outer,UPPCB,archive,hourly_readings,no2,2026-09-17T08:00:00Z,28.4,ugm3
6986,"Knowledge Park - V, Greater Noida",28.557054,77.453663,NCR Outer,UPPCB,archive,hourly_readings,no2,2026-09-17T09:00:00Z,27.9,ugm3
6986,"Knowledge Park - V, Greater Noida",28.557054,77.453663,NCR Outer,UPPCB,archive,hourly_readings,no2,2026-09-17T10:00:00Z,32.1,ugm3
6986,"Knowledge Park - V, Greater Noida",28.557054,77.453663,NCR Outer,UPPCB,archive,hourly_readings,no2,2026-09-17T11:00:00Z,33.2,ugm3
6986,"Knowledge Park - V, Greater Noida",28.557054,77.453663,NCR Outer,UPPCB,archive,hourly_readings,no2,2026-09-17T12:00:00Z,44.1,ugm3
6986,"Knowledge Park - V, Greater Noida",28.557054,77.453663,NCR Outer,UPPCB,archive,hourly_readings,no2,2026-09-17T13:00:00Z,37.7,ugm3
6986,"Knowledge Park - V, Greater Noida",28.557054,77.453663,NCR Outer,UPPCB,archive,hourly_readings,o3,2026-09-16T14:00:00Z,12.8,ugm3
6986,"Knowledge Park - V, Greater Noida",28.557054,77.453663,NCR Outer,UPPCB,archive,hourly_readings,o3,2026-09-16T15:00:00Z,10.2,ugm3
6986,"Knowledge Park - V, Greater Noida",28.557054,77.453663,NCR Outer,UPPCB,archive,hourly_readings,o3,2026-09-16T17:00:00Z,8.7,ugm3
6986,"Knowledge Park - V, Greater Noida",28.557054,77.453663,NCR Outer,UPPCB,archive,hourly_readings,o3,2026-09-16T18:00:00Z,9.3,ugm3
6986,"Knowledge Park - V, Greater Noida",28.557054,77.453663,NCR Outer,UPPCB,archive,hourly_readings,o3,2026-09-16T19:00:00Z,7.8,ugm3
6986,"Knowledge Park - V, Greater Noida",28.557054,77.453663,NCR Outer,UPPCB,archive,hourly_readings,o3,2026-09-16T20:00:00Z,10.2,ugm3
6986,"Knowledge Park - V, Greater Noida",28.557054,77.453663,NCR Outer,UPPCB,archive,hourly_readings,o3,2026-09-16T21:00:00Z,9.5,ugm3
6986,"Knowledge Park - V, Greater Noida",28.557054,77.453663,NCR Outer,UPPCB,archive,hourly_readings,o3,2026-09-16T22:00:00Z,9.6,ugm3
6986,"Knowledge Park - V, Greater Noida",28.557054,77.453663,NCR Outer,UPPCB,archive,hourly_readings,o3,2026-09-16T23:00:00Z,30.3,ugm3
6986,"Knowledge Park - V, Greater Noida",28.557054,77.453663,NCR Outer,UPPCB,archive,hourly_readings,o3,2026-09-17T00:00:00Z,32.3,ugm3
6986,"Knowledge Park - V, Greater Noida",28.557054,77.453663,NCR Outer,UPPCB,archive,hourly_readings,o3,2026-09-17T01:00:00Z,30.5,ugm3
6986,"Knowledge Park - V, Greater Noida",28.557054,77.453663,NCR Outer,UPPCB,archive,hourly_readings,o3,2026-09-17T02:00:00Z,33.3,ugm3
6986,"Knowledge Park - V, Greater Noida",28.557054,77.453663,NCR Outer,UPPCB,archive,hourly_readings,o3,2026-09-17T03:00:00Z,42.3,ugm3
6986,"Knowledge Park - V, Greater Noida",28.557054,77.453663,NCR Outer,UPPCB,archive,hourly_readings,o3,2026-09-17T04:00:00Z,50.1,ugm3
6986,"Knowledge Park - V, Greater Noida",28.557054,77.453663,NCR Outer,UPPCB,archive,hourly_readings,o3,2026-09-17T05:00:00Z,50.2,ugm3
6986,"Knowledge Park - V, Greater Noida",28.557054,77.453663,NCR Outer,UPPCB,archive,hourly_readings,o3,2026-09-17T06:00:00Z,57.2,ugm3
6986,"Knowledge Park - V, Greater Noida",28.557054,77.453663,NCR Outer,UPPCB,archive,hourly_readings,o3,2026-09-17T07:00:00Z,71.6,ugm3
6986,"Knowledge Park - V, Greater Noida",28.557054,77.453663,NCR Outer,UPPCB,archive,hourly_readings,o3,2026-09-17T08:00:00Z,73.8,ugm3
6986,"Knowledge Park - V, Greater Noida",28.557054,77.453663,NCR Outer,UPPCB,archive,hourly_readings,o3,2026-09-17T09:00:00Z,68.7,ugm3
6986,"Knowledge Park - V, Greater Noida",28.557054,77.453663,NCR Outer,UPPCB,archive,hourly_readings,o3,2026-09-17T10:00:00Z,57.1,ugm3
6986,"Knowledge Park - V, Greater Noida",28.557054,77.453663,NCR Outer,UPPCB,archive,hourly_readings,o3,2026-09-17T11:00:00Z,50.8,ugm3
6986,"Knowledge Park - V, Greater Noida",28.557054,77.453663,NCR Outer,UPPCB,archive,hourly_readings,o3,2026-09-17T12:00:00Z,37.9,ugm3
6986,"Knowledge Park - V, Greater Noida",28.557054,77.453663,NCR Outer,UPPCB,archive,hourly_readings,o3,2026-09-17T13:00:00Z,34.4,ugm3
6986,"Knowledge Park - V, Greater Noida",28.557054,77.453663,NCR Outer,UPPCB,archive,hourly_readings,pm10,2026-09-16T14:00:00Z,454.0,ugm3
6986,"Knowledge Park - V, Greater Noida",28.557054,77.453663,NCR Outer,UPPCB,archive,hourly_readings,pm10,2026-09-16T15:00:00Z,517.0,ugm3
6986,"Knowledge Park - V, Greater Noida",28.557054,77.453663,NCR Outer,UPPCB,archive,hourly_readings,pm10,2026-09-16T17:00:00Z,815.0,ugm3
6986,"Knowledge Park - V, Greater Noida",28.557054,77.453663,NCR Outer,UPPCB,archive,hourly_readings,pm10,2026-09-16T18:00:00Z,592.0,ugm3
6986,"Knowledge Park - V, Greater Noida",28.557054,77.453663,NCR Outer,UPPCB,archive,hourly_readings,pm10,2026-09-16T19:00:00Z,493.0,ugm3
6986,"Knowledge Park - V, Greater Noida",28.557054,77.453663,NCR Outer,UPPCB,archive,hourly_readings,pm10,2026-09-16T20:00:00Z,543.0,ugm3
6986,"Knowledge Park - V, Greater Noida",28.557054,77.453663,NCR Outer,UPPCB,archive,hourly_readings,pm10,2026-09-16T21:00:00Z,370.0,ugm3
6986,"Knowledge Park - V, Greater Noida",28.557054,77.453663,NCR Outer,UPPCB,archive,hourly_readings,pm10,2026-09-16T22:00:00Z,241.0,ugm3
6986,"Knowledge Park - V, Greater Noida",28.557054,77.453663,NCR Outer,UPPCB,archive,hourly_readings,pm10,2026-09-16T23:00:00Z,313.0,ugm3
6986,"Knowledge Park - V, Greater Noida",28.557054,77.453663,NCR Outer,UPPCB,archive,hourly_readings,pm10,2026-09-17T00:00:00Z,299.0,ugm3
6986,"Knowledge Park - V, Greater Noida",28.557054,77.453663,NCR Outer,UPPCB,archive,hourly_readings,pm10,2026-09-17T01:00:00Z,266.0,ugm3
6986,"Knowledge Park - V, Greater Noida",28.557054,77.453663,NCR Outer,UPPCB,archive,hourly_readings,pm10,2026-09-17T02:00:00Z,284.0,ugm3
6986,"Knowledge Park - V, Greater Noida",28.557054,77.453663,NCR Outer,UPPCB,archive,hourly_readings,pm10,2026-09-17T03:00:00Z,200.0,ugm3
6986,"Knowledge Park - V, Greater Noida",28.557054,77.453663,NCR Outer,UPPCB,archive,hourly_readings,pm10,2026-09-17T04:00:00Z,183.0,ugm3
6986,"Knowledge Park - V, Greater Noida",28.557054,77.453663,NCR Outer,UPPCB,archive,hourly_readings,pm10,2026-09-17T05:00:00Z,178.0,ugm3
6986,"Knowledge Park - V, Greater Noida",28.557054,77.453663,NCR Outer,UPPCB,archive,hourly_readings,pm10,2026-09-17T06:00:00Z,162.0,ugm3
6986,"Knowledge Park - V, Greater Noida",28.557054,77.453663,NCR Outer,UPPCB,archive,hourly_readings,pm10,2026-09-17T07:00:00Z,156.0,ugm3
6986,"Knowledge Park - V, Greater Noida",28.557054,77.453663,NCR Outer,UPPCB,archive,hourly_readings,pm10,2026-09-17T08:00:00Z,163.0,ugm3
6986,"Knowledge Park - V, Greater Noida",28.557054,77.453663,NCR Outer,UPPCB,archive,hourly_readings,pm10,2026-09-17T09:00:00Z,163.0,ugm3
6986,"Knowledge Park - V, Greater Noida",28.557054,77.453663,NCR Outer,UPPCB,archive,hourly_readings,pm10,2026-09-17T10:00:00Z,151.0,ugm3
6986,"Knowledge Park - V, Greater Noida",28.557054,77.453663,NCR Outer,UPPCB,archive,hourly_readings,pm10,2026-09-17T11:00:00Z,155.0,ugm3
6986,"Knowledge Park - V, Greater Noida",28.557054,77.453663,NCR Outer,UPPCB,archive,hourly_readings,pm10,2026-09-17T12:00:00Z,177.0,ugm3
6986,"Knowledge Park - V, Greater Noida",28.557054,77.453663,NCR Outer,UPPCB,archive,hourly_readings,pm10,2026-09-17T13:00:00Z,207.0,ugm3
6986,"Knowledge Park - V, Greater Noida",28.557054,77.453663,NCR Outer,UPPCB,archive,hourly_readings,pm25,2026-09-16T14:00:00Z,81.5,ugm3
6986,"Knowledge Park - V, Greater Noida",28.557054,77.453663,NCR Outer,UPPCB,archive,hourly_readings,pm25,2026-09-16T15:00:00Z,100.0,ugm3
6986,"Knowledge Park - V, Greater Noida",28.557054,77.453663,NCR Outer,UPPCB,archive,hourly_readings,pm25,2026-09-16T17:00:00Z,134.0,ugm3
6986,"Knowledge Park - V, Greater Noida",28.557054,77.453663,NCR Outer,UPPCB,archive,hourly_readings,pm25,2026-09-16T18:00:00Z,113.0,ugm3
6986,"Knowledge Park - V, Greater Noida",28.557054,77.453663,NCR Outer,UPPCB,archive,hourly_readings,pm25,2026-09-16T19:00:00Z,105.0,ugm3
6986,"Knowledge Park - V, Greater Noida",28.557054,77.453663,NCR Outer,UPPCB,archive,hourly_readings,pm25,2026-09-16T20:00:00Z,108.0,ugm3
6986,"Knowledge Park - V, Greater Noida",28.557054,77.453663,NCR Outer,UPPCB,archive,hourly_readings,pm25,2026-09-16T21:00:00Z,96.0,ugm3
6986,"Knowledge Park - V, Greater Noida",28.557054,77.453663,NCR Outer,UPPCB,archive,hourly_readings,pm25,2026-09-16T22:00:00Z,91.5,ugm3
6986,"Knowledge Park - V, Greater Noida",28.557054,77.453663,NCR Outer,UPPCB,archive,hourly_readings,pm25,2026-09-16T23:00:00Z,62.0,ugm3
6986,"Knowledge Park - V, Greater Noida",28.557054,77.453663,NCR Outer,UPPCB,archive,hourly_readings,pm25,2026-09-17T00:00:00Z,32.0,ugm3
6986,"Knowledge Park - V, Greater Noida",28.557054,77.453663,NCR Outer,UPPCB,archive,hourly_readings,pm25,2026-09-17T01:00:00Z,34.5,ugm3
6986,"Knowledge Park - V, Greater Noida",28.557054,77.453663,NCR Outer,UPPCB,archive,hourly_readings,pm25,2026-09-17T02:00:00Z,39.5,ugm3
6986,"Knowledge Park - V, Greater Noida",28.557054,77.453663,NCR Outer,UPPCB,archive,hourly_readings,pm25,2026-09-17T03:00:00Z,42.5,ugm3
6986,"Knowledge Park - V, Greater Noida",28.557054,77.453663,NCR Outer,UPPCB,archive,hourly_readings,pm25,2026-09-17T04:00:00Z,46.5,ugm3
6986,"Knowledge Park - V, Greater Noida",28.557054,77.453663,NCR Outer,UPPCB,archive,hourly_readings,pm25,2026-09-17T05:00:00Z,46.0,ugm3
6986,"Knowledge Park - V, Greater Noida",28.557054,77.453663,NCR Outer,UPPCB,archive,hourly_readings,pm25,2026-09-17T06:00:00Z,43.0,ugm3
6986,"Knowledge Park - V, Greater Noida",28.557054,77.453663,NCR Outer,UPPCB,archive,hourly_readings,pm25,2026-09-17T07:00:00Z,44.5,ugm3
6986,"Knowledge Park - V, Greater Noida",28.557054,77.453663,NCR Outer,UPPCB,archive,hourly_readings,pm25,2026-09-17T08:00:00Z,47.5,ugm3
6986,"Knowledge Park - V, Greater Noida",28.557054,77.453663,NCR Outer,UPPCB,archive,hourly_readings,pm25,2026-09-17T09:00:00Z,46.0,ugm3
6986,"Knowledge Park - V, Greater Noida",28.557054,77.453663,NCR Outer,UPPCB,archive,hourly_readings,pm25,2026-09-17T10:00:00Z,40.0,ugm3
6986,"Knowledge Park - V, Greater Noida",28.557054,77.453663,NCR Outer,UPPCB,archive,hourly_readings,pm25,2026-09-17T11:00:00Z,36.7,ugm3
6986,"Knowledge Park - V, Greater Noida",28.557054,77.453663,NCR Outer,UPPCB,archive,hourly_readings,pm25,2026-09-17T12:00:00Z,40.0,ugm3
6986,"Knowledge Park - V, Greater Noida",28.557054,77.453663,NCR Outer,UPPCB,archive,hourly_readings,pm25,2026-09-17T13:00:00Z,51.0,ugm3
6988,"Sector-116, Noida",28.56923,77.393848,NCR Outer,UPPCB,archive,hourly_readings,no2,2026-09-16T14:00:00Z,80.7,ugm3
6988,"Sector-116, Noida",28.56923,77.393848,NCR Outer,UPPCB,archive,hourly_readings,no2,2026-09-16T15:00:00Z,75.6,ugm3
6988,"Sector-116, Noida",28.56923,77.393848,NCR Outer,UPPCB,archive,hourly_readings,no2,2026-09-16T17:00:00Z,59.1,ugm3
6988,"Sector-116, Noida",28.56923,77.393848,NCR Outer,UPPCB,archive,hourly_readings,no2,2026-09-16T18:00:00Z,69.1,ugm3
6988,"Sector-116, Noida",28.56923,77.393848,NCR Outer,UPPCB,archive,hourly_readings,no2,2026-09-16T19:00:00Z,56.9,ugm3
6988,"Sector-116, Noida",28.56923,77.393848,NCR Outer,UPPCB,archive,hourly_readings,no2,2026-09-16T20:00:00Z,42.6,ugm3
6988,"Sector-116, Noida",28.56923,77.393848,NCR Outer,UPPCB,archive,hourly_readings,no2,2026-09-16T21:00:00Z,52.3,ugm3
6988,"Sector-116, Noida",28.56923,77.393848,NCR Outer,UPPCB,archive,hourly_readings,no2,2026-09-16T22:00:00Z,34.9,ugm3
6988,"Sector-116, Noida",28.56923,77.393848,NCR Outer,UPPCB,archive,hourly_readings,no2,2026-09-16T23:00:00Z,24.0,ugm3
6988,"Sector-116, Noida",28.56923,77.393848,NCR Outer,UPPCB,archive,hourly_readings,no2,2026-09-17T00:00:00Z,18.9,ugm3
6988,"Sector-116, Noida",28.56923,77.393848,NCR Outer,UPPCB,archive,hourly_readings,no2,2026-09-17T01:00:00Z,27.9,ugm3
6988,"Sector-116, Noida",28.56923,77.393848,NCR Outer,UPPCB,archive,hourly_readings,no2,2026-09-17T02:00:00Z,31.3,ugm3
6988,"Sector-116, Noida",28.56923,77.393848,NCR Outer,UPPCB,archive,hourly_readings,no2,2026-09-17T03:00:00Z,31.5,ugm3
6988,"Sector-116, Noida",28.56923,77.393848,NCR Outer,UPPCB,archive,hourly_readings,no2,2026-09-17T05:00:00Z,20.4,ugm3
6988,"Sector-116, Noida",28.56923,77.393848,NCR Outer,UPPCB,archive,hourly_readings,no2,2026-09-17T06:00:00Z,20.1,ugm3
6988,"Sector-116, Noida",28.56923,77.393848,NCR Outer,UPPCB,archive,hourly_readings,no2,2026-09-17T07:00:00Z,22.3,ugm3
6988,"Sector-116, Noida",28.56923,77.393848,NCR Outer,UPPCB,archive,hourly_readings,no2,2026-09-17T08:00:00Z,26.2,ugm3
6988,"Sector-116, Noida",28.56923,77.393848,NCR Outer,UPPCB,archive,hourly_readings,no2,2026-09-17T09:00:00Z,22.3,ugm3
6988,"Sector-116, Noida",28.56923,77.393848,NCR Outer,UPPCB,archive,hourly_readings,no2,2026-09-17T10:00:00Z,21.6,ugm3
6988,"Sector-116, Noida",28.56923,77.393848,NCR Outer,UPPCB,archive,hourly_readings,no2,2026-09-17T11:00:00Z,36.4,ugm3
6988,"Sector-116, Noida",28.56923,77.393848,NCR Outer,UPPCB,archive,hourly_readings,no2,2026-09-17T12:00:00Z,38.8,ugm3
6988,"Sector-116, Noida",28.56923,77.393848,NCR Outer,UPPCB,archive,hourly_readings,no2,2026-09-17T13:00:00Z,55.5,ugm3
6988,"Sector-116, Noida",28.56923,77.393848,NCR Outer,UPPCB,archive,hourly_readings,o3,2026-09-16T14:00:00Z,44.7,ugm3
6988,"Sector-116, Noida",28.56923,77.393848,NCR Outer,UPPCB,archive,hourly_readings,o3,2026-09-16T15:00:00Z,22.3,ugm3
6988,"Sector-116, Noida",28.56923,77.393848,NCR Outer,UPPCB,archive,hourly_readings,o3,2026-09-16T17:00:00Z,24.3,ugm3
6988,"Sector-116, Noida",28.56923,77.393848,NCR Outer,UPPCB,archive,hourly_readings,o3,2026-09-16T18:00:00Z,20.2,ugm3
6988,"Sector-116, Noida",28.56923,77.393848,NCR Outer,UPPCB,archive,hourly_readings,o3,2026-09-16T20:00:00Z,21.3,ugm3
6988,"Sector-116, Noida",28.56923,77.393848,NCR Outer,UPPCB,archive,hourly_readings,o3,2026-09-16T21:00:00Z,27.6,ugm3
6988,"Sector-116, Noida",28.56923,77.393848,NCR Outer,UPPCB,archive,hourly_readings,o3,2026-09-16T22:00:00Z,30.1,ugm3
6988,"Sector-116, Noida",28.56923,77.393848,NCR Outer,UPPCB,archive,hourly_readings,o3,2026-09-16T23:00:00Z,61.2,ugm3
6988,"Sector-116, Noida",28.56923,77.393848,NCR Outer,UPPCB,archive,hourly_readings,o3,2026-09-17T00:00:00Z,73.8,ugm3
6988,"Sector-116, Noida",28.56923,77.393848,NCR Outer,UPPCB,archive,hourly_readings,o3,2026-09-17T01:00:00Z,75.0,ugm3
6988,"Sector-116, Noida",28.56923,77.393848,NCR Outer,UPPCB,archive,hourly_readings,o3,2026-09-17T02:00:00Z,86.2,ugm3
6988,"Sector-116, Noida",28.56923,77.393848,NCR Outer,UPPCB,archive,hourly_readings,o3,2026-09-17T03:00:00Z,118.0,ugm3
6988,"Sector-116, Noida",28.56923,77.393848,NCR Outer,UPPCB,archive,hourly_readings,o3,2026-09-17T04:00:00Z,144.0,ugm3
6988,"Sector-116, Noida",28.56923,77.393848,NCR Outer,UPPCB,archive,hourly_readings,o3,2026-09-17T05:00:00Z,113.0,ugm3
6988,"Sector-116, Noida",28.56923,77.393848,NCR Outer,UPPCB,archive,hourly_readings,o3,2026-09-17T06:00:00Z,143.0,ugm3
6988,"Sector-116, Noida",28.56923,77.393848,NCR Outer,UPPCB,archive,hourly_readings,o3,2026-09-17T07:00:00Z,170.0,ugm3
6988,"Sector-116, Noida",28.56923,77.393848,NCR Outer,UPPCB,archive,hourly_readings,o3,2026-09-17T08:00:00Z,184.0,ugm3
6988,"Sector-116, Noida",28.56923,77.393848,NCR Outer,UPPCB,archive,hourly_readings,o3,2026-09-17T09:00:00Z,159.0,ugm3
6988,"Sector-116, Noida",28.56923,77.393848,NCR Outer,UPPCB,archive,hourly_readings,o3,2026-09-17T10:00:00Z,149.0,ugm3
6988,"Sector-116, Noida",28.56923,77.393848,NCR Outer,UPPCB,archive,hourly_readings,o3,2026-09-17T11:00:00Z,122.0,ugm3
6988,"Sector-116, Noida",28.56923,77.393848,NCR Outer,UPPCB,archive,hourly_readings,o3,2026-09-17T12:00:00Z,109.0,ugm3
6988,"Sector-116, Noida",28.56923,77.393848,NCR Outer,UPPCB,archive,hourly_readings,o3,2026-09-17T13:00:00Z,73.8,ugm3
6988,"Sector-116, Noida",28.56923,77.393848,NCR Outer,UPPCB,archive,hourly_readings,pm10,2026-09-16T14:00:00Z,214.0,ugm3
6988,"Sector-116, Noida",28.56923,77.393848,NCR Outer,UPPCB,archive,hourly_readings,pm10,2026-09-16T15:00:00Z,269.0,ugm3
6988,"Sector-116, Noida",28.56923,77.393848,NCR Outer,UPPCB,archive,hourly_readings,pm10,2026-09-16T17:00:00Z,307.0,ugm3
6988,"Sector-116, Noida",28.56923,77.393848,NCR Outer,UPPCB,archive,hourly_readings,pm10,2026-09-16T18:00:00Z,291.0,ugm3
6988,"Sector-116, Noida",28.56923,77.393848,NCR Outer,UPPCB,archive,hourly_readings,pm10,2026-09-16T19:00:00Z,278.0,ugm3
6988,"Sector-116, Noida",28.56923,77.393848,NCR Outer,UPPCB,archive,hourly_readings,pm10,2026-09-16T20:00:00Z,247.0,ugm3
6988,"Sector-116, Noida",28.56923,77.393848,NCR Outer,UPPCB,archive,hourly_readings,pm10,2026-09-16T21:00:00Z,221.0,ugm3
6988,"Sector-116, Noida",28.56923,77.393848,NCR Outer,UPPCB,archive,hourly_readings,pm10,2026-09-16T22:00:00Z,212.0,ugm3
6988,"Sector-116, Noida",28.56923,77.393848,NCR Outer,UPPCB,archive,hourly_readings,pm10,2026-09-16T23:00:00Z,208.0,ugm3
6988,"Sector-116, Noida",28.56923,77.393848,NCR Outer,UPPCB,archive,hourly_readings,pm10,2026-09-17T00:00:00Z,153.0,ugm3
6988,"Sector-116, Noida",28.56923,77.393848,NCR Outer,UPPCB,archive,hourly_readings,pm10,2026-09-17T01:00:00Z,99.5,ugm3
6988,"Sector-116, Noida",28.56923,77.393848,NCR Outer,UPPCB,archive,hourly_readings,pm10,2026-09-17T02:00:00Z,126.0,ugm3
6988,"Sector-116, Noida",28.56923,77.393848,NCR Outer,UPPCB,archive,hourly_readings,pm10,2026-09-17T03:00:00Z,148.0,ugm3
6988,"Sector-116, Noida",28.56923,77.393848,NCR Outer,UPPCB,archive,hourly_readings,pm10,2026-09-17T04:00:00Z,172.0,ugm3
6988,"Sector-116, Noida",28.56923,77.393848,NCR Outer,UPPCB,archive,hourly_readings,pm10,2026-09-17T05:00:00Z,158.0,ugm3
6988,"Sector-116, Noida",28.56923,77.393848,NCR Outer,UPPCB,archive,hourly_readings,pm10,2026-09-17T06:00:00Z,135.0,ugm3
6988,"Sector-116, Noida",28.56923,77.393848,NCR Outer,UPPCB,archive,hourly_readings,pm10,2026-09-17T07:00:00Z,135.0,ugm3
6988,"Sector-116, Noida",28.56923,77.393848,NCR Outer,UPPCB,archive,hourly_readings,pm10,2026-09-17T08:00:00Z,140.0,ugm3
6988,"Sector-116, Noida",28.56923,77.393848,NCR Outer,UPPCB,archive,hourly_readings,pm10,2026-09-17T09:00:00Z,140.0,ugm3
6988,"Sector-116, Noida",28.56923,77.393848,NCR Outer,UPPCB,archive,hourly_readings,pm10,2026-09-17T10:00:00Z,120.0,ugm3
6988,"Sector-116, Noida",28.56923,77.393848,NCR Outer,UPPCB,archive,hourly_readings,pm10,2026-09-17T11:00:00Z,118.0,ugm3
6988,"Sector-116, Noida",28.56923,77.393848,NCR Outer,UPPCB,archive,hourly_readings,pm10,2026-09-17T12:00:00Z,131.0,ugm3
6988,"Sector-116, Noida",28.56923,77.393848,NCR Outer,UPPCB,archive,hourly_readings,pm10,2026-09-17T13:00:00Z,145.0,ugm3
6988,"Sector-116, Noida",28.56923,77.393848,NCR Outer,UPPCB,archive,hourly_readings,pm25,2026-09-16T14:00:00Z,77.0,ugm3
6988,"Sector-116, Noida",28.56923,77.393848,NCR Outer,UPPCB,archive,hourly_readings,pm25,2026-09-16T15:00:00Z,91.5,ugm3
6988,"Sector-116, Noida",28.56923,77.393848,NCR Outer,UPPCB,archive,hourly_readings,pm25,2026-09-16T17:00:00Z,107.0,ugm3
6988,"Sector-116, Noida",28.56923,77.393848,NCR Outer,UPPCB,archive,hourly_readings,pm25,2026-09-16T18:00:00Z,111.0,ugm3
6988,"Sector-116, Noida",28.56923,77.393848,NCR Outer,UPPCB,archive,hourly_readings,pm25,2026-09-16T19:00:00Z,116.0,ugm3
6988,"Sector-116, Noida",28.56923,77.393848,NCR Outer,UPPCB,archive,hourly_readings,pm25,2026-09-16T20:00:00Z,110.0,ugm3
6988,"Sector-116, Noida",28.56923,77.393848,NCR Outer,UPPCB,archive,hourly_readings,pm25,2026-09-16T21:00:00Z,108.0,ugm3
6988,"Sector-116, Noida",28.56923,77.393848,NCR Outer,UPPCB,archive,hourly_readings,pm25,2026-09-16T22:00:00Z,108.0,ugm3
6988,"Sector-116, Noida",28.56923,77.393848,NCR Outer,UPPCB,archive,hourly_readings,pm25,2026-09-16T23:00:00Z,70.5,ugm3
6988,"Sector-116, Noida",28.56923,77.393848,NCR Outer,UPPCB,archive,hourly_readings,pm25,2026-09-17T00:00:00Z,40.5,ugm3
6988,"Sector-116, Noida",28.56923,77.393848,NCR Outer,UPPCB,archive,hourly_readings,pm25,2026-09-17T01:00:00Z,42.0,ugm3
6988,"Sector-116, Noida",28.56923,77.393848,NCR Outer,UPPCB,archive,hourly_readings,pm25,2026-09-17T02:00:00Z,49.5,ugm3
6988,"Sector-116, Noida",28.56923,77.393848,NCR Outer,UPPCB,archive,hourly_readings,pm25,2026-09-17T03:00:00Z,63.0,ugm3
6988,"Sector-116, Noida",28.56923,77.393848,NCR Outer,UPPCB,archive,hourly_readings,pm25,2026-09-17T04:00:00Z,75.0,ugm3
6988,"Sector-116, Noida",28.56923,77.393848,NCR Outer,UPPCB,archive,hourly_readings,pm25,2026-09-17T05:00:00Z,70.5,ugm3
6988,"Sector-116, Noida",28.56923,77.393848,NCR Outer,UPPCB,archive,hourly_readings,pm25,2026-09-17T06:00:00Z,61.0,ugm3
6988,"Sector-116, Noida",28.56923,77.393848,NCR Outer,UPPCB,archive,hourly_readings,pm25,2026-09-17T07:00:00Z,63.3,ugm3
6988,"Sector-116, Noida",28.56923,77.393848,NCR Outer,UPPCB,archive,hourly_readings,pm25,2026-09-17T08:00:00Z,65.0,ugm3
6988,"Sector-116, Noida",28.56923,77.393848,NCR Outer,UPPCB,archive,hourly_readings,pm25,2026-09-17T09:00:00Z,63.7,ugm3
6988,"Sector-116, Noida",28.56923,77.393848,NCR Outer,UPPCB,archive,hourly_readings,pm25,2026-09-17T10:00:00Z,62.0,ugm3
6988,"Sector-116, Noida",28.56923,77.393848,NCR Outer,UPPCB,archive,hourly_readings,pm25,2026-09-17T11:00:00Z,60.5,ugm3
6988,"Sector-116, Noida",28.56923,77.393848,NCR Outer,UPPCB,archive,hourly_readings,pm25,2026-09-17T12:00:00Z,59.5,ugm3
6988,"Sector-116, Noida",28.56923,77.393848,NCR Outer,UPPCB,archive,hourly_readings,pm25,2026-09-17T13:00:00Z,63.5,ugm3
7005,"Loni, Ghaziabad",28.757294,77.278792,North,UPPCB,archive,hourly_readings,no2,2026-09-16T14:00:00Z,26.9,ugm3
7005,"Loni, Ghaziabad",28.757294,77.278792,North,UPPCB,archive,hourly_readings,no2,2026-09-16T15:00:00Z,23.5,ugm3
7005,"Loni, Ghaziabad",28.757294,77.278792,North,UPPCB,archive,hourly_readings,no2,2026-09-16T17:00:00Z,27.4,ugm3
7005,"Loni, Ghaziabad",28.757294,77.278792,North,UPPCB,archive,hourly_readings,no2,2026-09-16T18:00:00Z,29.7,ugm3
7005,"Loni, Ghaziabad",28.757294,77.278792,North,UPPCB,archive,hourly_readings,no2,2026-09-16T19:00:00Z,40.1,ugm3
7005,"Loni, Ghaziabad",28.757294,77.278792,North,UPPCB,archive,hourly_readings,no2,2026-09-16T20:00:00Z,37.8,ugm3
7005,"Loni, Ghaziabad",28.757294,77.278792,North,UPPCB,archive,hourly_readings,no2,2026-09-16T21:00:00Z,38.5,ugm3
7005,"Loni, Ghaziabad",28.757294,77.278792,North,UPPCB,archive,hourly_readings,no2,2026-09-16T22:00:00Z,31.7,ugm3
7005,"Loni, Ghaziabad",28.757294,77.278792,North,UPPCB,archive,hourly_readings,no2,2026-09-16T23:00:00Z,20.6,ugm3
7005,"Loni, Ghaziabad",28.757294,77.278792,North,UPPCB,archive,hourly_readings,no2,2026-09-17T00:00:00Z,22.1,ugm3
7005,"Loni, Ghaziabad",28.757294,77.278792,North,UPPCB,archive,hourly_readings,no2,2026-09-17T01:00:00Z,22.1,ugm3
7005,"Loni, Ghaziabad",28.757294,77.278792,North,UPPCB,archive,hourly_readings,no2,2026-09-17T02:00:00Z,22.2,ugm3
7005,"Loni, Ghaziabad",28.757294,77.278792,North,UPPCB,archive,hourly_readings,no2,2026-09-17T03:00:00Z,24.2,ugm3
7005,"Loni, Ghaziabad",28.757294,77.278792,North,UPPCB,archive,hourly_readings,no2,2026-09-17T04:00:00Z,20.8,ugm3
7005,"Loni, Ghaziabad",28.757294,77.278792,North,UPPCB,archive,hourly_readings,no2,2026-09-17T05:00:00Z,15.0,ugm3
7005,"Loni, Ghaziabad",28.757294,77.278792,North,UPPCB,archive,hourly_readings,no2,2026-09-17T06:00:00Z,8.6,ugm3
7005,"Loni, Ghaziabad",28.757294,77.278792,North,UPPCB,archive,hourly_readings,no2,2026-09-17T07:00:00Z,4.0,ugm3
7005,"Loni, Ghaziabad",28.757294,77.278792,North,UPPCB,archive,hourly_readings,no2,2026-09-17T08:00:00Z,14.6,ugm3
7005,"Loni, Ghaziabad",28.757294,77.278792,North,UPPCB,archive,hourly_readings,no2,2026-09-17T09:00:00Z,11.8,ugm3
7005,"Loni, Ghaziabad",28.757294,77.278792,North,UPPCB,archive,hourly_readings,no2,2026-09-17T10:00:00Z,7.3,ugm3
7005,"Loni, Ghaziabad",28.757294,77.278792,North,UPPCB,archive,hourly_readings,no2,2026-09-17T11:00:00Z,13.2,ugm3
7005,"Loni, Ghaziabad",28.757294,77.278792,North,UPPCB,archive,hourly_readings,no2,2026-09-17T12:00:00Z,29.2,ugm3
7005,"Loni, Ghaziabad",28.757294,77.278792,North,UPPCB,archive,hourly_readings,no2,2026-09-17T13:00:00Z,29.7,ugm3
7005,"Loni, Ghaziabad",28.757294,77.278792,North,UPPCB,archive,hourly_readings,o3,2026-09-16T14:00:00Z,22.8,ugm3
7005,"Loni, Ghaziabad",28.757294,77.278792,North,UPPCB,archive,hourly_readings,o3,2026-09-16T15:00:00Z,18.2,ugm3
7005,"Loni, Ghaziabad",28.757294,77.278792,North,UPPCB,archive,hourly_readings,o3,2026-09-16T17:00:00Z,17.7,ugm3
7005,"Loni, Ghaziabad",28.757294,77.278792,North,UPPCB,archive,hourly_readings,o3,2026-09-16T18:00:00Z,16.8,ugm3
7005,"Loni, Ghaziabad",28.757294,77.278792,North,UPPCB,archive,hourly_readings,o3,2026-09-16T19:00:00Z,16.7,ugm3
7005,"Loni, Ghaziabad",28.757294,77.278792,North,UPPCB,archive,hourly_readings,o3,2026-09-16T20:00:00Z,17.7,ugm3
7005,"Loni, Ghaziabad",28.757294,77.278792,North,UPPCB,archive,hourly_readings,o3,2026-09-16T21:00:00Z,15.7,ugm3
7005,"Loni, Ghaziabad",28.757294,77.278792,North,UPPCB,archive,hourly_readings,o3,2026-09-16T22:00:00Z,12.1,ugm3
7005,"Loni, Ghaziabad",28.757294,77.278792,North,UPPCB,archive,hourly_readings,o3,2026-09-16T23:00:00Z,13.5,ugm3
7005,"Loni, Ghaziabad",28.757294,77.278792,North,UPPCB,archive,hourly_readings,o3,2026-09-17T00:00:00Z,12.8,ugm3
7005,"Loni, Ghaziabad",28.757294,77.278792,North,UPPCB,archive,hourly_readings,o3,2026-09-17T01:00:00Z,13.2,ugm3
7005,"Loni, Ghaziabad",28.757294,77.278792,North,UPPCB,archive,hourly_readings,o3,2026-09-17T02:00:00Z,14.2,ugm3
7005,"Loni, Ghaziabad",28.757294,77.278792,North,UPPCB,archive,hourly_readings,o3,2026-09-17T03:00:00Z,17.7,ugm3
7005,"Loni, Ghaziabad",28.757294,77.278792,North,UPPCB,archive,hourly_readings,o3,2026-09-17T04:00:00Z,16.7,ugm3
7005,"Loni, Ghaziabad",28.757294,77.278792,North,UPPCB,archive,hourly_readings,o3,2026-09-17T05:00:00Z,13.4,ugm3
7005,"Loni, Ghaziabad",28.757294,77.278792,North,UPPCB,archive,hourly_readings,o3,2026-09-17T07:00:00Z,12.1,ugm3
7005,"Loni, Ghaziabad",28.757294,77.278792,North,UPPCB,archive,hourly_readings,o3,2026-09-17T08:00:00Z,15.0,ugm3
7005,"Loni, Ghaziabad",28.757294,77.278792,North,UPPCB,archive,hourly_readings,o3,2026-09-17T09:00:00Z,25.3,ugm3
7005,"Loni, Ghaziabad",28.757294,77.278792,North,UPPCB,archive,hourly_readings,o3,2026-09-17T10:00:00Z,23.1,ugm3
7005,"Loni, Ghaziabad",28.757294,77.278792,North,UPPCB,archive,hourly_readings,o3,2026-09-17T11:00:00Z,21.2,ugm3
7005,"Loni, Ghaziabad",28.757294,77.278792,North,UPPCB,archive,hourly_readings,o3,2026-09-17T12:00:00Z,15.5,ugm3
7005,"Loni, Ghaziabad",28.757294,77.278792,North,UPPCB,archive,hourly_readings,o3,2026-09-17T13:00:00Z,16.7,ugm3
7005,"Loni, Ghaziabad",28.757294,77.278792,North,UPPCB,archive,hourly_readings,pm10,2026-09-16T14:00:00Z,235.0,ugm3
7005,"Loni, Ghaziabad",28.757294,77.278792,North,UPPCB,archive,hourly_readings,pm10,2026-09-16T15:00:00Z,207.0,ugm3
7005,"Loni, Ghaziabad",28.757294,77.278792,North,UPPCB,archive,hourly_readings,pm10,2026-09-16T17:00:00Z,189.0,ugm3
7005,"Loni, Ghaziabad",28.757294,77.278792,North,UPPCB,archive,hourly_readings,pm10,2026-09-16T18:00:00Z,170.0,ugm3
7005,"Loni, Ghaziabad",28.757294,77.278792,North,UPPCB,archive,hourly_readings,pm10,2026-09-16T19:00:00Z,162.0,ugm3
7005,"Loni, Ghaziabad",28.757294,77.278792,North,UPPCB,archive,hourly_readings,pm10,2026-09-16T20:00:00Z,188.0,ugm3
7005,"Loni, Ghaziabad",28.757294,77.278792,North,UPPCB,archive,hourly_readings,pm10,2026-09-16T21:00:00Z,205.0,ugm3
7005,"Loni, Ghaziabad",28.757294,77.278792,North,UPPCB,archive,hourly_readings,pm10,2026-09-16T22:00:00Z,298.0,ugm3
7005,"Loni, Ghaziabad",28.757294,77.278792,North,UPPCB,archive,hourly_readings,pm10,2026-09-16T23:00:00Z,218.0,ugm3
7005,"Loni, Ghaziabad",28.757294,77.278792,North,UPPCB,archive,hourly_readings,pm10,2026-09-17T00:00:00Z,55.0,ugm3
7005,"Loni, Ghaziabad",28.757294,77.278792,North,UPPCB,archive,hourly_readings,pm10,2026-09-17T01:00:00Z,67.0,ugm3
7005,"Loni, Ghaziabad",28.757294,77.278792,North,UPPCB,archive,hourly_readings,pm10,2026-09-17T02:00:00Z,80.0,ugm3
7005,"Loni, Ghaziabad",28.757294,77.278792,North,UPPCB,archive,hourly_readings,pm10,2026-09-17T03:00:00Z,110.0,ugm3
7005,"Loni, Ghaziabad",28.757294,77.278792,North,UPPCB,archive,hourly_readings,pm10,2026-09-17T04:00:00Z,111.0,ugm3
7005,"Loni, Ghaziabad",28.757294,77.278792,North,UPPCB,archive,hourly_readings,pm10,2026-09-17T05:00:00Z,87.5,ugm3
7005,"Loni, Ghaziabad",28.757294,77.278792,North,UPPCB,archive,hourly_readings,pm10,2026-09-17T06:00:00Z,83.0,ugm3
7005,"Loni, Ghaziabad",28.757294,77.278792,North,UPPCB,archive,hourly_readings,pm10,2026-09-17T07:00:00Z,73.0,ugm3
7005,"Loni, Ghaziabad",28.757294,77.278792,North,UPPCB,archive,hourly_readings,pm10,2026-09-17T08:00:00Z,69.5,ugm3
7005,"Loni, Ghaziabad",28.757294,77.278792,North,UPPCB,archive,hourly_readings,pm10,2026-09-17T09:00:00Z,70.5,ugm3
7005,"Loni, Ghaziabad",28.757294,77.278792,North,UPPCB,archive,hourly_readings,pm10,2026-09-17T10:00:00Z,78.0,ugm3
7005,"Loni, Ghaziabad",28.757294,77.278792,North,UPPCB,archive,hourly_readings,pm10,2026-09-17T11:00:00Z,103.0,ugm3
7005,"Loni, Ghaziabad",28.757294,77.278792,North,UPPCB,archive,hourly_readings,pm10,2026-09-17T12:00:00Z,145.0,ugm3
7005,"Loni, Ghaziabad",28.757294,77.278792,North,UPPCB,archive,hourly_readings,pm10,2026-09-17T13:00:00Z,167.0,ugm3
7005,"Loni, Ghaziabad",28.757294,77.278792,North,UPPCB,archive,hourly_readings,pm25,2026-09-16T14:00:00Z,65.0,ugm3
7005,"Loni, Ghaziabad",28.757294,77.278792,North,UPPCB,archive,hourly_readings,pm25,2026-09-16T15:00:00Z,71.0,ugm3
7005,"Loni, Ghaziabad",28.757294,77.278792,North,UPPCB,archive,hourly_readings,pm25,2026-09-16T17:00:00Z,65.0,ugm3
7005,"Loni, Ghaziabad",28.757294,77.278792,North,UPPCB,archive,hourly_readings,pm25,2026-09-16T18:00:00Z,59.0,ugm3
7005,"Loni, Ghaziabad",28.757294,77.278792,North,UPPCB,archive,hourly_readings,pm25,2026-09-16T19:00:00Z,62.0,ugm3
7005,"Loni, Ghaziabad",28.757294,77.278792,North,UPPCB,archive,hourly_readings,pm25,2026-09-16T20:00:00Z,84.5,ugm3
7005,"Loni, Ghaziabad",28.757294,77.278792,North,UPPCB,archive,hourly_readings,pm25,2026-09-16T21:00:00Z,104.0,ugm3
7005,"Loni, Ghaziabad",28.757294,77.278792,North,UPPCB,archive,hourly_readings,pm25,2026-09-16T22:00:00Z,113.0,ugm3
7005,"Loni, Ghaziabad",28.757294,77.278792,North,UPPCB,archive,hourly_readings,pm25,2026-09-16T23:00:00Z,61.0,ugm3
7005,"Loni, Ghaziabad",28.757294,77.278792,North,UPPCB,archive,hourly_readings,pm25,2026-09-17T00:00:00Z,15.0,ugm3
7005,"Loni, Ghaziabad",28.757294,77.278792,North,UPPCB,archive,hourly_readings,pm25,2026-09-17T01:00:00Z,23.0,ugm3
7005,"Loni, Ghaziabad",28.757294,77.278792,North,UPPCB,archive,hourly_readings,pm25,2026-09-17T02:00:00Z,27.0,ugm3
7005,"Loni, Ghaziabad",28.757294,77.278792,North,UPPCB,archive,hourly_readings,pm25,2026-09-17T03:00:00Z,31.5,ugm3
7005,"Loni, Ghaziabad",28.757294,77.278792,North,UPPCB,archive,hourly_readings,pm25,2026-09-17T04:00:00Z,28.5,ugm3
7005,"Loni, Ghaziabad",28.757294,77.278792,North,UPPCB,archive,hourly_readings,pm25,2026-09-17T05:00:00Z,29.5,ugm3
7005,"Loni, Ghaziabad",28.757294,77.278792,North,UPPCB,archive,hourly_readings,pm25,2026-09-17T06:00:00Z,32.0,ugm3
7005,"Loni, Ghaziabad",28.757294,77.278792,North,UPPCB,archive,hourly_readings,pm25,2026-09-17T07:00:00Z,29.0,ugm3
7005,"Loni, Ghaziabad",28.757294,77.278792,North,UPPCB,archive,hourly_readings,pm25,2026-09-17T08:00:00Z,27.0,ugm3
7005,"Loni, Ghaziabad",28.757294,77.278792,North,UPPCB,archive,hourly_readings,pm25,2026-09-17T09:00:00Z,27.0,ugm3
7005,"Loni, Ghaziabad",28.757294,77.278792,North,UPPCB,archive,hourly_readings,pm25,2026-09-17T10:00:00Z,29.0,ugm3
7005,"Loni, Ghaziabad",28.757294,77.278792,North,UPPCB,archive,hourly_readings,pm25,2026-09-17T11:00:00Z,31.5,ugm3
7005,"Loni, Ghaziabad",28.757294,77.278792,North,UPPCB,archive,hourly_readings,pm25,2026-09-17T12:00:00Z,44.0,ugm3
7005,"Loni, Ghaziabad",28.757294,77.278792,North,UPPCB,archive,hourly_readings,pm25,2026-09-17T13:00:00Z,62.0,ugm3
8118,New Delhi,28.63576,77.22445,Central,AIRNOW,archive,hourly_readings,pm25,2026-09-16T14:00:00Z,47.0,ugm3
8118,New Delhi,28.63576,77.22445,Central,AIRNOW,archive,hourly_readings,pm25,2026-09-16T15:00:00Z,49.0,ugm3
8118,New Delhi,28.63576,77.22445,Central,AIRNOW,archive,hourly_readings,pm25,2026-09-16T16:00:00Z,61.0,ugm3
8118,New Delhi,28.63576,77.22445,Central,AIRNOW,archive,hourly_readings,pm25,2026-09-16T17:00:00Z,59.0,ugm3
8118,New Delhi,28.63576,77.22445,Central,AIRNOW,archive,hourly_readings,pm25,2026-09-16T18:00:00Z,66.0,ugm3
8118,New Delhi,28.63576,77.22445,Central,AIRNOW,archive,hourly_readings,pm25,2026-09-16T19:00:00Z,60.0,ugm3
8118,New Delhi,28.63576,77.22445,Central,AIRNOW,archive,hourly_readings,pm25,2026-09-16T20:00:00Z,65.0,ugm3
8118,New Delhi,28.63576,77.22445,Central,AIRNOW,archive,hourly_readings,pm25,2026-09-16T21:00:00Z,61.0,ugm3
8118,New Delhi,28.63576,77.22445,Central,AIRNOW,archive,hourly_readings,pm25,2026-09-16T22:00:00Z,42.0,ugm3
8118,New Delhi,28.63576,77.22445,Central,AIRNOW,archive,hourly_readings,pm25,2026-09-16T23:00:00Z,16.0,ugm3
8118,New Delhi,28.63576,77.22445,Central,AIRNOW,archive,hourly_readings,pm25,2026-09-17T00:00:00Z,27.0,ugm3
8118,New Delhi,28.63576,77.22445,Central,AIRNOW,archive,hourly_readings,pm25,2026-09-17T01:00:00Z,31.0,ugm3
8118,New Delhi,28.63576,77.22445,Central,AIRNOW,archive,hourly_readings,pm25,2026-09-17T02:00:00Z,29.0,ugm3
8118,New Delhi,28.63576,77.22445,Central,AIRNOW,archive,hourly_readings,pm25,2026-09-17T03:00:00Z,32.0,ugm3
8118,New Delhi,28.63576,77.22445,Central,AIRNOW,archive,hourly_readings,pm25,2026-09-17T04:00:00Z,46.0,ugm3
8118,New Delhi,28.63576,77.22445,Central,AIRNOW,archive,hourly_readings,pm25,2026-09-17T05:00:00Z,42.0,ugm3
8118,New Delhi,28.63576,77.22445,Central,AIRNOW,archive,hourly_readings,pm25,2026-09-17T06:00:00Z,43.0,ugm3
8118,New Delhi,28.63576,77.22445,Central,AIRNOW,archive,hourly_readings,pm25,2026-09-17T07:00:00Z,51.0,ugm3
8118,New Delhi,28.63576,77.22445,Central,AIRNOW,archive,hourly_readings,pm25,2026-09-17T08:00:00Z,53.0,ugm3
8118,New Delhi,28.63576,77.22445,Central,AIRNOW,archive,hourly_readings,pm25,2026-09-17T09:00:00Z,40.0,ugm3
8118,New Delhi,28.63576,77.22445,Central,AIRNOW,archive,hourly_readings,pm25,2026-09-17T10:00:00Z,37.0,ugm3
8118,New Delhi,28.63576,77.22445,Central,AIRNOW,archive,hourly_readings,pm25,2026-09-17T11:00:00Z,34.0,ugm3
8118,New Delhi,28.63576,77.22445,Central,AIRNOW,archive,hourly_readings,pm25,2026-09-17T12:00:00Z,34.0,ugm3
8118,New Delhi,28.63576,77.22445,Central,AIRNOW,archive,hourly_readings,pm25,2026-09-17T13:00:00Z,46.0,ugm3
10110,Dr. Karni Singh Shooting Range,28.499727,77.267095,South,CPCB,live,rolling_24h_mean,o3,2026-09-23T17:00:00Z,8.7,ugm3
10110,Dr. Karni Singh Shooting Range,28.499727,77.267095,South,CPCB,live,rolling_24h_mean,o3,2026-09-23T18:00:00Z,6.14,ugm3
10110,Dr. Karni Singh Shooting Range,28.499727,77.267095,South,CPCB,live,rolling_24h_mean,o3,2026-09-23T19:00:00Z,5.73,ugm3
10110,Dr. Karni Singh Shooting Range,28.499727,77.267095,South,CPCB,live,rolling_24h_mean,o3,2026-09-23T20:00:00Z,15.27,ugm3
10110,Dr. Karni Singh Shooting Range,28.499727,77.267095,South,CPCB,live,rolling_24h_mean,o3,2026-09-23T21:00:00Z,12.72,ugm3
10110,Dr. Karni Singh Shooting Range,28.499727,77.267095,South,CPCB,live,rolling_24h_mean,o3,2026-09-23T22:00:00Z,13.35,ugm3
10110,Dr. Karni Singh Shooting Range,28.499727,77.267095,South,CPCB,live,rolling_24h_mean,o3,2026-09-24T00:00:00Z,9.32,ugm3
10110,Dr. Karni Singh Shooting Range,28.499727,77.267095,South,CPCB,live,rolling_24h_mean,o3,2026-09-24T03:00:00Z,13.15,ugm3
10110,Dr. Karni Singh Shooting Range,28.499727,77.267095,South,CPCB,live,rolling_24h_mean,o3,2026-09-24T05:00:00Z,20.99,ugm3
10110,Dr. Karni Singh Shooting Range,28.499727,77.267095,South,CPCB,live,rolling_24h_mean,o3,2026-09-24T06:00:00Z,27.99,ugm3
10110,Dr. Karni Singh Shooting Range,28.499727,77.267095,South,CPCB,live,rolling_24h_mean,o3,2026-09-24T07:00:00Z,92.66,ugm3
10110,Dr. Karni Singh Shooting Range,28.499727,77.267095,South,CPCB,live,rolling_24h_mean,o3,2026-09-24T10:00:00Z,105.79,ugm3
10110,Dr. Karni Singh Shooting Range,28.499727,77.267095,South,CPCB,live,rolling_24h_mean,o3,2026-09-24T11:00:00Z,93.28,ugm3
10110,Dr. Karni Singh Shooting Range,28.499727,77.267095,South,CPCB,live,rolling_24h_mean,o3,2026-09-24T13:00:00Z,56.81,ugm3
10110,Dr. Karni Singh Shooting Range,28.499727,77.267095,South,CPCB,live,rolling_24h_mean,o3,2026-09-24T16:00:00Z,30.74,ugm3
10110,Dr. Karni Singh Shooting Range,28.499727,77.267095,South,CPCB,live,rolling_24h_mean,o3,2026-09-24T17:00:00Z,23.54,ugm3
10110,Dr. Karni Singh Shooting Range,28.499727,77.267095,South,CPCB,live,rolling_24h_mean,o3,2026-09-24T18:00:00Z,24.17,ugm3
10110,Dr. Karni Singh Shooting Range,28.499727,77.267095,South,CPCB,live,rolling_24h_mean,o3,2026-09-24T22:00:00Z,30.11,ugm3
10110,Dr. Karni Singh Shooting Range,28.499727,77.267095,South,CPCB,live,rolling_24h_mean,o3,2026-09-25T00:00:00Z,30.11,ugm3
10110,Dr. Karni Singh Shooting Range,28.499727,77.267095,South,CPCB,live,rolling_24h_mean,o3,2026-09-25T02:00:00Z,30.11,ugm3
10110,Dr. Karni Singh Shooting Range,28.499727,77.267095,South,CPCB,live,rolling_24h_mean,o3,2026-09-25T03:00:00Z,30.11,ugm3
10110,Dr. Karni Singh Shooting Range,28.499727,77.267095,South,CPCB,live,rolling_24h_mean,o3,2026-09-25T05:00:00Z,29.47,ugm3
10110,Dr. Karni Singh Shooting Range,28.499727,77.267095,South,CPCB,live,rolling_24h_mean,o3,2026-09-25T07:00:00Z,29.47,ugm3
10110,Dr. Karni Singh Shooting Range,28.499727,77.267095,South,CPCB,live,rolling_24h_mean,o3,2026-09-25T08:00:00Z,29.47,ugm3
10110,Dr. Karni Singh Shooting Range,28.499727,77.267095,South,CPCB,live,rolling_24h_mean,o3,2026-09-25T09:00:00Z,31.17,ugm3
10110,Dr. Karni Singh Shooting Range,28.499727,77.267095,South,CPCB,live,rolling_24h_mean,o3,2026-09-25T10:00:00Z,30.11,ugm3
10110,Dr. Karni Singh Shooting Range,28.499727,77.267095,South,CPCB,live,rolling_24h_mean,o3,2026-09-25T11:00:00Z,29.68,ugm3
10110,Dr. Karni Singh Shooting Range,28.499727,77.267095,South,CPCB,live,rolling_24h_mean,o3,2026-09-25T12:00:00Z,24.17,ugm3
10110,Dr. Karni Singh Shooting Range,28.499727,77.267095,South,CPCB,live,rolling_24h_mean,o3,2026-09-25T13:00:00Z,18.87,ugm3
10110,Dr. Karni Singh Shooting Range,28.499727,77.267095,South,CPCB,live,rolling_24h_mean,o3,2026-09-25T14:00:00Z,14.62,ugm3
10110,Dr. Karni Singh Shooting Range,28.499727,77.267095,South,CPCB,live,rolling_24h_mean,o3,2026-09-25T15:00:00Z,11.03,ugm3
10110,Dr. Karni Singh Shooting Range,28.499727,77.267095,South,CPCB,live,rolling_24h_mean,o3,2026-09-25T16:00:00Z,16.12,ugm3
10110,Dr. Karni Singh Shooting Range,28.499727,77.267095,South,CPCB,live,rolling_24h_mean,o3,2026-09-25T17:00:00Z,12.94,ugm3
10110,Dr. Karni Singh Shooting Range,28.499727,77.267095,South,CPCB,live,rolling_24h_mean,o3,2026-09-25T18:00:00Z,18.65,ugm3
10110,Dr. Karni Singh Shooting Range,28.499727,77.267095,South,CPCB,live,rolling_24h_mean,o3,2026-09-25T19:00:00Z,19.93,ugm3
10110,Dr. Karni Singh Shooting Range,28.499727,77.267095,South,CPCB,live,rolling_24h_mean,o3,2026-09-25T20:00:00Z,19.71,ugm3
10110,Dr. Karni Singh Shooting Range,28.499727,77.267095,South,CPCB,live,rolling_24h_mean,o3,2026-09-25T21:00:00Z,16.96,ugm3
10110,Dr. Karni Singh Shooting Range,28.499727,77.267095,South,CPCB,live,rolling_24h_mean,o3,2026-09-25T22:00:00Z,15.68,ugm3
10110,Dr. Karni Singh Shooting Range,28.499727,77.267095,South,CPCB,live,rolling_24h_mean,o3,2026-09-25T23:00:00Z,15.68,ugm3
10110,Dr. Karni Singh Shooting Range,28.499727,77.267095,South,CPCB,live,rolling_24h_mean,o3,2026-09-26T00:00:00Z,15.68,ugm3
10110,Dr. Karni Singh Shooting Range,28.499727,77.267095,South,CPCB,live,rolling_24h_mean,o3,2026-09-26T01:00:00Z,15.68,ugm3
10110,Dr. Karni Singh Shooting Range,28.499727,77.267095,South,CPCB,live,rolling_24h_mean,o3,2026-09-26T02:00:00Z,15.68,ugm3
10110,Dr. Karni Singh Shooting Range,28.499727,77.267095,South,CPCB,live,rolling_24h_mean,o3,2026-09-26T03:00:00Z,15.68,ugm3
10110,Dr. Karni Singh Shooting Range,28.499727,77.267095,South,CPCB,live,rolling_24h_mean,o3,2026-09-26T04:00:00Z,15.68,ugm3
10110,Dr. Karni Singh Shooting Range,28.499727,77.267095,South,CPCB,live,rolling_24h_mean,o3,2026-09-26T05:00:00Z,22.05,ugm3
10110,Dr. Karni Singh Shooting Range,28.499727,77.267095,South,CPCB,live,rolling_24h_mean,o3,2026-09-26T06:00:00Z,28.41,ugm3
10110,Dr. Karni Singh Shooting Range,28.499727,77.267095,South,CPCB,live,rolling_24h_mean,o3,2026-09-26T07:00:00Z,30.53,ugm3
10110,Dr. Karni Singh Shooting Range,28.499727,77.267095,South,CPCB,live,rolling_24h_mean,o3,2026-09-26T08:00:00Z,29.05,ugm3
10110,Dr. Karni Singh Shooting Range,28.499727,77.267095,South,CPCB,live,rolling_24h_mean,o3,2026-09-26T09:00:00Z,32.23,ugm3
10110,Dr. Karni Singh Shooting Range,28.499727,77.267095,South,CPCB,live,rolling_24h_mean,o3,2026-09-26T10:00:00Z,28.19,ugm3
10110,Dr. Karni Singh Shooting Range,28.499727,77.267095,South,CPCB,live,rolling_24h_mean,o3,2026-09-26T11:00:00Z,23.95,ugm3
10110,Dr. Karni Singh Shooting Range,28.499727,77.267095,South,CPCB,live,rolling_24h_mean,o3,2026-09-26T12:00:00Z,20.14,ugm3
10110,Dr. Karni Singh Shooting Range,28.499727,77.267095,South,CPCB,live,rolling_24h_mean,o3,2026-09-26T13:00:00Z,20.36,ugm3
10110,Dr. Karni Singh Shooting Range,28.499727,77.267095,South,CPCB,live,rolling_24h_mean,o3,2026-09-26T14:00:00Z,21.83,ugm3
10110,Dr. Karni Singh Shooting Range,28.499727,77.267095,South,CPCB,live,rolling_24h_mean,o3,2026-09-26T15:00:00Z,20.99,ugm3
10110,Dr. Karni Singh Shooting Range,28.499727,77.267095,South,CPCB,live,rolling_24h_mean,o3,2026-09-26T16:00:00Z,19.71,ugm3
10110,Dr. Karni Singh Shooting Range,28.499727,77.267095,South,CPCB,live,rolling_24h_mean,pm10,2026-09-23T17:00:00Z,208.54,ugm3
10110,Dr. Karni Singh Shooting Range,28.499727,77.267095,South,CPCB,live,rolling_24h_mean,pm10,2026-09-23T18:00:00Z,266.11,ugm3
10110,Dr. Karni Singh Shooting Range,28.499727,77.267095,South,CPCB,live,rolling_24h_mean,pm10,2026-09-23T19:00:00Z,250.97,ugm3
10110,Dr. Karni Singh Shooting Range,28.499727,77.267095,South,CPCB,live,rolling_24h_mean,pm10,2026-09-23T20:00:00Z,244.91,ugm3
10110,Dr. Karni Singh Shooting Range,28.499727,77.267095,South,CPCB,live,rolling_24h_mean,pm10,2026-09-23T21:00:00Z,188.34,ugm3
10110,Dr. Karni Singh Shooting Range,28.499727,77.267095,South,CPCB,live,rolling_24h_mean,pm10,2026-09-23T22:00:00Z,158.03,ugm3
10110,Dr. Karni Singh Shooting Range,28.499727,77.267095,South,CPCB,live,rolling_24h_mean,pm10,2026-09-24T00:00:00Z,96.42,ugm3
10110,Dr. Karni Singh Shooting Range,28.499727,77.267095,South,CPCB,live,rolling_24h_mean,pm10,2026-09-24T03:00:00Z,90.36,ugm3
10110,Dr. Karni Singh Shooting Range,28.499727,77.267095,South,CPCB,live,rolling_24h_mean,pm10,2026-09-24T05:00:00Z,72.17,ugm3
10110,Dr. Karni Singh Shooting Range,28.499727,77.267095,South,CPCB,live,rolling_24h_mean,pm10,2026-09-24T06:00:00Z,68.13,ugm3
10110,Dr. Karni Singh Shooting Range,28.499727,77.267095,South,CPCB,live,rolling_24h_mean,pm10,2026-09-24T07:00:00Z,88.34,ugm3
10110,Dr. Karni Singh Shooting Range,28.499727,77.267095,South,CPCB,live,rolling_24h_mean,pm10,2026-09-24T10:00:00Z,82.28,ugm3
10110,Dr. Karni Singh Shooting Range,28.499727,77.267095,South,CPCB,live,rolling_24h_mean,pm10,2026-09-24T11:00:00Z,78.23,ugm3
10110,Dr. Karni Singh Shooting Range,28.499727,77.267095,South,CPCB,live,rolling_24h_mean,pm10,2026-09-24T13:00:00Z,84.3,ugm3
10110,Dr. Karni Singh Shooting Range,28.499727,77.267095,South,CPCB,live,rolling_24h_mean,pm10,2026-09-24T16:00:00Z,96.42,ugm3
10110,Dr. Karni Singh Shooting Range,28.499727,77.267095,South,CPCB,live,rolling_24h_mean,pm10,2026-09-24T17:00:00Z,92.38,ugm3
10110,Dr. Karni Singh Shooting Range,28.499727,77.267095,South,CPCB,live,rolling_24h_mean,pm10,2026-09-24T18:00:00Z,88.34,ugm3
10110,Dr. Karni Singh Shooting Range,28.499727,77.267095,South,CPCB,live,rolling_24h_mean,pm10,2026-09-24T22:00:00Z,70.15,ugm3
10110,Dr. Karni Singh Shooting Range,28.499727,77.267095,South,CPCB,live,rolling_24h_mean,pm10,2026-09-25T00:00:00Z,70.15,ugm3
10110,Dr. Karni Singh Shooting Range,28.499727,77.267095,South,CPCB,live,rolling_24h_mean,pm10,2026-09-25T02:00:00Z,70.15,ugm3
10110,Dr. Karni Singh Shooting Range,28.499727,77.267095,South,CPCB,live,rolling_24h_mean,pm10,2026-09-25T03:00:00Z,70.15,ugm3
10110,Dr. Karni Singh Shooting Range,28.499727,77.267095,South,CPCB,live,rolling_24h_mean,pm10,2026-09-25T05:00:00Z,44.82,ugm3
10110,Dr. Karni Singh Shooting Range,28.499727,77.267095,South,CPCB,live,rolling_24h_mean,pm10,2026-09-25T07:00:00Z,43.74,ugm3
10110,Dr. Karni Singh Shooting Range,28.499727,77.267095,South,CPCB,live,rolling_24h_mean,pm10,2026-09-25T08:00:00Z,43.74,ugm3
10110,Dr. Karni Singh Shooting Range,28.499727,77.267095,South,CPCB,live,rolling_24h_mean,pm10,2026-09-25T09:00:00Z,48.06,ugm3
10110,Dr. Karni Singh Shooting Range,28.499727,77.267095,South,CPCB,live,rolling_24h_mean,pm10,2026-09-25T10:00:00Z,45.9,ugm3
10110,Dr. Karni Singh Shooting Range,28.499727,77.267095,South,CPCB,live,rolling_24h_mean,pm10,2026-09-25T11:00:00Z,43.74,ugm3
10110,Dr. Karni Singh Shooting Range,28.499727,77.267095,South,CPCB,live,rolling_24h_mean,pm10,2026-09-25T12:00:00Z,70.15,ugm3
10110,Dr. Karni Singh Shooting Range,28.499727,77.267095,South,CPCB,live,rolling_24h_mean,pm10,2026-09-25T13:00:00Z,74.19,ugm3
10110,Dr. Karni Singh Shooting Range,28.499727,77.267095,South,CPCB,live,rolling_24h_mean,pm10,2026-09-25T14:00:00Z,76.21,ugm3
10110,Dr. Karni Singh Shooting Range,28.499727,77.267095,South,CPCB,live,rolling_24h_mean,pm10,2026-09-25T15:00:00Z,84.3,ugm3
10110,Dr. Karni Singh Shooting Range,28.499727,77.267095,South,CPCB,live,rolling_24h_mean,pm10,2026-09-25T16:00:00Z,90.36,ugm3
10110,Dr. Karni Singh Shooting Range,28.499727,77.267095,South,CPCB,live,rolling_24h_mean,pm10,2026-09-25T17:00:00Z,66.11,ugm3
10110,Dr. Karni Singh Shooting Range,28.499727,77.267095,South,CPCB,live,rolling_24h_mean,pm10,2026-09-25T18:00:00Z,52.38,ugm3
10110,Dr. Karni Singh Shooting Range,28.499727,77.267095,South,CPCB,live,rolling_24h_mean,pm10,2026-09-25T19:00:00Z,27.54,ugm3
10110,Dr. Karni Singh Shooting Range,28.499727,77.267095,South,CPCB,live,rolling_24h_mean,pm10,2026-09-25T20:00:00Z,19.98,ugm3
10110,Dr. Karni Singh Shooting Range,28.499727,77.267095,South,CPCB,live,rolling_24h_mean,pm10,2026-09-25T21:00:00Z,19.98,ugm3
10110,Dr. Karni Singh Shooting Range,28.499727,77.267095,South,CPCB,live,rolling_24h_mean,pm10,2026-09-25T22:00:00Z,19.98,ugm3
10110,Dr. Karni Singh Shooting Range,28.499727,77.267095,South,CPCB,live,rolling_24h_mean,pm10,2026-09-25T23:00:00Z,19.98,ugm3
10110,Dr. Karni Singh Shooting Range,28.499727,77.267095,South,CPCB,live,rolling_24h_mean,pm10,2026-09-26T00:00:00Z,19.98,ugm3
10110,Dr. Karni Singh Shooting Range,28.499727,77.267095,South,CPCB,live,rolling_24h_mean,pm10,2026-09-26T01:00:00Z,19.98,ugm3
10110,Dr. Karni Singh Shooting Range,28.499727,77.267095,South,CPCB,live,rolling_24h_mean,pm10,2026-09-26T02:00:00Z,19.98,ugm3
10110,Dr. Karni Singh Shooting Range,28.499727,77.267095,South,CPCB,live,rolling_24h_mean,pm10,2026-09-26T03:00:00Z,19.98,ugm3
10110,Dr. Karni Singh Shooting Range,28.499727,77.267095,South,CPCB,live,rolling_24h_mean,pm10,2026-09-26T04:00:00Z,19.98,ugm3
10110,Dr. Karni Singh Shooting Range,28.499727,77.267095,South,CPCB,live,rolling_24h_mean,pm10,2026-09-26T05:00:00Z,56.01,ugm3
10110,Dr. Karni Singh Shooting Range,28.499727,77.267095,South,CPCB,live,rolling_24h_mean,pm10,2026-09-26T06:00:00Z,64.09,ugm3
10110,Dr. Karni Singh Shooting Range,28.499727,77.267095,South,CPCB,live,rolling_24h_mean,pm10,2026-09-26T07:00:00Z,80.26,ugm3
10110,Dr. Karni Singh Shooting Range,28.499727,77.267095,South,CPCB,live,rolling_24h_mean,pm10,2026-09-26T08:00:00Z,72.17,ugm3
10110,Dr. Karni Singh Shooting Range,28.499727,77.267095,South,CPCB,live,rolling_24h_mean,pm10,2026-09-26T09:00:00Z,66.11,ugm3
10110,Dr. Karni Singh Shooting Range,28.499727,77.267095,South,CPCB,live,rolling_24h_mean,pm10,2026-09-26T10:00:00Z,72.17,ugm3
10110,Dr. Karni Singh Shooting Range,28.499727,77.267095,South,CPCB,live,rolling_24h_mean,pm10,2026-09-26T11:00:00Z,68.13,ugm3
10110,Dr. Karni Singh Shooting Range,28.499727,77.267095,South,CPCB,live,rolling_24h_mean,pm10,2026-09-26T12:00:00Z,48.06,ugm3
10110,Dr. Karni Singh Shooting Range,28.499727,77.267095,South,CPCB,live,rolling_24h_mean,pm10,2026-09-26T13:00:00Z,23.22,ugm3
10110,Dr. Karni Singh Shooting Range,28.499727,77.267095,South,CPCB,live,rolling_24h_mean,pm10,2026-09-26T14:00:00Z,28.62,ugm3
10110,Dr. Karni Singh Shooting Range,28.499727,77.267095,South,CPCB,live,rolling_24h_mean,pm10,2026-09-26T15:00:00Z,22.14,ugm3
10110,Dr. Karni Singh Shooting Range,28.499727,77.267095,South,CPCB,live,rolling_24h_mean,pm10,2026-09-26T16:00:00Z,13.5,ugm3
10110,Dr. Karni Singh Shooting Range,28.499727,77.267095,South,CPCB,live,rolling_24h_mean,pm25,2026-09-23T17:00:00Z,62.28,ugm3
10110,Dr. Karni Singh Shooting Range,28.499727,77.267095,South,CPCB,live,rolling_24h_mean,pm25,2026-09-23T18:00:00Z,95.2,ugm3
10110,Dr. Karni Singh Shooting Range,28.499727,77.267095,South,CPCB,live,rolling_24h_mean,pm25,2026-09-23T19:00:00Z,104.89,ugm3
10110,Dr. Karni Singh Shooting Range,28.499727,77.267095,South,CPCB,live,rolling_24h_mean,pm25,2026-09-23T20:00:00Z,112.63,ugm3
10110,Dr. Karni Singh Shooting Range,28.499727,77.267095,South,CPCB,live,rolling_24h_mean,pm25,2026-09-23T21:00:00Z,108.76,ugm3
10110,Dr. Karni Singh Shooting Range,28.499727,77.267095,South,CPCB,live,rolling_24h_mean,pm25,2026-09-23T22:00:00Z,89.39,ugm3
10110,Dr. Karni Singh Shooting Range,28.499727,77.267095,South,CPCB,live,rolling_24h_mean,pm25,2026-09-24T00:00:00Z,34.69,ugm3
10110,Dr. Karni Singh Shooting Range,28.499727,77.267095,South,CPCB,live,rolling_24h_mean,pm25,2026-09-24T03:00:00Z,18.04,ugm3
10110,Dr. Karni Singh Shooting Range,28.499727,77.267095,South,CPCB,live,rolling_24h_mean,pm25,2026-09-24T05:00:00Z,15.19,ugm3
10110,Dr. Karni Singh Shooting Range,28.499727,77.267095,South,CPCB,live,rolling_24h_mean,pm25,2026-09-24T06:00:00Z,18.04,ugm3
10110,Dr. Karni Singh Shooting Range,28.499727,77.267095,South,CPCB,live,rolling_24h_mean,pm25,2026-09-24T07:00:00Z,46.26,ugm3
10110,Dr. Karni Singh Shooting Range,28.499727,77.267095,South,CPCB,live,rolling_24h_mean,pm25,2026-09-24T10:00:00Z,31.36,ugm3
10110,Dr. Karni Singh Shooting Range,28.499727,77.267095,South,CPCB,live,rolling_24h_mean,pm25,2026-09-24T11:00:00Z,30.88,ugm3
10110,Dr. Karni Singh Shooting Range,28.499727,77.267095,South,CPCB,live,rolling_24h_mean,pm25,2026-09-24T13:00:00Z,43.01,ugm3
10110,Dr. Karni Singh Shooting Range,28.499727,77.267095,South,CPCB,live,rolling_24h_mean,pm25,2026-09-24T16:00:00Z,31.36,ugm3
10110,Dr. Karni Singh Shooting Range,28.499727,77.267095,South,CPCB,live,rolling_24h_mean,pm25,2026-09-24T17:00:00Z,40.98,ugm3
10110,Dr. Karni Singh Shooting Range,28.499727,77.267095,South,CPCB,live,rolling_24h_mean,pm25,2026-09-24T18:00:00Z,55.2,ugm3
10110,Dr. Karni Singh Shooting Range,28.499727,77.267095,South,CPCB,live,rolling_24h_mean,pm25,2026-09-24T22:00:00Z,29.93,ugm3
10110,Dr. Karni Singh Shooting Range,28.499727,77.267095,South,CPCB,live,rolling_24h_mean,pm25,2026-09-25T00:00:00Z,29.93,ugm3
10110,Dr. Karni Singh Shooting Range,28.499727,77.267095,South,CPCB,live,rolling_24h_mean,pm25,2026-09-25T02:00:00Z,29.93,ugm3
10110,Dr. Karni Singh Shooting Range,28.499727,77.267095,South,CPCB,live,rolling_24h_mean,pm25,2026-09-25T03:00:00Z,29.93,ugm3
10110,Dr. Karni Singh Shooting Range,28.499727,77.267095,South,CPCB,live,rolling_24h_mean,pm25,2026-09-25T05:00:00Z,7.32,ugm3
10110,Dr. Karni Singh Shooting Range,28.499727,77.267095,South,CPCB,live,rolling_24h_mean,pm25,2026-09-25T07:00:00Z,3.96,ugm3
10110,Dr. Karni Singh Shooting Range,28.499727,77.267095,South,CPCB,live,rolling_24h_mean,pm25,2026-09-25T08:00:00Z,3.96,ugm3
10110,Dr. Karni Singh Shooting Range,28.499727,77.267095,South,CPCB,live,rolling_24h_mean,pm25,2026-09-25T09:00:00Z,4.2,ugm3
10110,Dr. Karni Singh Shooting Range,28.499727,77.267095,South,CPCB,live,rolling_24h_mean,pm25,2026-09-25T10:00:00Z,1.32,ugm3
10110,Dr. Karni Singh Shooting Range,28.499727,77.267095,South,CPCB,live,rolling_24h_mean,pm25,2026-09-25T11:00:00Z,1.32,ugm3
10110,Dr. Karni Singh Shooting Range,28.499727,77.267095,South,CPCB,live,rolling_24h_mean,pm25,2026-09-25T12:00:00Z,13.29,ugm3
10110,Dr. Karni Singh Shooting Range,28.499727,77.267095,South,CPCB,live,rolling_24h_mean,pm25,2026-09-25T13:00:00Z,26.6,ugm3
10110,Dr. Karni Singh Shooting Range,28.499727,77.267095,South,CPCB,live,rolling_24h_mean,pm25,2026-09-25T14:00:00Z,28.03,ugm3
10110,Dr. Karni Singh Shooting Range,28.499727,77.267095,South,CPCB,live,rolling_24h_mean,pm25,2026-09-25T15:00:00Z,23.75,ugm3
10110,Dr. Karni Singh Shooting Range,28.499727,77.267095,South,CPCB,live,rolling_24h_mean,pm25,2026-09-25T16:00:00Z,33.74,ugm3
10110,Dr. Karni Singh Shooting Range,28.499727,77.267095,South,CPCB,live,rolling_24h_mean,pm25,2026-09-25T17:00:00Z,13.29,ugm3
10110,Dr. Karni Singh Shooting Range,28.499727,77.267095,South,CPCB,live,rolling_24h_mean,pm25,2026-09-25T18:00:00Z,9.48,ugm3
10110,Dr. Karni Singh Shooting Range,28.499727,77.267095,South,CPCB,live,rolling_24h_mean,pm25,2026-09-25T19:00:00Z,4.68,ugm3
10110,Dr. Karni Singh Shooting Range,28.499727,77.267095,South,CPCB,live,rolling_24h_mean,pm25,2026-09-25T20:00:00Z,18.04,ugm3
10110,Dr. Karni Singh Shooting Range,28.499727,77.267095,South,CPCB,live,rolling_24h_mean,pm25,2026-09-25T21:00:00Z,2.28,ugm3
10110,Dr. Karni Singh Shooting Range,28.499727,77.267095,South,CPCB,live,rolling_24h_mean,pm25,2026-09-25T22:00:00Z,3.24,ugm3
10110,Dr. Karni Singh Shooting Range,28.499727,77.267095,South,CPCB,live,rolling_24h_mean,pm25,2026-09-25T23:00:00Z,3.24,ugm3
10110,Dr. Karni Singh Shooting Range,28.499727,77.267095,South,CPCB,live,rolling_24h_mean,pm25,2026-09-26T00:00:00Z,3.24,ugm3
10110,Dr. Karni Singh Shooting Range,28.499727,77.267095,South,CPCB,live,rolling_24h_mean,pm25,2026-09-26T01:00:00Z,3.24,ugm3
10110,Dr. Karni Singh Shooting Range,28.499727,77.267095,South,CPCB,live,rolling_24h_mean,pm25,2026-09-26T02:00:00Z,3.24,ugm3
10110,Dr. Karni Singh Shooting Range,28.499727,77.267095,South,CPCB,live,rolling_24h_mean,pm25,2026-09-26T03:00:00Z,3.24,ugm3
10110,Dr. Karni Singh Shooting Range,28.499727,77.267095,South,CPCB,live,rolling_24h_mean,pm25,2026-09-26T04:00:00Z,3.24,ugm3
10110,Dr. Karni Singh Shooting Range,28.499727,77.267095,South,CPCB,live,rolling_24h_mean,pm25,2026-09-26T05:00:00Z,3.96,ugm3
10110,Dr. Karni Singh Shooting Range,28.499727,77.267095,South,CPCB,live,rolling_24h_mean,pm25,2026-09-26T06:00:00Z,13.29,ugm3
10110,Dr. Karni Singh Shooting Range,28.499727,77.267095,South,CPCB,live,rolling_24h_mean,pm25,2026-09-26T07:00:00Z,18.99,ugm3
10110,Dr. Karni Singh Shooting Range,28.499727,77.267095,South,CPCB,live,rolling_24h_mean,pm25,2026-09-26T08:00:00Z,15.67,ugm3
10110,Dr. Karni Singh Shooting Range,28.499727,77.267095,South,CPCB,live,rolling_24h_mean,pm25,2026-09-26T09:00:00Z,8.76,ugm3
10110,Dr. Karni Singh Shooting Range,28.499727,77.267095,South,CPCB,live,rolling_24h_mean,pm25,2026-09-26T10:00:00Z,14.72,ugm3
10110,Dr. Karni Singh Shooting Range,28.499727,77.267095,South,CPCB,live,rolling_24h_mean,pm25,2026-09-26T11:00:00Z,10.68,ugm3
10110,Dr. Karni Singh Shooting Range,28.499727,77.267095,South,CPCB,live,rolling_24h_mean,pm25,2026-09-26T12:00:00Z,9.24,ugm3
10110,Dr. Karni Singh Shooting Range,28.499727,77.267095,South,CPCB,live,rolling_24h_mean,pm25,2026-09-26T13:00:00Z,6.12,ugm3
10110,Dr. Karni Singh Shooting Range,28.499727,77.267095,South,CPCB,live,rolling_24h_mean,pm25,2026-09-26T14:00:00Z,3.24,ugm3
10110,Dr. Karni Singh Shooting Range,28.499727,77.267095,South,CPCB,live,rolling_24h_mean,pm25,2026-09-26T15:00:00Z,3.24,ugm3
10110,Dr. Karni Singh Shooting Range,28.499727,77.267095,South,CPCB,live,rolling_24h_mean,pm25,2026-09-26T16:00:00Z,3.24,ugm3
10111,Major Dhyan Chand National Stadium,28.612498,77.237388,Central,CPCB,live,rolling_24h_mean,o3,2026-09-23T17:00:00Z,7.2,ugm3
10111,Major Dhyan Chand National Stadium,28.612498,77.237388,Central,CPCB,live,rolling_24h_mean,o3,2026-09-23T18:00:00Z,3.81,ugm3
10111,Major Dhyan Chand National Stadium,28.612498,77.237388,Central,CPCB,live,rolling_24h_mean,o3,2026-09-23T19:00:00Z,3.81,ugm3
10111,Major Dhyan Chand National Stadium,28.612498,77.237388,Central,CPCB,live,rolling_24h_mean,o3,2026-09-23T20:00:00Z,3.81,ugm3
10111,Major Dhyan Chand National Stadium,28.612498,77.237388,Central,CPCB,live,rolling_24h_mean,o3,2026-09-23T21:00:00Z,3.61,ugm3
10111,Major Dhyan Chand National Stadium,28.612498,77.237388,Central,CPCB,live,rolling_24h_mean,o3,2026-09-23T22:00:00Z,5.52,ugm3
10111,Major Dhyan Chand National Stadium,28.612498,77.237388,Central,CPCB,live,rolling_24h_mean,o3,2026-09-24T00:00:00Z,5.52,ugm3
10111,Major Dhyan Chand National Stadium,28.612498,77.237388,Central,CPCB,live,rolling_24h_mean,o3,2026-09-24T03:00:00Z,7.2,ugm3
10111,Major Dhyan Chand National Stadium,28.612498,77.237388,Central,CPCB,live,rolling_24h_mean,o3,2026-09-24T05:00:00Z,14.21,ugm3
10111,Major Dhyan Chand National Stadium,28.612498,77.237388,Central,CPCB,live,rolling_24h_mean,o3,2026-09-24T06:00:00Z,18.87,ugm3
10111,Major Dhyan Chand National Stadium,28.612498,77.237388,Central,CPCB,live,rolling_24h_mean,o3,2026-09-24T07:00:00Z,23.32,ugm3
10111,Major Dhyan Chand National Stadium,28.612498,77.237388,Central,CPCB,live,rolling_24h_mean,o3,2026-09-24T10:00:00Z,31.17,ugm3
10111,Major Dhyan Chand National Stadium,28.612498,77.237388,Central,CPCB,live,rolling_24h_mean,o3,2026-09-24T11:00:00Z,33.92,ugm3
10111,Major Dhyan Chand National Stadium,28.612498,77.237388,Central,CPCB,live,rolling_24h_mean,o3,2026-09-24T13:00:00Z,27.56,ugm3
10111,Major Dhyan Chand National Stadium,28.612498,77.237388,Central,CPCB,live,rolling_24h_mean,o3,2026-09-24T16:00:00Z,8.7,ugm3
10111,Major Dhyan Chand National Stadium,28.612498,77.237388,Central,CPCB,live,rolling_24h_mean,o3,2026-09-24T17:00:00Z,8.48,ugm3
10111,Major Dhyan Chand National Stadium,28.612498,77.237388,Central,CPCB,live,rolling_24h_mean,o3,2026-09-24T18:00:00Z,8.7,ugm3
10111,Major Dhyan Chand National Stadium,28.612498,77.237388,Central,CPCB,live,rolling_24h_mean,o3,2026-09-24T22:00:00Z,7.42,ugm3
10111,Major Dhyan Chand National Stadium,28.612498,77.237388,Central,CPCB,live,rolling_24h_mean,o3,2026-09-25T00:00:00Z,7.42,ugm3
10111,Major Dhyan Chand National Stadium,28.612498,77.237388,Central,CPCB,live,rolling_24h_mean,o3,2026-09-25T02:00:00Z,6.58,ugm3
10111,Major Dhyan Chand National Stadium,28.612498,77.237388,Central,CPCB,live,rolling_24h_mean,o3,2026-09-25T03:00:00Z,7.42,ugm3
10111,Major Dhyan Chand National Stadium,28.612498,77.237388,Central,CPCB,live,rolling_24h_mean,o3,2026-09-25T05:00:00Z,9.11,ugm3
10111,Major Dhyan Chand National Stadium,28.612498,77.237388,Central,CPCB,live,rolling_24h_mean,o3,2026-09-25T07:00:00Z,10.82,ugm3
10111,Major Dhyan Chand National Stadium,28.612498,77.237388,Central,CPCB,live,rolling_24h_mean,o3,2026-09-25T08:00:00Z,40.71,ugm3
10111,Major Dhyan Chand National Stadium,28.612498,77.237388,Central,CPCB,live,rolling_24h_mean,o3,2026-09-25T09:00:00Z,45.8,ugm3
10111,Major Dhyan Chand National Stadium,28.612498,77.237388,Central,CPCB,live,rolling_24h_mean,o3,2026-09-25T10:00:00Z,38.59,ugm3
10111,Major Dhyan Chand National Stadium,28.612498,77.237388,Central,CPCB,live,rolling_24h_mean,o3,2026-09-25T11:00:00Z,38.59,ugm3
10111,Major Dhyan Chand National Stadium,28.612498,77.237388,Central,CPCB,live,rolling_24h_mean,o3,2026-09-25T12:00:00Z,20.14,ugm3
10111,Major Dhyan Chand National Stadium,28.612498,77.237388,Central,CPCB,live,rolling_24h_mean,o3,2026-09-25T13:00:00Z,13.35,ugm3
10111,Major Dhyan Chand National Stadium,28.612498,77.237388,Central,CPCB,live,rolling_24h_mean,o3,2026-09-25T14:00:00Z,9.97,ugm3
10111,Major Dhyan Chand National Stadium,28.612498,77.237388,Central,CPCB,live,rolling_24h_mean,o3,2026-09-25T15:00:00Z,7.42,ugm3
10111,Major Dhyan Chand National Stadium,28.612498,77.237388,Central,CPCB,live,rolling_24h_mean,o3,2026-09-25T16:00:00Z,7.2,ugm3
10111,Major Dhyan Chand National Stadium,28.612498,77.237388,Central,CPCB,live,rolling_24h_mean,o3,2026-09-25T17:00:00Z,7.2,ugm3
10111,Major Dhyan Chand National Stadium,28.612498,77.237388,Central,CPCB,live,rolling_24h_mean,o3,2026-09-25T18:00:00Z,4.87,ugm3
10111,Major Dhyan Chand National Stadium,28.612498,77.237388,Central,CPCB,live,rolling_24h_mean,o3,2026-09-25T19:00:00Z,4.46,ugm3
10111,Major Dhyan Chand National Stadium,28.612498,77.237388,Central,CPCB,live,rolling_24h_mean,o3,2026-09-25T20:00:00Z,5.93,ugm3
10111,Major Dhyan Chand National Stadium,28.612498,77.237388,Central,CPCB,live,rolling_24h_mean,o3,2026-09-25T21:00:00Z,5.08,ugm3
10111,Major Dhyan Chand National Stadium,28.612498,77.237388,Central,CPCB,live,rolling_24h_mean,o3,2026-09-25T22:00:00Z,5.3,ugm3
10111,Major Dhyan Chand National Stadium,28.612498,77.237388,Central,CPCB,live,rolling_24h_mean,o3,2026-09-25T23:00:00Z,5.3,ugm3
10111,Major Dhyan Chand National Stadium,28.612498,77.237388,Central,CPCB,live,rolling_24h_mean,o3,2026-09-26T00:00:00Z,2.34,ugm3
10111,Major Dhyan Chand National Stadium,28.612498,77.237388,Central,CPCB,live,rolling_24h_mean,o3,2026-09-26T01:00:00Z,1.49,ugm3
10111,Major Dhyan Chand National Stadium,28.612498,77.237388,Central,CPCB,live,rolling_24h_mean,o3,2026-09-26T02:00:00Z,3.81,ugm3
10111,Major Dhyan Chand National Stadium,28.612498,77.237388,Central,CPCB,live,rolling_24h_mean,o3,2026-09-26T03:00:00Z,5.73,ugm3
10111,Major Dhyan Chand National Stadium,28.612498,77.237388,Central,CPCB,live,rolling_24h_mean,o3,2026-09-26T04:00:00Z,5.73,ugm3
10111,Major Dhyan Chand National Stadium,28.612498,77.237388,Central,CPCB,live,rolling_24h_mean,o3,2026-09-26T05:00:00Z,11.66,ugm3
10111,Major Dhyan Chand National Stadium,28.612498,77.237388,Central,CPCB,live,rolling_24h_mean,o3,2026-09-26T06:00:00Z,15.27,ugm3
10111,Major Dhyan Chand National Stadium,28.612498,77.237388,Central,CPCB,live,rolling_24h_mean,o3,2026-09-26T07:00:00Z,16.53,ugm3
10111,Major Dhyan Chand National Stadium,28.612498,77.237388,Central,CPCB,live,rolling_24h_mean,o3,2026-09-26T08:00:00Z,16.33,ugm3
10111,Major Dhyan Chand National Stadium,28.612498,77.237388,Central,CPCB,live,rolling_24h_mean,o3,2026-09-26T09:00:00Z,16.12,ugm3
10111,Major Dhyan Chand National Stadium,28.612498,77.237388,Central,CPCB,live,rolling_24h_mean,o3,2026-09-26T10:00:00Z,15.68,ugm3
10111,Major Dhyan Chand National Stadium,28.612498,77.237388,Central,CPCB,live,rolling_24h_mean,o3,2026-09-26T11:00:00Z,13.35,ugm3
10111,Major Dhyan Chand National Stadium,28.612498,77.237388,Central,CPCB,live,rolling_24h_mean,o3,2026-09-26T12:00:00Z,10.17,ugm3
10111,Major Dhyan Chand National Stadium,28.612498,77.237388,Central,CPCB,live,rolling_24h_mean,o3,2026-09-26T13:00:00Z,9.97,ugm3
10111,Major Dhyan Chand National Stadium,28.612498,77.237388,Central,CPCB,live,rolling_24h_mean,o3,2026-09-26T14:00:00Z,11.88,ugm3
10111,Major Dhyan Chand National Stadium,28.612498,77.237388,Central,CPCB,live,rolling_24h_mean,o3,2026-09-26T15:00:00Z,10.38,ugm3
10111,Major Dhyan Chand National Stadium,28.612498,77.237388,Central,CPCB,live,rolling_24h_mean,o3,2026-09-26T16:00:00Z,9.11,ugm3
10111,Major Dhyan Chand National Stadium,28.612498,77.237388,Central,CPCB,live,rolling_24h_mean,pm10,2026-09-23T17:00:00Z,158.03,ugm3
10111,Major Dhyan Chand National Stadium,28.612498,77.237388,Central,CPCB,live,rolling_24h_mean,pm10,2026-09-23T18:00:00Z,152.99,ugm3
10111,Major Dhyan Chand National Stadium,28.612498,77.237388,Central,CPCB,live,rolling_24h_mean,pm10,2026-09-23T19:00:00Z,162.07,ugm3
10111,Major Dhyan Chand National Stadium,28.612498,77.237388,Central,CPCB,live,rolling_24h_mean,pm10,2026-09-23T20:00:00Z,152.99,ugm3
10111,Major Dhyan Chand National Stadium,28.612498,77.237388,Central,CPCB,live,rolling_24h_mean,pm10,2026-09-23T21:00:00Z,166.11,ugm3
10111,Major Dhyan Chand National Stadium,28.612498,77.237388,Central,CPCB,live,rolling_24h_mean,pm10,2026-09-23T22:00:00Z,186.32,ugm3
10111,Major Dhyan Chand National Stadium,28.612498,77.237388,Central,CPCB,live,rolling_24h_mean,pm10,2026-09-24T00:00:00Z,68.13,ugm3
10111,Major Dhyan Chand National Stadium,28.612498,77.237388,Central,CPCB,live,rolling_24h_mean,pm10,2026-09-24T03:00:00Z,94.4,ugm3
10111,Major Dhyan Chand National Stadium,28.612498,77.237388,Central,CPCB,live,rolling_24h_mean,pm10,2026-09-24T05:00:00Z,68.13,ugm3
10111,Major Dhyan Chand National Stadium,28.612498,77.237388,Central,CPCB,live,rolling_24h_mean,pm10,2026-09-24T06:00:00Z,64.09,ugm3
10111,Major Dhyan Chand National Stadium,28.612498,77.237388,Central,CPCB,live,rolling_24h_mean,pm10,2026-09-24T07:00:00Z,72.17,ugm3
10111,Major Dhyan Chand National Stadium,28.612498,77.237388,Central,CPCB,live,rolling_24h_mean,pm10,2026-09-24T10:00:00Z,86.32,ugm3
10111,Major Dhyan Chand National Stadium,28.612498,77.237388,Central,CPCB,live,rolling_24h_mean,pm10,2026-09-24T11:00:00Z,92.38,ugm3
10111,Major Dhyan Chand National Stadium,28.612498,77.237388,Central,CPCB,live,rolling_24h_mean,pm10,2026-09-24T13:00:00Z,88.34,ugm3
10111,Major Dhyan Chand National Stadium,28.612498,77.237388,Central,CPCB,live,rolling_24h_mean,pm10,2026-09-24T16:00:00Z,82.28,ugm3
10111,Major Dhyan Chand National Stadium,28.612498,77.237388,Central,CPCB,live,rolling_24h_mean,pm10,2026-09-24T17:00:00Z,78.23,ugm3
10111,Major Dhyan Chand National Stadium,28.612498,77.237388,Central,CPCB,live,rolling_24h_mean,pm10,2026-09-24T18:00:00Z,64.09,ugm3
10111,Major Dhyan Chand National Stadium,28.612498,77.237388,Central,CPCB,live,rolling_24h_mean,pm10,2026-09-24T22:00:00Z,19.98,ugm3
10111,Major Dhyan Chand National Stadium,28.612498,77.237388,Central,CPCB,live,rolling_24h_mean,pm10,2026-09-25T00:00:00Z,21.06,ugm3
10111,Major Dhyan Chand National Stadium,28.612498,77.237388,Central,CPCB,live,rolling_24h_mean,pm10,2026-09-25T02:00:00Z,5.94,ugm3
10111,Major Dhyan Chand National Stadium,28.612498,77.237388,Central,CPCB,live,rolling_24h_mean,pm10,2026-09-25T03:00:00Z,17.82,ugm3
10111,Major Dhyan Chand National Stadium,28.612498,77.237388,Central,CPCB,live,rolling_24h_mean,pm10,2026-09-25T05:00:00Z,34.02,ugm3
10111,Major Dhyan Chand National Stadium,28.612498,77.237388,Central,CPCB,live,rolling_24h_mean,pm10,2026-09-25T07:00:00Z,45.9,ugm3
10111,Major Dhyan Chand National Stadium,28.612498,77.237388,Central,CPCB,live,rolling_24h_mean,pm10,2026-09-25T08:00:00Z,42.66,ugm3
10111,Major Dhyan Chand National Stadium,28.612498,77.237388,Central,CPCB,live,rolling_24h_mean,pm10,2026-09-25T09:00:00Z,50.22,ugm3
10111,Major Dhyan Chand National Stadium,28.612498,77.237388,Central,CPCB,live,rolling_24h_mean,pm10,2026-09-25T10:00:00Z,43.74,ugm3
10111,Major Dhyan Chand National Stadium,28.612498,77.237388,Central,CPCB,live,rolling_24h_mean,pm10,2026-09-25T11:00:00Z,43.74,ugm3
10111,Major Dhyan Chand National Stadium,28.612498,77.237388,Central,CPCB,live,rolling_24h_mean,pm10,2026-09-25T12:00:00Z,56.01,ugm3
10111,Major Dhyan Chand National Stadium,28.612498,77.237388,Central,CPCB,live,rolling_24h_mean,pm10,2026-09-25T13:00:00Z,68.13,ugm3
10111,Major Dhyan Chand National Stadium,28.612498,77.237388,Central,CPCB,live,rolling_24h_mean,pm10,2026-09-25T14:00:00Z,70.15,ugm3
10111,Major Dhyan Chand National Stadium,28.612498,77.237388,Central,CPCB,live,rolling_24h_mean,pm10,2026-09-25T15:00:00Z,78.23,ugm3
10111,Major Dhyan Chand National Stadium,28.612498,77.237388,Central,CPCB,live,rolling_24h_mean,pm10,2026-09-25T16:00:00Z,74.19,ugm3
10111,Major Dhyan Chand National Stadium,28.612498,77.237388,Central,CPCB,live,rolling_24h_mean,pm10,2026-09-25T17:00:00Z,72.17,ugm3
10111,Major Dhyan Chand National Stadium,28.612498,77.237388,Central,CPCB,live,rolling_24h_mean,pm10,2026-09-25T18:00:00Z,40.5,ugm3
10111,Major Dhyan Chand National Stadium,28.612498,77.237388,Central,CPCB,live,rolling_24h_mean,pm10,2026-09-25T19:00:00Z,34.02,ugm3
10111,Major Dhyan Chand National Stadium,28.612498,77.237388,Central,CPCB,live,rolling_24h_mean,pm10,2026-09-25T20:00:00Z,34.02,ugm3
10111,Major Dhyan Chand National Stadium,28.612498,77.237388,Central,CPCB,live,rolling_24h_mean,pm10,2026-09-25T21:00:00Z,23.22,ugm3
10111,Major Dhyan Chand National Stadium,28.612498,77.237388,Central,CPCB,live,rolling_24h_mean,pm10,2026-09-25T22:00:00Z,36.18,ugm3
10111,Major Dhyan Chand National Stadium,28.612498,77.237388,Central,CPCB,live,rolling_24h_mean,pm10,2026-09-25T23:00:00Z,31.86,ugm3
10111,Major Dhyan Chand National Stadium,28.612498,77.237388,Central,CPCB,live,rolling_24h_mean,pm10,2026-09-26T00:00:00Z,18.9,ugm3
10111,Major Dhyan Chand National Stadium,28.612498,77.237388,Central,CPCB,live,rolling_24h_mean,pm10,2026-09-26T01:00:00Z,16.74,ugm3
10111,Major Dhyan Chand National Stadium,28.612498,77.237388,Central,CPCB,live,rolling_24h_mean,pm10,2026-09-26T02:00:00Z,23.22,ugm3
10111,Major Dhyan Chand National Stadium,28.612498,77.237388,Central,CPCB,live,rolling_24h_mean,pm10,2026-09-26T03:00:00Z,34.02,ugm3
10111,Major Dhyan Chand National Stadium,28.612498,77.237388,Central,CPCB,live,rolling_24h_mean,pm10,2026-09-26T04:00:00Z,34.02,ugm3
10111,Major Dhyan Chand National Stadium,28.612498,77.237388,Central,CPCB,live,rolling_24h_mean,pm10,2026-09-26T05:00:00Z,48.06,ugm3
10111,Major Dhyan Chand National Stadium,28.612498,77.237388,Central,CPCB,live,rolling_24h_mean,pm10,2026-09-26T06:00:00Z,62.07,ugm3
10111,Major Dhyan Chand National Stadium,28.612498,77.237388,Central,CPCB,live,rolling_24h_mean,pm10,2026-09-26T07:00:00Z,70.15,ugm3
10111,Major Dhyan Chand National Stadium,28.612498,77.237388,Central,CPCB,live,rolling_24h_mean,pm10,2026-09-26T08:00:00Z,52.38,ugm3
10111,Major Dhyan Chand National Stadium,28.612498,77.237388,Central,CPCB,live,rolling_24h_mean,pm10,2026-09-26T09:00:00Z,35.1,ugm3
10111,Major Dhyan Chand National Stadium,28.612498,77.237388,Central,CPCB,live,rolling_24h_mean,pm10,2026-09-26T10:00:00Z,48.06,ugm3
10111,Major Dhyan Chand National Stadium,28.612498,77.237388,Central,CPCB,live,rolling_24h_mean,pm10,2026-09-26T11:00:00Z,84.3,ugm3
10111,Major Dhyan Chand National Stadium,28.612498,77.237388,Central,CPCB,live,rolling_24h_mean,pm10,2026-09-26T12:00:00Z,31.86,ugm3
10111,Major Dhyan Chand National Stadium,28.612498,77.237388,Central,CPCB,live,rolling_24h_mean,pm10,2026-09-26T13:00:00Z,2.7,ugm3
10111,Major Dhyan Chand National Stadium,28.612498,77.237388,Central,CPCB,live,rolling_24h_mean,pm10,2026-09-26T14:00:00Z,18.9,ugm3
10111,Major Dhyan Chand National Stadium,28.612498,77.237388,Central,CPCB,live,rolling_24h_mean,pm10,2026-09-26T15:00:00Z,3.78,ugm3
10111,Major Dhyan Chand National Stadium,28.612498,77.237388,Central,CPCB,live,rolling_24h_mean,pm10,2026-09-26T16:00:00Z,3.78,ugm3
10111,Major Dhyan Chand National Stadium,28.612498,77.237388,Central,CPCB,live,rolling_24h_mean,pm25,2026-09-23T17:00:00Z,73.9,ugm3
10111,Major Dhyan Chand National Stadium,28.612498,77.237388,Central,CPCB,live,rolling_24h_mean,pm25,2026-09-23T18:00:00Z,55.2,ugm3
10111,Major Dhyan Chand National Stadium,28.612498,77.237388,Central,CPCB,live,rolling_24h_mean,pm25,2026-09-23T19:00:00Z,60.34,ugm3
10111,Major Dhyan Chand National Stadium,28.612498,77.237388,Central,CPCB,live,rolling_24h_mean,pm25,2026-09-23T20:00:00Z,77.77,ugm3
10111,Major Dhyan Chand National Stadium,28.612498,77.237388,Central,CPCB,live,rolling_24h_mean,pm25,2026-09-23T21:00:00Z,71.96,ugm3
10111,Major Dhyan Chand National Stadium,28.612498,77.237388,Central,CPCB,live,rolling_24h_mean,pm25,2026-09-23T22:00:00Z,77.77,ugm3
10111,Major Dhyan Chand National Stadium,28.612498,77.237388,Central,CPCB,live,rolling_24h_mean,pm25,2026-09-24T00:00:00Z,23.27,ugm3
10111,Major Dhyan Chand National Stadium,28.612498,77.237388,Central,CPCB,live,rolling_24h_mean,pm25,2026-09-24T03:00:00Z,13.29,ugm3
10111,Major Dhyan Chand National Stadium,28.612498,77.237388,Central,CPCB,live,rolling_24h_mean,pm25,2026-09-24T05:00:00Z,9.24,ugm3
10111,Major Dhyan Chand National Stadium,28.612498,77.237388,Central,CPCB,live,rolling_24h_mean,pm25,2026-09-24T06:00:00Z,6.12,ugm3
10111,Major Dhyan Chand National Stadium,28.612498,77.237388,Central,CPCB,live,rolling_24h_mean,pm25,2026-09-24T07:00:00Z,25.18,ugm3
10111,Major Dhyan Chand National Stadium,28.612498,77.237388,Central,CPCB,live,rolling_24h_mean,pm25,2026-09-24T10:00:00Z,27.08,ugm3
10111,Major Dhyan Chand National Stadium,28.612498,77.237388,Central,CPCB,live,rolling_24h_mean,pm25,2026-09-24T11:00:00Z,25.18,ugm3
10111,Major Dhyan Chand National Stadium,28.612498,77.237388,Central,CPCB,live,rolling_24h_mean,pm25,2026-09-24T13:00:00Z,27.08,ugm3
10111,Major Dhyan Chand National Stadium,28.612498,77.237388,Central,CPCB,live,rolling_24h_mean,pm25,2026-09-24T16:00:00Z,13.29,ugm3
10111,Major Dhyan Chand National Stadium,28.612498,77.237388,Central,CPCB,live,rolling_24h_mean,pm25,2026-09-24T17:00:00Z,8.28,ugm3
10111,Major Dhyan Chand National Stadium,28.612498,77.237388,Central,CPCB,live,rolling_24h_mean,pm25,2026-09-24T18:00:00Z,6.12,ugm3
10111,Major Dhyan Chand National Stadium,28.612498,77.237388,Central,CPCB,live,rolling_24h_mean,pm25,2026-09-24T22:00:00Z,1.32,ugm3
10111,Major Dhyan Chand National Stadium,28.612498,77.237388,Central,CPCB,live,rolling_24h_mean,pm25,2026-09-25T00:00:00Z,1.32,ugm3
10111,Major Dhyan Chand National Stadium,28.612498,77.237388,Central,CPCB,live,rolling_24h_mean,pm25,2026-09-25T02:00:00Z,1.32,ugm3
10111,Major Dhyan Chand National Stadium,28.612498,77.237388,Central,CPCB,live,rolling_24h_mean,pm25,2026-09-25T03:00:00Z,1.32,ugm3
10111,Major Dhyan Chand National Stadium,28.612498,77.237388,Central,CPCB,live,rolling_24h_mean,pm25,2026-09-25T05:00:00Z,1.32,ugm3
10111,Major Dhyan Chand National Stadium,28.612498,77.237388,Central,CPCB,live,rolling_24h_mean,pm25,2026-09-25T07:00:00Z,1.32,ugm3
10111,Major Dhyan Chand National Stadium,28.612498,77.237388,Central,CPCB,live,rolling_24h_mean,pm25,2026-09-25T08:00:00Z,1.32,ugm3
10111,Major Dhyan Chand National Stadium,28.612498,77.237388,Central,CPCB,live,rolling_24h_mean,pm25,2026-09-25T09:00:00Z,1.32,ugm3
10111,Major Dhyan Chand National Stadium,28.612498,77.237388,Central,CPCB,live,rolling_24h_mean,pm25,2026-09-25T10:00:00Z,1.32,ugm3
10111,Major Dhyan Chand National Stadium,28.612498,77.237388,Central,CPCB,live,rolling_24h_mean,pm25,2026-09-25T11:00:00Z,1.32,ugm3
10111,Major Dhyan Chand National Stadium,28.612498,77.237388,Central,CPCB,live,rolling_24h_mean,pm25,2026-09-25T12:00:00Z,1.32,ugm3
10111,Major Dhyan Chand National Stadium,28.612498,77.237388,Central,CPCB,live,rolling_24h_mean,pm25,2026-09-25T13:00:00Z,1.32,ugm3
10111,Major Dhyan Chand National Stadium,28.612498,77.237388,Central,CPCB,live,rolling_24h_mean,pm25,2026-09-25T14:00:00Z,3.24,ugm3
10111,Major Dhyan Chand National Stadium,28.612498,77.237388,Central,CPCB,live,rolling_24h_mean,pm25,2026-09-25T15:00:00Z,12.12,ugm3
10111,Major Dhyan Chand National Stadium,28.612498,77.237388,Central,CPCB,live,rolling_24h_mean,pm25,2026-09-25T16:00:00Z,16.14,ugm3
10111,Major Dhyan Chand National Stadium,28.612498,77.237388,Central,CPCB,live,rolling_24h_mean,pm25,2026-09-25T17:00:00Z,17.09,ugm3
10111,Major Dhyan Chand National Stadium,28.612498,77.237388,Central,CPCB,live,rolling_24h_mean,pm25,2026-09-25T18:00:00Z,8.28,ugm3
10111,Major Dhyan Chand National Stadium,28.612498,77.237388,Central,CPCB,live,rolling_24h_mean,pm25,2026-09-25T19:00:00Z,2.28,ugm3
10111,Major Dhyan Chand National Stadium,28.612498,77.237388,Central,CPCB,live,rolling_24h_mean,pm25,2026-09-25T20:00:00Z,22.32,ugm3
10111,Major Dhyan Chand National Stadium,28.612498,77.237388,Central,CPCB,live,rolling_24h_mean,pm25,2026-09-25T21:00:00Z,22.32,ugm3
10111,Major Dhyan Chand National Stadium,28.612498,77.237388,Central,CPCB,live,rolling_24h_mean,pm25,2026-09-25T22:00:00Z,1.32,ugm3
10111,Major Dhyan Chand National Stadium,28.612498,77.237388,Central,CPCB,live,rolling_24h_mean,pm25,2026-09-25T23:00:00Z,1.32,ugm3
10111,Major Dhyan Chand National Stadium,28.612498,77.237388,Central,CPCB,live,rolling_24h_mean,pm25,2026-09-26T00:00:00Z,1.32,ugm3
10111,Major Dhyan Chand National Stadium,28.612498,77.237388,Central,CPCB,live,rolling_24h_mean,pm25,2026-09-26T01:00:00Z,1.32,ugm3
10111,Major Dhyan Chand National Stadium,28.612498,77.237388,Central,CPCB,live,rolling_24h_mean,pm25,2026-09-26T02:00:00Z,1.32,ugm3
10111,Major Dhyan Chand National Stadium,28.612498,77.237388,Central,CPCB,live,rolling_24h_mean,pm25,2026-09-26T03:00:00Z,3.24,ugm3
10111,Major Dhyan Chand National Stadium,28.612498,77.237388,Central,CPCB,live,rolling_24h_mean,pm25,2026-09-26T04:00:00Z,3.24,ugm3
10111,Major Dhyan Chand National Stadium,28.612498,77.237388,Central,CPCB,live,rolling_24h_mean,pm25,2026-09-26T05:00:00Z,7.32,ugm3
10111,Major Dhyan Chand National Stadium,28.612498,77.237388,Central,CPCB,live,rolling_24h_mean,pm25,2026-09-26T06:00:00Z,7.32,ugm3
10111,Major Dhyan Chand National Stadium,28.612498,77.237388,Central,CPCB,live,rolling_24h_mean,pm25,2026-09-26T07:00:00Z,7.32,ugm3
10111,Major Dhyan Chand National Stadium,28.612498,77.237388,Central,CPCB,live,rolling_24h_mean,pm25,2026-09-26T08:00:00Z,2.28,ugm3
10111,Major Dhyan Chand National Stadium,28.612498,77.237388,Central,CPCB,live,rolling_24h_mean,pm25,2026-09-26T09:00:00Z,2.28,ugm3
10111,Major Dhyan Chand National Stadium,28.612498,77.237388,Central,CPCB,live,rolling_24h_mean,pm25,2026-09-26T10:00:00Z,2.28,ugm3
10111,Major Dhyan Chand National Stadium,28.612498,77.237388,Central,CPCB,live,rolling_24h_mean,pm25,2026-09-26T11:00:00Z,2.28,ugm3
10111,Major Dhyan Chand National Stadium,28.612498,77.237388,Central,CPCB,live,rolling_24h_mean,pm25,2026-09-26T12:00:00Z,2.28,ugm3
10111,Major Dhyan Chand National Stadium,28.612498,77.237388,Central,CPCB,live,rolling_24h_mean,pm25,2026-09-26T13:00:00Z,2.28,ugm3
10111,Major Dhyan Chand National Stadium,28.612498,77.237388,Central,CPCB,live,rolling_24h_mean,pm25,2026-09-26T14:00:00Z,2.28,ugm3
10111,Major Dhyan Chand National Stadium,28.612498,77.237388,Central,CPCB,live,rolling_24h_mean,pm25,2026-09-26T15:00:00Z,2.28,ugm3
10111,Major Dhyan Chand National Stadium,28.612498,77.237388,Central,CPCB,live,rolling_24h_mean,pm25,2026-09-26T16:00:00Z,2.28,ugm3
10112,PGDAV College,28.566827,77.251418,South,CPCB,live,rolling_24h_mean,o3,2026-09-23T17:00:00Z,8.7,ugm3
10112,PGDAV College,28.566827,77.251418,South,CPCB,live,rolling_24h_mean,o3,2026-09-23T18:00:00Z,7.64,ugm3
10112,PGDAV College,28.566827,77.251418,South,CPCB,live,rolling_24h_mean,o3,2026-09-23T19:00:00Z,5.3,ugm3
10112,PGDAV College,28.566827,77.251418,South,CPCB,live,rolling_24h_mean,o3,2026-09-23T20:00:00Z,6.99,ugm3
10112,PGDAV College,28.566827,77.251418,South,CPCB,live,rolling_24h_mean,o3,2026-09-23T21:00:00Z,6.36,ugm3
10112,PGDAV College,28.566827,77.251418,South,CPCB,live,rolling_24h_mean,o3,2026-09-23T22:00:00Z,7.2,ugm3
10112,PGDAV College,28.566827,77.251418,South,CPCB,live,rolling_24h_mean,o3,2026-09-24T00:00:00Z,6.36,ugm3
10112,PGDAV College,28.566827,77.251418,South,CPCB,live,rolling_24h_mean,o3,2026-09-24T03:00:00Z,9.76,ugm3
10112,PGDAV College,28.566827,77.251418,South,CPCB,live,rolling_24h_mean,o3,2026-09-24T05:00:00Z,19.3,ugm3
10112,PGDAV College,28.566827,77.251418,South,CPCB,live,rolling_24h_mean,o3,2026-09-24T06:00:00Z,27.56,ugm3
10112,PGDAV College,28.566827,77.251418,South,CPCB,live,rolling_24h_mean,o3,2026-09-24T07:00:00Z,32.65,ugm3
10112,PGDAV College,28.566827,77.251418,South,CPCB,live,rolling_24h_mean,o3,2026-09-24T10:00:00Z,49.82,ugm3
10112,PGDAV College,28.566827,77.251418,South,CPCB,live,rolling_24h_mean,o3,2026-09-24T11:00:00Z,52.16,ugm3
10112,PGDAV College,28.566827,77.251418,South,CPCB,live,rolling_24h_mean,o3,2026-09-24T13:00:00Z,38.59,ugm3
10112,PGDAV College,28.566827,77.251418,South,CPCB,live,rolling_24h_mean,o3,2026-09-24T16:00:00Z,12.5,ugm3
10112,PGDAV College,28.566827,77.251418,South,CPCB,live,rolling_24h_mean,o3,2026-09-24T17:00:00Z,11.23,ugm3
10112,PGDAV College,28.566827,77.251418,South,CPCB,live,rolling_24h_mean,o3,2026-09-24T18:00:00Z,9.54,ugm3
10112,PGDAV College,28.566827,77.251418,South,CPCB,live,rolling_24h_mean,o3,2026-09-24T22:00:00Z,9.32,ugm3
10112,PGDAV College,28.566827,77.251418,South,CPCB,live,rolling_24h_mean,o3,2026-09-25T00:00:00Z,8.26,ugm3
10112,PGDAV College,28.566827,77.251418,South,CPCB,live,rolling_24h_mean,o3,2026-09-25T02:00:00Z,8.26,ugm3
10112,PGDAV College,28.566827,77.251418,South,CPCB,live,rolling_24h_mean,o3,2026-09-25T03:00:00Z,8.26,ugm3
10112,PGDAV College,28.566827,77.251418,South,CPCB,live,rolling_24h_mean,o3,2026-09-25T05:00:00Z,13.78,ugm3
10112,PGDAV College,28.566827,77.251418,South,CPCB,live,rolling_24h_mean,o3,2026-09-25T07:00:00Z,20.57,ugm3
10112,PGDAV College,28.566827,77.251418,South,CPCB,live,rolling_24h_mean,o3,2026-09-25T08:00:00Z,25.23,ugm3
10112,PGDAV College,28.566827,77.251418,South,CPCB,live,rolling_24h_mean,o3,2026-09-25T09:00:00Z,29.05,ugm3
10112,PGDAV College,28.566827,77.251418,South,CPCB,live,rolling_24h_mean,o3,2026-09-25T10:00:00Z,32.23,ugm3
10112,PGDAV College,28.566827,77.251418,South,CPCB,live,rolling_24h_mean,o3,2026-09-25T11:00:00Z,32.23,ugm3
10112,PGDAV College,28.566827,77.251418,South,CPCB,live,rolling_24h_mean,o3,2026-09-25T12:00:00Z,20.99,ugm3
10112,PGDAV College,28.566827,77.251418,South,CPCB,live,rolling_24h_mean,o3,2026-09-25T13:00:00Z,16.33,ugm3
10112,PGDAV College,28.566827,77.251418,South,CPCB,live,rolling_24h_mean,o3,2026-09-25T14:00:00Z,14.41,ugm3
10112,PGDAV College,28.566827,77.251418,South,CPCB,live,rolling_24h_mean,o3,2026-09-25T15:00:00Z,11.23,ugm3
10112,PGDAV College,28.566827,77.251418,South,CPCB,live,rolling_24h_mean,o3,2026-09-25T16:00:00Z,10.82,ugm3
10112,PGDAV College,28.566827,77.251418,South,CPCB,live,rolling_24h_mean,o3,2026-09-25T17:00:00Z,11.03,ugm3
10112,PGDAV College,28.566827,77.251418,South,CPCB,live,rolling_24h_mean,o3,2026-09-25T18:00:00Z,8.7,ugm3
10112,PGDAV College,28.566827,77.251418,South,CPCB,live,rolling_24h_mean,o3,2026-09-25T19:00:00Z,11.03,ugm3
10112,PGDAV College,28.566827,77.251418,South,CPCB,live,rolling_24h_mean,o3,2026-09-25T20:00:00Z,15.9,ugm3
10112,PGDAV College,28.566827,77.251418,South,CPCB,live,rolling_24h_mean,o3,2026-09-25T21:00:00Z,12.5,ugm3
10112,PGDAV College,28.566827,77.251418,South,CPCB,live,rolling_24h_mean,o3,2026-09-25T22:00:00Z,10.82,ugm3
10112,PGDAV College,28.566827,77.251418,South,CPCB,live,rolling_24h_mean,o3,2026-09-25T23:00:00Z,14.62,ugm3
10112,PGDAV College,28.566827,77.251418,South,CPCB,live,rolling_24h_mean,o3,2026-09-26T00:00:00Z,12.29,ugm3
10112,PGDAV College,28.566827,77.251418,South,CPCB,live,rolling_24h_mean,o3,2026-09-26T01:00:00Z,11.03,ugm3
10112,PGDAV College,28.566827,77.251418,South,CPCB,live,rolling_24h_mean,o3,2026-09-26T02:00:00Z,8.26,ugm3
10112,PGDAV College,28.566827,77.251418,South,CPCB,live,rolling_24h_mean,o3,2026-09-26T03:00:00Z,9.32,ugm3
10112,PGDAV College,28.566827,77.251418,South,CPCB,live,rolling_24h_mean,o3,2026-09-26T04:00:00Z,9.76,ugm3
10112,PGDAV College,28.566827,77.251418,South,CPCB,live,rolling_24h_mean,o3,2026-09-26T05:00:00Z,17.18,ugm3
10112,PGDAV College,28.566827,77.251418,South,CPCB,live,rolling_24h_mean,o3,2026-09-26T06:00:00Z,22.89,ugm3
10112,PGDAV College,28.566827,77.251418,South,CPCB,live,rolling_24h_mean,o3,2026-09-26T07:00:00Z,24.6,ugm3
10112,PGDAV College,28.566827,77.251418,South,CPCB,live,rolling_24h_mean,o3,2026-09-26T08:00:00Z,25.01,ugm3
10112,PGDAV College,28.566827,77.251418,South,CPCB,live,rolling_24h_mean,o3,2026-09-26T09:00:00Z,23.95,ugm3
10112,PGDAV College,28.566827,77.251418,South,CPCB,live,rolling_24h_mean,o3,2026-09-26T10:00:00Z,24.38,ugm3
10112,PGDAV College,28.566827,77.251418,South,CPCB,live,rolling_24h_mean,o3,2026-09-26T11:00:00Z,22.26,ugm3
10112,PGDAV College,28.566827,77.251418,South,CPCB,live,rolling_24h_mean,o3,2026-09-26T12:00:00Z,18.02,ugm3
10112,PGDAV College,28.566827,77.251418,South,CPCB,live,rolling_24h_mean,o3,2026-09-26T13:00:00Z,16.74,ugm3
10112,PGDAV College,28.566827,77.251418,South,CPCB,live,rolling_24h_mean,o3,2026-09-26T14:00:00Z,19.71,ugm3
10112,PGDAV College,28.566827,77.251418,South,CPCB,live,rolling_24h_mean,o3,2026-09-26T15:00:00Z,16.33,ugm3
10112,PGDAV College,28.566827,77.251418,South,CPCB,live,rolling_24h_mean,o3,2026-09-26T16:00:00Z,16.33,ugm3
10112,PGDAV College,28.566827,77.251418,South,CPCB,live,rolling_24h_mean,pm10,2026-09-23T17:00:00Z,186.32,ugm3
10112,PGDAV College,28.566827,77.251418,South,CPCB,live,rolling_24h_mean,pm10,2026-09-23T18:00:00Z,230.77,ugm3
10112,PGDAV College,28.566827,77.251418,South,CPCB,live,rolling_24h_mean,pm10,2026-09-23T19:00:00Z,278.23,ugm3
10112,PGDAV College,28.566827,77.251418,South,CPCB,live,rolling_24h_mean,pm10,2026-09-23T20:00:00Z,328.74,ugm3
10112,PGDAV College,28.566827,77.251418,South,CPCB,live,rolling_24h_mean,pm10,2026-09-23T21:00:00Z,330.77,ugm3
10112,PGDAV College,28.566827,77.251418,South,CPCB,live,rolling_24h_mean,pm10,2026-09-23T22:00:00Z,296.42,ugm3
10112,PGDAV College,28.566827,77.251418,South,CPCB,live,rolling_24h_mean,pm10,2026-09-24T00:00:00Z,155.01,ugm3
10112,PGDAV College,28.566827,77.251418,South,CPCB,live,rolling_24h_mean,pm10,2026-09-24T03:00:00Z,156.01,ugm3
10112,PGDAV College,28.566827,77.251418,South,CPCB,live,rolling_24h_mean,pm10,2026-09-24T05:00:00Z,100.46,ugm3
10112,PGDAV College,28.566827,77.251418,South,CPCB,live,rolling_24h_mean,pm10,2026-09-24T06:00:00Z,108.54,ugm3
10112,PGDAV College,28.566827,77.251418,South,CPCB,live,rolling_24h_mean,pm10,2026-09-24T07:00:00Z,122.68,ugm3
10112,PGDAV College,28.566827,77.251418,South,CPCB,live,rolling_24h_mean,pm10,2026-09-24T10:00:00Z,102.48,ugm3
10112,PGDAV College,28.566827,77.251418,South,CPCB,live,rolling_24h_mean,pm10,2026-09-24T11:00:00Z,100.46,ugm3
10112,PGDAV College,28.566827,77.251418,South,CPCB,live,rolling_24h_mean,pm10,2026-09-24T13:00:00Z,120.66,ugm3
10112,PGDAV College,28.566827,77.251418,South,CPCB,live,rolling_24h_mean,pm10,2026-09-24T16:00:00Z,142.89,ugm3
10112,PGDAV College,28.566827,77.251418,South,CPCB,live,rolling_24h_mean,pm10,2026-09-24T17:00:00Z,130.77,ugm3
10112,PGDAV College,28.566827,77.251418,South,CPCB,live,rolling_24h_mean,pm10,2026-09-24T18:00:00Z,138.85,ugm3
10112,PGDAV College,28.566827,77.251418,South,CPCB,live,rolling_24h_mean,pm10,2026-09-24T22:00:00Z,74.19,ugm3
10112,PGDAV College,28.566827,77.251418,South,CPCB,live,rolling_24h_mean,pm10,2026-09-25T00:00:00Z,62.07,ugm3
10112,PGDAV College,28.566827,77.251418,South,CPCB,live,rolling_24h_mean,pm10,2026-09-25T02:00:00Z,62.07,ugm3
10112,PGDAV College,28.566827,77.251418,South,CPCB,live,rolling_24h_mean,pm10,2026-09-25T03:00:00Z,62.07,ugm3
10112,PGDAV College,28.566827,77.251418,South,CPCB,live,rolling_24h_mean,pm10,2026-09-25T05:00:00Z,104.5,ugm3
10112,PGDAV College,28.566827,77.251418,South,CPCB,live,rolling_24h_mean,pm10,2026-09-25T07:00:00Z,126.72,ugm3
10112,PGDAV College,28.566827,77.251418,South,CPCB,live,rolling_24h_mean,pm10,2026-09-25T08:00:00Z,114.6,ugm3
10112,PGDAV College,28.566827,77.251418,South,CPCB,live,rolling_24h_mean,pm10,2026-09-25T09:00:00Z,82.28,ugm3
10112,PGDAV College,28.566827,77.251418,South,CPCB,live,rolling_24h_mean,pm10,2026-09-25T10:00:00Z,76.21,ugm3
10112,PGDAV College,28.566827,77.251418,South,CPCB,live,rolling_24h_mean,pm10,2026-09-25T11:00:00Z,76.21,ugm3
10112,PGDAV College,28.566827,77.251418,South,CPCB,live,rolling_24h_mean,pm10,2026-09-25T12:00:00Z,94.4,ugm3
10112,PGDAV College,28.566827,77.251418,South,CPCB,live,rolling_24h_mean,pm10,2026-09-25T13:00:00Z,155.01,ugm3
10112,PGDAV College,28.566827,77.251418,South,CPCB,live,rolling_24h_mean,pm10,2026-09-25T14:00:00Z,138.85,ugm3
10112,PGDAV College,28.566827,77.251418,South,CPCB,live,rolling_24h_mean,pm10,2026-09-25T15:00:00Z,136.83,ugm3
10112,PGDAV College,28.566827,77.251418,South,CPCB,live,rolling_24h_mean,pm10,2026-09-25T16:00:00Z,146.93,ugm3
10112,PGDAV College,28.566827,77.251418,South,CPCB,live,rolling_24h_mean,pm10,2026-09-25T17:00:00Z,116.62,ugm3
10112,PGDAV College,28.566827,77.251418,South,CPCB,live,rolling_24h_mean,pm10,2026-09-25T18:00:00Z,98.44,ugm3
10112,PGDAV College,28.566827,77.251418,South,CPCB,live,rolling_24h_mean,pm10,2026-09-25T19:00:00Z,78.23,ugm3
10112,PGDAV College,28.566827,77.251418,South,CPCB,live,rolling_24h_mean,pm10,2026-09-25T20:00:00Z,92.38,ugm3
10112,PGDAV College,28.566827,77.251418,South,CPCB,live,rolling_24h_mean,pm10,2026-09-25T21:00:00Z,104.5,ugm3
10112,PGDAV College,28.566827,77.251418,South,CPCB,live,rolling_24h_mean,pm10,2026-09-25T22:00:00Z,60.05,ugm3
10112,PGDAV College,28.566827,77.251418,South,CPCB,live,rolling_24h_mean,pm10,2026-09-25T23:00:00Z,54.54,ugm3
10112,PGDAV College,28.566827,77.251418,South,CPCB,live,rolling_24h_mean,pm10,2026-09-26T00:00:00Z,34.02,ugm3
10112,PGDAV College,28.566827,77.251418,South,CPCB,live,rolling_24h_mean,pm10,2026-09-26T01:00:00Z,42.66,ugm3
10112,PGDAV College,28.566827,77.251418,South,CPCB,live,rolling_24h_mean,pm10,2026-09-26T02:00:00Z,64.09,ugm3
10112,PGDAV College,28.566827,77.251418,South,CPCB,live,rolling_24h_mean,pm10,2026-09-26T03:00:00Z,70.15,ugm3
10112,PGDAV College,28.566827,77.251418,South,CPCB,live,rolling_24h_mean,pm10,2026-09-26T04:00:00Z,80.26,ugm3
10112,PGDAV College,28.566827,77.251418,South,CPCB,live,rolling_24h_mean,pm10,2026-09-26T05:00:00Z,72.17,ugm3
10112,PGDAV College,28.566827,77.251418,South,CPCB,live,rolling_24h_mean,pm10,2026-09-26T06:00:00Z,92.38,ugm3
10112,PGDAV College,28.566827,77.251418,South,CPCB,live,rolling_24h_mean,pm10,2026-09-26T07:00:00Z,116.62,ugm3
10112,PGDAV College,28.566827,77.251418,South,CPCB,live,rolling_24h_mean,pm10,2026-09-26T08:00:00Z,82.28,ugm3
10112,PGDAV College,28.566827,77.251418,South,CPCB,live,rolling_24h_mean,pm10,2026-09-26T09:00:00Z,82.28,ugm3
10112,PGDAV College,28.566827,77.251418,South,CPCB,live,rolling_24h_mean,pm10,2026-09-26T10:00:00Z,98.44,ugm3
10112,PGDAV College,28.566827,77.251418,South,CPCB,live,rolling_24h_mean,pm10,2026-09-26T11:00:00Z,96.42,ugm3
10112,PGDAV College,28.566827,77.251418,South,CPCB,live,rolling_24h_mean,pm10,2026-09-26T12:00:00Z,72.17,ugm3
10112,PGDAV College,28.566827,77.251418,South,CPCB,live,rolling_24h_mean,pm10,2026-09-26T13:00:00Z,25.38,ugm3
10112,PGDAV College,28.566827,77.251418,South,CPCB,live,rolling_24h_mean,pm10,2026-09-26T14:00:00Z,40.5,ugm3
10112,PGDAV College,28.566827,77.251418,South,CPCB,live,rolling_24h_mean,pm10,2026-09-26T15:00:00Z,44.82,ugm3
10112,PGDAV College,28.566827,77.251418,South,CPCB,live,rolling_24h_mean,pm10,2026-09-26T16:00:00Z,51.3,ugm3
10112,PGDAV College,28.566827,77.251418,South,CPCB,live,rolling_24h_mean,pm25,2026-09-23T17:00:00Z,68.09,ugm3
10112,PGDAV College,28.566827,77.251418,South,CPCB,live,rolling_24h_mean,pm25,2026-09-23T18:00:00Z,79.71,ugm3
10112,PGDAV College,28.566827,77.251418,South,CPCB,live,rolling_24h_mean,pm25,2026-09-23T19:00:00Z,122.32,ugm3
10112,PGDAV College,28.566827,77.251418,South,CPCB,live,rolling_24h_mean,pm25,2026-09-23T20:00:00Z,164.12,ugm3
10112,PGDAV College,28.566827,77.251418,South,CPCB,live,rolling_24h_mean,pm25,2026-09-23T21:00:00Z,89.39,ugm3
10112,PGDAV College,28.566827,77.251418,South,CPCB,live,rolling_24h_mean,pm25,2026-09-23T22:00:00Z,87.46,ugm3
10112,PGDAV College,28.566827,77.251418,South,CPCB,live,rolling_24h_mean,pm25,2026-09-24T00:00:00Z,97.14,ugm3
10112,PGDAV College,28.566827,77.251418,South,CPCB,live,rolling_24h_mean,pm25,2026-09-24T03:00:00Z,68.09,ugm3
10112,PGDAV College,28.566827,77.251418,South,CPCB,live,rolling_24h_mean,pm25,2026-09-24T05:00:00Z,2.28,ugm3
10112,PGDAV College,28.566827,77.251418,South,CPCB,live,rolling_24h_mean,pm25,2026-09-24T06:00:00Z,2.28,ugm3
10112,PGDAV College,28.566827,77.251418,South,CPCB,live,rolling_24h_mean,pm25,2026-09-24T07:00:00Z,56.47,ugm3
10112,PGDAV College,28.566827,77.251418,South,CPCB,live,rolling_24h_mean,pm25,2026-09-24T10:00:00Z,31.36,ugm3
10112,PGDAV College,28.566827,77.251418,South,CPCB,live,rolling_24h_mean,pm25,2026-09-24T11:00:00Z,52.35,ugm3
10112,PGDAV College,28.566827,77.251418,South,CPCB,live,rolling_24h_mean,pm25,2026-09-24T13:00:00Z,68.09,ugm3
10112,PGDAV College,28.566827,77.251418,South,CPCB,live,rolling_24h_mean,pm25,2026-09-24T16:00:00Z,73.9,ugm3
10112,PGDAV College,28.566827,77.251418,South,CPCB,live,rolling_24h_mean,pm25,2026-09-24T17:00:00Z,2.28,ugm3
10112,PGDAV College,28.566827,77.251418,South,CPCB,live,rolling_24h_mean,pm25,2026-09-24T18:00:00Z,12.12,ugm3
10112,PGDAV College,28.566827,77.251418,South,CPCB,live,rolling_24h_mean,pm25,2026-09-24T22:00:00Z,6.12,ugm3
10112,PGDAV College,28.566827,77.251418,South,CPCB,live,rolling_24h_mean,pm25,2026-09-25T00:00:00Z,51.14,ugm3
10112,PGDAV College,28.566827,77.251418,South,CPCB,live,rolling_24h_mean,pm25,2026-09-25T02:00:00Z,51.14,ugm3
10112,PGDAV College,28.566827,77.251418,South,CPCB,live,rolling_24h_mean,pm25,2026-09-25T03:00:00Z,51.14,ugm3
10112,PGDAV College,28.566827,77.251418,South,CPCB,live,rolling_24h_mean,pm25,2026-09-25T05:00:00Z,15.19,ugm3
10112,PGDAV College,28.566827,77.251418,South,CPCB,live,rolling_24h_mean,pm25,2026-09-25T07:00:00Z,29.46,ugm3
10112,PGDAV College,28.566827,77.251418,South,CPCB,live,rolling_24h_mean,pm25,2026-09-25T08:00:00Z,40.17,ugm3
10112,PGDAV College,28.566827,77.251418,South,CPCB,live,rolling_24h_mean,pm25,2026-09-25T09:00:00Z,2.28,ugm3
10112,PGDAV College,28.566827,77.251418,South,CPCB,live,rolling_24h_mean,pm25,2026-09-25T10:00:00Z,2.28,ugm3
10112,PGDAV College,28.566827,77.251418,South,CPCB,live,rolling_24h_mean,pm25,2026-09-25T11:00:00Z,2.28,ugm3
10112,PGDAV College,28.566827,77.251418,South,CPCB,live,rolling_24h_mean,pm25,2026-09-25T12:00:00Z,30.41,ugm3
10112,PGDAV College,28.566827,77.251418,South,CPCB,live,rolling_24h_mean,pm25,2026-09-25T13:00:00Z,17.09,ugm3
10112,PGDAV College,28.566827,77.251418,South,CPCB,live,rolling_24h_mean,pm25,2026-09-25T14:00:00Z,13.29,ugm3
10112,PGDAV College,28.566827,77.251418,South,CPCB,live,rolling_24h_mean,pm25,2026-09-25T15:00:00Z,42.2,ugm3
10112,PGDAV College,28.566827,77.251418,South,CPCB,live,rolling_24h_mean,pm25,2026-09-25T16:00:00Z,64.22,ugm3
10112,PGDAV College,28.566827,77.251418,South,CPCB,live,rolling_24h_mean,pm25,2026-09-25T17:00:00Z,2.28,ugm3
10112,PGDAV College,28.566827,77.251418,South,CPCB,live,rolling_24h_mean,pm25,2026-09-25T18:00:00Z,22.32,ugm3
10112,PGDAV College,28.566827,77.251418,South,CPCB,live,rolling_24h_mean,pm25,2026-09-25T19:00:00Z,33.26,ugm3
10112,PGDAV College,28.566827,77.251418,South,CPCB,live,rolling_24h_mean,pm25,2026-09-25T20:00:00Z,36.11,ugm3
10112,PGDAV College,28.566827,77.251418,South,CPCB,live,rolling_24h_mean,pm25,2026-09-25T21:00:00Z,2.28,ugm3
10112,PGDAV College,28.566827,77.251418,South,CPCB,live,rolling_24h_mean,pm25,2026-09-25T22:00:00Z,11.16,ugm3
10112,PGDAV College,28.566827,77.251418,South,CPCB,live,rolling_24h_mean,pm25,2026-09-25T23:00:00Z,31.36,ugm3
10112,PGDAV College,28.566827,77.251418,South,CPCB,live,rolling_24h_mean,pm25,2026-09-26T00:00:00Z,23.27,ugm3
10112,PGDAV College,28.566827,77.251418,South,CPCB,live,rolling_24h_mean,pm25,2026-09-26T01:00:00Z,2.28,ugm3
10112,PGDAV College,28.566827,77.251418,South,CPCB,live,rolling_24h_mean,pm25,2026-09-26T02:00:00Z,2.28,ugm3
10112,PGDAV College,28.566827,77.251418,South,CPCB,live,rolling_24h_mean,pm25,2026-09-26T03:00:00Z,40.98,ugm3
10112,PGDAV College,28.566827,77.251418,South,CPCB,live,rolling_24h_mean,pm25,2026-09-26T04:00:00Z,36.92,ugm3
10112,PGDAV College,28.566827,77.251418,South,CPCB,live,rolling_24h_mean,pm25,2026-09-26T05:00:00Z,2.28,ugm3
10112,PGDAV College,28.566827,77.251418,South,CPCB,live,rolling_24h_mean,pm25,2026-09-26T06:00:00Z,2.28,ugm3
10112,PGDAV College,28.566827,77.251418,South,CPCB,live,rolling_24h_mean,pm25,2026-09-26T07:00:00Z,36.92,ugm3
10112,PGDAV College,28.566827,77.251418,South,CPCB,live,rolling_24h_mean,pm25,2026-09-26T08:00:00Z,28.51,ugm3
10112,PGDAV College,28.566827,77.251418,South,CPCB,live,rolling_24h_mean,pm25,2026-09-26T09:00:00Z,14.24,ugm3
10112,PGDAV College,28.566827,77.251418,South,CPCB,live,rolling_24h_mean,pm25,2026-09-26T10:00:00Z,3.24,ugm3
10112,PGDAV College,28.566827,77.251418,South,CPCB,live,rolling_24h_mean,pm25,2026-09-26T11:00:00Z,7.32,ugm3
10112,PGDAV College,28.566827,77.251418,South,CPCB,live,rolling_24h_mean,pm25,2026-09-26T12:00:00Z,14.24,ugm3
10112,PGDAV College,28.566827,77.251418,South,CPCB,live,rolling_24h_mean,pm25,2026-09-26T13:00:00Z,11.16,ugm3
10112,PGDAV College,28.566827,77.251418,South,CPCB,live,rolling_24h_mean,pm25,2026-09-26T14:00:00Z,11.16,ugm3
10112,PGDAV College,28.566827,77.251418,South,CPCB,live,rolling_24h_mean,pm25,2026-09-26T15:00:00Z,17.09,ugm3
10112,PGDAV College,28.566827,77.251418,South,CPCB,live,rolling_24h_mean,pm25,2026-09-26T16:00:00Z,58.41,ugm3
10113,ITI Jahangirpuri,28.733016,77.17197,North,CPCB,live,rolling_24h_mean,o3,2026-09-23T17:00:00Z,6.36,ugm3
10113,ITI Jahangirpuri,28.733016,77.17197,North,CPCB,live,rolling_24h_mean,o3,2026-09-23T18:00:00Z,6.58,ugm3
10113,ITI Jahangirpuri,28.733016,77.17197,North,CPCB,live,rolling_24h_mean,o3,2026-09-23T19:00:00Z,6.14,ugm3
10113,ITI Jahangirpuri,28.733016,77.17197,North,CPCB,live,rolling_24h_mean,o3,2026-09-23T20:00:00Z,6.79,ugm3
10113,ITI Jahangirpuri,28.733016,77.17197,North,CPCB,live,rolling_24h_mean,o3,2026-09-23T21:00:00Z,5.3,ugm3
10113,ITI Jahangirpuri,28.733016,77.17197,North,CPCB,live,rolling_24h_mean,o3,2026-09-23T22:00:00Z,4.46,ugm3
10113,ITI Jahangirpuri,28.733016,77.17197,North,CPCB,live,rolling_24h_mean,o3,2026-09-24T00:00:00Z,4.67,ugm3
10113,ITI Jahangirpuri,28.733016,77.17197,North,CPCB,live,rolling_24h_mean,o3,2026-09-24T03:00:00Z,5.93,ugm3
10113,ITI Jahangirpuri,28.733016,77.17197,North,CPCB,live,rolling_24h_mean,o3,2026-09-24T05:00:00Z,6.36,ugm3
10113,ITI Jahangirpuri,28.733016,77.17197,North,CPCB,live,rolling_24h_mean,o3,2026-09-24T06:00:00Z,7.64,ugm3
10113,ITI Jahangirpuri,28.733016,77.17197,North,CPCB,live,rolling_24h_mean,o3,2026-09-24T07:00:00Z,11.44,ugm3
10113,ITI Jahangirpuri,28.733016,77.17197,North,CPCB,live,rolling_24h_mean,o3,2026-09-24T10:00:00Z,27.56,ugm3
10113,ITI Jahangirpuri,28.733016,77.17197,North,CPCB,live,rolling_24h_mean,o3,2026-09-24T11:00:00Z,29.68,ugm3
10113,ITI Jahangirpuri,28.733016,77.17197,North,CPCB,live,rolling_24h_mean,o3,2026-09-24T13:00:00Z,23.75,ugm3
10113,ITI Jahangirpuri,28.733016,77.17197,North,CPCB,live,rolling_24h_mean,o3,2026-09-24T16:00:00Z,6.36,ugm3
10113,ITI Jahangirpuri,28.733016,77.17197,North,CPCB,live,rolling_24h_mean,o3,2026-09-24T17:00:00Z,5.93,ugm3
10113,ITI Jahangirpuri,28.733016,77.17197,North,CPCB,live,rolling_24h_mean,o3,2026-09-24T18:00:00Z,5.93,ugm3
10113,ITI Jahangirpuri,28.733016,77.17197,North,CPCB,live,rolling_24h_mean,o3,2026-09-24T22:00:00Z,4.67,ugm3
10113,ITI Jahangirpuri,28.733016,77.17197,North,CPCB,live,rolling_24h_mean,o3,2026-09-25T00:00:00Z,4.67,ugm3
10113,ITI Jahangirpuri,28.733016,77.17197,North,CPCB,live,rolling_24h_mean,o3,2026-09-25T02:00:00Z,4.67,ugm3
10113,ITI Jahangirpuri,28.733016,77.17197,North,CPCB,live,rolling_24h_mean,o3,2026-09-25T03:00:00Z,4.67,ugm3
10113,ITI Jahangirpuri,28.733016,77.17197,North,CPCB,live,rolling_24h_mean,o3,2026-09-25T05:00:00Z,6.36,ugm3
10113,ITI Jahangirpuri,28.733016,77.17197,North,CPCB,live,rolling_24h_mean,o3,2026-09-25T07:00:00Z,15.47,ugm3
10113,ITI Jahangirpuri,28.733016,77.17197,North,CPCB,live,rolling_24h_mean,o3,2026-09-25T08:00:00Z,11.44,ugm3
10113,ITI Jahangirpuri,28.733016,77.17197,North,CPCB,live,rolling_24h_mean,o3,2026-09-25T09:00:00Z,15.47,ugm3
10113,ITI Jahangirpuri,28.733016,77.17197,North,CPCB,live,rolling_24h_mean,o3,2026-09-25T10:00:00Z,19.08,ugm3
10113,ITI Jahangirpuri,28.733016,77.17197,North,CPCB,live,rolling_24h_mean,o3,2026-09-25T11:00:00Z,19.08,ugm3
10113,ITI Jahangirpuri,28.733016,77.17197,North,CPCB,live,rolling_24h_mean,o3,2026-09-25T12:00:00Z,17.81,ugm3
10113,ITI Jahangirpuri,28.733016,77.17197,North,CPCB,live,rolling_24h_mean,o3,2026-09-25T13:00:00Z,13.35,ugm3
10113,ITI Jahangirpuri,28.733016,77.17197,North,CPCB,live,rolling_24h_mean,o3,2026-09-25T14:00:00Z,9.76,ugm3
10113,ITI Jahangirpuri,28.733016,77.17197,North,CPCB,live,rolling_24h_mean,o3,2026-09-25T15:00:00Z,8.05,ugm3
10113,ITI Jahangirpuri,28.733016,77.17197,North,CPCB,live,rolling_24h_mean,o3,2026-09-25T16:00:00Z,5.73,ugm3
10113,ITI Jahangirpuri,28.733016,77.17197,North,CPCB,live,rolling_24h_mean,o3,2026-09-25T17:00:00Z,5.73,ugm3
10113,ITI Jahangirpuri,28.733016,77.17197,North,CPCB,live,rolling_24h_mean,o3,2026-09-25T18:00:00Z,4.87,ugm3
10113,ITI Jahangirpuri,28.733016,77.17197,North,CPCB,live,rolling_24h_mean,o3,2026-09-25T19:00:00Z,4.46,ugm3
10113,ITI Jahangirpuri,28.733016,77.17197,North,CPCB,live,rolling_24h_mean,o3,2026-09-25T20:00:00Z,4.87,ugm3
10113,ITI Jahangirpuri,28.733016,77.17197,North,CPCB,live,rolling_24h_mean,o3,2026-09-25T21:00:00Z,6.14,ugm3
10113,ITI Jahangirpuri,28.733016,77.17197,North,CPCB,live,rolling_24h_mean,o3,2026-09-25T22:00:00Z,6.36,ugm3
10113,ITI Jahangirpuri,28.733016,77.17197,North,CPCB,live,rolling_24h_mean,o3,2026-09-25T23:00:00Z,5.08,ugm3
10113,ITI Jahangirpuri,28.733016,77.17197,North,CPCB,live,rolling_24h_mean,o3,2026-09-26T00:00:00Z,5.08,ugm3
10113,ITI Jahangirpuri,28.733016,77.17197,North,CPCB,live,rolling_24h_mean,o3,2026-09-26T01:00:00Z,5.73,ugm3
10113,ITI Jahangirpuri,28.733016,77.17197,North,CPCB,live,rolling_24h_mean,o3,2026-09-26T02:00:00Z,5.93,ugm3
10113,ITI Jahangirpuri,28.733016,77.17197,North,CPCB,live,rolling_24h_mean,o3,2026-09-26T03:00:00Z,7.2,ugm3
10113,ITI Jahangirpuri,28.733016,77.17197,North,CPCB,live,rolling_24h_mean,o3,2026-09-26T04:00:00Z,8.26,ugm3
10113,ITI Jahangirpuri,28.733016,77.17197,North,CPCB,live,rolling_24h_mean,o3,2026-09-26T05:00:00Z,9.76,ugm3
10113,ITI Jahangirpuri,28.733016,77.17197,North,CPCB,live,rolling_24h_mean,o3,2026-09-26T06:00:00Z,11.03,ugm3
10113,ITI Jahangirpuri,28.733016,77.17197,North,CPCB,live,rolling_24h_mean,o3,2026-09-26T07:00:00Z,11.03,ugm3
10113,ITI Jahangirpuri,28.733016,77.17197,North,CPCB,live,rolling_24h_mean,o3,2026-09-26T08:00:00Z,11.23,ugm3
10113,ITI Jahangirpuri,28.733016,77.17197,North,CPCB,live,rolling_24h_mean,o3,2026-09-26T09:00:00Z,10.38,ugm3
10113,ITI Jahangirpuri,28.733016,77.17197,North,CPCB,live,rolling_24h_mean,o3,2026-09-26T10:00:00Z,10.17,ugm3
10113,ITI Jahangirpuri,28.733016,77.17197,North,CPCB,live,rolling_24h_mean,o3,2026-09-26T11:00:00Z,10.38,ugm3
10113,ITI Jahangirpuri,28.733016,77.17197,North,CPCB,live,rolling_24h_mean,o3,2026-09-26T12:00:00Z,9.11,ugm3
10113,ITI Jahangirpuri,28.733016,77.17197,North,CPCB,live,rolling_24h_mean,o3,2026-09-26T13:00:00Z,7.85,ugm3
10113,ITI Jahangirpuri,28.733016,77.17197,North,CPCB,live,rolling_24h_mean,o3,2026-09-26T14:00:00Z,9.11,ugm3
10113,ITI Jahangirpuri,28.733016,77.17197,North,CPCB,live,rolling_24h_mean,o3,2026-09-26T15:00:00Z,8.91,ugm3
10113,ITI Jahangirpuri,28.733016,77.17197,North,CPCB,live,rolling_24h_mean,o3,2026-09-26T16:00:00Z,7.85,ugm3
10113,ITI Jahangirpuri,28.733016,77.17197,North,CPCB,live,rolling_24h_mean,pm10,2026-09-23T17:00:00Z,286.32,ugm3
10113,ITI Jahangirpuri,28.733016,77.17197,North,CPCB,live,rolling_24h_mean,pm10,2026-09-23T18:00:00Z,186.32,ugm3
10113,ITI Jahangirpuri,28.733016,77.17197,North,CPCB,live,rolling_24h_mean,pm10,2026-09-23T19:00:00Z,214.6,ugm3
10113,ITI Jahangirpuri,28.733016,77.17197,North,CPCB,live,rolling_24h_mean,pm10,2026-09-23T20:00:00Z,210.56,ugm3
10113,ITI Jahangirpuri,28.733016,77.17197,North,CPCB,live,rolling_24h_mean,pm10,2026-09-23T21:00:00Z,230.77,ugm3
10113,ITI Jahangirpuri,28.733016,77.17197,North,CPCB,live,rolling_24h_mean,pm10,2026-09-23T22:00:00Z,298.44,ugm3
10113,ITI Jahangirpuri,28.733016,77.17197,North,CPCB,live,rolling_24h_mean,pm10,2026-09-24T00:00:00Z,116.62,ugm3
10113,ITI Jahangirpuri,28.733016,77.17197,North,CPCB,live,rolling_24h_mean,pm10,2026-09-24T03:00:00Z,255.01,ugm3
10113,ITI Jahangirpuri,28.733016,77.17197,North,CPCB,live,rolling_24h_mean,pm10,2026-09-24T05:00:00Z,122.68,ugm3
10113,ITI Jahangirpuri,28.733016,77.17197,North,CPCB,live,rolling_24h_mean,pm10,2026-09-24T06:00:00Z,116.62,ugm3
10113,ITI Jahangirpuri,28.733016,77.17197,North,CPCB,live,rolling_24h_mean,pm10,2026-09-24T07:00:00Z,98.44,ugm3
10113,ITI Jahangirpuri,28.733016,77.17197,North,CPCB,live,rolling_24h_mean,pm10,2026-09-24T10:00:00Z,124.7,ugm3
10113,ITI Jahangirpuri,28.733016,77.17197,North,CPCB,live,rolling_24h_mean,pm10,2026-09-24T11:00:00Z,110.56,ugm3
10113,ITI Jahangirpuri,28.733016,77.17197,North,CPCB,live,rolling_24h_mean,pm10,2026-09-24T13:00:00Z,130.77,ugm3
10113,ITI Jahangirpuri,28.733016,77.17197,North,CPCB,live,rolling_24h_mean,pm10,2026-09-24T16:00:00Z,226.72,ugm3
10113,ITI Jahangirpuri,28.733016,77.17197,North,CPCB,live,rolling_24h_mean,pm10,2026-09-24T17:00:00Z,124.7,ugm3
10113,ITI Jahangirpuri,28.733016,77.17197,North,CPCB,live,rolling_24h_mean,pm10,2026-09-24T18:00:00Z,124.7,ugm3
10113,ITI Jahangirpuri,28.733016,77.17197,North,CPCB,live,rolling_24h_mean,pm10,2026-09-24T22:00:00Z,40.5,ugm3
10113,ITI Jahangirpuri,28.733016,77.17197,North,CPCB,live,rolling_24h_mean,pm10,2026-09-25T00:00:00Z,29.7,ugm3
10113,ITI Jahangirpuri,28.733016,77.17197,North,CPCB,live,rolling_24h_mean,pm10,2026-09-25T02:00:00Z,29.7,ugm3
10113,ITI Jahangirpuri,28.733016,77.17197,North,CPCB,live,rolling_24h_mean,pm10,2026-09-25T03:00:00Z,29.7,ugm3
10113,ITI Jahangirpuri,28.733016,77.17197,North,CPCB,live,rolling_24h_mean,pm10,2026-09-25T05:00:00Z,29.7,ugm3
10113,ITI Jahangirpuri,28.733016,77.17197,North,CPCB,live,rolling_24h_mean,pm10,2026-09-25T07:00:00Z,86.32,ugm3
10113,ITI Jahangirpuri,28.733016,77.17197,North,CPCB,live,rolling_24h_mean,pm10,2026-09-25T08:00:00Z,112.58,ugm3
10113,ITI Jahangirpuri,28.733016,77.17197,North,CPCB,live,rolling_24h_mean,pm10,2026-09-25T09:00:00Z,94.4,ugm3
10113,ITI Jahangirpuri,28.733016,77.17197,North,CPCB,live,rolling_24h_mean,pm10,2026-09-25T10:00:00Z,74.19,ugm3
10113,ITI Jahangirpuri,28.733016,77.17197,North,CPCB,live,rolling_24h_mean,pm10,2026-09-25T11:00:00Z,74.19,ugm3
10113,ITI Jahangirpuri,28.733016,77.17197,North,CPCB,live,rolling_24h_mean,pm10,2026-09-25T12:00:00Z,84.3,ugm3
10113,ITI Jahangirpuri,28.733016,77.17197,North,CPCB,live,rolling_24h_mean,pm10,2026-09-25T13:00:00Z,118.64,ugm3
10113,ITI Jahangirpuri,28.733016,77.17197,North,CPCB,live,rolling_24h_mean,pm10,2026-09-25T14:00:00Z,148.95,ugm3
10113,ITI Jahangirpuri,28.733016,77.17197,North,CPCB,live,rolling_24h_mean,pm10,2026-09-25T15:00:00Z,134.81,ugm3
10113,ITI Jahangirpuri,28.733016,77.17197,North,CPCB,live,rolling_24h_mean,pm10,2026-09-25T16:00:00Z,158.03,ugm3
10113,ITI Jahangirpuri,28.733016,77.17197,North,CPCB,live,rolling_24h_mean,pm10,2026-09-25T17:00:00Z,156.01,ugm3
10113,ITI Jahangirpuri,28.733016,77.17197,North,CPCB,live,rolling_24h_mean,pm10,2026-09-25T18:00:00Z,106.52,ugm3
10113,ITI Jahangirpuri,28.733016,77.17197,North,CPCB,live,rolling_24h_mean,pm10,2026-09-25T19:00:00Z,86.32,ugm3
10113,ITI Jahangirpuri,28.733016,77.17197,North,CPCB,live,rolling_24h_mean,pm10,2026-09-25T20:00:00Z,68.13,ugm3
10113,ITI Jahangirpuri,28.733016,77.17197,North,CPCB,live,rolling_24h_mean,pm10,2026-09-25T21:00:00Z,58.03,ugm3
10113,ITI Jahangirpuri,28.733016,77.17197,North,CPCB,live,rolling_24h_mean,pm10,2026-09-25T22:00:00Z,40.5,ugm3
10113,ITI Jahangirpuri,28.733016,77.17197,North,CPCB,live,rolling_24h_mean,pm10,2026-09-25T23:00:00Z,40.5,ugm3
10113,ITI Jahangirpuri,28.733016,77.17197,North,CPCB,live,rolling_24h_mean,pm10,2026-09-26T00:00:00Z,72.17,ugm3
10113,ITI Jahangirpuri,28.733016,77.17197,North,CPCB,live,rolling_24h_mean,pm10,2026-09-26T01:00:00Z,74.19,ugm3
10113,ITI Jahangirpuri,28.733016,77.17197,North,CPCB,live,rolling_24h_mean,pm10,2026-09-26T02:00:00Z,66.11,ugm3
10113,ITI Jahangirpuri,28.733016,77.17197,North,CPCB,live,rolling_24h_mean,pm10,2026-09-26T03:00:00Z,80.26,ugm3
10113,ITI Jahangirpuri,28.733016,77.17197,North,CPCB,live,rolling_24h_mean,pm10,2026-09-26T04:00:00Z,96.42,ugm3
10113,ITI Jahangirpuri,28.733016,77.17197,North,CPCB,live,rolling_24h_mean,pm10,2026-09-26T05:00:00Z,116.62,ugm3
10113,ITI Jahangirpuri,28.733016,77.17197,North,CPCB,live,rolling_24h_mean,pm10,2026-09-26T06:00:00Z,84.3,ugm3
10113,ITI Jahangirpuri,28.733016,77.17197,North,CPCB,live,rolling_24h_mean,pm10,2026-09-26T07:00:00Z,80.26,ugm3
10113,ITI Jahangirpuri,28.733016,77.17197,North,CPCB,live,rolling_24h_mean,pm10,2026-09-26T08:00:00Z,68.13,ugm3
10113,ITI Jahangirpuri,28.733016,77.17197,North,CPCB,live,rolling_24h_mean,pm10,2026-09-26T09:00:00Z,50.22,ugm3
10113,ITI Jahangirpuri,28.733016,77.17197,North,CPCB,live,rolling_24h_mean,pm10,2026-09-26T10:00:00Z,54.54,ugm3
10113,ITI Jahangirpuri,28.733016,77.17197,North,CPCB,live,rolling_24h_mean,pm10,2026-09-26T11:00:00Z,51.3,ugm3
10113,ITI Jahangirpuri,28.733016,77.17197,North,CPCB,live,rolling_24h_mean,pm10,2026-09-26T12:00:00Z,46.98,ugm3
10113,ITI Jahangirpuri,28.733016,77.17197,North,CPCB,live,rolling_24h_mean,pm10,2026-09-26T13:00:00Z,21.06,ugm3
10113,ITI Jahangirpuri,28.733016,77.17197,North,CPCB,live,rolling_24h_mean,pm10,2026-09-26T14:00:00Z,30.78,ugm3
10113,ITI Jahangirpuri,28.733016,77.17197,North,CPCB,live,rolling_24h_mean,pm10,2026-09-26T15:00:00Z,24.3,ugm3
10113,ITI Jahangirpuri,28.733016,77.17197,North,CPCB,live,rolling_24h_mean,pm10,2026-09-26T16:00:00Z,22.14,ugm3
10113,ITI Jahangirpuri,28.733016,77.17197,North,CPCB,live,rolling_24h_mean,pm25,2026-09-23T17:00:00Z,101.01,ugm3
10113,ITI Jahangirpuri,28.733016,77.17197,North,CPCB,live,rolling_24h_mean,pm25,2026-09-23T18:00:00Z,77.77,ugm3
10113,ITI Jahangirpuri,28.733016,77.17197,North,CPCB,live,rolling_24h_mean,pm25,2026-09-23T19:00:00Z,81.65,ugm3
10113,ITI Jahangirpuri,28.733016,77.17197,North,CPCB,live,rolling_24h_mean,pm25,2026-09-23T20:00:00Z,87.46,ugm3
10113,ITI Jahangirpuri,28.733016,77.17197,North,CPCB,live,rolling_24h_mean,pm25,2026-09-23T21:00:00Z,114.57,ugm3
10113,ITI Jahangirpuri,28.733016,77.17197,North,CPCB,live,rolling_24h_mean,pm25,2026-09-23T22:00:00Z,172.2,ugm3
10113,ITI Jahangirpuri,28.733016,77.17197,North,CPCB,live,rolling_24h_mean,pm25,2026-09-24T00:00:00Z,40.58,ugm3
10113,ITI Jahangirpuri,28.733016,77.17197,North,CPCB,live,rolling_24h_mean,pm25,2026-09-24T03:00:00Z,101.01,ugm3
10113,ITI Jahangirpuri,28.733016,77.17197,North,CPCB,live,rolling_24h_mean,pm25,2026-09-24T05:00:00Z,23.27,ugm3
10113,ITI Jahangirpuri,28.733016,77.17197,North,CPCB,live,rolling_24h_mean,pm25,2026-09-24T06:00:00Z,31.36,ugm3
10113,ITI Jahangirpuri,28.733016,77.17197,North,CPCB,live,rolling_24h_mean,pm25,2026-09-24T07:00:00Z,28.51,ugm3
10113,ITI Jahangirpuri,28.733016,77.17197,North,CPCB,live,rolling_24h_mean,pm25,2026-09-24T10:00:00Z,68.09,ugm3
10113,ITI Jahangirpuri,28.733016,77.17197,North,CPCB,live,rolling_24h_mean,pm25,2026-09-24T11:00:00Z,38.14,ugm3
10113,ITI Jahangirpuri,28.733016,77.17197,North,CPCB,live,rolling_24h_mean,pm25,2026-09-24T13:00:00Z,50.32,ugm3
10113,ITI Jahangirpuri,28.733016,77.17197,North,CPCB,live,rolling_24h_mean,pm25,2026-09-24T16:00:00Z,77.77,ugm3
10113,ITI Jahangirpuri,28.733016,77.17197,North,CPCB,live,rolling_24h_mean,pm25,2026-09-24T17:00:00Z,77.77,ugm3
10113,ITI Jahangirpuri,28.733016,77.17197,North,CPCB,live,rolling_24h_mean,pm25,2026-09-24T18:00:00Z,77.77,ugm3
10113,ITI Jahangirpuri,28.733016,77.17197,North,CPCB,live,rolling_24h_mean,pm25,2026-09-24T22:00:00Z,77.77,ugm3
10113,ITI Jahangirpuri,28.733016,77.17197,North,CPCB,live,rolling_24h_mean,pm25,2026-09-25T00:00:00Z,77.77,ugm3
10113,ITI Jahangirpuri,28.733016,77.17197,North,CPCB,live,rolling_24h_mean,pm25,2026-09-25T02:00:00Z,77.77,ugm3
10113,ITI Jahangirpuri,28.733016,77.17197,North,CPCB,live,rolling_24h_mean,pm25,2026-09-25T03:00:00Z,77.77,ugm3
10113,ITI Jahangirpuri,28.733016,77.17197,North,CPCB,live,rolling_24h_mean,pm25,2026-09-25T05:00:00Z,77.77,ugm3
10113,ITI Jahangirpuri,28.733016,77.17197,North,CPCB,live,rolling_24h_mean,pm25,2026-09-25T07:00:00Z,5.16,ugm3
10113,ITI Jahangirpuri,28.733016,77.17197,North,CPCB,live,rolling_24h_mean,pm25,2026-09-25T08:00:00Z,13.29,ugm3
10113,ITI Jahangirpuri,28.733016,77.17197,North,CPCB,live,rolling_24h_mean,pm25,2026-09-25T09:00:00Z,20.42,ugm3
10113,ITI Jahangirpuri,28.733016,77.17197,North,CPCB,live,rolling_24h_mean,pm25,2026-09-25T10:00:00Z,13.29,ugm3
10113,ITI Jahangirpuri,28.733016,77.17197,North,CPCB,live,rolling_24h_mean,pm25,2026-09-25T11:00:00Z,13.29,ugm3
10113,ITI Jahangirpuri,28.733016,77.17197,North,CPCB,live,rolling_24h_mean,pm25,2026-09-25T12:00:00Z,18.99,ugm3
10113,ITI Jahangirpuri,28.733016,77.17197,North,CPCB,live,rolling_24h_mean,pm25,2026-09-25T13:00:00Z,27.08,ugm3
10113,ITI Jahangirpuri,28.733016,77.17197,North,CPCB,live,rolling_24h_mean,pm25,2026-09-25T14:00:00Z,28.51,ugm3
10113,ITI Jahangirpuri,28.733016,77.17197,North,CPCB,live,rolling_24h_mean,pm25,2026-09-25T15:00:00Z,36.11,ugm3
10113,ITI Jahangirpuri,28.733016,77.17197,North,CPCB,live,rolling_24h_mean,pm25,2026-09-25T16:00:00Z,46.26,ugm3
10113,ITI Jahangirpuri,28.733016,77.17197,North,CPCB,live,rolling_24h_mean,pm25,2026-09-25T17:00:00Z,35.16,ugm3
10113,ITI Jahangirpuri,28.733016,77.17197,North,CPCB,live,rolling_24h_mean,pm25,2026-09-25T18:00:00Z,40.17,ugm3
10113,ITI Jahangirpuri,28.733016,77.17197,North,CPCB,live,rolling_24h_mean,pm25,2026-09-25T19:00:00Z,24.23,ugm3
10113,ITI Jahangirpuri,28.733016,77.17197,North,CPCB,live,rolling_24h_mean,pm25,2026-09-25T20:00:00Z,16.14,ugm3
10113,ITI Jahangirpuri,28.733016,77.17197,North,CPCB,live,rolling_24h_mean,pm25,2026-09-25T21:00:00Z,16.14,ugm3
10113,ITI Jahangirpuri,28.733016,77.17197,North,CPCB,live,rolling_24h_mean,pm25,2026-09-25T22:00:00Z,11.16,ugm3
10113,ITI Jahangirpuri,28.733016,77.17197,North,CPCB,live,rolling_24h_mean,pm25,2026-09-25T23:00:00Z,11.16,ugm3
10113,ITI Jahangirpuri,28.733016,77.17197,North,CPCB,live,rolling_24h_mean,pm25,2026-09-26T00:00:00Z,20.42,ugm3
10113,ITI Jahangirpuri,28.733016,77.17197,North,CPCB,live,rolling_24h_mean,pm25,2026-09-26T01:00:00Z,33.74,ugm3
10113,ITI Jahangirpuri,28.733016,77.17197,North,CPCB,live,rolling_24h_mean,pm25,2026-09-26T02:00:00Z,24.23,ugm3
10113,ITI Jahangirpuri,28.733016,77.17197,North,CPCB,live,rolling_24h_mean,pm25,2026-09-26T03:00:00Z,20.42,ugm3
10113,ITI Jahangirpuri,28.733016,77.17197,North,CPCB,live,rolling_24h_mean,pm25,2026-09-26T04:00:00Z,33.26,ugm3
10113,ITI Jahangirpuri,28.733016,77.17197,North,CPCB,live,rolling_24h_mean,pm25,2026-09-26T05:00:00Z,38.14,ugm3
10113,ITI Jahangirpuri,28.733016,77.17197,North,CPCB,live,rolling_24h_mean,pm25,2026-09-26T06:00:00Z,20.42,ugm3
10113,ITI Jahangirpuri,28.733016,77.17197,North,CPCB,live,rolling_24h_mean,pm25,2026-09-26T07:00:00Z,20.42,ugm3
10113,ITI Jahangirpuri,28.733016,77.17197,North,CPCB,live,rolling_24h_mean,pm25,2026-09-26T08:00:00Z,9.24,ugm3
10113,ITI Jahangirpuri,28.733016,77.17197,North,CPCB,live,rolling_24h_mean,pm25,2026-09-26T09:00:00Z,17.09,ugm3
10113,ITI Jahangirpuri,28.733016,77.17197,North,CPCB,live,rolling_24h_mean,pm25,2026-09-26T10:00:00Z,5.16,ugm3
10113,ITI Jahangirpuri,28.733016,77.17197,North,CPCB,live,rolling_24h_mean,pm25,2026-09-26T11:00:00Z,6.12,ugm3
10113,ITI Jahangirpuri,28.733016,77.17197,North,CPCB,live,rolling_24h_mean,pm25,2026-09-26T12:00:00Z,6.12,ugm3
10113,ITI Jahangirpuri,28.733016,77.17197,North,CPCB,live,rolling_24h_mean,pm25,2026-09-26T13:00:00Z,9.24,ugm3
10113,ITI Jahangirpuri,28.733016,77.17197,North,CPCB,live,rolling_24h_mean,pm25,2026-09-26T14:00:00Z,11.16,ugm3
10113,ITI Jahangirpuri,28.733016,77.17197,North,CPCB,live,rolling_24h_mean,pm25,2026-09-26T15:00:00Z,12.12,ugm3
10113,ITI Jahangirpuri,28.733016,77.17197,North,CPCB,live,rolling_24h_mean,pm25,2026-09-26T16:00:00Z,14.24,ugm3
10114,Delhi Institute of Tool Engineering,28.700505,77.165603,North,CPCB,live,rolling_24h_mean,o3,2026-09-23T17:00:00Z,10.17,ugm3
10114,Delhi Institute of Tool Engineering,28.700505,77.165603,North,CPCB,live,rolling_24h_mean,o3,2026-09-23T18:00:00Z,12.29,ugm3
10114,Delhi Institute of Tool Engineering,28.700505,77.165603,North,CPCB,live,rolling_24h_mean,o3,2026-09-23T19:00:00Z,9.32,ugm3
10114,Delhi Institute of Tool Engineering,28.700505,77.165603,North,CPCB,live,rolling_24h_mean,o3,2026-09-23T20:00:00Z,9.32,ugm3
10114,Delhi Institute of Tool Engineering,28.700505,77.165603,North,CPCB,live,rolling_24h_mean,o3,2026-09-23T21:00:00Z,9.32,ugm3
10114,Delhi Institute of Tool Engineering,28.700505,77.165603,North,CPCB,live,rolling_24h_mean,o3,2026-09-23T22:00:00Z,9.32,ugm3
10114,Delhi Institute of Tool Engineering,28.700505,77.165603,North,CPCB,live,rolling_24h_mean,o3,2026-09-24T00:00:00Z,9.32,ugm3
10114,Delhi Institute of Tool Engineering,28.700505,77.165603,North,CPCB,live,rolling_24h_mean,o3,2026-09-24T03:00:00Z,8.91,ugm3
10114,Delhi Institute of Tool Engineering,28.700505,77.165603,North,CPCB,live,rolling_24h_mean,o3,2026-09-24T05:00:00Z,8.91,ugm3
10114,Delhi Institute of Tool Engineering,28.700505,77.165603,North,CPCB,live,rolling_24h_mean,o3,2026-09-24T06:00:00Z,8.91,ugm3
10114,Delhi Institute of Tool Engineering,28.700505,77.165603,North,CPCB,live,rolling_24h_mean,o3,2026-09-24T07:00:00Z,10.38,ugm3
10114,Delhi Institute of Tool Engineering,28.700505,77.165603,North,CPCB,live,rolling_24h_mean,o3,2026-09-24T10:00:00Z,10.6,ugm3
10114,Delhi Institute of Tool Engineering,28.700505,77.165603,North,CPCB,live,rolling_24h_mean,o3,2026-09-24T11:00:00Z,9.11,ugm3
10114,Delhi Institute of Tool Engineering,28.700505,77.165603,North,CPCB,live,rolling_24h_mean,o3,2026-09-24T13:00:00Z,9.54,ugm3
10114,Delhi Institute of Tool Engineering,28.700505,77.165603,North,CPCB,live,rolling_24h_mean,o3,2026-09-24T16:00:00Z,9.76,ugm3
10114,Delhi Institute of Tool Engineering,28.700505,77.165603,North,CPCB,live,rolling_24h_mean,o3,2026-09-24T17:00:00Z,8.48,ugm3
10114,Delhi Institute of Tool Engineering,28.700505,77.165603,North,CPCB,live,rolling_24h_mean,o3,2026-09-24T18:00:00Z,8.7,ugm3
10114,Delhi Institute of Tool Engineering,28.700505,77.165603,North,CPCB,live,rolling_24h_mean,o3,2026-09-24T22:00:00Z,7.85,ugm3
10114,Delhi Institute of Tool Engineering,28.700505,77.165603,North,CPCB,live,rolling_24h_mean,o3,2026-09-25T00:00:00Z,8.91,ugm3
10114,Delhi Institute of Tool Engineering,28.700505,77.165603,North,CPCB,live,rolling_24h_mean,o3,2026-09-25T02:00:00Z,8.91,ugm3
10114,Delhi Institute of Tool Engineering,28.700505,77.165603,North,CPCB,live,rolling_24h_mean,o3,2026-09-25T03:00:00Z,8.91,ugm3
10114,Delhi Institute of Tool Engineering,28.700505,77.165603,North,CPCB,live,rolling_24h_mean,o3,2026-09-25T05:00:00Z,8.91,ugm3
10114,Delhi Institute of Tool Engineering,28.700505,77.165603,North,CPCB,live,rolling_24h_mean,o3,2026-09-25T07:00:00Z,8.91,ugm3
10114,Delhi Institute of Tool Engineering,28.700505,77.165603,North,CPCB,live,rolling_24h_mean,o3,2026-09-25T08:00:00Z,8.91,ugm3
10114,Delhi Institute of Tool Engineering,28.700505,77.165603,North,CPCB,live,rolling_24h_mean,o3,2026-09-25T09:00:00Z,8.7,ugm3
10114,Delhi Institute of Tool Engineering,28.700505,77.165603,North,CPCB,live,rolling_24h_mean,o3,2026-09-25T10:00:00Z,8.05,ugm3
10114,Delhi Institute of Tool Engineering,28.700505,77.165603,North,CPCB,live,rolling_24h_mean,o3,2026-09-25T11:00:00Z,8.05,ugm3
10114,Delhi Institute of Tool Engineering,28.700505,77.165603,North,CPCB,live,rolling_24h_mean,o3,2026-09-25T12:00:00Z,8.26,ugm3
10114,Delhi Institute of Tool Engineering,28.700505,77.165603,North,CPCB,live,rolling_24h_mean,o3,2026-09-25T13:00:00Z,8.05,ugm3
10114,Delhi Institute of Tool Engineering,28.700505,77.165603,North,CPCB,live,rolling_24h_mean,o3,2026-09-25T14:00:00Z,7.85,ugm3
10114,Delhi Institute of Tool Engineering,28.700505,77.165603,North,CPCB,live,rolling_24h_mean,o3,2026-09-25T15:00:00Z,8.05,ugm3
10114,Delhi Institute of Tool Engineering,28.700505,77.165603,North,CPCB,live,rolling_24h_mean,o3,2026-09-25T16:00:00Z,8.7,ugm3
10114,Delhi Institute of Tool Engineering,28.700505,77.165603,North,CPCB,live,rolling_24h_mean,o3,2026-09-25T17:00:00Z,8.05,ugm3
10114,Delhi Institute of Tool Engineering,28.700505,77.165603,North,CPCB,live,rolling_24h_mean,o3,2026-09-25T18:00:00Z,8.48,ugm3
10114,Delhi Institute of Tool Engineering,28.700505,77.165603,North,CPCB,live,rolling_24h_mean,o3,2026-09-25T19:00:00Z,7.85,ugm3
10114,Delhi Institute of Tool Engineering,28.700505,77.165603,North,CPCB,live,rolling_24h_mean,o3,2026-09-25T20:00:00Z,7.85,ugm3
10114,Delhi Institute of Tool Engineering,28.700505,77.165603,North,CPCB,live,rolling_24h_mean,o3,2026-09-25T21:00:00Z,10.6,ugm3
10114,Delhi Institute of Tool Engineering,28.700505,77.165603,North,CPCB,live,rolling_24h_mean,o3,2026-09-25T22:00:00Z,9.11,ugm3
10114,Delhi Institute of Tool Engineering,28.700505,77.165603,North,CPCB,live,rolling_24h_mean,o3,2026-09-25T23:00:00Z,9.76,ugm3
10114,Delhi Institute of Tool Engineering,28.700505,77.165603,North,CPCB,live,rolling_24h_mean,o3,2026-09-26T00:00:00Z,9.76,ugm3
10114,Delhi Institute of Tool Engineering,28.700505,77.165603,North,CPCB,live,rolling_24h_mean,o3,2026-09-26T01:00:00Z,9.54,ugm3
10114,Delhi Institute of Tool Engineering,28.700505,77.165603,North,CPCB,live,rolling_24h_mean,o3,2026-09-26T02:00:00Z,9.11,ugm3
10114,Delhi Institute of Tool Engineering,28.700505,77.165603,North,CPCB,live,rolling_24h_mean,o3,2026-09-26T03:00:00Z,10.17,ugm3
10114,Delhi Institute of Tool Engineering,28.700505,77.165603,North,CPCB,live,rolling_24h_mean,o3,2026-09-26T04:00:00Z,9.76,ugm3
10114,Delhi Institute of Tool Engineering,28.700505,77.165603,North,CPCB,live,rolling_24h_mean,o3,2026-09-26T05:00:00Z,10.82,ugm3
10114,Delhi Institute of Tool Engineering,28.700505,77.165603,North,CPCB,live,rolling_24h_mean,o3,2026-09-26T06:00:00Z,8.91,ugm3
10114,Delhi Institute of Tool Engineering,28.700505,77.165603,North,CPCB,live,rolling_24h_mean,o3,2026-09-26T07:00:00Z,7.85,ugm3
10114,Delhi Institute of Tool Engineering,28.700505,77.165603,North,CPCB,live,rolling_24h_mean,o3,2026-09-26T08:00:00Z,8.26,ugm3
10114,Delhi Institute of Tool Engineering,28.700505,77.165603,North,CPCB,live,rolling_24h_mean,o3,2026-09-26T09:00:00Z,8.26,ugm3
10114,Delhi Institute of Tool Engineering,28.700505,77.165603,North,CPCB,live,rolling_24h_mean,o3,2026-09-26T10:00:00Z,8.26,ugm3
10114,Delhi Institute of Tool Engineering,28.700505,77.165603,North,CPCB,live,rolling_24h_mean,o3,2026-09-26T11:00:00Z,7.42,ugm3
10114,Delhi Institute of Tool Engineering,28.700505,77.165603,North,CPCB,live,rolling_24h_mean,o3,2026-09-26T12:00:00Z,7.85,ugm3
10114,Delhi Institute of Tool Engineering,28.700505,77.165603,North,CPCB,live,rolling_24h_mean,o3,2026-09-26T13:00:00Z,11.66,ugm3
10114,Delhi Institute of Tool Engineering,28.700505,77.165603,North,CPCB,live,rolling_24h_mean,o3,2026-09-26T14:00:00Z,8.05,ugm3
10114,Delhi Institute of Tool Engineering,28.700505,77.165603,North,CPCB,live,rolling_24h_mean,o3,2026-09-26T15:00:00Z,6.99,ugm3
10114,Delhi Institute of Tool Engineering,28.700505,77.165603,North,CPCB,live,rolling_24h_mean,o3,2026-09-26T16:00:00Z,9.11,ugm3
10114,Delhi Institute of Tool Engineering,28.700505,77.165603,North,CPCB,live,rolling_24h_mean,pm10,2026-09-23T17:00:00Z,222.68,ugm3
10114,Delhi Institute of Tool Engineering,28.700505,77.165603,North,CPCB,live,rolling_24h_mean,pm10,2026-09-23T18:00:00Z,242.89,ugm3
10114,Delhi Institute of Tool Engineering,28.700505,77.165603,North,CPCB,live,rolling_24h_mean,pm10,2026-09-23T19:00:00Z,240.87,ugm3
10114,Delhi Institute of Tool Engineering,28.700505,77.165603,North,CPCB,live,rolling_24h_mean,pm10,2026-09-23T20:00:00Z,240.87,ugm3
10114,Delhi Institute of Tool Engineering,28.700505,77.165603,North,CPCB,live,rolling_24h_mean,pm10,2026-09-23T21:00:00Z,240.87,ugm3
10114,Delhi Institute of Tool Engineering,28.700505,77.165603,North,CPCB,live,rolling_24h_mean,pm10,2026-09-23T22:00:00Z,308.54,ugm3
10114,Delhi Institute of Tool Engineering,28.700505,77.165603,North,CPCB,live,rolling_24h_mean,pm10,2026-09-24T00:00:00Z,308.54,ugm3
10114,Delhi Institute of Tool Engineering,28.700505,77.165603,North,CPCB,live,rolling_24h_mean,pm10,2026-09-24T03:00:00Z,184.3,ugm3
10114,Delhi Institute of Tool Engineering,28.700505,77.165603,North,CPCB,live,rolling_24h_mean,pm10,2026-09-24T05:00:00Z,184.3,ugm3
10114,Delhi Institute of Tool Engineering,28.700505,77.165603,North,CPCB,live,rolling_24h_mean,pm10,2026-09-24T06:00:00Z,184.3,ugm3
10114,Delhi Institute of Tool Engineering,28.700505,77.165603,North,CPCB,live,rolling_24h_mean,pm10,2026-09-24T07:00:00Z,200.46,ugm3
10114,Delhi Institute of Tool Engineering,28.700505,77.165603,North,CPCB,live,rolling_24h_mean,pm10,2026-09-24T10:00:00Z,260.05,ugm3
10114,Delhi Institute of Tool Engineering,28.700505,77.165603,North,CPCB,live,rolling_24h_mean,pm10,2026-09-24T11:00:00Z,255.01,ugm3
10114,Delhi Institute of Tool Engineering,28.700505,77.165603,North,CPCB,live,rolling_24h_mean,pm10,2026-09-24T13:00:00Z,298.44,ugm3
10114,Delhi Institute of Tool Engineering,28.700505,77.165603,North,CPCB,live,rolling_24h_mean,pm10,2026-09-24T16:00:00Z,356.74,ugm3
10114,Delhi Institute of Tool Engineering,28.700505,77.165603,North,CPCB,live,rolling_24h_mean,pm10,2026-09-24T17:00:00Z,184.3,ugm3
10114,Delhi Institute of Tool Engineering,28.700505,77.165603,North,CPCB,live,rolling_24h_mean,pm10,2026-09-24T18:00:00Z,150.97,ugm3
10114,Delhi Institute of Tool Engineering,28.700505,77.165603,North,CPCB,live,rolling_24h_mean,pm10,2026-09-24T22:00:00Z,66.11,ugm3
10114,Delhi Institute of Tool Engineering,28.700505,77.165603,North,CPCB,live,rolling_24h_mean,pm10,2026-09-25T00:00:00Z,34.02,ugm3
10114,Delhi Institute of Tool Engineering,28.700505,77.165603,North,CPCB,live,rolling_24h_mean,pm10,2026-09-25T02:00:00Z,34.02,ugm3
10114,Delhi Institute of Tool Engineering,28.700505,77.165603,North,CPCB,live,rolling_24h_mean,pm10,2026-09-25T03:00:00Z,34.02,ugm3
10114,Delhi Institute of Tool Engineering,28.700505,77.165603,North,CPCB,live,rolling_24h_mean,pm10,2026-09-25T05:00:00Z,162.07,ugm3
10114,Delhi Institute of Tool Engineering,28.700505,77.165603,North,CPCB,live,rolling_24h_mean,pm10,2026-09-25T07:00:00Z,194.4,ugm3
10114,Delhi Institute of Tool Engineering,28.700505,77.165603,North,CPCB,live,rolling_24h_mean,pm10,2026-09-25T08:00:00Z,194.4,ugm3
10114,Delhi Institute of Tool Engineering,28.700505,77.165603,North,CPCB,live,rolling_24h_mean,pm10,2026-09-25T09:00:00Z,168.13,ugm3
10114,Delhi Institute of Tool Engineering,28.700505,77.165603,North,CPCB,live,rolling_24h_mean,pm10,2026-09-25T10:00:00Z,130.77,ugm3
10114,Delhi Institute of Tool Engineering,28.700505,77.165603,North,CPCB,live,rolling_24h_mean,pm10,2026-09-25T11:00:00Z,130.77,ugm3
10114,Delhi Institute of Tool Engineering,28.700505,77.165603,North,CPCB,live,rolling_24h_mean,pm10,2026-09-25T12:00:00Z,244.91,ugm3
10114,Delhi Institute of Tool Engineering,28.700505,77.165603,North,CPCB,live,rolling_24h_mean,pm10,2026-09-25T13:00:00Z,216.62,ugm3
10114,Delhi Institute of Tool Engineering,28.700505,77.165603,North,CPCB,live,rolling_24h_mean,pm10,2026-09-25T14:00:00Z,262.07,ugm3
10114,Delhi Institute of Tool Engineering,28.700505,77.165603,North,CPCB,live,rolling_24h_mean,pm10,2026-09-25T15:00:00Z,260.05,ugm3
10114,Delhi Institute of Tool Engineering,28.700505,77.165603,North,CPCB,live,rolling_24h_mean,pm10,2026-09-25T16:00:00Z,268.13,ugm3
10114,Delhi Institute of Tool Engineering,28.700505,77.165603,North,CPCB,live,rolling_24h_mean,pm10,2026-09-25T17:00:00Z,206.52,ugm3
10114,Delhi Institute of Tool Engineering,28.700505,77.165603,North,CPCB,live,rolling_24h_mean,pm10,2026-09-25T18:00:00Z,106.52,ugm3
10114,Delhi Institute of Tool Engineering,28.700505,77.165603,North,CPCB,live,rolling_24h_mean,pm10,2026-09-25T19:00:00Z,102.48,ugm3
10114,Delhi Institute of Tool Engineering,28.700505,77.165603,North,CPCB,live,rolling_24h_mean,pm10,2026-09-25T20:00:00Z,56.01,ugm3
10114,Delhi Institute of Tool Engineering,28.700505,77.165603,North,CPCB,live,rolling_24h_mean,pm10,2026-09-25T21:00:00Z,68.13,ugm3
10114,Delhi Institute of Tool Engineering,28.700505,77.165603,North,CPCB,live,rolling_24h_mean,pm10,2026-09-25T22:00:00Z,56.01,ugm3
10114,Delhi Institute of Tool Engineering,28.700505,77.165603,North,CPCB,live,rolling_24h_mean,pm10,2026-09-25T23:00:00Z,58.03,ugm3
10114,Delhi Institute of Tool Engineering,28.700505,77.165603,North,CPCB,live,rolling_24h_mean,pm10,2026-09-26T00:00:00Z,45.9,ugm3
10114,Delhi Institute of Tool Engineering,28.700505,77.165603,North,CPCB,live,rolling_24h_mean,pm10,2026-09-26T01:00:00Z,54.54,ugm3
10114,Delhi Institute of Tool Engineering,28.700505,77.165603,North,CPCB,live,rolling_24h_mean,pm10,2026-09-26T02:00:00Z,78.23,ugm3
10114,Delhi Institute of Tool Engineering,28.700505,77.165603,North,CPCB,live,rolling_24h_mean,pm10,2026-09-26T03:00:00Z,160.05,ugm3
10114,Delhi Institute of Tool Engineering,28.700505,77.165603,North,CPCB,live,rolling_24h_mean,pm10,2026-09-26T04:00:00Z,222.68,ugm3
10114,Delhi Institute of Tool Engineering,28.700505,77.165603,North,CPCB,live,rolling_24h_mean,pm10,2026-09-26T05:00:00Z,196.42,ugm3
10114,Delhi Institute of Tool Engineering,28.700505,77.165603,North,CPCB,live,rolling_24h_mean,pm10,2026-09-26T06:00:00Z,226.72,ugm3
10114,Delhi Institute of Tool Engineering,28.700505,77.165603,North,CPCB,live,rolling_24h_mean,pm10,2026-09-26T07:00:00Z,180.26,ugm3
10114,Delhi Institute of Tool Engineering,28.700505,77.165603,North,CPCB,live,rolling_24h_mean,pm10,2026-09-26T08:00:00Z,202.48,ugm3
10114,Delhi Institute of Tool Engineering,28.700505,77.165603,North,CPCB,live,rolling_24h_mean,pm10,2026-09-26T09:00:00Z,140.87,ugm3
10114,Delhi Institute of Tool Engineering,28.700505,77.165603,North,CPCB,live,rolling_24h_mean,pm10,2026-09-26T10:00:00Z,166.11,ugm3
10114,Delhi Institute of Tool Engineering,28.700505,77.165603,North,CPCB,live,rolling_24h_mean,pm10,2026-09-26T11:00:00Z,144.91,ugm3
10114,Delhi Institute of Tool Engineering,28.700505,77.165603,North,CPCB,live,rolling_24h_mean,pm10,2026-09-26T12:00:00Z,156.01,ugm3
10114,Delhi Institute of Tool Engineering,28.700505,77.165603,North,CPCB,live,rolling_24h_mean,pm10,2026-09-26T13:00:00Z,24.3,ugm3
10114,Delhi Institute of Tool Engineering,28.700505,77.165603,North,CPCB,live,rolling_24h_mean,pm10,2026-09-26T14:00:00Z,30.78,ugm3
10114,Delhi Institute of Tool Engineering,28.700505,77.165603,North,CPCB,live,rolling_24h_mean,pm10,2026-09-26T15:00:00Z,41.58,ugm3
10114,Delhi Institute of Tool Engineering,28.700505,77.165603,North,CPCB,live,rolling_24h_mean,pm10,2026-09-26T16:00:00Z,16.74,ugm3
10114,Delhi Institute of Tool Engineering,28.700505,77.165603,North,CPCB,live,rolling_24h_mean,pm25,2026-09-23T17:00:00Z,87.46,ugm3
10114,Delhi Institute of Tool Engineering,28.700505,77.165603,North,CPCB,live,rolling_24h_mean,pm25,2026-09-23T18:00:00Z,91.33,ugm3
10114,Delhi Institute of Tool Engineering,28.700505,77.165603,North,CPCB,live,rolling_24h_mean,pm25,2026-09-23T19:00:00Z,108.76,ugm3
10114,Delhi Institute of Tool Engineering,28.700505,77.165603,North,CPCB,live,rolling_24h_mean,pm25,2026-09-23T20:00:00Z,108.76,ugm3
10114,Delhi Institute of Tool Engineering,28.700505,77.165603,North,CPCB,live,rolling_24h_mean,pm25,2026-09-23T21:00:00Z,108.76,ugm3
10114,Delhi Institute of Tool Engineering,28.700505,77.165603,North,CPCB,live,rolling_24h_mean,pm25,2026-09-23T22:00:00Z,174.21,ugm3
10114,Delhi Institute of Tool Engineering,28.700505,77.165603,North,CPCB,live,rolling_24h_mean,pm25,2026-09-24T00:00:00Z,174.21,ugm3
10114,Delhi Institute of Tool Engineering,28.700505,77.165603,North,CPCB,live,rolling_24h_mean,pm25,2026-09-24T03:00:00Z,45.04,ugm3
10114,Delhi Institute of Tool Engineering,28.700505,77.165603,North,CPCB,live,rolling_24h_mean,pm25,2026-09-24T05:00:00Z,45.04,ugm3
10114,Delhi Institute of Tool Engineering,28.700505,77.165603,North,CPCB,live,rolling_24h_mean,pm25,2026-09-24T06:00:00Z,45.04,ugm3
10114,Delhi Institute of Tool Engineering,28.700505,77.165603,North,CPCB,live,rolling_24h_mean,pm25,2026-09-24T07:00:00Z,18.04,ugm3
10114,Delhi Institute of Tool Engineering,28.700505,77.165603,North,CPCB,live,rolling_24h_mean,pm25,2026-09-24T10:00:00Z,60.34,ugm3
10114,Delhi Institute of Tool Engineering,28.700505,77.165603,North,CPCB,live,rolling_24h_mean,pm25,2026-09-24T11:00:00Z,70.03,ugm3
10114,Delhi Institute of Tool Engineering,28.700505,77.165603,North,CPCB,live,rolling_24h_mean,pm25,2026-09-24T13:00:00Z,62.28,ugm3
10114,Delhi Institute of Tool Engineering,28.700505,77.165603,North,CPCB,live,rolling_24h_mean,pm25,2026-09-24T16:00:00Z,73.9,ugm3
10114,Delhi Institute of Tool Engineering,28.700505,77.165603,North,CPCB,live,rolling_24h_mean,pm25,2026-09-24T17:00:00Z,17.09,ugm3
10114,Delhi Institute of Tool Engineering,28.700505,77.165603,North,CPCB,live,rolling_24h_mean,pm25,2026-09-24T18:00:00Z,22.32,ugm3
10114,Delhi Institute of Tool Engineering,28.700505,77.165603,North,CPCB,live,rolling_24h_mean,pm25,2026-09-24T22:00:00Z,12.12,ugm3
10114,Delhi Institute of Tool Engineering,28.700505,77.165603,North,CPCB,live,rolling_24h_mean,pm25,2026-09-25T00:00:00Z,5.16,ugm3
10114,Delhi Institute of Tool Engineering,28.700505,77.165603,North,CPCB,live,rolling_24h_mean,pm25,2026-09-25T02:00:00Z,5.16,ugm3
10114,Delhi Institute of Tool Engineering,28.700505,77.165603,North,CPCB,live,rolling_24h_mean,pm25,2026-09-25T03:00:00Z,5.16,ugm3
10114,Delhi Institute of Tool Engineering,28.700505,77.165603,North,CPCB,live,rolling_24h_mean,pm25,2026-09-25T05:00:00Z,24.23,ugm3
10114,Delhi Institute of Tool Engineering,28.700505,77.165603,North,CPCB,live,rolling_24h_mean,pm25,2026-09-25T07:00:00Z,20.42,ugm3
10114,Delhi Institute of Tool Engineering,28.700505,77.165603,North,CPCB,live,rolling_24h_mean,pm25,2026-09-25T08:00:00Z,20.42,ugm3
10114,Delhi Institute of Tool Engineering,28.700505,77.165603,North,CPCB,live,rolling_24h_mean,pm25,2026-09-25T09:00:00Z,8.28,ugm3
10114,Delhi Institute of Tool Engineering,28.700505,77.165603,North,CPCB,live,rolling_24h_mean,pm25,2026-09-25T10:00:00Z,17.09,ugm3
10114,Delhi Institute of Tool Engineering,28.700505,77.165603,North,CPCB,live,rolling_24h_mean,pm25,2026-09-25T11:00:00Z,17.09,ugm3
10114,Delhi Institute of Tool Engineering,28.700505,77.165603,North,CPCB,live,rolling_24h_mean,pm25,2026-09-25T12:00:00Z,28.51,ugm3
10114,Delhi Institute of Tool Engineering,28.700505,77.165603,North,CPCB,live,rolling_24h_mean,pm25,2026-09-25T13:00:00Z,34.21,ugm3
10114,Delhi Institute of Tool Engineering,28.700505,77.165603,North,CPCB,live,rolling_24h_mean,pm25,2026-09-25T14:00:00Z,46.26,ugm3
10114,Delhi Institute of Tool Engineering,28.700505,77.165603,North,CPCB,live,rolling_24h_mean,pm25,2026-09-25T15:00:00Z,35.16,ugm3
10114,Delhi Institute of Tool Engineering,28.700505,77.165603,North,CPCB,live,rolling_24h_mean,pm25,2026-09-25T16:00:00Z,48.29,ugm3
10114,Delhi Institute of Tool Engineering,28.700505,77.165603,North,CPCB,live,rolling_24h_mean,pm25,2026-09-25T17:00:00Z,45.04,ugm3
10114,Delhi Institute of Tool Engineering,28.700505,77.165603,North,CPCB,live,rolling_24h_mean,pm25,2026-09-25T18:00:00Z,17.09,ugm3
10114,Delhi Institute of Tool Engineering,28.700505,77.165603,North,CPCB,live,rolling_24h_mean,pm25,2026-09-25T19:00:00Z,30.41,ugm3
10114,Delhi Institute of Tool Engineering,28.700505,77.165603,North,CPCB,live,rolling_24h_mean,pm25,2026-09-25T20:00:00Z,9.24,ugm3
10114,Delhi Institute of Tool Engineering,28.700505,77.165603,North,CPCB,live,rolling_24h_mean,pm25,2026-09-25T21:00:00Z,14.24,ugm3
10114,Delhi Institute of Tool Engineering,28.700505,77.165603,North,CPCB,live,rolling_24h_mean,pm25,2026-09-25T22:00:00Z,18.04,ugm3
10114,Delhi Institute of Tool Engineering,28.700505,77.165603,North,CPCB,live,rolling_24h_mean,pm25,2026-09-25T23:00:00Z,8.28,ugm3
10114,Delhi Institute of Tool Engineering,28.700505,77.165603,North,CPCB,live,rolling_24h_mean,pm25,2026-09-26T00:00:00Z,2.28,ugm3
10114,Delhi Institute of Tool Engineering,28.700505,77.165603,North,CPCB,live,rolling_24h_mean,pm25,2026-09-26T01:00:00Z,1.32,ugm3
10114,Delhi Institute of Tool Engineering,28.700505,77.165603,North,CPCB,live,rolling_24h_mean,pm25,2026-09-26T02:00:00Z,7.32,ugm3
10114,Delhi Institute of Tool Engineering,28.700505,77.165603,North,CPCB,live,rolling_24h_mean,pm25,2026-09-26T03:00:00Z,44.23,ugm3
10114,Delhi Institute of Tool Engineering,28.700505,77.165603,North,CPCB,live,rolling_24h_mean,pm25,2026-09-26T04:00:00Z,24.23,ugm3
10114,Delhi Institute of Tool Engineering,28.700505,77.165603,North,CPCB,live,rolling_24h_mean,pm25,2026-09-26T05:00:00Z,27.08,ugm3
10114,Delhi Institute of Tool Engineering,28.700505,77.165603,North,CPCB,live,rolling_24h_mean,pm25,2026-09-26T06:00:00Z,55.2,ugm3
10114,Delhi Institute of Tool Engineering,28.700505,77.165603,North,CPCB,live,rolling_24h_mean,pm25,2026-09-26T07:00:00Z,20.42,ugm3
10114,Delhi Institute of Tool Engineering,28.700505,77.165603,North,CPCB,live,rolling_24h_mean,pm25,2026-09-26T08:00:00Z,27.08,ugm3
10114,Delhi Institute of Tool Engineering,28.700505,77.165603,North,CPCB,live,rolling_24h_mean,pm25,2026-09-26T09:00:00Z,17.09,ugm3
10114,Delhi Institute of Tool Engineering,28.700505,77.165603,North,CPCB,live,rolling_24h_mean,pm25,2026-09-26T10:00:00Z,1.32,ugm3
10114,Delhi Institute of Tool Engineering,28.700505,77.165603,North,CPCB,live,rolling_24h_mean,pm25,2026-09-26T11:00:00Z,6.12,ugm3
10114,Delhi Institute of Tool Engineering,28.700505,77.165603,North,CPCB,live,rolling_24h_mean,pm25,2026-09-26T12:00:00Z,11.16,ugm3
10114,Delhi Institute of Tool Engineering,28.700505,77.165603,North,CPCB,live,rolling_24h_mean,pm25,2026-09-26T13:00:00Z,8.28,ugm3
10114,Delhi Institute of Tool Engineering,28.700505,77.165603,North,CPCB,live,rolling_24h_mean,pm25,2026-09-26T14:00:00Z,6.12,ugm3
10114,Delhi Institute of Tool Engineering,28.700505,77.165603,North,CPCB,live,rolling_24h_mean,pm25,2026-09-26T15:00:00Z,7.32,ugm3
10114,Delhi Institute of Tool Engineering,28.700505,77.165603,North,CPCB,live,rolling_24h_mean,pm25,2026-09-26T16:00:00Z,3.24,ugm3
10115,Satyawati College,28.69572,77.181295,North,CPCB,live,rolling_24h_mean,o3,2026-09-23T17:00:00Z,12.29,ugm3
10115,Satyawati College,28.69572,77.181295,North,CPCB,live,rolling_24h_mean,o3,2026-09-23T18:00:00Z,12.94,ugm3
10115,Satyawati College,28.69572,77.181295,North,CPCB,live,rolling_24h_mean,o3,2026-09-23T19:00:00Z,13.15,ugm3
10115,Satyawati College,28.69572,77.181295,North,CPCB,live,rolling_24h_mean,o3,2026-09-23T20:00:00Z,12.94,ugm3
10115,Satyawati College,28.69572,77.181295,North,CPCB,live,rolling_24h_mean,o3,2026-09-23T21:00:00Z,12.72,ugm3
10115,Satyawati College,28.69572,77.181295,North,CPCB,live,rolling_24h_mean,o3,2026-09-23T22:00:00Z,12.94,ugm3
10115,Satyawati College,28.69572,77.181295,North,CPCB,live,rolling_24h_mean,o3,2026-09-24T00:00:00Z,12.5,ugm3
10115,Satyawati College,28.69572,77.181295,North,CPCB,live,rolling_24h_mean,o3,2026-09-24T03:00:00Z,12.94,ugm3
10115,Satyawati College,28.69572,77.181295,North,CPCB,live,rolling_24h_mean,o3,2026-09-24T05:00:00Z,12.09,ugm3
10115,Satyawati College,28.69572,77.181295,North,CPCB,live,rolling_24h_mean,o3,2026-09-24T06:00:00Z,10.38,ugm3
10115,Satyawati College,28.69572,77.181295,North,CPCB,live,rolling_24h_mean,o3,2026-09-24T07:00:00Z,8.7,ugm3
10115,Satyawati College,28.69572,77.181295,North,CPCB,live,rolling_24h_mean,o3,2026-09-24T10:00:00Z,6.14,ugm3
10115,Satyawati College,28.69572,77.181295,North,CPCB,live,rolling_24h_mean,o3,2026-09-24T11:00:00Z,6.36,ugm3
10115,Satyawati College,28.69572,77.181295,North,CPCB,live,rolling_24h_mean,o3,2026-09-24T13:00:00Z,5.73,ugm3
10115,Satyawati College,28.69572,77.181295,North,CPCB,live,rolling_24h_mean,o3,2026-09-24T16:00:00Z,11.23,ugm3
10115,Satyawati College,28.69572,77.181295,North,CPCB,live,rolling_24h_mean,o3,2026-09-24T17:00:00Z,12.29,ugm3
10115,Satyawati College,28.69572,77.181295,North,CPCB,live,rolling_24h_mean,o3,2026-09-24T18:00:00Z,12.5,ugm3
10115,Satyawati College,28.69572,77.181295,North,CPCB,live,rolling_24h_mean,o3,2026-09-24T22:00:00Z,12.94,ugm3
10115,Satyawati College,28.69572,77.181295,North,CPCB,live,rolling_24h_mean,o3,2026-09-25T00:00:00Z,12.94,ugm3
10115,Satyawati College,28.69572,77.181295,North,CPCB,live,rolling_24h_mean,o3,2026-09-25T02:00:00Z,12.94,ugm3
10115,Satyawati College,28.69572,77.181295,North,CPCB,live,rolling_24h_mean,o3,2026-09-25T03:00:00Z,12.94,ugm3
10115,Satyawati College,28.69572,77.181295,North,CPCB,live,rolling_24h_mean,o3,2026-09-25T05:00:00Z,11.88,ugm3
10115,Satyawati College,28.69572,77.181295,North,CPCB,live,rolling_24h_mean,o3,2026-09-25T11:00:00Z,8.48,ugm3
10115,Satyawati College,28.69572,77.181295,North,CPCB,live,rolling_24h_mean,o3,2026-09-25T12:00:00Z,10.17,ugm3
10115,Satyawati College,28.69572,77.181295,North,CPCB,live,rolling_24h_mean,o3,2026-09-25T13:00:00Z,11.66,ugm3
10115,Satyawati College,28.69572,77.181295,North,CPCB,live,rolling_24h_mean,o3,2026-09-25T14:00:00Z,12.72,ugm3
10115,Satyawati College,28.69572,77.181295,North,CPCB,live,rolling_24h_mean,o3,2026-09-25T15:00:00Z,12.94,ugm3
10115,Satyawati College,28.69572,77.181295,North,CPCB,live,rolling_24h_mean,o3,2026-09-25T16:00:00Z,13.35,ugm3
10115,Satyawati College,28.69572,77.181295,North,CPCB,live,rolling_24h_mean,o3,2026-09-25T17:00:00Z,13.56,ugm3
10115,Satyawati College,28.69572,77.181295,North,CPCB,live,rolling_24h_mean,o3,2026-09-25T18:00:00Z,14.0,ugm3
10115,Satyawati College,28.69572,77.181295,North,CPCB,live,rolling_24h_mean,o3,2026-09-25T19:00:00Z,13.35,ugm3
10115,Satyawati College,28.69572,77.181295,North,CPCB,live,rolling_24h_mean,o3,2026-09-25T20:00:00Z,13.35,ugm3
10115,Satyawati College,28.69572,77.181295,North,CPCB,live,rolling_24h_mean,o3,2026-09-25T21:00:00Z,13.15,ugm3
10115,Satyawati College,28.69572,77.181295,North,CPCB,live,rolling_24h_mean,o3,2026-09-25T22:00:00Z,13.15,ugm3
10115,Satyawati College,28.69572,77.181295,North,CPCB,live,rolling_24h_mean,o3,2026-09-25T23:00:00Z,13.35,ugm3
10115,Satyawati College,28.69572,77.181295,North,CPCB,live,rolling_24h_mean,o3,2026-09-26T00:00:00Z,12.72,ugm3
10115,Satyawati College,28.69572,77.181295,North,CPCB,live,rolling_24h_mean,o3,2026-09-26T01:00:00Z,12.5,ugm3
10115,Satyawati College,28.69572,77.181295,North,CPCB,live,rolling_24h_mean,o3,2026-09-26T02:00:00Z,12.94,ugm3
10115,Satyawati College,28.69572,77.181295,North,CPCB,live,rolling_24h_mean,o3,2026-09-26T03:00:00Z,12.72,ugm3
10115,Satyawati College,28.69572,77.181295,North,CPCB,live,rolling_24h_mean,o3,2026-09-26T04:00:00Z,12.29,ugm3
10115,Satyawati College,28.69572,77.181295,North,CPCB,live,rolling_24h_mean,o3,2026-09-26T05:00:00Z,12.29,ugm3
10115,Satyawati College,28.69572,77.181295,North,CPCB,live,rolling_24h_mean,o3,2026-09-26T06:00:00Z,11.88,ugm3
10115,Satyawati College,28.69572,77.181295,North,CPCB,live,rolling_24h_mean,o3,2026-09-26T07:00:00Z,12.09,ugm3
10115,Satyawati College,28.69572,77.181295,North,CPCB,live,rolling_24h_mean,o3,2026-09-26T08:00:00Z,12.09,ugm3
10115,Satyawati College,28.69572,77.181295,North,CPCB,live,rolling_24h_mean,o3,2026-09-26T09:00:00Z,12.09,ugm3
10115,Satyawati College,28.69572,77.181295,North,CPCB,live,rolling_24h_mean,o3,2026-09-26T10:00:00Z,12.94,ugm3
10115,Satyawati College,28.69572,77.181295,North,CPCB,live,rolling_24h_mean,o3,2026-09-26T11:00:00Z,12.09,ugm3
10115,Satyawati College,28.69572,77.181295,North,CPCB,live,rolling_24h_mean,o3,2026-09-26T12:00:00Z,12.09,ugm3
10115,Satyawati College,28.69572,77.181295,North,CPCB,live,rolling_24h_mean,o3,2026-09-26T13:00:00Z,12.5,ugm3
10115,Satyawati College,28.69572,77.181295,North,CPCB,live,rolling_24h_mean,o3,2026-09-26T14:00:00Z,12.5,ugm3
10115,Satyawati College,28.69572,77.181295,North,CPCB,live,rolling_24h_mean,o3,2026-09-26T15:00:00Z,12.5,ugm3
10115,Satyawati College,28.69572,77.181295,North,CPCB,live,rolling_24h_mean,o3,2026-09-26T16:00:00Z,12.5,ugm3
10115,Satyawati College,28.69572,77.181295,North,CPCB,live,rolling_24h_mean,pm10,2026-09-23T17:00:00Z,210.56,ugm3
10115,Satyawati College,28.69572,77.181295,North,CPCB,live,rolling_24h_mean,pm10,2026-09-23T18:00:00Z,160.05,ugm3
10115,Satyawati College,28.69572,77.181295,North,CPCB,live,rolling_24h_mean,pm10,2026-09-23T19:00:00Z,200.46,ugm3
10115,Satyawati College,28.69572,77.181295,North,CPCB,live,rolling_24h_mean,pm10,2026-09-23T20:00:00Z,222.68,ugm3
10115,Satyawati College,28.69572,77.181295,North,CPCB,live,rolling_24h_mean,pm10,2026-09-23T21:00:00Z,226.72,ugm3
10115,Satyawati College,28.69572,77.181295,North,CPCB,live,rolling_24h_mean,pm10,2026-09-23T22:00:00Z,196.42,ugm3
10115,Satyawati College,28.69572,77.181295,North,CPCB,live,rolling_24h_mean,pm10,2026-09-24T00:00:00Z,84.3,ugm3
10115,Satyawati College,28.69572,77.181295,North,CPCB,live,rolling_24h_mean,pm10,2026-09-24T03:00:00Z,96.42,ugm3
10115,Satyawati College,28.69572,77.181295,North,CPCB,live,rolling_24h_mean,pm10,2026-09-24T05:00:00Z,88.34,ugm3
10115,Satyawati College,28.69572,77.181295,North,CPCB,live,rolling_24h_mean,pm10,2026-09-24T06:00:00Z,66.11,ugm3
10115,Satyawati College,28.69572,77.181295,North,CPCB,live,rolling_24h_mean,pm10,2026-09-24T07:00:00Z,84.3,ugm3
10115,Satyawati College,28.69572,77.181295,North,CPCB,live,rolling_24h_mean,pm10,2026-09-24T10:00:00Z,96.42,ugm3
10115,Satyawati College,28.69572,77.181295,North,CPCB,live,rolling_24h_mean,pm10,2026-09-24T11:00:00Z,94.4,ugm3
10115,Satyawati College,28.69572,77.181295,North,CPCB,live,rolling_24h_mean,pm10,2026-09-24T13:00:00Z,134.81,ugm3
10115,Satyawati College,28.69572,77.181295,North,CPCB,live,rolling_24h_mean,pm10,2026-09-24T16:00:00Z,144.91,ugm3
10115,Satyawati College,28.69572,77.181295,North,CPCB,live,rolling_24h_mean,pm10,2026-09-24T17:00:00Z,76.21,ugm3
10115,Satyawati College,28.69572,77.181295,North,CPCB,live,rolling_24h_mean,pm10,2026-09-24T18:00:00Z,64.09,ugm3
10115,Satyawati College,28.69572,77.181295,North,CPCB,live,rolling_24h_mean,pm10,2026-09-24T22:00:00Z,60.05,ugm3
10115,Satyawati College,28.69572,77.181295,North,CPCB,live,rolling_24h_mean,pm10,2026-09-25T00:00:00Z,60.05,ugm3
10115,Satyawati College,28.69572,77.181295,North,CPCB,live,rolling_24h_mean,pm10,2026-09-25T02:00:00Z,60.05,ugm3
10115,Satyawati College,28.69572,77.181295,North,CPCB,live,rolling_24h_mean,pm10,2026-09-25T03:00:00Z,60.05,ugm3
10115,Satyawati College,28.69572,77.181295,North,CPCB,live,rolling_24h_mean,pm10,2026-09-25T05:00:00Z,60.05,ugm3
10115,Satyawati College,28.69572,77.181295,North,CPCB,live,rolling_24h_mean,pm10,2026-09-25T11:00:00Z,82.28,ugm3
10115,Satyawati College,28.69572,77.181295,North,CPCB,live,rolling_24h_mean,pm10,2026-09-25T12:00:00Z,84.3,ugm3
10115,Satyawati College,28.69572,77.181295,North,CPCB,live,rolling_24h_mean,pm10,2026-09-25T13:00:00Z,104.5,ugm3
10115,Satyawati College,28.69572,77.181295,North,CPCB,live,rolling_24h_mean,pm10,2026-09-25T14:00:00Z,112.58,ugm3
10115,Satyawati College,28.69572,77.181295,North,CPCB,live,rolling_24h_mean,pm10,2026-09-25T15:00:00Z,90.36,ugm3
10115,Satyawati College,28.69572,77.181295,North,CPCB,live,rolling_24h_mean,pm10,2026-09-25T16:00:00Z,100.46,ugm3
10115,Satyawati College,28.69572,77.181295,North,CPCB,live,rolling_24h_mean,pm10,2026-09-25T17:00:00Z,90.36,ugm3
10115,Satyawati College,28.69572,77.181295,North,CPCB,live,rolling_24h_mean,pm10,2026-09-25T18:00:00Z,50.22,ugm3
10115,Satyawati College,28.69572,77.181295,North,CPCB,live,rolling_24h_mean,pm10,2026-09-25T19:00:00Z,39.42,ugm3
10115,Satyawati College,28.69572,77.181295,North,CPCB,live,rolling_24h_mean,pm10,2026-09-25T20:00:00Z,37.26,ugm3
10115,Satyawati College,28.69572,77.181295,North,CPCB,live,rolling_24h_mean,pm10,2026-09-25T21:00:00Z,37.26,ugm3
10115,Satyawati College,28.69572,77.181295,North,CPCB,live,rolling_24h_mean,pm10,2026-09-25T22:00:00Z,22.14,ugm3
10115,Satyawati College,28.69572,77.181295,North,CPCB,live,rolling_24h_mean,pm10,2026-09-25T23:00:00Z,19.98,ugm3
10115,Satyawati College,28.69572,77.181295,North,CPCB,live,rolling_24h_mean,pm10,2026-09-26T00:00:00Z,22.14,ugm3
10115,Satyawati College,28.69572,77.181295,North,CPCB,live,rolling_24h_mean,pm10,2026-09-26T01:00:00Z,27.54,ugm3
10115,Satyawati College,28.69572,77.181295,North,CPCB,live,rolling_24h_mean,pm10,2026-09-26T02:00:00Z,51.3,ugm3
10115,Satyawati College,28.69572,77.181295,North,CPCB,live,rolling_24h_mean,pm10,2026-09-26T03:00:00Z,72.17,ugm3
10115,Satyawati College,28.69572,77.181295,North,CPCB,live,rolling_24h_mean,pm10,2026-09-26T04:00:00Z,37.26,ugm3
10115,Satyawati College,28.69572,77.181295,North,CPCB,live,rolling_24h_mean,pm10,2026-09-26T05:00:00Z,52.38,ugm3
10115,Satyawati College,28.69572,77.181295,North,CPCB,live,rolling_24h_mean,pm10,2026-09-26T06:00:00Z,84.3,ugm3
10115,Satyawati College,28.69572,77.181295,North,CPCB,live,rolling_24h_mean,pm10,2026-09-26T07:00:00Z,60.05,ugm3
10115,Satyawati College,28.69572,77.181295,North,CPCB,live,rolling_24h_mean,pm10,2026-09-26T08:00:00Z,58.03,ugm3
10115,Satyawati College,28.69572,77.181295,North,CPCB,live,rolling_24h_mean,pm10,2026-09-26T09:00:00Z,54.54,ugm3
10115,Satyawati College,28.69572,77.181295,North,CPCB,live,rolling_24h_mean,pm10,2026-09-26T10:00:00Z,70.15,ugm3
10115,Satyawati College,28.69572,77.181295,North,CPCB,live,rolling_24h_mean,pm10,2026-09-26T11:00:00Z,84.3,ugm3
10115,Satyawati College,28.69572,77.181295,North,CPCB,live,rolling_24h_mean,pm10,2026-09-26T12:00:00Z,50.22,ugm3
10115,Satyawati College,28.69572,77.181295,North,CPCB,live,rolling_24h_mean,pm10,2026-09-26T13:00:00Z,16.74,ugm3
10115,Satyawati College,28.69572,77.181295,North,CPCB,live,rolling_24h_mean,pm10,2026-09-26T14:00:00Z,21.06,ugm3
10115,Satyawati College,28.69572,77.181295,North,CPCB,live,rolling_24h_mean,pm10,2026-09-26T15:00:00Z,22.14,ugm3
10115,Satyawati College,28.69572,77.181295,North,CPCB,live,rolling_24h_mean,pm10,2026-09-26T16:00:00Z,12.42,ugm3
10115,Satyawati College,28.69572,77.181295,North,CPCB,live,rolling_24h_mean,pm25,2026-09-23T17:00:00Z,83.58,ugm3
10115,Satyawati College,28.69572,77.181295,North,CPCB,live,rolling_24h_mean,pm25,2026-09-23T18:00:00Z,75.84,ugm3
10115,Satyawati College,28.69572,77.181295,North,CPCB,live,rolling_24h_mean,pm25,2026-09-23T19:00:00Z,91.33,ugm3
10115,Satyawati College,28.69572,77.181295,North,CPCB,live,rolling_24h_mean,pm25,2026-09-23T20:00:00Z,116.51,ugm3
10115,Satyawati College,28.69572,77.181295,North,CPCB,live,rolling_24h_mean,pm25,2026-09-23T21:00:00Z,145.56,ugm3
10115,Satyawati College,28.69572,77.181295,North,CPCB,live,rolling_24h_mean,pm25,2026-09-23T22:00:00Z,126.19,ugm3
10115,Satyawati College,28.69572,77.181295,North,CPCB,live,rolling_24h_mean,pm25,2026-09-24T00:00:00Z,46.26,ugm3
10115,Satyawati College,28.69572,77.181295,North,CPCB,live,rolling_24h_mean,pm25,2026-09-24T03:00:00Z,30.41,ugm3
10115,Satyawati College,28.69572,77.181295,North,CPCB,live,rolling_24h_mean,pm25,2026-09-24T05:00:00Z,30.41,ugm3
10115,Satyawati College,28.69572,77.181295,North,CPCB,live,rolling_24h_mean,pm25,2026-09-24T06:00:00Z,31.83,ugm3
10115,Satyawati College,28.69572,77.181295,North,CPCB,live,rolling_24h_mean,pm25,2026-09-24T07:00:00Z,45.04,ugm3
10115,Satyawati College,28.69572,77.181295,North,CPCB,live,rolling_24h_mean,pm25,2026-09-24T10:00:00Z,56.47,ugm3
10115,Satyawati College,28.69572,77.181295,North,CPCB,live,rolling_24h_mean,pm25,2026-09-24T11:00:00Z,46.26,ugm3
10115,Satyawati College,28.69572,77.181295,North,CPCB,live,rolling_24h_mean,pm25,2026-09-24T13:00:00Z,58.41,ugm3
10115,Satyawati College,28.69572,77.181295,North,CPCB,live,rolling_24h_mean,pm25,2026-09-24T16:00:00Z,58.41,ugm3
10115,Satyawati College,28.69572,77.181295,North,CPCB,live,rolling_24h_mean,pm25,2026-09-24T17:00:00Z,28.51,ugm3
10115,Satyawati College,28.69572,77.181295,North,CPCB,live,rolling_24h_mean,pm25,2026-09-24T18:00:00Z,20.42,ugm3
10115,Satyawati College,28.69572,77.181295,North,CPCB,live,rolling_24h_mean,pm25,2026-09-24T22:00:00Z,7.32,ugm3
10115,Satyawati College,28.69572,77.181295,North,CPCB,live,rolling_24h_mean,pm25,2026-09-25T00:00:00Z,7.32,ugm3
10115,Satyawati College,28.69572,77.181295,North,CPCB,live,rolling_24h_mean,pm25,2026-09-25T02:00:00Z,7.32,ugm3
10115,Satyawati College,28.69572,77.181295,North,CPCB,live,rolling_24h_mean,pm25,2026-09-25T03:00:00Z,7.32,ugm3
10115,Satyawati College,28.69572,77.181295,North,CPCB,live,rolling_24h_mean,pm25,2026-09-25T05:00:00Z,192.38,ugm3
10115,Satyawati College,28.69572,77.181295,North,CPCB,live,rolling_24h_mean,pm25,2026-09-25T11:00:00Z,73.9,ugm3
10115,Satyawati College,28.69572,77.181295,North,CPCB,live,rolling_24h_mean,pm25,2026-09-25T12:00:00Z,20.42,ugm3
10115,Satyawati College,28.69572,77.181295,North,CPCB,live,rolling_24h_mean,pm25,2026-09-25T13:00:00Z,23.27,ugm3
10115,Satyawati College,28.69572,77.181295,North,CPCB,live,rolling_24h_mean,pm25,2026-09-25T14:00:00Z,18.04,ugm3
10115,Satyawati College,28.69572,77.181295,North,CPCB,live,rolling_24h_mean,pm25,2026-09-25T15:00:00Z,18.52,ugm3
10115,Satyawati College,28.69572,77.181295,North,CPCB,live,rolling_24h_mean,pm25,2026-09-25T16:00:00Z,23.27,ugm3
10115,Satyawati College,28.69572,77.181295,North,CPCB,live,rolling_24h_mean,pm25,2026-09-25T17:00:00Z,28.51,ugm3
10115,Satyawati College,28.69572,77.181295,North,CPCB,live,rolling_24h_mean,pm25,2026-09-25T18:00:00Z,9.0,ugm3
10115,Satyawati College,28.69572,77.181295,North,CPCB,live,rolling_24h_mean,pm25,2026-09-25T19:00:00Z,15.67,ugm3
10115,Satyawati College,28.69572,77.181295,North,CPCB,live,rolling_24h_mean,pm25,2026-09-25T20:00:00Z,24.7,ugm3
10115,Satyawati College,28.69572,77.181295,North,CPCB,live,rolling_24h_mean,pm25,2026-09-25T21:00:00Z,11.16,ugm3
10115,Satyawati College,28.69572,77.181295,North,CPCB,live,rolling_24h_mean,pm25,2026-09-25T22:00:00Z,10.44,ugm3
10115,Satyawati College,28.69572,77.181295,North,CPCB,live,rolling_24h_mean,pm25,2026-09-25T23:00:00Z,6.6,ugm3
10115,Satyawati College,28.69572,77.181295,North,CPCB,live,rolling_24h_mean,pm25,2026-09-26T00:00:00Z,3.24,ugm3
10115,Satyawati College,28.69572,77.181295,North,CPCB,live,rolling_24h_mean,pm25,2026-09-26T01:00:00Z,8.76,ugm3
10115,Satyawati College,28.69572,77.181295,North,CPCB,live,rolling_24h_mean,pm25,2026-09-26T02:00:00Z,31.83,ugm3
10115,Satyawati College,28.69572,77.181295,North,CPCB,live,rolling_24h_mean,pm25,2026-09-26T03:00:00Z,44.23,ugm3
10115,Satyawati College,28.69572,77.181295,North,CPCB,live,rolling_24h_mean,pm25,2026-09-26T04:00:00Z,18.04,ugm3
10115,Satyawati College,28.69572,77.181295,North,CPCB,live,rolling_24h_mean,pm25,2026-09-26T05:00:00Z,14.24,ugm3
10115,Satyawati College,28.69572,77.181295,North,CPCB,live,rolling_24h_mean,pm25,2026-09-26T06:00:00Z,33.26,ugm3
10115,Satyawati College,28.69572,77.181295,North,CPCB,live,rolling_24h_mean,pm25,2026-09-26T07:00:00Z,60.34,ugm3
10115,Satyawati College,28.69572,77.181295,North,CPCB,live,rolling_24h_mean,pm25,2026-09-26T08:00:00Z,24.23,ugm3
10115,Satyawati College,28.69572,77.181295,North,CPCB,live,rolling_24h_mean,pm25,2026-09-26T09:00:00Z,36.11,ugm3
10115,Satyawati College,28.69572,77.181295,North,CPCB,live,rolling_24h_mean,pm25,2026-09-26T10:00:00Z,44.23,ugm3
10115,Satyawati College,28.69572,77.181295,North,CPCB,live,rolling_24h_mean,pm25,2026-09-26T11:00:00Z,3.24,ugm3
10115,Satyawati College,28.69572,77.181295,North,CPCB,live,rolling_24h_mean,pm25,2026-09-26T12:00:00Z,17.09,ugm3
10115,Satyawati College,28.69572,77.181295,North,CPCB,live,rolling_24h_mean,pm25,2026-09-26T13:00:00Z,18.04,ugm3
10115,Satyawati College,28.69572,77.181295,North,CPCB,live,rolling_24h_mean,pm25,2026-09-26T14:00:00Z,16.14,ugm3
10115,Satyawati College,28.69572,77.181295,North,CPCB,live,rolling_24h_mean,pm25,2026-09-26T15:00:00Z,11.16,ugm3
10115,Satyawati College,28.69572,77.181295,North,CPCB,live,rolling_24h_mean,pm25,2026-09-26T16:00:00Z,7.56,ugm3
10116,DITE Okhla,28.531314,77.270686,South,CPCB,live,rolling_24h_mean,o3,2026-09-23T17:00:00Z,10.38,ugm3
10116,DITE Okhla,28.531314,77.270686,South,CPCB,live,rolling_24h_mean,o3,2026-09-23T18:00:00Z,7.2,ugm3
10116,DITE Okhla,28.531314,77.270686,South,CPCB,live,rolling_24h_mean,o3,2026-09-23T19:00:00Z,6.99,ugm3
10116,DITE Okhla,28.531314,77.270686,South,CPCB,live,rolling_24h_mean,o3,2026-09-23T20:00:00Z,9.54,ugm3
10116,DITE Okhla,28.531314,77.270686,South,CPCB,live,rolling_24h_mean,o3,2026-09-23T21:00:00Z,8.7,ugm3
10116,DITE Okhla,28.531314,77.270686,South,CPCB,live,rolling_24h_mean,o3,2026-09-23T22:00:00Z,8.05,ugm3
10116,DITE Okhla,28.531314,77.270686,South,CPCB,live,rolling_24h_mean,o3,2026-09-24T00:00:00Z,9.54,ugm3
10116,DITE Okhla,28.531314,77.270686,South,CPCB,live,rolling_24h_mean,o3,2026-09-24T03:00:00Z,10.6,ugm3
10116,DITE Okhla,28.531314,77.270686,South,CPCB,live,rolling_24h_mean,o3,2026-09-24T05:00:00Z,15.9,ugm3
10116,DITE Okhla,28.531314,77.270686,South,CPCB,live,rolling_24h_mean,o3,2026-09-24T06:00:00Z,20.36,ugm3
10116,DITE Okhla,28.531314,77.270686,South,CPCB,live,rolling_24h_mean,o3,2026-09-24T07:00:00Z,24.17,ugm3
10116,DITE Okhla,28.531314,77.270686,South,CPCB,live,rolling_24h_mean,o3,2026-09-24T10:00:00Z,35.41,ugm3
10116,DITE Okhla,28.531314,77.270686,South,CPCB,live,rolling_24h_mean,o3,2026-09-24T11:00:00Z,37.32,ugm3
10116,DITE Okhla,28.531314,77.270686,South,CPCB,live,rolling_24h_mean,o3,2026-09-24T13:00:00Z,16.12,ugm3
10116,DITE Okhla,28.531314,77.270686,South,CPCB,live,rolling_24h_mean,o3,2026-09-24T16:00:00Z,12.72,ugm3
10116,DITE Okhla,28.531314,77.270686,South,CPCB,live,rolling_24h_mean,o3,2026-09-24T17:00:00Z,8.91,ugm3
10116,DITE Okhla,28.531314,77.270686,South,CPCB,live,rolling_24h_mean,o3,2026-09-24T18:00:00Z,9.32,ugm3
10116,DITE Okhla,28.531314,77.270686,South,CPCB,live,rolling_24h_mean,o3,2026-09-24T22:00:00Z,10.38,ugm3
10116,DITE Okhla,28.531314,77.270686,South,CPCB,live,rolling_24h_mean,o3,2026-09-25T00:00:00Z,10.38,ugm3
10116,DITE Okhla,28.531314,77.270686,South,CPCB,live,rolling_24h_mean,o3,2026-09-25T02:00:00Z,10.38,ugm3
10116,DITE Okhla,28.531314,77.270686,South,CPCB,live,rolling_24h_mean,o3,2026-09-25T03:00:00Z,10.38,ugm3
10116,DITE Okhla,28.531314,77.270686,South,CPCB,live,rolling_24h_mean,o3,2026-09-25T05:00:00Z,12.5,ugm3
10116,DITE Okhla,28.531314,77.270686,South,CPCB,live,rolling_24h_mean,o3,2026-09-25T07:00:00Z,15.9,ugm3
10116,DITE Okhla,28.531314,77.270686,South,CPCB,live,rolling_24h_mean,o3,2026-09-25T08:00:00Z,19.51,ugm3
10116,DITE Okhla,28.531314,77.270686,South,CPCB,live,rolling_24h_mean,o3,2026-09-25T09:00:00Z,20.57,ugm3
10116,DITE Okhla,28.531314,77.270686,South,CPCB,live,rolling_24h_mean,o3,2026-09-25T10:00:00Z,21.2,ugm3
10116,DITE Okhla,28.531314,77.270686,South,CPCB,live,rolling_24h_mean,o3,2026-09-25T11:00:00Z,21.2,ugm3
10116,DITE Okhla,28.531314,77.270686,South,CPCB,live,rolling_24h_mean,o3,2026-09-25T12:00:00Z,15.47,ugm3
10116,DITE Okhla,28.531314,77.270686,South,CPCB,live,rolling_24h_mean,o3,2026-09-25T13:00:00Z,12.09,ugm3
10116,DITE Okhla,28.531314,77.270686,South,CPCB,live,rolling_24h_mean,o3,2026-09-25T14:00:00Z,9.97,ugm3
10116,DITE Okhla,28.531314,77.270686,South,CPCB,live,rolling_24h_mean,o3,2026-09-25T15:00:00Z,8.26,ugm3
10116,DITE Okhla,28.531314,77.270686,South,CPCB,live,rolling_24h_mean,o3,2026-09-25T16:00:00Z,11.03,ugm3
10116,DITE Okhla,28.531314,77.270686,South,CPCB,live,rolling_24h_mean,o3,2026-09-25T17:00:00Z,8.91,ugm3
10116,DITE Okhla,28.531314,77.270686,South,CPCB,live,rolling_24h_mean,o3,2026-09-25T18:00:00Z,9.32,ugm3
10116,DITE Okhla,28.531314,77.270686,South,CPCB,live,rolling_24h_mean,o3,2026-09-25T19:00:00Z,12.5,ugm3
10116,DITE Okhla,28.531314,77.270686,South,CPCB,live,rolling_24h_mean,o3,2026-09-25T20:00:00Z,12.5,ugm3
10116,DITE Okhla,28.531314,77.270686,South,CPCB,live,rolling_24h_mean,o3,2026-09-25T21:00:00Z,13.35,ugm3
10116,DITE Okhla,28.531314,77.270686,South,CPCB,live,rolling_24h_mean,o3,2026-09-25T22:00:00Z,11.44,ugm3
10116,DITE Okhla,28.531314,77.270686,South,CPCB,live,rolling_24h_mean,o3,2026-09-25T23:00:00Z,12.72,ugm3
10116,DITE Okhla,28.531314,77.270686,South,CPCB,live,rolling_24h_mean,o3,2026-09-26T00:00:00Z,15.47,ugm3
10116,DITE Okhla,28.531314,77.270686,South,CPCB,live,rolling_24h_mean,o3,2026-09-26T01:00:00Z,13.56,ugm3
10116,DITE Okhla,28.531314,77.270686,South,CPCB,live,rolling_24h_mean,o3,2026-09-26T02:00:00Z,13.78,ugm3
10116,DITE Okhla,28.531314,77.270686,South,CPCB,live,rolling_24h_mean,o3,2026-09-26T03:00:00Z,12.94,ugm3
10116,DITE Okhla,28.531314,77.270686,South,CPCB,live,rolling_24h_mean,o3,2026-09-26T04:00:00Z,12.94,ugm3
10116,DITE Okhla,28.531314,77.270686,South,CPCB,live,rolling_24h_mean,o3,2026-09-26T05:00:00Z,12.94,ugm3
10116,DITE Okhla,28.531314,77.270686,South,CPCB,live,rolling_24h_mean,o3,2026-09-26T06:00:00Z,19.51,ugm3
10116,DITE Okhla,28.531314,77.270686,South,CPCB,live,rolling_24h_mean,o3,2026-09-26T07:00:00Z,21.42,ugm3
10116,DITE Okhla,28.531314,77.270686,South,CPCB,live,rolling_24h_mean,o3,2026-09-26T08:00:00Z,20.57,ugm3
10116,DITE Okhla,28.531314,77.270686,South,CPCB,live,rolling_24h_mean,o3,2026-09-26T09:00:00Z,20.57,ugm3
10116,DITE Okhla,28.531314,77.270686,South,CPCB,live,rolling_24h_mean,o3,2026-09-26T10:00:00Z,34.98,ugm3
10116,DITE Okhla,28.531314,77.270686,South,CPCB,live,rolling_24h_mean,o3,2026-09-26T11:00:00Z,31.17,ugm3
10116,DITE Okhla,28.531314,77.270686,South,CPCB,live,rolling_24h_mean,o3,2026-09-26T12:00:00Z,15.47,ugm3
10116,DITE Okhla,28.531314,77.270686,South,CPCB,live,rolling_24h_mean,o3,2026-09-26T13:00:00Z,14.41,ugm3
10116,DITE Okhla,28.531314,77.270686,South,CPCB,live,rolling_24h_mean,o3,2026-09-26T14:00:00Z,15.06,ugm3
10116,DITE Okhla,28.531314,77.270686,South,CPCB,live,rolling_24h_mean,o3,2026-09-26T15:00:00Z,13.35,ugm3
10116,DITE Okhla,28.531314,77.270686,South,CPCB,live,rolling_24h_mean,o3,2026-09-26T16:00:00Z,12.29,ugm3
10116,DITE Okhla,28.531314,77.270686,South,CPCB,live,rolling_24h_mean,pm10,2026-09-23T17:00:00Z,188.34,ugm3
10116,DITE Okhla,28.531314,77.270686,South,CPCB,live,rolling_24h_mean,pm10,2026-09-23T18:00:00Z,244.91,ugm3
10116,DITE Okhla,28.531314,77.270686,South,CPCB,live,rolling_24h_mean,pm10,2026-09-23T19:00:00Z,232.79,ugm3
10116,DITE Okhla,28.531314,77.270686,South,CPCB,live,rolling_24h_mean,pm10,2026-09-23T20:00:00Z,270.15,ugm3
10116,DITE Okhla,28.531314,77.270686,South,CPCB,live,rolling_24h_mean,pm10,2026-09-23T21:00:00Z,276.21,ugm3
10116,DITE Okhla,28.531314,77.270686,South,CPCB,live,rolling_24h_mean,pm10,2026-09-23T22:00:00Z,206.52,ugm3
10116,DITE Okhla,28.531314,77.270686,South,CPCB,live,rolling_24h_mean,pm10,2026-09-24T00:00:00Z,80.26,ugm3
10116,DITE Okhla,28.531314,77.270686,South,CPCB,live,rolling_24h_mean,pm10,2026-09-24T03:00:00Z,142.89,ugm3
10116,DITE Okhla,28.531314,77.270686,South,CPCB,live,rolling_24h_mean,pm10,2026-09-24T05:00:00Z,128.74,ugm3
10116,DITE Okhla,28.531314,77.270686,South,CPCB,live,rolling_24h_mean,pm10,2026-09-24T06:00:00Z,80.26,ugm3
10116,DITE Okhla,28.531314,77.270686,South,CPCB,live,rolling_24h_mean,pm10,2026-09-24T07:00:00Z,100.46,ugm3
10116,DITE Okhla,28.531314,77.270686,South,CPCB,live,rolling_24h_mean,pm10,2026-09-24T10:00:00Z,72.17,ugm3
10116,DITE Okhla,28.531314,77.270686,South,CPCB,live,rolling_24h_mean,pm10,2026-09-24T11:00:00Z,100.46,ugm3
10116,DITE Okhla,28.531314,77.270686,South,CPCB,live,rolling_24h_mean,pm10,2026-09-24T13:00:00Z,124.7,ugm3
10116,DITE Okhla,28.531314,77.270686,South,CPCB,live,rolling_24h_mean,pm10,2026-09-24T16:00:00Z,118.64,ugm3
10116,DITE Okhla,28.531314,77.270686,South,CPCB,live,rolling_24h_mean,pm10,2026-09-24T17:00:00Z,92.38,ugm3
10116,DITE Okhla,28.531314,77.270686,South,CPCB,live,rolling_24h_mean,pm10,2026-09-24T18:00:00Z,84.3,ugm3
10116,DITE Okhla,28.531314,77.270686,South,CPCB,live,rolling_24h_mean,pm10,2026-09-24T22:00:00Z,44.82,ugm3
10116,DITE Okhla,28.531314,77.270686,South,CPCB,live,rolling_24h_mean,pm10,2026-09-25T00:00:00Z,44.82,ugm3
10116,DITE Okhla,28.531314,77.270686,South,CPCB,live,rolling_24h_mean,pm10,2026-09-25T02:00:00Z,44.82,ugm3
10116,DITE Okhla,28.531314,77.270686,South,CPCB,live,rolling_24h_mean,pm10,2026-09-25T03:00:00Z,44.82,ugm3
10116,DITE Okhla,28.531314,77.270686,South,CPCB,live,rolling_24h_mean,pm10,2026-09-25T05:00:00Z,104.5,ugm3
10116,DITE Okhla,28.531314,77.270686,South,CPCB,live,rolling_24h_mean,pm10,2026-09-25T07:00:00Z,76.21,ugm3
10116,DITE Okhla,28.531314,77.270686,South,CPCB,live,rolling_24h_mean,pm10,2026-09-25T08:00:00Z,74.19,ugm3
10116,DITE Okhla,28.531314,77.270686,South,CPCB,live,rolling_24h_mean,pm10,2026-09-25T09:00:00Z,52.38,ugm3
10116,DITE Okhla,28.531314,77.270686,South,CPCB,live,rolling_24h_mean,pm10,2026-09-25T10:00:00Z,56.01,ugm3
10116,DITE Okhla,28.531314,77.270686,South,CPCB,live,rolling_24h_mean,pm10,2026-09-25T11:00:00Z,52.38,ugm3
10116,DITE Okhla,28.531314,77.270686,South,CPCB,live,rolling_24h_mean,pm10,2026-09-25T12:00:00Z,84.3,ugm3
10116,DITE Okhla,28.531314,77.270686,South,CPCB,live,rolling_24h_mean,pm10,2026-09-25T13:00:00Z,104.5,ugm3
10116,DITE Okhla,28.531314,77.270686,South,CPCB,live,rolling_24h_mean,pm10,2026-09-25T14:00:00Z,118.64,ugm3
10116,DITE Okhla,28.531314,77.270686,South,CPCB,live,rolling_24h_mean,pm10,2026-09-25T15:00:00Z,114.6,ugm3
10116,DITE Okhla,28.531314,77.270686,South,CPCB,live,rolling_24h_mean,pm10,2026-09-25T16:00:00Z,136.83,ugm3
10116,DITE Okhla,28.531314,77.270686,South,CPCB,live,rolling_24h_mean,pm10,2026-09-25T17:00:00Z,76.21,ugm3
10116,DITE Okhla,28.531314,77.270686,South,CPCB,live,rolling_24h_mean,pm10,2026-09-25T18:00:00Z,76.21,ugm3
10116,DITE Okhla,28.531314,77.270686,South,CPCB,live,rolling_24h_mean,pm10,2026-09-25T19:00:00Z,42.66,ugm3
10116,DITE Okhla,28.531314,77.270686,South,CPCB,live,rolling_24h_mean,pm10,2026-09-25T20:00:00Z,41.58,ugm3
10116,DITE Okhla,28.531314,77.270686,South,CPCB,live,rolling_24h_mean,pm10,2026-09-25T21:00:00Z,29.7,ugm3
10116,DITE Okhla,28.531314,77.270686,South,CPCB,live,rolling_24h_mean,pm10,2026-09-25T22:00:00Z,19.98,ugm3
10116,DITE Okhla,28.531314,77.270686,South,CPCB,live,rolling_24h_mean,pm10,2026-09-25T23:00:00Z,34.02,ugm3
10116,DITE Okhla,28.531314,77.270686,South,CPCB,live,rolling_24h_mean,pm10,2026-09-26T00:00:00Z,34.02,ugm3
10116,DITE Okhla,28.531314,77.270686,South,CPCB,live,rolling_24h_mean,pm10,2026-09-26T01:00:00Z,25.38,ugm3
10116,DITE Okhla,28.531314,77.270686,South,CPCB,live,rolling_24h_mean,pm10,2026-09-26T02:00:00Z,31.86,ugm3
10116,DITE Okhla,28.531314,77.270686,South,CPCB,live,rolling_24h_mean,pm10,2026-09-26T03:00:00Z,40.5,ugm3
10116,DITE Okhla,28.531314,77.270686,South,CPCB,live,rolling_24h_mean,pm10,2026-09-26T04:00:00Z,68.13,ugm3
10116,DITE Okhla,28.531314,77.270686,South,CPCB,live,rolling_24h_mean,pm10,2026-09-26T05:00:00Z,80.26,ugm3
10116,DITE Okhla,28.531314,77.270686,South,CPCB,live,rolling_24h_mean,pm10,2026-09-26T06:00:00Z,100.46,ugm3
10116,DITE Okhla,28.531314,77.270686,South,CPCB,live,rolling_24h_mean,pm10,2026-09-26T07:00:00Z,96.42,ugm3
10116,DITE Okhla,28.531314,77.270686,South,CPCB,live,rolling_24h_mean,pm10,2026-09-26T08:00:00Z,66.11,ugm3
10116,DITE Okhla,28.531314,77.270686,South,CPCB,live,rolling_24h_mean,pm10,2026-09-26T09:00:00Z,74.19,ugm3
10116,DITE Okhla,28.531314,77.270686,South,CPCB,live,rolling_24h_mean,pm10,2026-09-26T10:00:00Z,100.46,ugm3
10116,DITE Okhla,28.531314,77.270686,South,CPCB,live,rolling_24h_mean,pm10,2026-09-26T11:00:00Z,110.56,ugm3
10116,DITE Okhla,28.531314,77.270686,South,CPCB,live,rolling_24h_mean,pm10,2026-09-26T12:00:00Z,66.11,ugm3
10116,DITE Okhla,28.531314,77.270686,South,CPCB,live,rolling_24h_mean,pm10,2026-09-26T13:00:00Z,22.14,ugm3
10116,DITE Okhla,28.531314,77.270686,South,CPCB,live,rolling_24h_mean,pm10,2026-09-26T14:00:00Z,24.3,ugm3
10116,DITE Okhla,28.531314,77.270686,South,CPCB,live,rolling_24h_mean,pm10,2026-09-26T15:00:00Z,30.78,ugm3
10116,DITE Okhla,28.531314,77.270686,South,CPCB,live,rolling_24h_mean,pm10,2026-09-26T16:00:00Z,24.3,ugm3
10116,DITE Okhla,28.531314,77.270686,South,CPCB,live,rolling_24h_mean,pm25,2026-09-23T17:00:00Z,85.52,ugm3
10116,DITE Okhla,28.531314,77.270686,South,CPCB,live,rolling_24h_mean,pm25,2026-09-23T18:00:00Z,101.01,ugm3
10116,DITE Okhla,28.531314,77.270686,South,CPCB,live,rolling_24h_mean,pm25,2026-09-23T19:00:00Z,101.01,ugm3
10116,DITE Okhla,28.531314,77.270686,South,CPCB,live,rolling_24h_mean,pm25,2026-09-23T20:00:00Z,112.63,ugm3
10116,DITE Okhla,28.531314,77.270686,South,CPCB,live,rolling_24h_mean,pm25,2026-09-23T21:00:00Z,112.63,ugm3
10116,DITE Okhla,28.531314,77.270686,South,CPCB,live,rolling_24h_mean,pm25,2026-09-23T22:00:00Z,87.46,ugm3
10116,DITE Okhla,28.531314,77.270686,South,CPCB,live,rolling_24h_mean,pm25,2026-09-24T00:00:00Z,45.04,ugm3
10116,DITE Okhla,28.531314,77.270686,South,CPCB,live,rolling_24h_mean,pm25,2026-09-24T03:00:00Z,53.17,ugm3
10116,DITE Okhla,28.531314,77.270686,South,CPCB,live,rolling_24h_mean,pm25,2026-09-24T05:00:00Z,24.23,ugm3
10116,DITE Okhla,28.531314,77.270686,South,CPCB,live,rolling_24h_mean,pm25,2026-09-24T06:00:00Z,30.41,ugm3
10116,DITE Okhla,28.531314,77.270686,South,CPCB,live,rolling_24h_mean,pm25,2026-09-24T07:00:00Z,40.17,ugm3
10116,DITE Okhla,28.531314,77.270686,South,CPCB,live,rolling_24h_mean,pm25,2026-09-24T10:00:00Z,24.23,ugm3
10116,DITE Okhla,28.531314,77.270686,South,CPCB,live,rolling_24h_mean,pm25,2026-09-24T11:00:00Z,29.46,ugm3
10116,DITE Okhla,28.531314,77.270686,South,CPCB,live,rolling_24h_mean,pm25,2026-09-24T13:00:00Z,42.2,ugm3
10116,DITE Okhla,28.531314,77.270686,South,CPCB,live,rolling_24h_mean,pm25,2026-09-24T16:00:00Z,38.95,ugm3
10116,DITE Okhla,28.531314,77.270686,South,CPCB,live,rolling_24h_mean,pm25,2026-09-24T17:00:00Z,24.23,ugm3
10116,DITE Okhla,28.531314,77.270686,South,CPCB,live,rolling_24h_mean,pm25,2026-09-24T18:00:00Z,25.18,ugm3
10116,DITE Okhla,28.531314,77.270686,South,CPCB,live,rolling_24h_mean,pm25,2026-09-24T22:00:00Z,14.24,ugm3
10116,DITE Okhla,28.531314,77.270686,South,CPCB,live,rolling_24h_mean,pm25,2026-09-25T00:00:00Z,14.24,ugm3
10116,DITE Okhla,28.531314,77.270686,South,CPCB,live,rolling_24h_mean,pm25,2026-09-25T02:00:00Z,14.24,ugm3
10116,DITE Okhla,28.531314,77.270686,South,CPCB,live,rolling_24h_mean,pm25,2026-09-25T03:00:00Z,14.24,ugm3
10116,DITE Okhla,28.531314,77.270686,South,CPCB,live,rolling_24h_mean,pm25,2026-09-25T05:00:00Z,5.16,ugm3
10116,DITE Okhla,28.531314,77.270686,South,CPCB,live,rolling_24h_mean,pm25,2026-09-25T07:00:00Z,11.16,ugm3
10116,DITE Okhla,28.531314,77.270686,South,CPCB,live,rolling_24h_mean,pm25,2026-09-25T08:00:00Z,8.28,ugm3
10116,DITE Okhla,28.531314,77.270686,South,CPCB,live,rolling_24h_mean,pm25,2026-09-25T09:00:00Z,5.16,ugm3
10116,DITE Okhla,28.531314,77.270686,South,CPCB,live,rolling_24h_mean,pm25,2026-09-25T10:00:00Z,2.28,ugm3
10116,DITE Okhla,28.531314,77.270686,South,CPCB,live,rolling_24h_mean,pm25,2026-09-25T11:00:00Z,3.24,ugm3
10116,DITE Okhla,28.531314,77.270686,South,CPCB,live,rolling_24h_mean,pm25,2026-09-25T12:00:00Z,11.16,ugm3
10116,DITE Okhla,28.531314,77.270686,South,CPCB,live,rolling_24h_mean,pm25,2026-09-25T13:00:00Z,18.99,ugm3
10116,DITE Okhla,28.531314,77.270686,South,CPCB,live,rolling_24h_mean,pm25,2026-09-25T14:00:00Z,27.08,ugm3
10116,DITE Okhla,28.531314,77.270686,South,CPCB,live,rolling_24h_mean,pm25,2026-09-25T15:00:00Z,31.36,ugm3
10116,DITE Okhla,28.531314,77.270686,South,CPCB,live,rolling_24h_mean,pm25,2026-09-25T16:00:00Z,44.23,ugm3
10116,DITE Okhla,28.531314,77.270686,South,CPCB,live,rolling_24h_mean,pm25,2026-09-25T17:00:00Z,24.23,ugm3
10116,DITE Okhla,28.531314,77.270686,South,CPCB,live,rolling_24h_mean,pm25,2026-09-25T18:00:00Z,20.42,ugm3
10116,DITE Okhla,28.531314,77.270686,South,CPCB,live,rolling_24h_mean,pm25,2026-09-25T19:00:00Z,6.12,ugm3
10116,DITE Okhla,28.531314,77.270686,South,CPCB,live,rolling_24h_mean,pm25,2026-09-25T20:00:00Z,8.28,ugm3
10116,DITE Okhla,28.531314,77.270686,South,CPCB,live,rolling_24h_mean,pm25,2026-09-25T21:00:00Z,11.16,ugm3
10116,DITE Okhla,28.531314,77.270686,South,CPCB,live,rolling_24h_mean,pm25,2026-09-25T22:00:00Z,7.32,ugm3
10116,DITE Okhla,28.531314,77.270686,South,CPCB,live,rolling_24h_mean,pm25,2026-09-25T23:00:00Z,6.12,ugm3
10116,DITE Okhla,28.531314,77.270686,South,CPCB,live,rolling_24h_mean,pm25,2026-09-26T00:00:00Z,6.12,ugm3
10116,DITE Okhla,28.531314,77.270686,South,CPCB,live,rolling_24h_mean,pm25,2026-09-26T01:00:00Z,2.28,ugm3
10116,DITE Okhla,28.531314,77.270686,South,CPCB,live,rolling_24h_mean,pm25,2026-09-26T02:00:00Z,2.28,ugm3
10116,DITE Okhla,28.531314,77.270686,South,CPCB,live,rolling_24h_mean,pm25,2026-09-26T03:00:00Z,5.16,ugm3
10116,DITE Okhla,28.531314,77.270686,South,CPCB,live,rolling_24h_mean,pm25,2026-09-26T04:00:00Z,18.04,ugm3
10116,DITE Okhla,28.531314,77.270686,South,CPCB,live,rolling_24h_mean,pm25,2026-09-26T05:00:00Z,14.24,ugm3
10116,DITE Okhla,28.531314,77.270686,South,CPCB,live,rolling_24h_mean,pm25,2026-09-26T06:00:00Z,23.27,ugm3
10116,DITE Okhla,28.531314,77.270686,South,CPCB,live,rolling_24h_mean,pm25,2026-09-26T07:00:00Z,28.51,ugm3
10116,DITE Okhla,28.531314,77.270686,South,CPCB,live,rolling_24h_mean,pm25,2026-09-26T08:00:00Z,18.99,ugm3
10116,DITE Okhla,28.531314,77.270686,South,CPCB,live,rolling_24h_mean,pm25,2026-09-26T09:00:00Z,12.12,ugm3
10116,DITE Okhla,28.531314,77.270686,South,CPCB,live,rolling_24h_mean,pm25,2026-09-26T10:00:00Z,7.32,ugm3
10116,DITE Okhla,28.531314,77.270686,South,CPCB,live,rolling_24h_mean,pm25,2026-09-26T11:00:00Z,1.32,ugm3
10116,DITE Okhla,28.531314,77.270686,South,CPCB,live,rolling_24h_mean,pm25,2026-09-26T12:00:00Z,1.32,ugm3
10116,DITE Okhla,28.531314,77.270686,South,CPCB,live,rolling_24h_mean,pm25,2026-09-26T13:00:00Z,6.12,ugm3
10116,DITE Okhla,28.531314,77.270686,South,CPCB,live,rolling_24h_mean,pm25,2026-09-26T14:00:00Z,12.12,ugm3
10116,DITE Okhla,28.531314,77.270686,South,CPCB,live,rolling_24h_mean,pm25,2026-09-26T15:00:00Z,13.29,ugm3
10116,DITE Okhla,28.531314,77.270686,South,CPCB,live,rolling_24h_mean,pm25,2026-09-26T16:00:00Z,7.32,ugm3
10117,Shaheed Sukhdev College of Business Studies,28.732743,77.118788,North,CPCB,live,rolling_24h_mean,o3,2026-09-23T17:00:00Z,15.9,ugm3
10117,Shaheed Sukhdev College of Business Studies,28.732743,77.118788,North,CPCB,live,rolling_24h_mean,o3,2026-09-23T18:00:00Z,15.06,ugm3
10117,Shaheed Sukhdev College of Business Studies,28.732743,77.118788,North,CPCB,live,rolling_24h_mean,o3,2026-09-23T19:00:00Z,13.56,ugm3
10117,Shaheed Sukhdev College of Business Studies,28.732743,77.118788,North,CPCB,live,rolling_24h_mean,o3,2026-09-23T20:00:00Z,11.44,ugm3
10117,Shaheed Sukhdev College of Business Studies,28.732743,77.118788,North,CPCB,live,rolling_24h_mean,o3,2026-09-23T21:00:00Z,11.66,ugm3
10117,Shaheed Sukhdev College of Business Studies,28.732743,77.118788,North,CPCB,live,rolling_24h_mean,o3,2026-09-23T22:00:00Z,11.44,ugm3
10117,Shaheed Sukhdev College of Business Studies,28.732743,77.118788,North,CPCB,live,rolling_24h_mean,o3,2026-09-24T00:00:00Z,11.23,ugm3
10117,Shaheed Sukhdev College of Business Studies,28.732743,77.118788,North,CPCB,live,rolling_24h_mean,o3,2026-09-24T03:00:00Z,12.09,ugm3
10117,Shaheed Sukhdev College of Business Studies,28.732743,77.118788,North,CPCB,live,rolling_24h_mean,o3,2026-09-24T05:00:00Z,18.87,ugm3
10117,Shaheed Sukhdev College of Business Studies,28.732743,77.118788,North,CPCB,live,rolling_24h_mean,o3,2026-09-24T06:00:00Z,23.75,ugm3
10117,Shaheed Sukhdev College of Business Studies,28.732743,77.118788,North,CPCB,live,rolling_24h_mean,o3,2026-09-24T07:00:00Z,31.37,ugm3
10117,Shaheed Sukhdev College of Business Studies,28.732743,77.118788,North,CPCB,live,rolling_24h_mean,o3,2026-09-24T10:00:00Z,47.49,ugm3
10117,Shaheed Sukhdev College of Business Studies,28.732743,77.118788,North,CPCB,live,rolling_24h_mean,o3,2026-09-24T11:00:00Z,45.8,ugm3
10117,Shaheed Sukhdev College of Business Studies,28.732743,77.118788,North,CPCB,live,rolling_24h_mean,o3,2026-09-24T13:00:00Z,51.1,ugm3
10117,Shaheed Sukhdev College of Business Studies,28.732743,77.118788,North,CPCB,live,rolling_24h_mean,o3,2026-09-24T16:00:00Z,15.9,ugm3
10117,Shaheed Sukhdev College of Business Studies,28.732743,77.118788,North,CPCB,live,rolling_24h_mean,o3,2026-09-24T17:00:00Z,13.78,ugm3
10117,Shaheed Sukhdev College of Business Studies,28.732743,77.118788,North,CPCB,live,rolling_24h_mean,o3,2026-09-24T18:00:00Z,14.62,ugm3
10117,Shaheed Sukhdev College of Business Studies,28.732743,77.118788,North,CPCB,live,rolling_24h_mean,o3,2026-09-24T22:00:00Z,15.06,ugm3
10117,Shaheed Sukhdev College of Business Studies,28.732743,77.118788,North,CPCB,live,rolling_24h_mean,o3,2026-09-25T00:00:00Z,14.21,ugm3
10117,Shaheed Sukhdev College of Business Studies,28.732743,77.118788,North,CPCB,live,rolling_24h_mean,o3,2026-09-25T02:00:00Z,14.21,ugm3
10117,Shaheed Sukhdev College of Business Studies,28.732743,77.118788,North,CPCB,live,rolling_24h_mean,o3,2026-09-25T03:00:00Z,15.06,ugm3
10117,Shaheed Sukhdev College of Business Studies,28.732743,77.118788,North,CPCB,live,rolling_24h_mean,o3,2026-09-25T05:00:00Z,18.45,ugm3
10117,Shaheed Sukhdev College of Business Studies,28.732743,77.118788,North,CPCB,live,rolling_24h_mean,o3,2026-09-25T07:00:00Z,23.11,ugm3
10117,Shaheed Sukhdev College of Business Studies,28.732743,77.118788,North,CPCB,live,rolling_24h_mean,o3,2026-09-25T08:00:00Z,28.19,ugm3
10117,Shaheed Sukhdev College of Business Studies,28.732743,77.118788,North,CPCB,live,rolling_24h_mean,o3,2026-09-25T09:00:00Z,32.86,ugm3
10117,Shaheed Sukhdev College of Business Studies,28.732743,77.118788,North,CPCB,live,rolling_24h_mean,o3,2026-09-25T10:00:00Z,32.43,ugm3
10117,Shaheed Sukhdev College of Business Studies,28.732743,77.118788,North,CPCB,live,rolling_24h_mean,o3,2026-09-25T11:00:00Z,36.67,ugm3
10117,Shaheed Sukhdev College of Business Studies,28.732743,77.118788,North,CPCB,live,rolling_24h_mean,o3,2026-09-25T12:00:00Z,29.9,ugm3
10117,Shaheed Sukhdev College of Business Studies,28.732743,77.118788,North,CPCB,live,rolling_24h_mean,o3,2026-09-25T13:00:00Z,22.26,ugm3
10117,Shaheed Sukhdev College of Business Studies,28.732743,77.118788,North,CPCB,live,rolling_24h_mean,o3,2026-09-25T14:00:00Z,16.96,ugm3
10117,Shaheed Sukhdev College of Business Studies,28.732743,77.118788,North,CPCB,live,rolling_24h_mean,o3,2026-09-25T15:00:00Z,13.15,ugm3
10117,Shaheed Sukhdev College of Business Studies,28.732743,77.118788,North,CPCB,live,rolling_24h_mean,o3,2026-09-25T16:00:00Z,12.72,ugm3
10117,Shaheed Sukhdev College of Business Studies,28.732743,77.118788,North,CPCB,live,rolling_24h_mean,o3,2026-09-25T17:00:00Z,12.72,ugm3
10117,Shaheed Sukhdev College of Business Studies,28.732743,77.118788,North,CPCB,live,rolling_24h_mean,o3,2026-09-25T18:00:00Z,12.72,ugm3
10117,Shaheed Sukhdev College of Business Studies,28.732743,77.118788,North,CPCB,live,rolling_24h_mean,o3,2026-09-25T19:00:00Z,12.5,ugm3
10117,Shaheed Sukhdev College of Business Studies,28.732743,77.118788,North,CPCB,live,rolling_24h_mean,o3,2026-09-25T20:00:00Z,13.15,ugm3
10117,Shaheed Sukhdev College of Business Studies,28.732743,77.118788,North,CPCB,live,rolling_24h_mean,o3,2026-09-25T21:00:00Z,15.06,ugm3
10117,Shaheed Sukhdev College of Business Studies,28.732743,77.118788,North,CPCB,live,rolling_24h_mean,o3,2026-09-25T22:00:00Z,16.33,ugm3
10117,Shaheed Sukhdev College of Business Studies,28.732743,77.118788,North,CPCB,live,rolling_24h_mean,o3,2026-09-25T23:00:00Z,14.41,ugm3
10117,Shaheed Sukhdev College of Business Studies,28.732743,77.118788,North,CPCB,live,rolling_24h_mean,o3,2026-09-26T00:00:00Z,12.94,ugm3
10117,Shaheed Sukhdev College of Business Studies,28.732743,77.118788,North,CPCB,live,rolling_24h_mean,o3,2026-09-26T01:00:00Z,15.06,ugm3
10117,Shaheed Sukhdev College of Business Studies,28.732743,77.118788,North,CPCB,live,rolling_24h_mean,o3,2026-09-26T02:00:00Z,14.62,ugm3
10117,Shaheed Sukhdev College of Business Studies,28.732743,77.118788,North,CPCB,live,rolling_24h_mean,o3,2026-09-26T03:00:00Z,16.74,ugm3
10117,Shaheed Sukhdev College of Business Studies,28.732743,77.118788,North,CPCB,live,rolling_24h_mean,o3,2026-09-26T04:00:00Z,21.42,ugm3
10117,Shaheed Sukhdev College of Business Studies,28.732743,77.118788,North,CPCB,live,rolling_24h_mean,o3,2026-09-26T05:00:00Z,25.87,ugm3
10117,Shaheed Sukhdev College of Business Studies,28.732743,77.118788,North,CPCB,live,rolling_24h_mean,o3,2026-09-26T06:00:00Z,26.72,ugm3
10117,Shaheed Sukhdev College of Business Studies,28.732743,77.118788,North,CPCB,live,rolling_24h_mean,o3,2026-09-26T07:00:00Z,26.72,ugm3
10117,Shaheed Sukhdev College of Business Studies,28.732743,77.118788,North,CPCB,live,rolling_24h_mean,o3,2026-09-26T08:00:00Z,26.29,ugm3
10117,Shaheed Sukhdev College of Business Studies,28.732743,77.118788,North,CPCB,live,rolling_24h_mean,o3,2026-09-26T09:00:00Z,28.19,ugm3
10117,Shaheed Sukhdev College of Business Studies,28.732743,77.118788,North,CPCB,live,rolling_24h_mean,o3,2026-09-26T10:00:00Z,27.56,ugm3
10117,Shaheed Sukhdev College of Business Studies,28.732743,77.118788,North,CPCB,live,rolling_24h_mean,o3,2026-09-26T11:00:00Z,25.66,ugm3
10117,Shaheed Sukhdev College of Business Studies,28.732743,77.118788,North,CPCB,live,rolling_24h_mean,o3,2026-09-26T12:00:00Z,20.14,ugm3
10117,Shaheed Sukhdev College of Business Studies,28.732743,77.118788,North,CPCB,live,rolling_24h_mean,o3,2026-09-26T13:00:00Z,21.63,ugm3
10117,Shaheed Sukhdev College of Business Studies,28.732743,77.118788,North,CPCB,live,rolling_24h_mean,o3,2026-09-26T14:00:00Z,23.11,ugm3
10117,Shaheed Sukhdev College of Business Studies,28.732743,77.118788,North,CPCB,live,rolling_24h_mean,o3,2026-09-26T15:00:00Z,22.26,ugm3
10117,Shaheed Sukhdev College of Business Studies,28.732743,77.118788,North,CPCB,live,rolling_24h_mean,o3,2026-09-26T16:00:00Z,19.93,ugm3
10117,Shaheed Sukhdev College of Business Studies,28.732743,77.118788,North,CPCB,live,rolling_24h_mean,pm10,2026-09-23T17:00:00Z,246.93,ugm3
10117,Shaheed Sukhdev College of Business Studies,28.732743,77.118788,North,CPCB,live,rolling_24h_mean,pm10,2026-09-23T18:00:00Z,210.56,ugm3
10117,Shaheed Sukhdev College of Business Studies,28.732743,77.118788,North,CPCB,live,rolling_24h_mean,pm10,2026-09-23T19:00:00Z,226.72,ugm3
10117,Shaheed Sukhdev College of Business Studies,28.732743,77.118788,North,CPCB,live,rolling_24h_mean,pm10,2026-09-23T20:00:00Z,226.72,ugm3
10117,Shaheed Sukhdev College of Business Studies,28.732743,77.118788,North,CPCB,live,rolling_24h_mean,pm10,2026-09-23T21:00:00Z,230.77,ugm3
10117,Shaheed Sukhdev College of Business Studies,28.732743,77.118788,North,CPCB,live,rolling_24h_mean,pm10,2026-09-23T22:00:00Z,302.48,ugm3
10117,Shaheed Sukhdev College of Business Studies,28.732743,77.118788,North,CPCB,live,rolling_24h_mean,pm10,2026-09-24T00:00:00Z,178.23,ugm3
10117,Shaheed Sukhdev College of Business Studies,28.732743,77.118788,North,CPCB,live,rolling_24h_mean,pm10,2026-09-24T03:00:00Z,112.58,ugm3
10117,Shaheed Sukhdev College of Business Studies,28.732743,77.118788,North,CPCB,live,rolling_24h_mean,pm10,2026-09-24T05:00:00Z,126.72,ugm3
10117,Shaheed Sukhdev College of Business Studies,28.732743,77.118788,North,CPCB,live,rolling_24h_mean,pm10,2026-09-24T06:00:00Z,112.58,ugm3
10117,Shaheed Sukhdev College of Business Studies,28.732743,77.118788,North,CPCB,live,rolling_24h_mean,pm10,2026-09-24T07:00:00Z,132.79,ugm3
10117,Shaheed Sukhdev College of Business Studies,28.732743,77.118788,North,CPCB,live,rolling_24h_mean,pm10,2026-09-24T10:00:00Z,156.01,ugm3
10117,Shaheed Sukhdev College of Business Studies,28.732743,77.118788,North,CPCB,live,rolling_24h_mean,pm10,2026-09-24T11:00:00Z,188.34,ugm3
10117,Shaheed Sukhdev College of Business Studies,28.732743,77.118788,North,CPCB,live,rolling_24h_mean,pm10,2026-09-24T13:00:00Z,186.32,ugm3
10117,Shaheed Sukhdev College of Business Studies,28.732743,77.118788,North,CPCB,live,rolling_24h_mean,pm10,2026-09-24T16:00:00Z,234.81,ugm3
10117,Shaheed Sukhdev College of Business Studies,28.732743,77.118788,North,CPCB,live,rolling_24h_mean,pm10,2026-09-24T17:00:00Z,106.52,ugm3
10117,Shaheed Sukhdev College of Business Studies,28.732743,77.118788,North,CPCB,live,rolling_24h_mean,pm10,2026-09-24T18:00:00Z,102.48,ugm3
10117,Shaheed Sukhdev College of Business Studies,28.732743,77.118788,North,CPCB,live,rolling_24h_mean,pm10,2026-09-24T22:00:00Z,53.46,ugm3
10117,Shaheed Sukhdev College of Business Studies,28.732743,77.118788,North,CPCB,live,rolling_24h_mean,pm10,2026-09-25T00:00:00Z,29.7,ugm3
10117,Shaheed Sukhdev College of Business Studies,28.732743,77.118788,North,CPCB,live,rolling_24h_mean,pm10,2026-09-25T02:00:00Z,39.42,ugm3
10117,Shaheed Sukhdev College of Business Studies,28.732743,77.118788,North,CPCB,live,rolling_24h_mean,pm10,2026-09-25T03:00:00Z,62.07,ugm3
10117,Shaheed Sukhdev College of Business Studies,28.732743,77.118788,North,CPCB,live,rolling_24h_mean,pm10,2026-09-25T05:00:00Z,120.66,ugm3
10117,Shaheed Sukhdev College of Business Studies,28.732743,77.118788,North,CPCB,live,rolling_24h_mean,pm10,2026-09-25T07:00:00Z,200.46,ugm3
10117,Shaheed Sukhdev College of Business Studies,28.732743,77.118788,North,CPCB,live,rolling_24h_mean,pm10,2026-09-25T08:00:00Z,530.5,ugm3
10117,Shaheed Sukhdev College of Business Studies,28.732743,77.118788,North,CPCB,live,rolling_24h_mean,pm10,2026-09-25T09:00:00Z,78.23,ugm3
10117,Shaheed Sukhdev College of Business Studies,28.732743,77.118788,North,CPCB,live,rolling_24h_mean,pm10,2026-09-25T10:00:00Z,250.97,ugm3
10117,Shaheed Sukhdev College of Business Studies,28.732743,77.118788,North,CPCB,live,rolling_24h_mean,pm10,2026-09-25T11:00:00Z,581.5,ugm3
10117,Shaheed Sukhdev College of Business Studies,28.732743,77.118788,North,CPCB,live,rolling_24h_mean,pm10,2026-09-25T12:00:00Z,130.77,ugm3
10117,Shaheed Sukhdev College of Business Studies,28.732743,77.118788,North,CPCB,live,rolling_24h_mean,pm10,2026-09-25T13:00:00Z,206.52,ugm3
10117,Shaheed Sukhdev College of Business Studies,28.732743,77.118788,North,CPCB,live,rolling_24h_mean,pm10,2026-09-25T14:00:00Z,230.77,ugm3
10117,Shaheed Sukhdev College of Business Studies,28.732743,77.118788,North,CPCB,live,rolling_24h_mean,pm10,2026-09-25T15:00:00Z,124.7,ugm3
10117,Shaheed Sukhdev College of Business Studies,28.732743,77.118788,North,CPCB,live,rolling_24h_mean,pm10,2026-09-25T16:00:00Z,138.85,ugm3
10117,Shaheed Sukhdev College of Business Studies,28.732743,77.118788,North,CPCB,live,rolling_24h_mean,pm10,2026-09-25T17:00:00Z,146.93,ugm3
10117,Shaheed Sukhdev College of Business Studies,28.732743,77.118788,North,CPCB,live,rolling_24h_mean,pm10,2026-09-25T18:00:00Z,110.56,ugm3
10117,Shaheed Sukhdev College of Business Studies,28.732743,77.118788,North,CPCB,live,rolling_24h_mean,pm10,2026-09-25T19:00:00Z,72.17,ugm3
10117,Shaheed Sukhdev College of Business Studies,28.732743,77.118788,North,CPCB,live,rolling_24h_mean,pm10,2026-09-25T20:00:00Z,46.98,ugm3
10117,Shaheed Sukhdev College of Business Studies,28.732743,77.118788,North,CPCB,live,rolling_24h_mean,pm10,2026-09-25T21:00:00Z,40.5,ugm3
10117,Shaheed Sukhdev College of Business Studies,28.732743,77.118788,North,CPCB,live,rolling_24h_mean,pm10,2026-09-25T22:00:00Z,41.58,ugm3
10117,Shaheed Sukhdev College of Business Studies,28.732743,77.118788,North,CPCB,live,rolling_24h_mean,pm10,2026-09-25T23:00:00Z,31.86,ugm3
10117,Shaheed Sukhdev College of Business Studies,28.732743,77.118788,North,CPCB,live,rolling_24h_mean,pm10,2026-09-26T00:00:00Z,34.02,ugm3
10117,Shaheed Sukhdev College of Business Studies,28.732743,77.118788,North,CPCB,live,rolling_24h_mean,pm10,2026-09-26T01:00:00Z,44.82,ugm3
10117,Shaheed Sukhdev College of Business Studies,28.732743,77.118788,North,CPCB,live,rolling_24h_mean,pm10,2026-09-26T02:00:00Z,68.13,ugm3
10117,Shaheed Sukhdev College of Business Studies,28.732743,77.118788,North,CPCB,live,rolling_24h_mean,pm10,2026-09-26T03:00:00Z,72.17,ugm3
10117,Shaheed Sukhdev College of Business Studies,28.732743,77.118788,North,CPCB,live,rolling_24h_mean,pm10,2026-09-26T04:00:00Z,116.62,ugm3
10117,Shaheed Sukhdev College of Business Studies,28.732743,77.118788,North,CPCB,live,rolling_24h_mean,pm10,2026-09-26T05:00:00Z,106.52,ugm3
10117,Shaheed Sukhdev College of Business Studies,28.732743,77.118788,North,CPCB,live,rolling_24h_mean,pm10,2026-09-26T06:00:00Z,106.52,ugm3
10117,Shaheed Sukhdev College of Business Studies,28.732743,77.118788,North,CPCB,live,rolling_24h_mean,pm10,2026-09-26T07:00:00Z,106.52,ugm3
10117,Shaheed Sukhdev College of Business Studies,28.732743,77.118788,North,CPCB,live,rolling_24h_mean,pm10,2026-09-26T08:00:00Z,84.3,ugm3
10117,Shaheed Sukhdev College of Business Studies,28.732743,77.118788,North,CPCB,live,rolling_24h_mean,pm10,2026-09-26T09:00:00Z,86.32,ugm3
10117,Shaheed Sukhdev College of Business Studies,28.732743,77.118788,North,CPCB,live,rolling_24h_mean,pm10,2026-09-26T10:00:00Z,140.87,ugm3
10117,Shaheed Sukhdev College of Business Studies,28.732743,77.118788,North,CPCB,live,rolling_24h_mean,pm10,2026-09-26T11:00:00Z,136.83,ugm3
10117,Shaheed Sukhdev College of Business Studies,28.732743,77.118788,North,CPCB,live,rolling_24h_mean,pm10,2026-09-26T12:00:00Z,108.54,ugm3
10117,Shaheed Sukhdev College of Business Studies,28.732743,77.118788,North,CPCB,live,rolling_24h_mean,pm10,2026-09-26T13:00:00Z,22.14,ugm3
10117,Shaheed Sukhdev College of Business Studies,28.732743,77.118788,North,CPCB,live,rolling_24h_mean,pm10,2026-09-26T14:00:00Z,23.22,ugm3
10117,Shaheed Sukhdev College of Business Studies,28.732743,77.118788,North,CPCB,live,rolling_24h_mean,pm10,2026-09-26T15:00:00Z,31.86,ugm3
10117,Shaheed Sukhdev College of Business Studies,28.732743,77.118788,North,CPCB,live,rolling_24h_mean,pm10,2026-09-26T16:00:00Z,21.06,ugm3
10117,Shaheed Sukhdev College of Business Studies,28.732743,77.118788,North,CPCB,live,rolling_24h_mean,pm25,2026-09-23T17:00:00Z,104.89,ugm3
10117,Shaheed Sukhdev College of Business Studies,28.732743,77.118788,North,CPCB,live,rolling_24h_mean,pm25,2026-09-23T18:00:00Z,87.46,ugm3
10117,Shaheed Sukhdev College of Business Studies,28.732743,77.118788,North,CPCB,live,rolling_24h_mean,pm25,2026-09-23T19:00:00Z,93.27,ugm3
10117,Shaheed Sukhdev College of Business Studies,28.732743,77.118788,North,CPCB,live,rolling_24h_mean,pm25,2026-09-23T20:00:00Z,99.08,ugm3
10117,Shaheed Sukhdev College of Business Studies,28.732743,77.118788,North,CPCB,live,rolling_24h_mean,pm25,2026-09-23T21:00:00Z,112.63,ugm3
10117,Shaheed Sukhdev College of Business Studies,28.732743,77.118788,North,CPCB,live,rolling_24h_mean,pm25,2026-09-23T22:00:00Z,161.1,ugm3
10117,Shaheed Sukhdev College of Business Studies,28.732743,77.118788,North,CPCB,live,rolling_24h_mean,pm25,2026-09-24T00:00:00Z,97.14,ugm3
10117,Shaheed Sukhdev College of Business Studies,28.732743,77.118788,North,CPCB,live,rolling_24h_mean,pm25,2026-09-24T03:00:00Z,46.26,ugm3
10117,Shaheed Sukhdev College of Business Studies,28.732743,77.118788,North,CPCB,live,rolling_24h_mean,pm25,2026-09-24T05:00:00Z,35.16,ugm3
10117,Shaheed Sukhdev College of Business Studies,28.732743,77.118788,North,CPCB,live,rolling_24h_mean,pm25,2026-09-24T06:00:00Z,31.36,ugm3
10117,Shaheed Sukhdev College of Business Studies,28.732743,77.118788,North,CPCB,live,rolling_24h_mean,pm25,2026-09-24T07:00:00Z,50.32,ugm3
10117,Shaheed Sukhdev College of Business Studies,28.732743,77.118788,North,CPCB,live,rolling_24h_mean,pm25,2026-09-24T10:00:00Z,48.29,ugm3
10117,Shaheed Sukhdev College of Business Studies,28.732743,77.118788,North,CPCB,live,rolling_24h_mean,pm25,2026-09-24T11:00:00Z,48.7,ugm3
10117,Shaheed Sukhdev College of Business Studies,28.732743,77.118788,North,CPCB,live,rolling_24h_mean,pm25,2026-09-24T13:00:00Z,50.73,ugm3
10117,Shaheed Sukhdev College of Business Studies,28.732743,77.118788,North,CPCB,live,rolling_24h_mean,pm25,2026-09-24T16:00:00Z,62.28,ugm3
10117,Shaheed Sukhdev College of Business Studies,28.732743,77.118788,North,CPCB,live,rolling_24h_mean,pm25,2026-09-24T17:00:00Z,48.29,ugm3
10117,Shaheed Sukhdev College of Business Studies,28.732743,77.118788,North,CPCB,live,rolling_24h_mean,pm25,2026-09-24T18:00:00Z,25.18,ugm3
10117,Shaheed Sukhdev College of Business Studies,28.732743,77.118788,North,CPCB,live,rolling_24h_mean,pm25,2026-09-24T22:00:00Z,13.29,ugm3
10117,Shaheed Sukhdev College of Business Studies,28.732743,77.118788,North,CPCB,live,rolling_24h_mean,pm25,2026-09-25T00:00:00Z,14.24,ugm3
10117,Shaheed Sukhdev College of Business Studies,28.732743,77.118788,North,CPCB,live,rolling_24h_mean,pm25,2026-09-25T02:00:00Z,16.14,ugm3
10117,Shaheed Sukhdev College of Business Studies,28.732743,77.118788,North,CPCB,live,rolling_24h_mean,pm25,2026-09-25T03:00:00Z,16.14,ugm3
10117,Shaheed Sukhdev College of Business Studies,28.732743,77.118788,North,CPCB,live,rolling_24h_mean,pm25,2026-09-25T05:00:00Z,4.2,ugm3
10117,Shaheed Sukhdev College of Business Studies,28.732743,77.118788,North,CPCB,live,rolling_24h_mean,pm25,2026-09-25T07:00:00Z,28.51,ugm3
10117,Shaheed Sukhdev College of Business Studies,28.732743,77.118788,North,CPCB,live,rolling_24h_mean,pm25,2026-09-25T08:00:00Z,51.14,ugm3
10117,Shaheed Sukhdev College of Business Studies,28.732743,77.118788,North,CPCB,live,rolling_24h_mean,pm25,2026-09-25T09:00:00Z,14.24,ugm3
10117,Shaheed Sukhdev College of Business Studies,28.732743,77.118788,North,CPCB,live,rolling_24h_mean,pm25,2026-09-25T10:00:00Z,54.79,ugm3
10117,Shaheed Sukhdev College of Business Studies,28.732743,77.118788,North,CPCB,live,rolling_24h_mean,pm25,2026-09-25T11:00:00Z,95.2,ugm3
10117,Shaheed Sukhdev College of Business Studies,28.732743,77.118788,North,CPCB,live,rolling_24h_mean,pm25,2026-09-25T12:00:00Z,29.46,ugm3
10117,Shaheed Sukhdev College of Business Studies,28.732743,77.118788,North,CPCB,live,rolling_24h_mean,pm25,2026-09-25T13:00:00Z,30.41,ugm3
10117,Shaheed Sukhdev College of Business Studies,28.732743,77.118788,North,CPCB,live,rolling_24h_mean,pm25,2026-09-25T14:00:00Z,38.95,ugm3
10117,Shaheed Sukhdev College of Business Studies,28.732743,77.118788,North,CPCB,live,rolling_24h_mean,pm25,2026-09-25T15:00:00Z,38.55,ugm3
10117,Shaheed Sukhdev College of Business Studies,28.732743,77.118788,North,CPCB,live,rolling_24h_mean,pm25,2026-09-25T16:00:00Z,48.29,ugm3
10117,Shaheed Sukhdev College of Business Studies,28.732743,77.118788,North,CPCB,live,rolling_24h_mean,pm25,2026-09-25T17:00:00Z,48.29,ugm3
10117,Shaheed Sukhdev College of Business Studies,28.732743,77.118788,North,CPCB,live,rolling_24h_mean,pm25,2026-09-25T18:00:00Z,44.23,ugm3
10117,Shaheed Sukhdev College of Business Studies,28.732743,77.118788,North,CPCB,live,rolling_24h_mean,pm25,2026-09-25T19:00:00Z,28.51,ugm3
10117,Shaheed Sukhdev College of Business Studies,28.732743,77.118788,North,CPCB,live,rolling_24h_mean,pm25,2026-09-25T20:00:00Z,18.99,ugm3
10117,Shaheed Sukhdev College of Business Studies,28.732743,77.118788,North,CPCB,live,rolling_24h_mean,pm25,2026-09-25T21:00:00Z,9.24,ugm3
10117,Shaheed Sukhdev College of Business Studies,28.732743,77.118788,North,CPCB,live,rolling_24h_mean,pm25,2026-09-25T22:00:00Z,12.81,ugm3
10117,Shaheed Sukhdev College of Business Studies,28.732743,77.118788,North,CPCB,live,rolling_24h_mean,pm25,2026-09-25T23:00:00Z,6.6,ugm3
10117,Shaheed Sukhdev College of Business Studies,28.732743,77.118788,North,CPCB,live,rolling_24h_mean,pm25,2026-09-26T00:00:00Z,7.32,ugm3
10117,Shaheed Sukhdev College of Business Studies,28.732743,77.118788,North,CPCB,live,rolling_24h_mean,pm25,2026-09-26T01:00:00Z,20.42,ugm3
10117,Shaheed Sukhdev College of Business Studies,28.732743,77.118788,North,CPCB,live,rolling_24h_mean,pm25,2026-09-26T02:00:00Z,34.69,ugm3
10117,Shaheed Sukhdev College of Business Studies,28.732743,77.118788,North,CPCB,live,rolling_24h_mean,pm25,2026-09-26T03:00:00Z,31.36,ugm3
10117,Shaheed Sukhdev College of Business Studies,28.732743,77.118788,North,CPCB,live,rolling_24h_mean,pm25,2026-09-26T04:00:00Z,35.16,ugm3
10117,Shaheed Sukhdev College of Business Studies,28.732743,77.118788,North,CPCB,live,rolling_24h_mean,pm25,2026-09-26T05:00:00Z,30.41,ugm3
10117,Shaheed Sukhdev College of Business Studies,28.732743,77.118788,North,CPCB,live,rolling_24h_mean,pm25,2026-09-26T06:00:00Z,36.11,ugm3
10117,Shaheed Sukhdev College of Business Studies,28.732743,77.118788,North,CPCB,live,rolling_24h_mean,pm25,2026-09-26T07:00:00Z,22.32,ugm3
10117,Shaheed Sukhdev College of Business Studies,28.732743,77.118788,North,CPCB,live,rolling_24h_mean,pm25,2026-09-26T08:00:00Z,22.8,ugm3
10117,Shaheed Sukhdev College of Business Studies,28.732743,77.118788,North,CPCB,live,rolling_24h_mean,pm25,2026-09-26T09:00:00Z,9.24,ugm3
10117,Shaheed Sukhdev College of Business Studies,28.732743,77.118788,North,CPCB,live,rolling_24h_mean,pm25,2026-09-26T10:00:00Z,12.12,ugm3
10117,Shaheed Sukhdev College of Business Studies,28.732743,77.118788,North,CPCB,live,rolling_24h_mean,pm25,2026-09-26T11:00:00Z,14.24,ugm3
10117,Shaheed Sukhdev College of Business Studies,28.732743,77.118788,North,CPCB,live,rolling_24h_mean,pm25,2026-09-26T12:00:00Z,10.92,ugm3
10117,Shaheed Sukhdev College of Business Studies,28.732743,77.118788,North,CPCB,live,rolling_24h_mean,pm25,2026-09-26T13:00:00Z,17.57,ugm3
10117,Shaheed Sukhdev College of Business Studies,28.732743,77.118788,North,CPCB,live,rolling_24h_mean,pm25,2026-09-26T14:00:00Z,17.09,ugm3
10117,Shaheed Sukhdev College of Business Studies,28.732743,77.118788,North,CPCB,live,rolling_24h_mean,pm25,2026-09-26T15:00:00Z,12.12,ugm3
10117,Shaheed Sukhdev College of Business Studies,28.732743,77.118788,North,CPCB,live,rolling_24h_mean,pm25,2026-09-26T16:00:00Z,8.28,ugm3
10118,ITI Shahdra,28.672114,77.313832,East,CPCB,live,rolling_24h_mean,o3,2026-09-23T17:00:00Z,9.54,ugm3
10118,ITI Shahdra,28.672114,77.313832,East,CPCB,live,rolling_24h_mean,o3,2026-09-23T18:00:00Z,8.05,ugm3
10118,ITI Shahdra,28.672114,77.313832,East,CPCB,live,rolling_24h_mean,o3,2026-09-23T19:00:00Z,7.42,ugm3
10118,ITI Shahdra,28.672114,77.313832,East,CPCB,live,rolling_24h_mean,o3,2026-09-23T20:00:00Z,10.38,ugm3
10118,ITI Shahdra,28.672114,77.313832,East,CPCB,live,rolling_24h_mean,o3,2026-09-23T21:00:00Z,7.2,ugm3
10118,ITI Shahdra,28.672114,77.313832,East,CPCB,live,rolling_24h_mean,o3,2026-09-23T22:00:00Z,5.52,ugm3
10118,ITI Shahdra,28.672114,77.313832,East,CPCB,live,rolling_24h_mean,o3,2026-09-24T00:00:00Z,5.08,ugm3
10118,ITI Shahdra,28.672114,77.313832,East,CPCB,live,rolling_24h_mean,o3,2026-09-24T03:00:00Z,3.81,ugm3
10118,ITI Shahdra,28.672114,77.313832,East,CPCB,live,rolling_24h_mean,o3,2026-09-24T05:00:00Z,8.91,ugm3
10118,ITI Shahdra,28.672114,77.313832,East,CPCB,live,rolling_24h_mean,o3,2026-09-24T06:00:00Z,18.24,ugm3
10118,ITI Shahdra,28.672114,77.313832,East,CPCB,live,rolling_24h_mean,o3,2026-09-24T07:00:00Z,25.66,ugm3
10118,ITI Shahdra,28.672114,77.313832,East,CPCB,live,rolling_24h_mean,o3,2026-09-24T10:00:00Z,36.04,ugm3
10118,ITI Shahdra,28.672114,77.313832,East,CPCB,live,rolling_24h_mean,o3,2026-09-24T11:00:00Z,37.32,ugm3
10118,ITI Shahdra,28.672114,77.313832,East,CPCB,live,rolling_24h_mean,o3,2026-09-24T13:00:00Z,27.99,ugm3
10118,ITI Shahdra,28.672114,77.313832,East,CPCB,live,rolling_24h_mean,o3,2026-09-24T16:00:00Z,11.44,ugm3
10118,ITI Shahdra,28.672114,77.313832,East,CPCB,live,rolling_24h_mean,o3,2026-09-24T17:00:00Z,7.64,ugm3
10118,ITI Shahdra,28.672114,77.313832,East,CPCB,live,rolling_24h_mean,o3,2026-09-24T18:00:00Z,7.42,ugm3
10118,ITI Shahdra,28.672114,77.313832,East,CPCB,live,rolling_24h_mean,o3,2026-09-24T22:00:00Z,10.17,ugm3
10118,ITI Shahdra,28.672114,77.313832,East,CPCB,live,rolling_24h_mean,o3,2026-09-25T00:00:00Z,10.17,ugm3
10118,ITI Shahdra,28.672114,77.313832,East,CPCB,live,rolling_24h_mean,o3,2026-09-25T02:00:00Z,10.17,ugm3
10118,ITI Shahdra,28.672114,77.313832,East,CPCB,live,rolling_24h_mean,o3,2026-09-25T03:00:00Z,10.17,ugm3
10118,ITI Shahdra,28.672114,77.313832,East,CPCB,live,rolling_24h_mean,o3,2026-09-25T05:00:00Z,11.03,ugm3
10118,ITI Shahdra,28.672114,77.313832,East,CPCB,live,rolling_24h_mean,o3,2026-09-25T07:00:00Z,12.72,ugm3
10118,ITI Shahdra,28.672114,77.313832,East,CPCB,live,rolling_24h_mean,o3,2026-09-25T08:00:00Z,14.62,ugm3
10118,ITI Shahdra,28.672114,77.313832,East,CPCB,live,rolling_24h_mean,o3,2026-09-25T09:00:00Z,19.3,ugm3
10118,ITI Shahdra,28.672114,77.313832,East,CPCB,live,rolling_24h_mean,o3,2026-09-25T10:00:00Z,18.87,ugm3
10118,ITI Shahdra,28.672114,77.313832,East,CPCB,live,rolling_24h_mean,o3,2026-09-25T11:00:00Z,23.32,ugm3
10118,ITI Shahdra,28.672114,77.313832,East,CPCB,live,rolling_24h_mean,o3,2026-09-25T12:00:00Z,19.51,ugm3
10118,ITI Shahdra,28.672114,77.313832,East,CPCB,live,rolling_24h_mean,o3,2026-09-25T13:00:00Z,11.03,ugm3
10118,ITI Shahdra,28.672114,77.313832,East,CPCB,live,rolling_24h_mean,o3,2026-09-25T14:00:00Z,9.76,ugm3
10118,ITI Shahdra,28.672114,77.313832,East,CPCB,live,rolling_24h_mean,o3,2026-09-25T15:00:00Z,10.6,ugm3
10118,ITI Shahdra,28.672114,77.313832,East,CPCB,live,rolling_24h_mean,o3,2026-09-25T16:00:00Z,6.79,ugm3
10118,ITI Shahdra,28.672114,77.313832,East,CPCB,live,rolling_24h_mean,o3,2026-09-25T17:00:00Z,6.99,ugm3
10118,ITI Shahdra,28.672114,77.313832,East,CPCB,live,rolling_24h_mean,o3,2026-09-25T18:00:00Z,10.38,ugm3
10118,ITI Shahdra,28.672114,77.313832,East,CPCB,live,rolling_24h_mean,o3,2026-09-25T19:00:00Z,9.97,ugm3
10118,ITI Shahdra,28.672114,77.313832,East,CPCB,live,rolling_24h_mean,o3,2026-09-25T20:00:00Z,10.6,ugm3
10118,ITI Shahdra,28.672114,77.313832,East,CPCB,live,rolling_24h_mean,o3,2026-09-25T21:00:00Z,8.26,ugm3
10118,ITI Shahdra,28.672114,77.313832,East,CPCB,live,rolling_24h_mean,o3,2026-09-25T22:00:00Z,8.7,ugm3
10118,ITI Shahdra,28.672114,77.313832,East,CPCB,live,rolling_24h_mean,o3,2026-09-25T23:00:00Z,8.48,ugm3
10118,ITI Shahdra,28.672114,77.313832,East,CPCB,live,rolling_24h_mean,o3,2026-09-26T00:00:00Z,9.54,ugm3
10118,ITI Shahdra,28.672114,77.313832,East,CPCB,live,rolling_24h_mean,o3,2026-09-26T01:00:00Z,9.97,ugm3
10118,ITI Shahdra,28.672114,77.313832,East,CPCB,live,rolling_24h_mean,o3,2026-09-26T02:00:00Z,10.82,ugm3
10118,ITI Shahdra,28.672114,77.313832,East,CPCB,live,rolling_24h_mean,o3,2026-09-26T03:00:00Z,11.44,ugm3
10118,ITI Shahdra,28.672114,77.313832,East,CPCB,live,rolling_24h_mean,o3,2026-09-26T04:00:00Z,10.38,ugm3
10118,ITI Shahdra,28.672114,77.313832,East,CPCB,live,rolling_24h_mean,o3,2026-09-26T05:00:00Z,12.09,ugm3
10118,ITI Shahdra,28.672114,77.313832,East,CPCB,live,rolling_24h_mean,o3,2026-09-26T06:00:00Z,15.27,ugm3
10118,ITI Shahdra,28.672114,77.313832,East,CPCB,live,rolling_24h_mean,o3,2026-09-26T07:00:00Z,15.68,ugm3
10118,ITI Shahdra,28.672114,77.313832,East,CPCB,live,rolling_24h_mean,o3,2026-09-26T08:00:00Z,16.33,ugm3
10118,ITI Shahdra,28.672114,77.313832,East,CPCB,live,rolling_24h_mean,o3,2026-09-26T09:00:00Z,16.33,ugm3
10118,ITI Shahdra,28.672114,77.313832,East,CPCB,live,rolling_24h_mean,o3,2026-09-26T10:00:00Z,15.47,ugm3
10118,ITI Shahdra,28.672114,77.313832,East,CPCB,live,rolling_24h_mean,o3,2026-09-26T11:00:00Z,15.27,ugm3
10118,ITI Shahdra,28.672114,77.313832,East,CPCB,live,rolling_24h_mean,o3,2026-09-26T12:00:00Z,13.56,ugm3
10118,ITI Shahdra,28.672114,77.313832,East,CPCB,live,rolling_24h_mean,o3,2026-09-26T13:00:00Z,14.0,ugm3
10118,ITI Shahdra,28.672114,77.313832,East,CPCB,live,rolling_24h_mean,o3,2026-09-26T14:00:00Z,12.94,ugm3
10118,ITI Shahdra,28.672114,77.313832,East,CPCB,live,rolling_24h_mean,o3,2026-09-26T15:00:00Z,12.29,ugm3
10118,ITI Shahdra,28.672114,77.313832,East,CPCB,live,rolling_24h_mean,o3,2026-09-26T16:00:00Z,12.94,ugm3
10118,ITI Shahdra,28.672114,77.313832,East,CPCB,live,rolling_24h_mean,pm10,2026-09-23T17:00:00Z,232.79,ugm3
10118,ITI Shahdra,28.672114,77.313832,East,CPCB,live,rolling_24h_mean,pm10,2026-09-23T18:00:00Z,226.72,ugm3
10118,ITI Shahdra,28.672114,77.313832,East,CPCB,live,rolling_24h_mean,pm10,2026-09-23T19:00:00Z,258.03,ugm3
10118,ITI Shahdra,28.672114,77.313832,East,CPCB,live,rolling_24h_mean,pm10,2026-09-23T20:00:00Z,242.89,ugm3
10118,ITI Shahdra,28.672114,77.313832,East,CPCB,live,rolling_24h_mean,pm10,2026-09-23T21:00:00Z,242.89,ugm3
10118,ITI Shahdra,28.672114,77.313832,East,CPCB,live,rolling_24h_mean,pm10,2026-09-23T22:00:00Z,158.03,ugm3
10118,ITI Shahdra,28.672114,77.313832,East,CPCB,live,rolling_24h_mean,pm10,2026-09-24T00:00:00Z,86.32,ugm3
10118,ITI Shahdra,28.672114,77.313832,East,CPCB,live,rolling_24h_mean,pm10,2026-09-24T03:00:00Z,144.91,ugm3
10118,ITI Shahdra,28.672114,77.313832,East,CPCB,live,rolling_24h_mean,pm10,2026-09-24T05:00:00Z,104.5,ugm3
10118,ITI Shahdra,28.672114,77.313832,East,CPCB,live,rolling_24h_mean,pm10,2026-09-24T06:00:00Z,108.54,ugm3
10118,ITI Shahdra,28.672114,77.313832,East,CPCB,live,rolling_24h_mean,pm10,2026-09-24T07:00:00Z,116.62,ugm3
10118,ITI Shahdra,28.672114,77.313832,East,CPCB,live,rolling_24h_mean,pm10,2026-09-24T10:00:00Z,108.54,ugm3
10118,ITI Shahdra,28.672114,77.313832,East,CPCB,live,rolling_24h_mean,pm10,2026-09-24T11:00:00Z,114.6,ugm3
10118,ITI Shahdra,28.672114,77.313832,East,CPCB,live,rolling_24h_mean,pm10,2026-09-24T13:00:00Z,134.81,ugm3
10118,ITI Shahdra,28.672114,77.313832,East,CPCB,live,rolling_24h_mean,pm10,2026-09-24T16:00:00Z,106.52,ugm3
10118,ITI Shahdra,28.672114,77.313832,East,CPCB,live,rolling_24h_mean,pm10,2026-09-24T17:00:00Z,94.4,ugm3
10118,ITI Shahdra,28.672114,77.313832,East,CPCB,live,rolling_24h_mean,pm10,2026-09-24T18:00:00Z,84.3,ugm3
10118,ITI Shahdra,28.672114,77.313832,East,CPCB,live,rolling_24h_mean,pm10,2026-09-24T22:00:00Z,68.13,ugm3
10118,ITI Shahdra,28.672114,77.313832,East,CPCB,live,rolling_24h_mean,pm10,2026-09-25T00:00:00Z,68.13,ugm3
10118,ITI Shahdra,28.672114,77.313832,East,CPCB,live,rolling_24h_mean,pm10,2026-09-25T02:00:00Z,68.13,ugm3
10118,ITI Shahdra,28.672114,77.313832,East,CPCB,live,rolling_24h_mean,pm10,2026-09-25T03:00:00Z,68.13,ugm3
10118,ITI Shahdra,28.672114,77.313832,East,CPCB,live,rolling_24h_mean,pm10,2026-09-25T05:00:00Z,76.21,ugm3
10118,ITI Shahdra,28.672114,77.313832,East,CPCB,live,rolling_24h_mean,pm10,2026-09-25T07:00:00Z,80.26,ugm3
10118,ITI Shahdra,28.672114,77.313832,East,CPCB,live,rolling_24h_mean,pm10,2026-09-25T08:00:00Z,68.13,ugm3
10118,ITI Shahdra,28.672114,77.313832,East,CPCB,live,rolling_24h_mean,pm10,2026-09-25T09:00:00Z,68.13,ugm3
10118,ITI Shahdra,28.672114,77.313832,East,CPCB,live,rolling_24h_mean,pm10,2026-09-25T10:00:00Z,58.03,ugm3
10118,ITI Shahdra,28.672114,77.313832,East,CPCB,live,rolling_24h_mean,pm10,2026-09-25T11:00:00Z,53.46,ugm3
10118,ITI Shahdra,28.672114,77.313832,East,CPCB,live,rolling_24h_mean,pm10,2026-09-25T12:00:00Z,102.48,ugm3
10118,ITI Shahdra,28.672114,77.313832,East,CPCB,live,rolling_24h_mean,pm10,2026-09-25T13:00:00Z,112.58,ugm3
10118,ITI Shahdra,28.672114,77.313832,East,CPCB,live,rolling_24h_mean,pm10,2026-09-25T14:00:00Z,96.42,ugm3
10118,ITI Shahdra,28.672114,77.313832,East,CPCB,live,rolling_24h_mean,pm10,2026-09-25T15:00:00Z,66.11,ugm3
10118,ITI Shahdra,28.672114,77.313832,East,CPCB,live,rolling_24h_mean,pm10,2026-09-25T16:00:00Z,58.03,ugm3
10118,ITI Shahdra,28.672114,77.313832,East,CPCB,live,rolling_24h_mean,pm10,2026-09-25T17:00:00Z,84.3,ugm3
10118,ITI Shahdra,28.672114,77.313832,East,CPCB,live,rolling_24h_mean,pm10,2026-09-25T18:00:00Z,88.34,ugm3
10118,ITI Shahdra,28.672114,77.313832,East,CPCB,live,rolling_24h_mean,pm10,2026-09-25T19:00:00Z,68.13,ugm3
10118,ITI Shahdra,28.672114,77.313832,East,CPCB,live,rolling_24h_mean,pm10,2026-09-25T20:00:00Z,60.05,ugm3
10118,ITI Shahdra,28.672114,77.313832,East,CPCB,live,rolling_24h_mean,pm10,2026-09-25T21:00:00Z,45.9,ugm3
10118,ITI Shahdra,28.672114,77.313832,East,CPCB,live,rolling_24h_mean,pm10,2026-09-25T22:00:00Z,36.18,ugm3
10118,ITI Shahdra,28.672114,77.313832,East,CPCB,live,rolling_24h_mean,pm10,2026-09-25T23:00:00Z,39.42,ugm3
10118,ITI Shahdra,28.672114,77.313832,East,CPCB,live,rolling_24h_mean,pm10,2026-09-26T00:00:00Z,48.06,ugm3
10118,ITI Shahdra,28.672114,77.313832,East,CPCB,live,rolling_24h_mean,pm10,2026-09-26T01:00:00Z,35.1,ugm3
10118,ITI Shahdra,28.672114,77.313832,East,CPCB,live,rolling_24h_mean,pm10,2026-09-26T02:00:00Z,41.58,ugm3
10118,ITI Shahdra,28.672114,77.313832,East,CPCB,live,rolling_24h_mean,pm10,2026-09-26T03:00:00Z,52.38,ugm3
10118,ITI Shahdra,28.672114,77.313832,East,CPCB,live,rolling_24h_mean,pm10,2026-09-26T04:00:00Z,56.01,ugm3
10118,ITI Shahdra,28.672114,77.313832,East,CPCB,live,rolling_24h_mean,pm10,2026-09-26T05:00:00Z,84.3,ugm3
10118,ITI Shahdra,28.672114,77.313832,East,CPCB,live,rolling_24h_mean,pm10,2026-09-26T06:00:00Z,98.44,ugm3
10118,ITI Shahdra,28.672114,77.313832,East,CPCB,live,rolling_24h_mean,pm10,2026-09-26T07:00:00Z,80.26,ugm3
10118,ITI Shahdra,28.672114,77.313832,East,CPCB,live,rolling_24h_mean,pm10,2026-09-26T08:00:00Z,68.13,ugm3
10118,ITI Shahdra,28.672114,77.313832,East,CPCB,live,rolling_24h_mean,pm10,2026-09-26T09:00:00Z,86.32,ugm3
10118,ITI Shahdra,28.672114,77.313832,East,CPCB,live,rolling_24h_mean,pm10,2026-09-26T10:00:00Z,92.38,ugm3
10118,ITI Shahdra,28.672114,77.313832,East,CPCB,live,rolling_24h_mean,pm10,2026-09-26T11:00:00Z,96.42,ugm3
10118,ITI Shahdra,28.672114,77.313832,East,CPCB,live,rolling_24h_mean,pm10,2026-09-26T12:00:00Z,41.58,ugm3
10118,ITI Shahdra,28.672114,77.313832,East,CPCB,live,rolling_24h_mean,pm10,2026-09-26T13:00:00Z,25.38,ugm3
10118,ITI Shahdra,28.672114,77.313832,East,CPCB,live,rolling_24h_mean,pm10,2026-09-26T14:00:00Z,27.54,ugm3
10118,ITI Shahdra,28.672114,77.313832,East,CPCB,live,rolling_24h_mean,pm10,2026-09-26T15:00:00Z,21.06,ugm3
10118,ITI Shahdra,28.672114,77.313832,East,CPCB,live,rolling_24h_mean,pm10,2026-09-26T16:00:00Z,39.42,ugm3
10118,ITI Shahdra,28.672114,77.313832,East,CPCB,live,rolling_24h_mean,pm25,2026-09-23T17:00:00Z,108.76,ugm3
10118,ITI Shahdra,28.672114,77.313832,East,CPCB,live,rolling_24h_mean,pm25,2026-09-23T18:00:00Z,85.52,ugm3
10118,ITI Shahdra,28.672114,77.313832,East,CPCB,live,rolling_24h_mean,pm25,2026-09-23T19:00:00Z,95.2,ugm3
10118,ITI Shahdra,28.672114,77.313832,East,CPCB,live,rolling_24h_mean,pm25,2026-09-23T20:00:00Z,106.82,ugm3
10118,ITI Shahdra,28.672114,77.313832,East,CPCB,live,rolling_24h_mean,pm25,2026-09-23T21:00:00Z,110.7,ugm3
10118,ITI Shahdra,28.672114,77.313832,East,CPCB,live,rolling_24h_mean,pm25,2026-09-23T22:00:00Z,71.96,ugm3
10118,ITI Shahdra,28.672114,77.313832,East,CPCB,live,rolling_24h_mean,pm25,2026-09-24T00:00:00Z,36.11,ugm3
10118,ITI Shahdra,28.672114,77.313832,East,CPCB,live,rolling_24h_mean,pm25,2026-09-24T03:00:00Z,44.23,ugm3
10118,ITI Shahdra,28.672114,77.313832,East,CPCB,live,rolling_24h_mean,pm25,2026-09-24T05:00:00Z,29.46,ugm3
10118,ITI Shahdra,28.672114,77.313832,East,CPCB,live,rolling_24h_mean,pm25,2026-09-24T06:00:00Z,33.26,ugm3
10118,ITI Shahdra,28.672114,77.313832,East,CPCB,live,rolling_24h_mean,pm25,2026-09-24T07:00:00Z,45.04,ugm3
10118,ITI Shahdra,28.672114,77.313832,East,CPCB,live,rolling_24h_mean,pm25,2026-09-24T10:00:00Z,36.52,ugm3
10118,ITI Shahdra,28.672114,77.313832,East,CPCB,live,rolling_24h_mean,pm25,2026-09-24T11:00:00Z,39.36,ugm3
10118,ITI Shahdra,28.672114,77.313832,East,CPCB,live,rolling_24h_mean,pm25,2026-09-24T13:00:00Z,42.61,ugm3
10118,ITI Shahdra,28.672114,77.313832,East,CPCB,live,rolling_24h_mean,pm25,2026-09-24T16:00:00Z,21.37,ugm3
10118,ITI Shahdra,28.672114,77.313832,East,CPCB,live,rolling_24h_mean,pm25,2026-09-24T17:00:00Z,22.32,ugm3
10118,ITI Shahdra,28.672114,77.313832,East,CPCB,live,rolling_24h_mean,pm25,2026-09-24T18:00:00Z,13.29,ugm3
10118,ITI Shahdra,28.672114,77.313832,East,CPCB,live,rolling_24h_mean,pm25,2026-09-24T22:00:00Z,10.68,ugm3
10118,ITI Shahdra,28.672114,77.313832,East,CPCB,live,rolling_24h_mean,pm25,2026-09-25T00:00:00Z,10.68,ugm3
10118,ITI Shahdra,28.672114,77.313832,East,CPCB,live,rolling_24h_mean,pm25,2026-09-25T02:00:00Z,10.68,ugm3
10118,ITI Shahdra,28.672114,77.313832,East,CPCB,live,rolling_24h_mean,pm25,2026-09-25T03:00:00Z,10.68,ugm3
10118,ITI Shahdra,28.672114,77.313832,East,CPCB,live,rolling_24h_mean,pm25,2026-09-25T05:00:00Z,8.52,ugm3
10118,ITI Shahdra,28.672114,77.313832,East,CPCB,live,rolling_24h_mean,pm25,2026-09-25T07:00:00Z,10.2,ugm3
10118,ITI Shahdra,28.672114,77.313832,East,CPCB,live,rolling_24h_mean,pm25,2026-09-25T08:00:00Z,13.29,ugm3
10118,ITI Shahdra,28.672114,77.313832,East,CPCB,live,rolling_24h_mean,pm25,2026-09-25T09:00:00Z,14.24,ugm3
10118,ITI Shahdra,28.672114,77.313832,East,CPCB,live,rolling_24h_mean,pm25,2026-09-25T10:00:00Z,13.76,ugm3
10118,ITI Shahdra,28.672114,77.313832,East,CPCB,live,rolling_24h_mean,pm25,2026-09-25T11:00:00Z,13.29,ugm3
10118,ITI Shahdra,28.672114,77.313832,East,CPCB,live,rolling_24h_mean,pm25,2026-09-25T12:00:00Z,22.32,ugm3
10118,ITI Shahdra,28.672114,77.313832,East,CPCB,live,rolling_24h_mean,pm25,2026-09-25T13:00:00Z,29.46,ugm3
10118,ITI Shahdra,28.672114,77.313832,East,CPCB,live,rolling_24h_mean,pm25,2026-09-25T14:00:00Z,17.57,ugm3
10118,ITI Shahdra,28.672114,77.313832,East,CPCB,live,rolling_24h_mean,pm25,2026-09-25T15:00:00Z,17.09,ugm3
10118,ITI Shahdra,28.672114,77.313832,East,CPCB,live,rolling_24h_mean,pm25,2026-09-25T16:00:00Z,20.42,ugm3
10118,ITI Shahdra,28.672114,77.313832,East,CPCB,live,rolling_24h_mean,pm25,2026-09-25T17:00:00Z,24.23,ugm3
10118,ITI Shahdra,28.672114,77.313832,East,CPCB,live,rolling_24h_mean,pm25,2026-09-25T18:00:00Z,21.37,ugm3
10118,ITI Shahdra,28.672114,77.313832,East,CPCB,live,rolling_24h_mean,pm25,2026-09-25T19:00:00Z,12.34,ugm3
10118,ITI Shahdra,28.672114,77.313832,East,CPCB,live,rolling_24h_mean,pm25,2026-09-25T20:00:00Z,10.2,ugm3
10118,ITI Shahdra,28.672114,77.313832,East,CPCB,live,rolling_24h_mean,pm25,2026-09-25T21:00:00Z,8.28,ugm3
10118,ITI Shahdra,28.672114,77.313832,East,CPCB,live,rolling_24h_mean,pm25,2026-09-25T22:00:00Z,6.6,ugm3
10118,ITI Shahdra,28.672114,77.313832,East,CPCB,live,rolling_24h_mean,pm25,2026-09-25T23:00:00Z,13.29,ugm3
10118,ITI Shahdra,28.672114,77.313832,East,CPCB,live,rolling_24h_mean,pm25,2026-09-26T00:00:00Z,13.29,ugm3
10118,ITI Shahdra,28.672114,77.313832,East,CPCB,live,rolling_24h_mean,pm25,2026-09-26T01:00:00Z,14.24,ugm3
10118,ITI Shahdra,28.672114,77.313832,East,CPCB,live,rolling_24h_mean,pm25,2026-09-26T02:00:00Z,9.48,ugm3
10118,ITI Shahdra,28.672114,77.313832,East,CPCB,live,rolling_24h_mean,pm25,2026-09-26T03:00:00Z,9.0,ugm3
10118,ITI Shahdra,28.672114,77.313832,East,CPCB,live,rolling_24h_mean,pm25,2026-09-26T04:00:00Z,14.24,ugm3
10118,ITI Shahdra,28.672114,77.313832,East,CPCB,live,rolling_24h_mean,pm25,2026-09-26T05:00:00Z,21.37,ugm3
10118,ITI Shahdra,28.672114,77.313832,East,CPCB,live,rolling_24h_mean,pm25,2026-09-26T06:00:00Z,24.23,ugm3
10118,ITI Shahdra,28.672114,77.313832,East,CPCB,live,rolling_24h_mean,pm25,2026-09-26T07:00:00Z,15.67,ugm3
10118,ITI Shahdra,28.672114,77.313832,East,CPCB,live,rolling_24h_mean,pm25,2026-09-26T08:00:00Z,9.48,ugm3
10118,ITI Shahdra,28.672114,77.313832,East,CPCB,live,rolling_24h_mean,pm25,2026-09-26T09:00:00Z,10.2,ugm3
10118,ITI Shahdra,28.672114,77.313832,East,CPCB,live,rolling_24h_mean,pm25,2026-09-26T10:00:00Z,10.2,ugm3
10118,ITI Shahdra,28.672114,77.313832,East,CPCB,live,rolling_24h_mean,pm25,2026-09-26T11:00:00Z,9.24,ugm3
10118,ITI Shahdra,28.672114,77.313832,East,CPCB,live,rolling_24h_mean,pm25,2026-09-26T12:00:00Z,12.34,ugm3
10118,ITI Shahdra,28.672114,77.313832,East,CPCB,live,rolling_24h_mean,pm25,2026-09-26T13:00:00Z,9.48,ugm3
10118,ITI Shahdra,28.672114,77.313832,East,CPCB,live,rolling_24h_mean,pm25,2026-09-26T14:00:00Z,8.28,ugm3
10118,ITI Shahdra,28.672114,77.313832,East,CPCB,live,rolling_24h_mean,pm25,2026-09-26T15:00:00Z,5.16,ugm3
10118,ITI Shahdra,28.672114,77.313832,East,CPCB,live,rolling_24h_mean,pm25,2026-09-26T16:00:00Z,22.32,ugm3
10119,National Institute of Malaria Research,28.576909,77.075898,West,CPCB,live,rolling_24h_mean,o3,2026-09-23T17:00:00Z,18.87,ugm3
10119,National Institute of Malaria Research,28.576909,77.075898,West,CPCB,live,rolling_24h_mean,o3,2026-09-23T18:00:00Z,19.93,ugm3
10119,National Institute of Malaria Research,28.576909,77.075898,West,CPCB,live,rolling_24h_mean,o3,2026-09-23T19:00:00Z,11.66,ugm3
10119,National Institute of Malaria Research,28.576909,77.075898,West,CPCB,live,rolling_24h_mean,o3,2026-09-23T20:00:00Z,9.97,ugm3
10119,National Institute of Malaria Research,28.576909,77.075898,West,CPCB,live,rolling_24h_mean,o3,2026-09-23T21:00:00Z,10.6,ugm3
10119,National Institute of Malaria Research,28.576909,77.075898,West,CPCB,live,rolling_24h_mean,o3,2026-09-23T22:00:00Z,13.56,ugm3
10119,National Institute of Malaria Research,28.576909,77.075898,West,CPCB,live,rolling_24h_mean,o3,2026-09-24T00:00:00Z,12.29,ugm3
10119,National Institute of Malaria Research,28.576909,77.075898,West,CPCB,live,rolling_24h_mean,o3,2026-09-24T03:00:00Z,13.35,ugm3
10119,National Institute of Malaria Research,28.576909,77.075898,West,CPCB,live,rolling_24h_mean,o3,2026-09-24T05:00:00Z,25.01,ugm3
10119,National Institute of Malaria Research,28.576909,77.075898,West,CPCB,live,rolling_24h_mean,o3,2026-09-24T06:00:00Z,25.01,ugm3
10119,National Institute of Malaria Research,28.576909,77.075898,West,CPCB,live,rolling_24h_mean,o3,2026-09-24T07:00:00Z,25.01,ugm3
10119,National Institute of Malaria Research,28.576909,77.075898,West,CPCB,live,rolling_24h_mean,o3,2026-09-24T10:00:00Z,43.03,ugm3
10119,National Institute of Malaria Research,28.576909,77.075898,West,CPCB,live,rolling_24h_mean,o3,2026-09-24T11:00:00Z,45.8,ugm3
10119,National Institute of Malaria Research,28.576909,77.075898,West,CPCB,live,rolling_24h_mean,o3,2026-09-24T13:00:00Z,37.73,ugm3
10119,National Institute of Malaria Research,28.576909,77.075898,West,CPCB,live,rolling_24h_mean,o3,2026-09-24T16:00:00Z,15.47,ugm3
10119,National Institute of Malaria Research,28.576909,77.075898,West,CPCB,live,rolling_24h_mean,o3,2026-09-24T17:00:00Z,15.47,ugm3
10119,National Institute of Malaria Research,28.576909,77.075898,West,CPCB,live,rolling_24h_mean,o3,2026-09-24T18:00:00Z,15.27,ugm3
10119,National Institute of Malaria Research,28.576909,77.075898,West,CPCB,live,rolling_24h_mean,o3,2026-09-24T22:00:00Z,14.0,ugm3
10119,National Institute of Malaria Research,28.576909,77.075898,West,CPCB,live,rolling_24h_mean,o3,2026-09-25T00:00:00Z,14.0,ugm3
10119,National Institute of Malaria Research,28.576909,77.075898,West,CPCB,live,rolling_24h_mean,o3,2026-09-25T02:00:00Z,14.0,ugm3
10119,National Institute of Malaria Research,28.576909,77.075898,West,CPCB,live,rolling_24h_mean,o3,2026-09-25T03:00:00Z,14.0,ugm3
10119,National Institute of Malaria Research,28.576909,77.075898,West,CPCB,live,rolling_24h_mean,o3,2026-09-25T05:00:00Z,20.14,ugm3
10119,National Institute of Malaria Research,28.576909,77.075898,West,CPCB,live,rolling_24h_mean,o3,2026-09-25T07:00:00Z,22.26,ugm3
10119,National Institute of Malaria Research,28.576909,77.075898,West,CPCB,live,rolling_24h_mean,o3,2026-09-25T08:00:00Z,22.26,ugm3
10119,National Institute of Malaria Research,28.576909,77.075898,West,CPCB,live,rolling_24h_mean,o3,2026-09-25T09:00:00Z,25.23,ugm3
10119,National Institute of Malaria Research,28.576909,77.075898,West,CPCB,live,rolling_24h_mean,o3,2026-09-25T10:00:00Z,23.54,ugm3
10119,National Institute of Malaria Research,28.576909,77.075898,West,CPCB,live,rolling_24h_mean,o3,2026-09-25T11:00:00Z,24.6,ugm3
10119,National Institute of Malaria Research,28.576909,77.075898,West,CPCB,live,rolling_24h_mean,o3,2026-09-25T12:00:00Z,25.44,ugm3
10119,National Institute of Malaria Research,28.576909,77.075898,West,CPCB,live,rolling_24h_mean,o3,2026-09-25T13:00:00Z,20.57,ugm3
10119,National Institute of Malaria Research,28.576909,77.075898,West,CPCB,live,rolling_24h_mean,o3,2026-09-25T14:00:00Z,16.74,ugm3
10119,National Institute of Malaria Research,28.576909,77.075898,West,CPCB,live,rolling_24h_mean,o3,2026-09-25T15:00:00Z,15.06,ugm3
10119,National Institute of Malaria Research,28.576909,77.075898,West,CPCB,live,rolling_24h_mean,o3,2026-09-25T16:00:00Z,15.68,ugm3
10119,National Institute of Malaria Research,28.576909,77.075898,West,CPCB,live,rolling_24h_mean,o3,2026-09-25T17:00:00Z,13.56,ugm3
10119,National Institute of Malaria Research,28.576909,77.075898,West,CPCB,live,rolling_24h_mean,o3,2026-09-25T18:00:00Z,12.94,ugm3
10119,National Institute of Malaria Research,28.576909,77.075898,West,CPCB,live,rolling_24h_mean,o3,2026-09-25T19:00:00Z,14.21,ugm3
10119,National Institute of Malaria Research,28.576909,77.075898,West,CPCB,live,rolling_24h_mean,o3,2026-09-25T20:00:00Z,15.68,ugm3
10119,National Institute of Malaria Research,28.576909,77.075898,West,CPCB,live,rolling_24h_mean,o3,2026-09-25T21:00:00Z,13.56,ugm3
10119,National Institute of Malaria Research,28.576909,77.075898,West,CPCB,live,rolling_24h_mean,o3,2026-09-25T22:00:00Z,12.5,ugm3
10119,National Institute of Malaria Research,28.576909,77.075898,West,CPCB,live,rolling_24h_mean,o3,2026-09-25T23:00:00Z,9.97,ugm3
10119,National Institute of Malaria Research,28.576909,77.075898,West,CPCB,live,rolling_24h_mean,o3,2026-09-26T00:00:00Z,11.44,ugm3
10119,National Institute of Malaria Research,28.576909,77.075898,West,CPCB,live,rolling_24h_mean,o3,2026-09-26T01:00:00Z,10.17,ugm3
10119,National Institute of Malaria Research,28.576909,77.075898,West,CPCB,live,rolling_24h_mean,o3,2026-09-26T02:00:00Z,9.97,ugm3
10119,National Institute of Malaria Research,28.576909,77.075898,West,CPCB,live,rolling_24h_mean,o3,2026-09-26T03:00:00Z,10.6,ugm3
10119,National Institute of Malaria Research,28.576909,77.075898,West,CPCB,live,rolling_24h_mean,o3,2026-09-26T04:00:00Z,12.5,ugm3
10119,National Institute of Malaria Research,28.576909,77.075898,West,CPCB,live,rolling_24h_mean,o3,2026-09-26T05:00:00Z,14.0,ugm3
10119,National Institute of Malaria Research,28.576909,77.075898,West,CPCB,live,rolling_24h_mean,o3,2026-09-26T06:00:00Z,26.93,ugm3
10119,National Institute of Malaria Research,28.576909,77.075898,West,CPCB,live,rolling_24h_mean,o3,2026-09-26T07:00:00Z,28.19,ugm3
10119,National Institute of Malaria Research,28.576909,77.075898,West,CPCB,live,rolling_24h_mean,o3,2026-09-26T08:00:00Z,26.72,ugm3
10119,National Institute of Malaria Research,28.576909,77.075898,West,CPCB,live,rolling_24h_mean,o3,2026-09-26T09:00:00Z,25.87,ugm3
10119,National Institute of Malaria Research,28.576909,77.075898,West,CPCB,live,rolling_24h_mean,o3,2026-09-26T10:00:00Z,25.66,ugm3
10119,National Institute of Malaria Research,28.576909,77.075898,West,CPCB,live,rolling_24h_mean,o3,2026-09-26T11:00:00Z,22.69,ugm3
10119,National Institute of Malaria Research,28.576909,77.075898,West,CPCB,live,rolling_24h_mean,o3,2026-09-26T12:00:00Z,22.05,ugm3
10119,National Institute of Malaria Research,28.576909,77.075898,West,CPCB,live,rolling_24h_mean,o3,2026-09-26T13:00:00Z,20.14,ugm3
10119,National Institute of Malaria Research,28.576909,77.075898,West,CPCB,live,rolling_24h_mean,o3,2026-09-26T14:00:00Z,21.42,ugm3
10119,National Institute of Malaria Research,28.576909,77.075898,West,CPCB,live,rolling_24h_mean,o3,2026-09-26T15:00:00Z,21.63,ugm3
10119,National Institute of Malaria Research,28.576909,77.075898,West,CPCB,live,rolling_24h_mean,o3,2026-09-26T16:00:00Z,20.36,ugm3
10119,National Institute of Malaria Research,28.576909,77.075898,West,CPCB,live,rolling_24h_mean,pm10,2026-09-23T17:00:00Z,190.36,ugm3
10119,National Institute of Malaria Research,28.576909,77.075898,West,CPCB,live,rolling_24h_mean,pm10,2026-09-23T18:00:00Z,224.7,ugm3
10119,National Institute of Malaria Research,28.576909,77.075898,West,CPCB,live,rolling_24h_mean,pm10,2026-09-23T19:00:00Z,168.13,ugm3
10119,National Institute of Malaria Research,28.576909,77.075898,West,CPCB,live,rolling_24h_mean,pm10,2026-09-23T20:00:00Z,200.46,ugm3
10119,National Institute of Malaria Research,28.576909,77.075898,West,CPCB,live,rolling_24h_mean,pm10,2026-09-23T21:00:00Z,244.91,ugm3
10119,National Institute of Malaria Research,28.576909,77.075898,West,CPCB,live,rolling_24h_mean,pm10,2026-09-23T22:00:00Z,228.74,ugm3
10119,National Institute of Malaria Research,28.576909,77.075898,West,CPCB,live,rolling_24h_mean,pm10,2026-09-24T00:00:00Z,168.13,ugm3
10119,National Institute of Malaria Research,28.576909,77.075898,West,CPCB,live,rolling_24h_mean,pm10,2026-09-24T03:00:00Z,170.15,ugm3
10119,National Institute of Malaria Research,28.576909,77.075898,West,CPCB,live,rolling_24h_mean,pm10,2026-09-24T05:00:00Z,124.7,ugm3
10119,National Institute of Malaria Research,28.576909,77.075898,West,CPCB,live,rolling_24h_mean,pm10,2026-09-24T06:00:00Z,124.7,ugm3
10119,National Institute of Malaria Research,28.576909,77.075898,West,CPCB,live,rolling_24h_mean,pm10,2026-09-24T07:00:00Z,158.03,ugm3
10119,National Institute of Malaria Research,28.576909,77.075898,West,CPCB,live,rolling_24h_mean,pm10,2026-09-24T10:00:00Z,106.52,ugm3
10119,National Institute of Malaria Research,28.576909,77.075898,West,CPCB,live,rolling_24h_mean,pm10,2026-09-24T11:00:00Z,108.54,ugm3
10119,National Institute of Malaria Research,28.576909,77.075898,West,CPCB,live,rolling_24h_mean,pm10,2026-09-24T13:00:00Z,112.58,ugm3
10119,National Institute of Malaria Research,28.576909,77.075898,West,CPCB,live,rolling_24h_mean,pm10,2026-09-24T16:00:00Z,150.97,ugm3
10119,National Institute of Malaria Research,28.576909,77.075898,West,CPCB,live,rolling_24h_mean,pm10,2026-09-24T17:00:00Z,112.58,ugm3
10119,National Institute of Malaria Research,28.576909,77.075898,West,CPCB,live,rolling_24h_mean,pm10,2026-09-24T18:00:00Z,100.46,ugm3
10119,National Institute of Malaria Research,28.576909,77.075898,West,CPCB,live,rolling_24h_mean,pm10,2026-09-24T22:00:00Z,34.02,ugm3
10119,National Institute of Malaria Research,28.576909,77.075898,West,CPCB,live,rolling_24h_mean,pm10,2026-09-25T00:00:00Z,34.02,ugm3
10119,National Institute of Malaria Research,28.576909,77.075898,West,CPCB,live,rolling_24h_mean,pm10,2026-09-25T02:00:00Z,34.02,ugm3
10119,National Institute of Malaria Research,28.576909,77.075898,West,CPCB,live,rolling_24h_mean,pm10,2026-09-25T03:00:00Z,34.02,ugm3
10119,National Institute of Malaria Research,28.576909,77.075898,West,CPCB,live,rolling_24h_mean,pm10,2026-09-25T05:00:00Z,142.89,ugm3
10119,National Institute of Malaria Research,28.576909,77.075898,West,CPCB,live,rolling_24h_mean,pm10,2026-09-25T07:00:00Z,88.34,ugm3
10119,National Institute of Malaria Research,28.576909,77.075898,West,CPCB,live,rolling_24h_mean,pm10,2026-09-25T08:00:00Z,88.34,ugm3
10119,National Institute of Malaria Research,28.576909,77.075898,West,CPCB,live,rolling_24h_mean,pm10,2026-09-25T09:00:00Z,92.38,ugm3
10119,National Institute of Malaria Research,28.576909,77.075898,West,CPCB,live,rolling_24h_mean,pm10,2026-09-25T10:00:00Z,74.19,ugm3
10119,National Institute of Malaria Research,28.576909,77.075898,West,CPCB,live,rolling_24h_mean,pm10,2026-09-25T11:00:00Z,100.46,ugm3
10119,National Institute of Malaria Research,28.576909,77.075898,West,CPCB,live,rolling_24h_mean,pm10,2026-09-25T12:00:00Z,78.23,ugm3
10119,National Institute of Malaria Research,28.576909,77.075898,West,CPCB,live,rolling_24h_mean,pm10,2026-09-25T13:00:00Z,96.42,ugm3
10119,National Institute of Malaria Research,28.576909,77.075898,West,CPCB,live,rolling_24h_mean,pm10,2026-09-25T14:00:00Z,146.93,ugm3
10119,National Institute of Malaria Research,28.576909,77.075898,West,CPCB,live,rolling_24h_mean,pm10,2026-09-25T15:00:00Z,142.89,ugm3
10119,National Institute of Malaria Research,28.576909,77.075898,West,CPCB,live,rolling_24h_mean,pm10,2026-09-25T16:00:00Z,128.74,ugm3
10119,National Institute of Malaria Research,28.576909,77.075898,West,CPCB,live,rolling_24h_mean,pm10,2026-09-25T17:00:00Z,108.54,ugm3
10119,National Institute of Malaria Research,28.576909,77.075898,West,CPCB,live,rolling_24h_mean,pm10,2026-09-25T18:00:00Z,92.38,ugm3
10119,National Institute of Malaria Research,28.576909,77.075898,West,CPCB,live,rolling_24h_mean,pm10,2026-09-25T19:00:00Z,72.17,ugm3
10119,National Institute of Malaria Research,28.576909,77.075898,West,CPCB,live,rolling_24h_mean,pm10,2026-09-25T20:00:00Z,66.11,ugm3
10119,National Institute of Malaria Research,28.576909,77.075898,West,CPCB,live,rolling_24h_mean,pm10,2026-09-25T21:00:00Z,31.86,ugm3
10119,National Institute of Malaria Research,28.576909,77.075898,West,CPCB,live,rolling_24h_mean,pm10,2026-09-25T22:00:00Z,30.78,ugm3
10119,National Institute of Malaria Research,28.576909,77.075898,West,CPCB,live,rolling_24h_mean,pm10,2026-09-25T23:00:00Z,27.54,ugm3
10119,National Institute of Malaria Research,28.576909,77.075898,West,CPCB,live,rolling_24h_mean,pm10,2026-09-26T00:00:00Z,40.5,ugm3
10119,National Institute of Malaria Research,28.576909,77.075898,West,CPCB,live,rolling_24h_mean,pm10,2026-09-26T01:00:00Z,45.9,ugm3
10119,National Institute of Malaria Research,28.576909,77.075898,West,CPCB,live,rolling_24h_mean,pm10,2026-09-26T02:00:00Z,41.58,ugm3
10119,National Institute of Malaria Research,28.576909,77.075898,West,CPCB,live,rolling_24h_mean,pm10,2026-09-26T03:00:00Z,80.26,ugm3
10119,National Institute of Malaria Research,28.576909,77.075898,West,CPCB,live,rolling_24h_mean,pm10,2026-09-26T04:00:00Z,88.34,ugm3
10119,National Institute of Malaria Research,28.576909,77.075898,West,CPCB,live,rolling_24h_mean,pm10,2026-09-26T05:00:00Z,102.48,ugm3
10119,National Institute of Malaria Research,28.576909,77.075898,West,CPCB,live,rolling_24h_mean,pm10,2026-09-26T06:00:00Z,96.42,ugm3
10119,National Institute of Malaria Research,28.576909,77.075898,West,CPCB,live,rolling_24h_mean,pm10,2026-09-26T07:00:00Z,94.4,ugm3
10119,National Institute of Malaria Research,28.576909,77.075898,West,CPCB,live,rolling_24h_mean,pm10,2026-09-26T08:00:00Z,110.56,ugm3
10119,National Institute of Malaria Research,28.576909,77.075898,West,CPCB,live,rolling_24h_mean,pm10,2026-09-26T09:00:00Z,94.4,ugm3
10119,National Institute of Malaria Research,28.576909,77.075898,West,CPCB,live,rolling_24h_mean,pm10,2026-09-26T10:00:00Z,94.4,ugm3
10119,National Institute of Malaria Research,28.576909,77.075898,West,CPCB,live,rolling_24h_mean,pm10,2026-09-26T11:00:00Z,110.56,ugm3
10119,National Institute of Malaria Research,28.576909,77.075898,West,CPCB,live,rolling_24h_mean,pm10,2026-09-26T12:00:00Z,86.32,ugm3
10119,National Institute of Malaria Research,28.576909,77.075898,West,CPCB,live,rolling_24h_mean,pm10,2026-09-26T13:00:00Z,66.11,ugm3
10119,National Institute of Malaria Research,28.576909,77.075898,West,CPCB,live,rolling_24h_mean,pm10,2026-09-26T14:00:00Z,43.74,ugm3
10119,National Institute of Malaria Research,28.576909,77.075898,West,CPCB,live,rolling_24h_mean,pm10,2026-09-26T15:00:00Z,56.01,ugm3
10119,National Institute of Malaria Research,28.576909,77.075898,West,CPCB,live,rolling_24h_mean,pm10,2026-09-26T16:00:00Z,42.66,ugm3
10119,National Institute of Malaria Research,28.576909,77.075898,West,CPCB,live,rolling_24h_mean,pm25,2026-09-23T17:00:00Z,68.09,ugm3
10119,National Institute of Malaria Research,28.576909,77.075898,West,CPCB,live,rolling_24h_mean,pm25,2026-09-23T18:00:00Z,81.65,ugm3
10119,National Institute of Malaria Research,28.576909,77.075898,West,CPCB,live,rolling_24h_mean,pm25,2026-09-23T19:00:00Z,71.96,ugm3
10119,National Institute of Malaria Research,28.576909,77.075898,West,CPCB,live,rolling_24h_mean,pm25,2026-09-23T20:00:00Z,77.77,ugm3
10119,National Institute of Malaria Research,28.576909,77.075898,West,CPCB,live,rolling_24h_mean,pm25,2026-09-23T21:00:00Z,89.39,ugm3
10119,National Institute of Malaria Research,28.576909,77.075898,West,CPCB,live,rolling_24h_mean,pm25,2026-09-23T22:00:00Z,95.2,ugm3
10119,National Institute of Malaria Research,28.576909,77.075898,West,CPCB,live,rolling_24h_mean,pm25,2026-09-24T00:00:00Z,85.52,ugm3
10119,National Institute of Malaria Research,28.576909,77.075898,West,CPCB,live,rolling_24h_mean,pm25,2026-09-24T03:00:00Z,38.95,ugm3
10119,National Institute of Malaria Research,28.576909,77.075898,West,CPCB,live,rolling_24h_mean,pm25,2026-09-24T05:00:00Z,22.32,ugm3
10119,National Institute of Malaria Research,28.576909,77.075898,West,CPCB,live,rolling_24h_mean,pm25,2026-09-24T06:00:00Z,18.99,ugm3
10119,National Institute of Malaria Research,28.576909,77.075898,West,CPCB,live,rolling_24h_mean,pm25,2026-09-24T07:00:00Z,35.16,ugm3
10119,National Institute of Malaria Research,28.576909,77.075898,West,CPCB,live,rolling_24h_mean,pm25,2026-09-24T10:00:00Z,38.95,ugm3
10119,National Institute of Malaria Research,28.576909,77.075898,West,CPCB,live,rolling_24h_mean,pm25,2026-09-24T11:00:00Z,40.17,ugm3
10119,National Institute of Malaria Research,28.576909,77.075898,West,CPCB,live,rolling_24h_mean,pm25,2026-09-24T13:00:00Z,44.23,ugm3
10119,National Institute of Malaria Research,28.576909,77.075898,West,CPCB,live,rolling_24h_mean,pm25,2026-09-24T16:00:00Z,42.2,ugm3
10119,National Institute of Malaria Research,28.576909,77.075898,West,CPCB,live,rolling_24h_mean,pm25,2026-09-24T17:00:00Z,18.99,ugm3
10119,National Institute of Malaria Research,28.576909,77.075898,West,CPCB,live,rolling_24h_mean,pm25,2026-09-24T18:00:00Z,27.08,ugm3
10119,National Institute of Malaria Research,28.576909,77.075898,West,CPCB,live,rolling_24h_mean,pm25,2026-09-24T22:00:00Z,5.16,ugm3
10119,National Institute of Malaria Research,28.576909,77.075898,West,CPCB,live,rolling_24h_mean,pm25,2026-09-25T00:00:00Z,5.16,ugm3
10119,National Institute of Malaria Research,28.576909,77.075898,West,CPCB,live,rolling_24h_mean,pm25,2026-09-25T02:00:00Z,5.16,ugm3
10119,National Institute of Malaria Research,28.576909,77.075898,West,CPCB,live,rolling_24h_mean,pm25,2026-09-25T03:00:00Z,5.16,ugm3
10119,National Institute of Malaria Research,28.576909,77.075898,West,CPCB,live,rolling_24h_mean,pm25,2026-09-25T05:00:00Z,7.32,ugm3
10119,National Institute of Malaria Research,28.576909,77.075898,West,CPCB,live,rolling_24h_mean,pm25,2026-09-25T07:00:00Z,9.24,ugm3
10119,National Institute of Malaria Research,28.576909,77.075898,West,CPCB,live,rolling_24h_mean,pm25,2026-09-25T08:00:00Z,9.24,ugm3
10119,National Institute of Malaria Research,28.576909,77.075898,West,CPCB,live,rolling_24h_mean,pm25,2026-09-25T09:00:00Z,12.12,ugm3
10119,National Institute of Malaria Research,28.576909,77.075898,West,CPCB,live,rolling_24h_mean,pm25,2026-09-25T10:00:00Z,9.24,ugm3
10119,National Institute of Malaria Research,28.576909,77.075898,West,CPCB,live,rolling_24h_mean,pm25,2026-09-25T11:00:00Z,12.12,ugm3
10119,National Institute of Malaria Research,28.576909,77.075898,West,CPCB,live,rolling_24h_mean,pm25,2026-09-25T12:00:00Z,12.12,ugm3
10119,National Institute of Malaria Research,28.576909,77.075898,West,CPCB,live,rolling_24h_mean,pm25,2026-09-25T13:00:00Z,13.29,ugm3
10119,National Institute of Malaria Research,28.576909,77.075898,West,CPCB,live,rolling_24h_mean,pm25,2026-09-25T14:00:00Z,17.09,ugm3
10119,National Institute of Malaria Research,28.576909,77.075898,West,CPCB,live,rolling_24h_mean,pm25,2026-09-25T15:00:00Z,33.26,ugm3
10119,National Institute of Malaria Research,28.576909,77.075898,West,CPCB,live,rolling_24h_mean,pm25,2026-09-25T16:00:00Z,27.08,ugm3
10119,National Institute of Malaria Research,28.576909,77.075898,West,CPCB,live,rolling_24h_mean,pm25,2026-09-25T17:00:00Z,25.18,ugm3
10119,National Institute of Malaria Research,28.576909,77.075898,West,CPCB,live,rolling_24h_mean,pm25,2026-09-25T18:00:00Z,27.08,ugm3
10119,National Institute of Malaria Research,28.576909,77.075898,West,CPCB,live,rolling_24h_mean,pm25,2026-09-25T19:00:00Z,18.99,ugm3
10119,National Institute of Malaria Research,28.576909,77.075898,West,CPCB,live,rolling_24h_mean,pm25,2026-09-25T20:00:00Z,18.99,ugm3
10119,National Institute of Malaria Research,28.576909,77.075898,West,CPCB,live,rolling_24h_mean,pm25,2026-09-25T21:00:00Z,18.99,ugm3
10119,National Institute of Malaria Research,28.576909,77.075898,West,CPCB,live,rolling_24h_mean,pm25,2026-09-25T22:00:00Z,1.32,ugm3
10119,National Institute of Malaria Research,28.576909,77.075898,West,CPCB,live,rolling_24h_mean,pm25,2026-09-25T23:00:00Z,7.32,ugm3
10119,National Institute of Malaria Research,28.576909,77.075898,West,CPCB,live,rolling_24h_mean,pm25,2026-09-26T00:00:00Z,5.16,ugm3
10119,National Institute of Malaria Research,28.576909,77.075898,West,CPCB,live,rolling_24h_mean,pm25,2026-09-26T01:00:00Z,6.12,ugm3
10119,National Institute of Malaria Research,28.576909,77.075898,West,CPCB,live,rolling_24h_mean,pm25,2026-09-26T02:00:00Z,6.12,ugm3
10119,National Institute of Malaria Research,28.576909,77.075898,West,CPCB,live,rolling_24h_mean,pm25,2026-09-26T03:00:00Z,16.14,ugm3
10119,National Institute of Malaria Research,28.576909,77.075898,West,CPCB,live,rolling_24h_mean,pm25,2026-09-26T04:00:00Z,18.99,ugm3
10119,National Institute of Malaria Research,28.576909,77.075898,West,CPCB,live,rolling_24h_mean,pm25,2026-09-26T05:00:00Z,18.04,ugm3
10119,National Institute of Malaria Research,28.576909,77.075898,West,CPCB,live,rolling_24h_mean,pm25,2026-09-26T06:00:00Z,22.32,ugm3
10119,National Institute of Malaria Research,28.576909,77.075898,West,CPCB,live,rolling_24h_mean,pm25,2026-09-26T07:00:00Z,25.18,ugm3
10119,National Institute of Malaria Research,28.576909,77.075898,West,CPCB,live,rolling_24h_mean,pm25,2026-09-26T08:00:00Z,25.18,ugm3
10119,National Institute of Malaria Research,28.576909,77.075898,West,CPCB,live,rolling_24h_mean,pm25,2026-09-26T09:00:00Z,23.27,ugm3
10119,National Institute of Malaria Research,28.576909,77.075898,West,CPCB,live,rolling_24h_mean,pm25,2026-09-26T10:00:00Z,8.28,ugm3
10119,National Institute of Malaria Research,28.576909,77.075898,West,CPCB,live,rolling_24h_mean,pm25,2026-09-26T11:00:00Z,6.12,ugm3
10119,National Institute of Malaria Research,28.576909,77.075898,West,CPCB,live,rolling_24h_mean,pm25,2026-09-26T12:00:00Z,6.12,ugm3
10119,National Institute of Malaria Research,28.576909,77.075898,West,CPCB,live,rolling_24h_mean,pm25,2026-09-26T13:00:00Z,6.12,ugm3
10119,National Institute of Malaria Research,28.576909,77.075898,West,CPCB,live,rolling_24h_mean,pm25,2026-09-26T14:00:00Z,5.16,ugm3
10119,National Institute of Malaria Research,28.576909,77.075898,West,CPCB,live,rolling_24h_mean,pm25,2026-09-26T15:00:00Z,5.16,ugm3
10119,National Institute of Malaria Research,28.576909,77.075898,West,CPCB,live,rolling_24h_mean,pm25,2026-09-26T16:00:00Z,3.24,ugm3
10120,Bramprakash Ayurvedic Hospital,28.572714,76.933433,West,CPCB,live,rolling_24h_mean,o3,2026-09-23T17:00:00Z,8.05,ugm3
10120,Bramprakash Ayurvedic Hospital,28.572714,76.933433,West,CPCB,live,rolling_24h_mean,o3,2026-09-23T18:00:00Z,7.64,ugm3
10120,Bramprakash Ayurvedic Hospital,28.572714,76.933433,West,CPCB,live,rolling_24h_mean,o3,2026-09-23T19:00:00Z,6.36,ugm3
10120,Bramprakash Ayurvedic Hospital,28.572714,76.933433,West,CPCB,live,rolling_24h_mean,o3,2026-09-23T20:00:00Z,5.3,ugm3
10120,Bramprakash Ayurvedic Hospital,28.572714,76.933433,West,CPCB,live,rolling_24h_mean,o3,2026-09-23T21:00:00Z,5.93,ugm3
10120,Bramprakash Ayurvedic Hospital,28.572714,76.933433,West,CPCB,live,rolling_24h_mean,o3,2026-09-23T22:00:00Z,6.14,ugm3
10120,Bramprakash Ayurvedic Hospital,28.572714,76.933433,West,CPCB,live,rolling_24h_mean,o3,2026-09-24T00:00:00Z,6.36,ugm3
10120,Bramprakash Ayurvedic Hospital,28.572714,76.933433,West,CPCB,live,rolling_24h_mean,o3,2026-09-24T03:00:00Z,6.36,ugm3
10120,Bramprakash Ayurvedic Hospital,28.572714,76.933433,West,CPCB,live,rolling_24h_mean,o3,2026-09-24T05:00:00Z,8.7,ugm3
10120,Bramprakash Ayurvedic Hospital,28.572714,76.933433,West,CPCB,live,rolling_24h_mean,o3,2026-09-24T06:00:00Z,11.66,ugm3
10120,Bramprakash Ayurvedic Hospital,28.572714,76.933433,West,CPCB,live,rolling_24h_mean,o3,2026-09-24T07:00:00Z,14.84,ugm3
10120,Bramprakash Ayurvedic Hospital,28.572714,76.933433,West,CPCB,live,rolling_24h_mean,o3,2026-09-24T10:00:00Z,24.6,ugm3
10120,Bramprakash Ayurvedic Hospital,28.572714,76.933433,West,CPCB,live,rolling_24h_mean,o3,2026-09-24T11:00:00Z,25.87,ugm3
10120,Bramprakash Ayurvedic Hospital,28.572714,76.933433,West,CPCB,live,rolling_24h_mean,o3,2026-09-24T13:00:00Z,22.26,ugm3
10120,Bramprakash Ayurvedic Hospital,28.572714,76.933433,West,CPCB,live,rolling_24h_mean,o3,2026-09-24T16:00:00Z,8.7,ugm3
10120,Bramprakash Ayurvedic Hospital,28.572714,76.933433,West,CPCB,live,rolling_24h_mean,o3,2026-09-24T17:00:00Z,8.05,ugm3
10120,Bramprakash Ayurvedic Hospital,28.572714,76.933433,West,CPCB,live,rolling_24h_mean,o3,2026-09-24T18:00:00Z,7.2,ugm3
10120,Bramprakash Ayurvedic Hospital,28.572714,76.933433,West,CPCB,live,rolling_24h_mean,o3,2026-09-24T22:00:00Z,6.99,ugm3
10120,Bramprakash Ayurvedic Hospital,28.572714,76.933433,West,CPCB,live,rolling_24h_mean,o3,2026-09-25T00:00:00Z,6.58,ugm3
10120,Bramprakash Ayurvedic Hospital,28.572714,76.933433,West,CPCB,live,rolling_24h_mean,o3,2026-09-25T02:00:00Z,6.58,ugm3
10120,Bramprakash Ayurvedic Hospital,28.572714,76.933433,West,CPCB,live,rolling_24h_mean,o3,2026-09-25T03:00:00Z,6.58,ugm3
10120,Bramprakash Ayurvedic Hospital,28.572714,76.933433,West,CPCB,live,rolling_24h_mean,o3,2026-09-25T05:00:00Z,9.54,ugm3
10120,Bramprakash Ayurvedic Hospital,28.572714,76.933433,West,CPCB,live,rolling_24h_mean,o3,2026-09-25T07:00:00Z,11.44,ugm3
10120,Bramprakash Ayurvedic Hospital,28.572714,76.933433,West,CPCB,live,rolling_24h_mean,o3,2026-09-25T08:00:00Z,12.29,ugm3
10120,Bramprakash Ayurvedic Hospital,28.572714,76.933433,West,CPCB,live,rolling_24h_mean,o3,2026-09-25T09:00:00Z,13.35,ugm3
10120,Bramprakash Ayurvedic Hospital,28.572714,76.933433,West,CPCB,live,rolling_24h_mean,o3,2026-09-25T10:00:00Z,14.41,ugm3
10120,Bramprakash Ayurvedic Hospital,28.572714,76.933433,West,CPCB,live,rolling_24h_mean,o3,2026-09-25T11:00:00Z,14.41,ugm3
10120,Bramprakash Ayurvedic Hospital,28.572714,76.933433,West,CPCB,live,rolling_24h_mean,o3,2026-09-25T12:00:00Z,12.5,ugm3
10120,Bramprakash Ayurvedic Hospital,28.572714,76.933433,West,CPCB,live,rolling_24h_mean,o3,2026-09-25T13:00:00Z,10.82,ugm3
10120,Bramprakash Ayurvedic Hospital,28.572714,76.933433,West,CPCB,live,rolling_24h_mean,o3,2026-09-25T14:00:00Z,9.54,ugm3
10120,Bramprakash Ayurvedic Hospital,28.572714,76.933433,West,CPCB,live,rolling_24h_mean,o3,2026-09-25T15:00:00Z,9.76,ugm3
10120,Bramprakash Ayurvedic Hospital,28.572714,76.933433,West,CPCB,live,rolling_24h_mean,o3,2026-09-25T16:00:00Z,8.26,ugm3
10120,Bramprakash Ayurvedic Hospital,28.572714,76.933433,West,CPCB,live,rolling_24h_mean,o3,2026-09-25T17:00:00Z,7.85,ugm3
10120,Bramprakash Ayurvedic Hospital,28.572714,76.933433,West,CPCB,live,rolling_24h_mean,o3,2026-09-25T18:00:00Z,7.2,ugm3
10120,Bramprakash Ayurvedic Hospital,28.572714,76.933433,West,CPCB,live,rolling_24h_mean,o3,2026-09-25T19:00:00Z,7.2,ugm3
10120,Bramprakash Ayurvedic Hospital,28.572714,76.933433,West,CPCB,live,rolling_24h_mean,o3,2026-09-25T20:00:00Z,6.36,ugm3
10120,Bramprakash Ayurvedic Hospital,28.572714,76.933433,West,CPCB,live,rolling_24h_mean,o3,2026-09-25T21:00:00Z,6.58,ugm3
10120,Bramprakash Ayurvedic Hospital,28.572714,76.933433,West,CPCB,live,rolling_24h_mean,o3,2026-09-25T22:00:00Z,6.79,ugm3
10120,Bramprakash Ayurvedic Hospital,28.572714,76.933433,West,CPCB,live,rolling_24h_mean,o3,2026-09-25T23:00:00Z,6.36,ugm3
10120,Bramprakash Ayurvedic Hospital,28.572714,76.933433,West,CPCB,live,rolling_24h_mean,o3,2026-09-26T00:00:00Z,6.36,ugm3
10120,Bramprakash Ayurvedic Hospital,28.572714,76.933433,West,CPCB,live,rolling_24h_mean,o3,2026-09-26T01:00:00Z,6.14,ugm3
10120,Bramprakash Ayurvedic Hospital,28.572714,76.933433,West,CPCB,live,rolling_24h_mean,o3,2026-09-26T02:00:00Z,6.58,ugm3
10120,Bramprakash Ayurvedic Hospital,28.572714,76.933433,West,CPCB,live,rolling_24h_mean,o3,2026-09-26T03:00:00Z,6.79,ugm3
10120,Bramprakash Ayurvedic Hospital,28.572714,76.933433,West,CPCB,live,rolling_24h_mean,o3,2026-09-26T04:00:00Z,7.42,ugm3
10120,Bramprakash Ayurvedic Hospital,28.572714,76.933433,West,CPCB,live,rolling_24h_mean,o3,2026-09-26T05:00:00Z,7.85,ugm3
10120,Bramprakash Ayurvedic Hospital,28.572714,76.933433,West,CPCB,live,rolling_24h_mean,o3,2026-09-26T06:00:00Z,7.85,ugm3
10120,Bramprakash Ayurvedic Hospital,28.572714,76.933433,West,CPCB,live,rolling_24h_mean,o3,2026-09-26T07:00:00Z,14.41,ugm3
10120,Bramprakash Ayurvedic Hospital,28.572714,76.933433,West,CPCB,live,rolling_24h_mean,o3,2026-09-26T08:00:00Z,16.96,ugm3
10120,Bramprakash Ayurvedic Hospital,28.572714,76.933433,West,CPCB,live,rolling_24h_mean,o3,2026-09-26T09:00:00Z,15.27,ugm3
10120,Bramprakash Ayurvedic Hospital,28.572714,76.933433,West,CPCB,live,rolling_24h_mean,o3,2026-09-26T10:00:00Z,14.84,ugm3
10120,Bramprakash Ayurvedic Hospital,28.572714,76.933433,West,CPCB,live,rolling_24h_mean,o3,2026-09-26T11:00:00Z,14.41,ugm3
10120,Bramprakash Ayurvedic Hospital,28.572714,76.933433,West,CPCB,live,rolling_24h_mean,o3,2026-09-26T12:00:00Z,12.94,ugm3
10120,Bramprakash Ayurvedic Hospital,28.572714,76.933433,West,CPCB,live,rolling_24h_mean,o3,2026-09-26T13:00:00Z,10.6,ugm3
10120,Bramprakash Ayurvedic Hospital,28.572714,76.933433,West,CPCB,live,rolling_24h_mean,o3,2026-09-26T14:00:00Z,10.6,ugm3
10120,Bramprakash Ayurvedic Hospital,28.572714,76.933433,West,CPCB,live,rolling_24h_mean,o3,2026-09-26T15:00:00Z,10.6,ugm3
10120,Bramprakash Ayurvedic Hospital,28.572714,76.933433,West,CPCB,live,rolling_24h_mean,o3,2026-09-26T16:00:00Z,10.6,ugm3
10120,Bramprakash Ayurvedic Hospital,28.572714,76.933433,West,CPCB,live,rolling_24h_mean,pm10,2026-09-23T17:00:00Z,138.85,ugm3
10120,Bramprakash Ayurvedic Hospital,28.572714,76.933433,West,CPCB,live,rolling_24h_mean,pm10,2026-09-23T18:00:00Z,140.87,ugm3
10120,Bramprakash Ayurvedic Hospital,28.572714,76.933433,West,CPCB,live,rolling_24h_mean,pm10,2026-09-23T19:00:00Z,162.07,ugm3
10120,Bramprakash Ayurvedic Hospital,28.572714,76.933433,West,CPCB,live,rolling_24h_mean,pm10,2026-09-23T20:00:00Z,152.99,ugm3
10120,Bramprakash Ayurvedic Hospital,28.572714,76.933433,West,CPCB,live,rolling_24h_mean,pm10,2026-09-23T21:00:00Z,166.11,ugm3
10120,Bramprakash Ayurvedic Hospital,28.572714,76.933433,West,CPCB,live,rolling_24h_mean,pm10,2026-09-23T22:00:00Z,182.28,ugm3
10120,Bramprakash Ayurvedic Hospital,28.572714,76.933433,West,CPCB,live,rolling_24h_mean,pm10,2026-09-24T00:00:00Z,168.13,ugm3
10120,Bramprakash Ayurvedic Hospital,28.572714,76.933433,West,CPCB,live,rolling_24h_mean,pm10,2026-09-24T03:00:00Z,122.68,ugm3
10120,Bramprakash Ayurvedic Hospital,28.572714,76.933433,West,CPCB,live,rolling_24h_mean,pm10,2026-09-24T05:00:00Z,104.5,ugm3
10120,Bramprakash Ayurvedic Hospital,28.572714,76.933433,West,CPCB,live,rolling_24h_mean,pm10,2026-09-24T06:00:00Z,100.46,ugm3
10120,Bramprakash Ayurvedic Hospital,28.572714,76.933433,West,CPCB,live,rolling_24h_mean,pm10,2026-09-24T07:00:00Z,80.26,ugm3
10120,Bramprakash Ayurvedic Hospital,28.572714,76.933433,West,CPCB,live,rolling_24h_mean,pm10,2026-09-24T10:00:00Z,82.28,ugm3
10120,Bramprakash Ayurvedic Hospital,28.572714,76.933433,West,CPCB,live,rolling_24h_mean,pm10,2026-09-24T11:00:00Z,80.26,ugm3
10120,Bramprakash Ayurvedic Hospital,28.572714,76.933433,West,CPCB,live,rolling_24h_mean,pm10,2026-09-24T13:00:00Z,84.3,ugm3
10120,Bramprakash Ayurvedic Hospital,28.572714,76.933433,West,CPCB,live,rolling_24h_mean,pm10,2026-09-24T16:00:00Z,152.99,ugm3
10120,Bramprakash Ayurvedic Hospital,28.572714,76.933433,West,CPCB,live,rolling_24h_mean,pm10,2026-09-24T17:00:00Z,74.19,ugm3
10120,Bramprakash Ayurvedic Hospital,28.572714,76.933433,West,CPCB,live,rolling_24h_mean,pm10,2026-09-24T18:00:00Z,50.22,ugm3
10120,Bramprakash Ayurvedic Hospital,28.572714,76.933433,West,CPCB,live,rolling_24h_mean,pm10,2026-09-24T22:00:00Z,27.54,ugm3
10120,Bramprakash Ayurvedic Hospital,28.572714,76.933433,West,CPCB,live,rolling_24h_mean,pm10,2026-09-25T00:00:00Z,12.42,ugm3
10120,Bramprakash Ayurvedic Hospital,28.572714,76.933433,West,CPCB,live,rolling_24h_mean,pm10,2026-09-25T02:00:00Z,12.42,ugm3
10120,Bramprakash Ayurvedic Hospital,28.572714,76.933433,West,CPCB,live,rolling_24h_mean,pm10,2026-09-25T03:00:00Z,12.42,ugm3
10120,Bramprakash Ayurvedic Hospital,28.572714,76.933433,West,CPCB,live,rolling_24h_mean,pm10,2026-09-25T05:00:00Z,43.74,ugm3
10120,Bramprakash Ayurvedic Hospital,28.572714,76.933433,West,CPCB,live,rolling_24h_mean,pm10,2026-09-25T07:00:00Z,56.01,ugm3
10120,Bramprakash Ayurvedic Hospital,28.572714,76.933433,West,CPCB,live,rolling_24h_mean,pm10,2026-09-25T08:00:00Z,58.03,ugm3
10120,Bramprakash Ayurvedic Hospital,28.572714,76.933433,West,CPCB,live,rolling_24h_mean,pm10,2026-09-25T09:00:00Z,44.82,ugm3
10120,Bramprakash Ayurvedic Hospital,28.572714,76.933433,West,CPCB,live,rolling_24h_mean,pm10,2026-09-25T10:00:00Z,46.98,ugm3
10120,Bramprakash Ayurvedic Hospital,28.572714,76.933433,West,CPCB,live,rolling_24h_mean,pm10,2026-09-25T11:00:00Z,42.66,ugm3
10120,Bramprakash Ayurvedic Hospital,28.572714,76.933433,West,CPCB,live,rolling_24h_mean,pm10,2026-09-25T12:00:00Z,30.78,ugm3
10120,Bramprakash Ayurvedic Hospital,28.572714,76.933433,West,CPCB,live,rolling_24h_mean,pm10,2026-09-25T13:00:00Z,92.38,ugm3
10120,Bramprakash Ayurvedic Hospital,28.572714,76.933433,West,CPCB,live,rolling_24h_mean,pm10,2026-09-25T14:00:00Z,92.38,ugm3
10120,Bramprakash Ayurvedic Hospital,28.572714,76.933433,West,CPCB,live,rolling_24h_mean,pm10,2026-09-25T15:00:00Z,86.32,ugm3
10120,Bramprakash Ayurvedic Hospital,28.572714,76.933433,West,CPCB,live,rolling_24h_mean,pm10,2026-09-25T16:00:00Z,82.28,ugm3
10120,Bramprakash Ayurvedic Hospital,28.572714,76.933433,West,CPCB,live,rolling_24h_mean,pm10,2026-09-25T17:00:00Z,58.03,ugm3
10120,Bramprakash Ayurvedic Hospital,28.572714,76.933433,West,CPCB,live,rolling_24h_mean,pm10,2026-09-25T18:00:00Z,48.06,ugm3
10120,Bramprakash Ayurvedic Hospital,28.572714,76.933433,West,CPCB,live,rolling_24h_mean,pm10,2026-09-25T19:00:00Z,56.01,ugm3
10120,Bramprakash Ayurvedic Hospital,28.572714,76.933433,West,CPCB,live,rolling_24h_mean,pm10,2026-09-25T20:00:00Z,24.3,ugm3
10120,Bramprakash Ayurvedic Hospital,28.572714,76.933433,West,CPCB,live,rolling_24h_mean,pm10,2026-09-25T21:00:00Z,25.38,ugm3
10120,Bramprakash Ayurvedic Hospital,28.572714,76.933433,West,CPCB,live,rolling_24h_mean,pm10,2026-09-25T22:00:00Z,29.7,ugm3
10120,Bramprakash Ayurvedic Hospital,28.572714,76.933433,West,CPCB,live,rolling_24h_mean,pm10,2026-09-25T23:00:00Z,12.42,ugm3
10120,Bramprakash Ayurvedic Hospital,28.572714,76.933433,West,CPCB,live,rolling_24h_mean,pm10,2026-09-26T00:00:00Z,31.86,ugm3
10120,Bramprakash Ayurvedic Hospital,28.572714,76.933433,West,CPCB,live,rolling_24h_mean,pm10,2026-09-26T01:00:00Z,32.94,ugm3
10120,Bramprakash Ayurvedic Hospital,28.572714,76.933433,West,CPCB,live,rolling_24h_mean,pm10,2026-09-26T02:00:00Z,46.98,ugm3
10120,Bramprakash Ayurvedic Hospital,28.572714,76.933433,West,CPCB,live,rolling_24h_mean,pm10,2026-09-26T03:00:00Z,41.58,ugm3
10120,Bramprakash Ayurvedic Hospital,28.572714,76.933433,West,CPCB,live,rolling_24h_mean,pm10,2026-09-26T04:00:00Z,50.22,ugm3
10120,Bramprakash Ayurvedic Hospital,28.572714,76.933433,West,CPCB,live,rolling_24h_mean,pm10,2026-09-26T05:00:00Z,50.22,ugm3
10120,Bramprakash Ayurvedic Hospital,28.572714,76.933433,West,CPCB,live,rolling_24h_mean,pm10,2026-09-26T06:00:00Z,40.5,ugm3
10120,Bramprakash Ayurvedic Hospital,28.572714,76.933433,West,CPCB,live,rolling_24h_mean,pm10,2026-09-26T07:00:00Z,66.11,ugm3
10120,Bramprakash Ayurvedic Hospital,28.572714,76.933433,West,CPCB,live,rolling_24h_mean,pm10,2026-09-26T08:00:00Z,122.68,ugm3
10120,Bramprakash Ayurvedic Hospital,28.572714,76.933433,West,CPCB,live,rolling_24h_mean,pm10,2026-09-26T09:00:00Z,110.56,ugm3
10120,Bramprakash Ayurvedic Hospital,28.572714,76.933433,West,CPCB,live,rolling_24h_mean,pm10,2026-09-26T10:00:00Z,74.19,ugm3
10120,Bramprakash Ayurvedic Hospital,28.572714,76.933433,West,CPCB,live,rolling_24h_mean,pm10,2026-09-26T11:00:00Z,58.03,ugm3
10120,Bramprakash Ayurvedic Hospital,28.572714,76.933433,West,CPCB,live,rolling_24h_mean,pm10,2026-09-26T12:00:00Z,66.11,ugm3
10120,Bramprakash Ayurvedic Hospital,28.572714,76.933433,West,CPCB,live,rolling_24h_mean,pm10,2026-09-26T13:00:00Z,56.01,ugm3
10120,Bramprakash Ayurvedic Hospital,28.572714,76.933433,West,CPCB,live,rolling_24h_mean,pm10,2026-09-26T14:00:00Z,56.01,ugm3
10120,Bramprakash Ayurvedic Hospital,28.572714,76.933433,West,CPCB,live,rolling_24h_mean,pm10,2026-09-26T15:00:00Z,56.01,ugm3
10120,Bramprakash Ayurvedic Hospital,28.572714,76.933433,West,CPCB,live,rolling_24h_mean,pm10,2026-09-26T16:00:00Z,56.01,ugm3
10120,Bramprakash Ayurvedic Hospital,28.572714,76.933433,West,CPCB,live,rolling_24h_mean,pm25,2026-09-23T17:00:00Z,58.41,ugm3
10120,Bramprakash Ayurvedic Hospital,28.572714,76.933433,West,CPCB,live,rolling_24h_mean,pm25,2026-09-23T18:00:00Z,62.28,ugm3
10120,Bramprakash Ayurvedic Hospital,28.572714,76.933433,West,CPCB,live,rolling_24h_mean,pm25,2026-09-23T19:00:00Z,62.28,ugm3
10120,Bramprakash Ayurvedic Hospital,28.572714,76.933433,West,CPCB,live,rolling_24h_mean,pm25,2026-09-23T20:00:00Z,60.34,ugm3
10120,Bramprakash Ayurvedic Hospital,28.572714,76.933433,West,CPCB,live,rolling_24h_mean,pm25,2026-09-23T21:00:00Z,60.34,ugm3
10120,Bramprakash Ayurvedic Hospital,28.572714,76.933433,West,CPCB,live,rolling_24h_mean,pm25,2026-09-23T22:00:00Z,68.09,ugm3
10120,Bramprakash Ayurvedic Hospital,28.572714,76.933433,West,CPCB,live,rolling_24h_mean,pm25,2026-09-24T00:00:00Z,91.33,ugm3
10120,Bramprakash Ayurvedic Hospital,28.572714,76.933433,West,CPCB,live,rolling_24h_mean,pm25,2026-09-24T03:00:00Z,56.47,ugm3
10120,Bramprakash Ayurvedic Hospital,28.572714,76.933433,West,CPCB,live,rolling_24h_mean,pm25,2026-09-24T05:00:00Z,29.46,ugm3
10120,Bramprakash Ayurvedic Hospital,28.572714,76.933433,West,CPCB,live,rolling_24h_mean,pm25,2026-09-24T06:00:00Z,20.42,ugm3
10120,Bramprakash Ayurvedic Hospital,28.572714,76.933433,West,CPCB,live,rolling_24h_mean,pm25,2026-09-24T07:00:00Z,27.08,ugm3
10120,Bramprakash Ayurvedic Hospital,28.572714,76.933433,West,CPCB,live,rolling_24h_mean,pm25,2026-09-24T10:00:00Z,27.08,ugm3
10120,Bramprakash Ayurvedic Hospital,28.572714,76.933433,West,CPCB,live,rolling_24h_mean,pm25,2026-09-24T11:00:00Z,23.27,ugm3
10120,Bramprakash Ayurvedic Hospital,28.572714,76.933433,West,CPCB,live,rolling_24h_mean,pm25,2026-09-24T13:00:00Z,18.99,ugm3
10120,Bramprakash Ayurvedic Hospital,28.572714,76.933433,West,CPCB,live,rolling_24h_mean,pm25,2026-09-24T16:00:00Z,42.2,ugm3
10120,Bramprakash Ayurvedic Hospital,28.572714,76.933433,West,CPCB,live,rolling_24h_mean,pm25,2026-09-24T17:00:00Z,16.14,ugm3
10120,Bramprakash Ayurvedic Hospital,28.572714,76.933433,West,CPCB,live,rolling_24h_mean,pm25,2026-09-24T18:00:00Z,13.29,ugm3
10120,Bramprakash Ayurvedic Hospital,28.572714,76.933433,West,CPCB,live,rolling_24h_mean,pm25,2026-09-24T22:00:00Z,11.16,ugm3
10120,Bramprakash Ayurvedic Hospital,28.572714,76.933433,West,CPCB,live,rolling_24h_mean,pm25,2026-09-25T00:00:00Z,1.32,ugm3
10120,Bramprakash Ayurvedic Hospital,28.572714,76.933433,West,CPCB,live,rolling_24h_mean,pm25,2026-09-25T02:00:00Z,1.32,ugm3
10120,Bramprakash Ayurvedic Hospital,28.572714,76.933433,West,CPCB,live,rolling_24h_mean,pm25,2026-09-25T03:00:00Z,1.32,ugm3
10120,Bramprakash Ayurvedic Hospital,28.572714,76.933433,West,CPCB,live,rolling_24h_mean,pm25,2026-09-25T05:00:00Z,16.14,ugm3
10120,Bramprakash Ayurvedic Hospital,28.572714,76.933433,West,CPCB,live,rolling_24h_mean,pm25,2026-09-25T07:00:00Z,16.14,ugm3
10120,Bramprakash Ayurvedic Hospital,28.572714,76.933433,West,CPCB,live,rolling_24h_mean,pm25,2026-09-25T08:00:00Z,17.09,ugm3
10120,Bramprakash Ayurvedic Hospital,28.572714,76.933433,West,CPCB,live,rolling_24h_mean,pm25,2026-09-25T09:00:00Z,17.09,ugm3
10120,Bramprakash Ayurvedic Hospital,28.572714,76.933433,West,CPCB,live,rolling_24h_mean,pm25,2026-09-25T10:00:00Z,3.24,ugm3
10120,Bramprakash Ayurvedic Hospital,28.572714,76.933433,West,CPCB,live,rolling_24h_mean,pm25,2026-09-25T11:00:00Z,5.16,ugm3
10120,Bramprakash Ayurvedic Hospital,28.572714,76.933433,West,CPCB,live,rolling_24h_mean,pm25,2026-09-25T12:00:00Z,5.16,ugm3
10120,Bramprakash Ayurvedic Hospital,28.572714,76.933433,West,CPCB,live,rolling_24h_mean,pm25,2026-09-25T13:00:00Z,5.16,ugm3
10120,Bramprakash Ayurvedic Hospital,28.572714,76.933433,West,CPCB,live,rolling_24h_mean,pm25,2026-09-25T14:00:00Z,17.09,ugm3
10120,Bramprakash Ayurvedic Hospital,28.572714,76.933433,West,CPCB,live,rolling_24h_mean,pm25,2026-09-25T15:00:00Z,17.09,ugm3
10120,Bramprakash Ayurvedic Hospital,28.572714,76.933433,West,CPCB,live,rolling_24h_mean,pm25,2026-09-25T16:00:00Z,27.08,ugm3
10120,Bramprakash Ayurvedic Hospital,28.572714,76.933433,West,CPCB,live,rolling_24h_mean,pm25,2026-09-25T17:00:00Z,22.32,ugm3
10120,Bramprakash Ayurvedic Hospital,28.572714,76.933433,West,CPCB,live,rolling_24h_mean,pm25,2026-09-25T18:00:00Z,9.24,ugm3
10120,Bramprakash Ayurvedic Hospital,28.572714,76.933433,West,CPCB,live,rolling_24h_mean,pm25,2026-09-25T19:00:00Z,18.04,ugm3
10120,Bramprakash Ayurvedic Hospital,28.572714,76.933433,West,CPCB,live,rolling_24h_mean,pm25,2026-09-25T20:00:00Z,18.04,ugm3
10120,Bramprakash Ayurvedic Hospital,28.572714,76.933433,West,CPCB,live,rolling_24h_mean,pm25,2026-09-25T21:00:00Z,18.04,ugm3
10120,Bramprakash Ayurvedic Hospital,28.572714,76.933433,West,CPCB,live,rolling_24h_mean,pm25,2026-09-25T22:00:00Z,2.28,ugm3
10120,Bramprakash Ayurvedic Hospital,28.572714,76.933433,West,CPCB,live,rolling_24h_mean,pm25,2026-09-25T23:00:00Z,2.28,ugm3
10120,Bramprakash Ayurvedic Hospital,28.572714,76.933433,West,CPCB,live,rolling_24h_mean,pm25,2026-09-26T00:00:00Z,13.29,ugm3
10120,Bramprakash Ayurvedic Hospital,28.572714,76.933433,West,CPCB,live,rolling_24h_mean,pm25,2026-09-26T01:00:00Z,7.32,ugm3
10120,Bramprakash Ayurvedic Hospital,28.572714,76.933433,West,CPCB,live,rolling_24h_mean,pm25,2026-09-26T02:00:00Z,7.32,ugm3
10120,Bramprakash Ayurvedic Hospital,28.572714,76.933433,West,CPCB,live,rolling_24h_mean,pm25,2026-09-26T03:00:00Z,5.16,ugm3
10120,Bramprakash Ayurvedic Hospital,28.572714,76.933433,West,CPCB,live,rolling_24h_mean,pm25,2026-09-26T04:00:00Z,5.16,ugm3
10120,Bramprakash Ayurvedic Hospital,28.572714,76.933433,West,CPCB,live,rolling_24h_mean,pm25,2026-09-26T05:00:00Z,5.16,ugm3
10120,Bramprakash Ayurvedic Hospital,28.572714,76.933433,West,CPCB,live,rolling_24h_mean,pm25,2026-09-26T06:00:00Z,5.16,ugm3
10120,Bramprakash Ayurvedic Hospital,28.572714,76.933433,West,CPCB,live,rolling_24h_mean,pm25,2026-09-26T07:00:00Z,5.16,ugm3
10120,Bramprakash Ayurvedic Hospital,28.572714,76.933433,West,CPCB,live,rolling_24h_mean,pm25,2026-09-26T08:00:00Z,51.14,ugm3
10120,Bramprakash Ayurvedic Hospital,28.572714,76.933433,West,CPCB,live,rolling_24h_mean,pm25,2026-09-26T09:00:00Z,51.14,ugm3
10120,Bramprakash Ayurvedic Hospital,28.572714,76.933433,West,CPCB,live,rolling_24h_mean,pm25,2026-09-26T10:00:00Z,20.42,ugm3
10120,Bramprakash Ayurvedic Hospital,28.572714,76.933433,West,CPCB,live,rolling_24h_mean,pm25,2026-09-26T11:00:00Z,8.28,ugm3
10120,Bramprakash Ayurvedic Hospital,28.572714,76.933433,West,CPCB,live,rolling_24h_mean,pm25,2026-09-26T12:00:00Z,8.28,ugm3
10120,Bramprakash Ayurvedic Hospital,28.572714,76.933433,West,CPCB,live,rolling_24h_mean,pm25,2026-09-26T13:00:00Z,12.12,ugm3
10120,Bramprakash Ayurvedic Hospital,28.572714,76.933433,West,CPCB,live,rolling_24h_mean,pm25,2026-09-26T14:00:00Z,12.12,ugm3
10120,Bramprakash Ayurvedic Hospital,28.572714,76.933433,West,CPCB,live,rolling_24h_mean,pm25,2026-09-26T15:00:00Z,12.12,ugm3
10120,Bramprakash Ayurvedic Hospital,28.572714,76.933433,West,CPCB,live,rolling_24h_mean,pm25,2026-09-26T16:00:00Z,12.12,ugm3
10121,Sonia Vihar Water Treatment Plant DJB,28.710066,77.24622,North,CPCB,live,rolling_24h_mean,o3,2026-09-23T17:00:00Z,15.47,ugm3
10121,Sonia Vihar Water Treatment Plant DJB,28.710066,77.24622,North,CPCB,live,rolling_24h_mean,o3,2026-09-23T18:00:00Z,18.02,ugm3
10121,Sonia Vihar Water Treatment Plant DJB,28.710066,77.24622,North,CPCB,live,rolling_24h_mean,o3,2026-09-23T19:00:00Z,17.81,ugm3
10121,Sonia Vihar Water Treatment Plant DJB,28.710066,77.24622,North,CPCB,live,rolling_24h_mean,o3,2026-09-23T20:00:00Z,16.33,ugm3
10121,Sonia Vihar Water Treatment Plant DJB,28.710066,77.24622,North,CPCB,live,rolling_24h_mean,o3,2026-09-23T21:00:00Z,17.18,ugm3
10121,Sonia Vihar Water Treatment Plant DJB,28.710066,77.24622,North,CPCB,live,rolling_24h_mean,o3,2026-09-23T22:00:00Z,12.5,ugm3
10121,Sonia Vihar Water Treatment Plant DJB,28.710066,77.24622,North,CPCB,live,rolling_24h_mean,o3,2026-09-24T00:00:00Z,15.68,ugm3
10121,Sonia Vihar Water Treatment Plant DJB,28.710066,77.24622,North,CPCB,live,rolling_24h_mean,o3,2026-09-24T03:00:00Z,16.12,ugm3
10121,Sonia Vihar Water Treatment Plant DJB,28.710066,77.24622,North,CPCB,live,rolling_24h_mean,o3,2026-09-24T05:00:00Z,15.68,ugm3
10121,Sonia Vihar Water Treatment Plant DJB,28.710066,77.24622,North,CPCB,live,rolling_24h_mean,o3,2026-09-24T06:00:00Z,17.39,ugm3
10121,Sonia Vihar Water Treatment Plant DJB,28.710066,77.24622,North,CPCB,live,rolling_24h_mean,o3,2026-09-24T07:00:00Z,22.05,ugm3
10121,Sonia Vihar Water Treatment Plant DJB,28.710066,77.24622,North,CPCB,live,rolling_24h_mean,o3,2026-09-24T10:00:00Z,32.43,ugm3
10121,Sonia Vihar Water Treatment Plant DJB,28.710066,77.24622,North,CPCB,live,rolling_24h_mean,o3,2026-09-24T11:00:00Z,35.61,ugm3
10121,Sonia Vihar Water Treatment Plant DJB,28.710066,77.24622,North,CPCB,live,rolling_24h_mean,o3,2026-09-24T13:00:00Z,28.62,ugm3
10121,Sonia Vihar Water Treatment Plant DJB,28.710066,77.24622,North,CPCB,live,rolling_24h_mean,o3,2026-09-24T16:00:00Z,17.81,ugm3
10121,Sonia Vihar Water Treatment Plant DJB,28.710066,77.24622,North,CPCB,live,rolling_24h_mean,o3,2026-09-24T17:00:00Z,15.68,ugm3
10121,Sonia Vihar Water Treatment Plant DJB,28.710066,77.24622,North,CPCB,live,rolling_24h_mean,o3,2026-09-24T18:00:00Z,7.42,ugm3
10121,Sonia Vihar Water Treatment Plant DJB,28.710066,77.24622,North,CPCB,live,rolling_24h_mean,o3,2026-09-24T22:00:00Z,16.12,ugm3
10121,Sonia Vihar Water Treatment Plant DJB,28.710066,77.24622,North,CPCB,live,rolling_24h_mean,o3,2026-09-25T00:00:00Z,15.68,ugm3
10121,Sonia Vihar Water Treatment Plant DJB,28.710066,77.24622,North,CPCB,live,rolling_24h_mean,o3,2026-09-25T02:00:00Z,15.68,ugm3
10121,Sonia Vihar Water Treatment Plant DJB,28.710066,77.24622,North,CPCB,live,rolling_24h_mean,o3,2026-09-25T03:00:00Z,15.68,ugm3
10121,Sonia Vihar Water Treatment Plant DJB,28.710066,77.24622,North,CPCB,live,rolling_24h_mean,o3,2026-09-25T05:00:00Z,15.27,ugm3
10121,Sonia Vihar Water Treatment Plant DJB,28.710066,77.24622,North,CPCB,live,rolling_24h_mean,o3,2026-09-25T07:00:00Z,16.96,ugm3
10121,Sonia Vihar Water Treatment Plant DJB,28.710066,77.24622,North,CPCB,live,rolling_24h_mean,o3,2026-09-25T08:00:00Z,16.96,ugm3
10121,Sonia Vihar Water Treatment Plant DJB,28.710066,77.24622,North,CPCB,live,rolling_24h_mean,o3,2026-09-25T09:00:00Z,18.02,ugm3
10121,Sonia Vihar Water Treatment Plant DJB,28.710066,77.24622,North,CPCB,live,rolling_24h_mean,o3,2026-09-25T10:00:00Z,20.99,ugm3
10121,Sonia Vihar Water Treatment Plant DJB,28.710066,77.24622,North,CPCB,live,rolling_24h_mean,o3,2026-09-25T11:00:00Z,22.48,ugm3
10121,Sonia Vihar Water Treatment Plant DJB,28.710066,77.24622,North,CPCB,live,rolling_24h_mean,o3,2026-09-25T12:00:00Z,25.87,ugm3
10121,Sonia Vihar Water Treatment Plant DJB,28.710066,77.24622,North,CPCB,live,rolling_24h_mean,o3,2026-09-25T13:00:00Z,18.87,ugm3
10121,Sonia Vihar Water Treatment Plant DJB,28.710066,77.24622,North,CPCB,live,rolling_24h_mean,o3,2026-09-25T14:00:00Z,11.66,ugm3
10121,Sonia Vihar Water Treatment Plant DJB,28.710066,77.24622,North,CPCB,live,rolling_24h_mean,o3,2026-09-25T15:00:00Z,14.0,ugm3
10121,Sonia Vihar Water Treatment Plant DJB,28.710066,77.24622,North,CPCB,live,rolling_24h_mean,o3,2026-09-25T16:00:00Z,15.9,ugm3
10121,Sonia Vihar Water Treatment Plant DJB,28.710066,77.24622,North,CPCB,live,rolling_24h_mean,o3,2026-09-25T17:00:00Z,14.41,ugm3
10121,Sonia Vihar Water Treatment Plant DJB,28.710066,77.24622,North,CPCB,live,rolling_24h_mean,o3,2026-09-25T18:00:00Z,12.72,ugm3
10121,Sonia Vihar Water Treatment Plant DJB,28.710066,77.24622,North,CPCB,live,rolling_24h_mean,o3,2026-09-25T19:00:00Z,14.41,ugm3
10121,Sonia Vihar Water Treatment Plant DJB,28.710066,77.24622,North,CPCB,live,rolling_24h_mean,o3,2026-09-25T20:00:00Z,15.06,ugm3
10121,Sonia Vihar Water Treatment Plant DJB,28.710066,77.24622,North,CPCB,live,rolling_24h_mean,o3,2026-09-25T21:00:00Z,15.68,ugm3
10121,Sonia Vihar Water Treatment Plant DJB,28.710066,77.24622,North,CPCB,live,rolling_24h_mean,o3,2026-09-25T22:00:00Z,15.9,ugm3
10121,Sonia Vihar Water Treatment Plant DJB,28.710066,77.24622,North,CPCB,live,rolling_24h_mean,o3,2026-09-25T23:00:00Z,15.9,ugm3
10121,Sonia Vihar Water Treatment Plant DJB,28.710066,77.24622,North,CPCB,live,rolling_24h_mean,o3,2026-09-26T00:00:00Z,16.12,ugm3
10121,Sonia Vihar Water Treatment Plant DJB,28.710066,77.24622,North,CPCB,live,rolling_24h_mean,o3,2026-09-26T01:00:00Z,16.12,ugm3
10121,Sonia Vihar Water Treatment Plant DJB,28.710066,77.24622,North,CPCB,live,rolling_24h_mean,o3,2026-09-26T02:00:00Z,15.68,ugm3
10121,Sonia Vihar Water Treatment Plant DJB,28.710066,77.24622,North,CPCB,live,rolling_24h_mean,o3,2026-09-26T03:00:00Z,16.53,ugm3
10121,Sonia Vihar Water Treatment Plant DJB,28.710066,77.24622,North,CPCB,live,rolling_24h_mean,o3,2026-09-26T04:00:00Z,16.33,ugm3
10121,Sonia Vihar Water Treatment Plant DJB,28.710066,77.24622,North,CPCB,live,rolling_24h_mean,o3,2026-09-26T05:00:00Z,17.18,ugm3
10121,Sonia Vihar Water Treatment Plant DJB,28.710066,77.24622,North,CPCB,live,rolling_24h_mean,o3,2026-09-26T06:00:00Z,18.24,ugm3
10121,Sonia Vihar Water Treatment Plant DJB,28.710066,77.24622,North,CPCB,live,rolling_24h_mean,o3,2026-09-26T07:00:00Z,19.08,ugm3
10121,Sonia Vihar Water Treatment Plant DJB,28.710066,77.24622,North,CPCB,live,rolling_24h_mean,o3,2026-09-26T08:00:00Z,19.08,ugm3
10121,Sonia Vihar Water Treatment Plant DJB,28.710066,77.24622,North,CPCB,live,rolling_24h_mean,o3,2026-09-26T09:00:00Z,19.08,ugm3
10121,Sonia Vihar Water Treatment Plant DJB,28.710066,77.24622,North,CPCB,live,rolling_24h_mean,o3,2026-09-26T10:00:00Z,10.82,ugm3
10121,Sonia Vihar Water Treatment Plant DJB,28.710066,77.24622,North,CPCB,live,rolling_24h_mean,o3,2026-09-26T11:00:00Z,10.17,ugm3
10121,Sonia Vihar Water Treatment Plant DJB,28.710066,77.24622,North,CPCB,live,rolling_24h_mean,o3,2026-09-26T12:00:00Z,7.42,ugm3
10121,Sonia Vihar Water Treatment Plant DJB,28.710066,77.24622,North,CPCB,live,rolling_24h_mean,o3,2026-09-26T13:00:00Z,5.3,ugm3
10121,Sonia Vihar Water Treatment Plant DJB,28.710066,77.24622,North,CPCB,live,rolling_24h_mean,o3,2026-09-26T14:00:00Z,5.52,ugm3
10121,Sonia Vihar Water Treatment Plant DJB,28.710066,77.24622,North,CPCB,live,rolling_24h_mean,o3,2026-09-26T15:00:00Z,5.93,ugm3
10121,Sonia Vihar Water Treatment Plant DJB,28.710066,77.24622,North,CPCB,live,rolling_24h_mean,o3,2026-09-26T16:00:00Z,5.93,ugm3
10121,Sonia Vihar Water Treatment Plant DJB,28.710066,77.24622,North,CPCB,live,rolling_24h_mean,pm10,2026-09-23T17:00:00Z,180.26,ugm3
10121,Sonia Vihar Water Treatment Plant DJB,28.710066,77.24622,North,CPCB,live,rolling_24h_mean,pm10,2026-09-23T18:00:00Z,174.19,ugm3
10121,Sonia Vihar Water Treatment Plant DJB,28.710066,77.24622,North,CPCB,live,rolling_24h_mean,pm10,2026-09-23T19:00:00Z,216.62,ugm3
10121,Sonia Vihar Water Treatment Plant DJB,28.710066,77.24622,North,CPCB,live,rolling_24h_mean,pm10,2026-09-23T20:00:00Z,365.8,ugm3
10121,Sonia Vihar Water Treatment Plant DJB,28.710066,77.24622,North,CPCB,live,rolling_24h_mean,pm10,2026-09-23T21:00:00Z,326.72,ugm3
10121,Sonia Vihar Water Treatment Plant DJB,28.710066,77.24622,North,CPCB,live,rolling_24h_mean,pm10,2026-09-23T22:00:00Z,218.64,ugm3
10121,Sonia Vihar Water Treatment Plant DJB,28.710066,77.24622,North,CPCB,live,rolling_24h_mean,pm10,2026-09-24T00:00:00Z,94.4,ugm3
10121,Sonia Vihar Water Treatment Plant DJB,28.710066,77.24622,North,CPCB,live,rolling_24h_mean,pm10,2026-09-24T03:00:00Z,204.5,ugm3
10121,Sonia Vihar Water Treatment Plant DJB,28.710066,77.24622,North,CPCB,live,rolling_24h_mean,pm10,2026-09-24T05:00:00Z,124.7,ugm3
10121,Sonia Vihar Water Treatment Plant DJB,28.710066,77.24622,North,CPCB,live,rolling_24h_mean,pm10,2026-09-24T06:00:00Z,124.7,ugm3
10121,Sonia Vihar Water Treatment Plant DJB,28.710066,77.24622,North,CPCB,live,rolling_24h_mean,pm10,2026-09-24T07:00:00Z,116.62,ugm3
10121,Sonia Vihar Water Treatment Plant DJB,28.710066,77.24622,North,CPCB,live,rolling_24h_mean,pm10,2026-09-24T10:00:00Z,110.56,ugm3
10121,Sonia Vihar Water Treatment Plant DJB,28.710066,77.24622,North,CPCB,live,rolling_24h_mean,pm10,2026-09-24T11:00:00Z,110.56,ugm3
10121,Sonia Vihar Water Treatment Plant DJB,28.710066,77.24622,North,CPCB,live,rolling_24h_mean,pm10,2026-09-24T13:00:00Z,148.95,ugm3
10121,Sonia Vihar Water Treatment Plant DJB,28.710066,77.24622,North,CPCB,live,rolling_24h_mean,pm10,2026-09-24T16:00:00Z,232.79,ugm3
10121,Sonia Vihar Water Treatment Plant DJB,28.710066,77.24622,North,CPCB,live,rolling_24h_mean,pm10,2026-09-24T17:00:00Z,122.68,ugm3
10121,Sonia Vihar Water Treatment Plant DJB,28.710066,77.24622,North,CPCB,live,rolling_24h_mean,pm10,2026-09-24T18:00:00Z,104.5,ugm3
10121,Sonia Vihar Water Treatment Plant DJB,28.710066,77.24622,North,CPCB,live,rolling_24h_mean,pm10,2026-09-24T22:00:00Z,46.98,ugm3
10121,Sonia Vihar Water Treatment Plant DJB,28.710066,77.24622,North,CPCB,live,rolling_24h_mean,pm10,2026-09-25T00:00:00Z,25.38,ugm3
10121,Sonia Vihar Water Treatment Plant DJB,28.710066,77.24622,North,CPCB,live,rolling_24h_mean,pm10,2026-09-25T02:00:00Z,25.38,ugm3
10121,Sonia Vihar Water Treatment Plant DJB,28.710066,77.24622,North,CPCB,live,rolling_24h_mean,pm10,2026-09-25T03:00:00Z,25.38,ugm3
10121,Sonia Vihar Water Treatment Plant DJB,28.710066,77.24622,North,CPCB,live,rolling_24h_mean,pm10,2026-09-25T05:00:00Z,66.11,ugm3
10121,Sonia Vihar Water Treatment Plant DJB,28.710066,77.24622,North,CPCB,live,rolling_24h_mean,pm10,2026-09-25T07:00:00Z,96.42,ugm3
10121,Sonia Vihar Water Treatment Plant DJB,28.710066,77.24622,North,CPCB,live,rolling_24h_mean,pm10,2026-09-25T08:00:00Z,96.42,ugm3
10121,Sonia Vihar Water Treatment Plant DJB,28.710066,77.24622,North,CPCB,live,rolling_24h_mean,pm10,2026-09-25T09:00:00Z,50.22,ugm3
10121,Sonia Vihar Water Treatment Plant DJB,28.710066,77.24622,North,CPCB,live,rolling_24h_mean,pm10,2026-09-25T10:00:00Z,44.82,ugm3
10121,Sonia Vihar Water Treatment Plant DJB,28.710066,77.24622,North,CPCB,live,rolling_24h_mean,pm10,2026-09-25T11:00:00Z,56.01,ugm3
10121,Sonia Vihar Water Treatment Plant DJB,28.710066,77.24622,North,CPCB,live,rolling_24h_mean,pm10,2026-09-25T12:00:00Z,62.07,ugm3
10121,Sonia Vihar Water Treatment Plant DJB,28.710066,77.24622,North,CPCB,live,rolling_24h_mean,pm10,2026-09-25T13:00:00Z,94.4,ugm3
10121,Sonia Vihar Water Treatment Plant DJB,28.710066,77.24622,North,CPCB,live,rolling_24h_mean,pm10,2026-09-25T14:00:00Z,86.32,ugm3
10121,Sonia Vihar Water Treatment Plant DJB,28.710066,77.24622,North,CPCB,live,rolling_24h_mean,pm10,2026-09-25T15:00:00Z,100.46,ugm3
10121,Sonia Vihar Water Treatment Plant DJB,28.710066,77.24622,North,CPCB,live,rolling_24h_mean,pm10,2026-09-25T16:00:00Z,110.56,ugm3
10121,Sonia Vihar Water Treatment Plant DJB,28.710066,77.24622,North,CPCB,live,rolling_24h_mean,pm10,2026-09-25T17:00:00Z,98.44,ugm3
10121,Sonia Vihar Water Treatment Plant DJB,28.710066,77.24622,North,CPCB,live,rolling_24h_mean,pm10,2026-09-25T18:00:00Z,94.4,ugm3
10121,Sonia Vihar Water Treatment Plant DJB,28.710066,77.24622,North,CPCB,live,rolling_24h_mean,pm10,2026-09-25T19:00:00Z,88.34,ugm3
10121,Sonia Vihar Water Treatment Plant DJB,28.710066,77.24622,North,CPCB,live,rolling_24h_mean,pm10,2026-09-25T20:00:00Z,52.38,ugm3
10121,Sonia Vihar Water Treatment Plant DJB,28.710066,77.24622,North,CPCB,live,rolling_24h_mean,pm10,2026-09-25T21:00:00Z,45.9,ugm3
10121,Sonia Vihar Water Treatment Plant DJB,28.710066,77.24622,North,CPCB,live,rolling_24h_mean,pm10,2026-09-25T22:00:00Z,27.54,ugm3
10121,Sonia Vihar Water Treatment Plant DJB,28.710066,77.24622,North,CPCB,live,rolling_24h_mean,pm10,2026-09-25T23:00:00Z,30.78,ugm3
10121,Sonia Vihar Water Treatment Plant DJB,28.710066,77.24622,North,CPCB,live,rolling_24h_mean,pm10,2026-09-26T00:00:00Z,42.66,ugm3
10121,Sonia Vihar Water Treatment Plant DJB,28.710066,77.24622,North,CPCB,live,rolling_24h_mean,pm10,2026-09-26T01:00:00Z,48.06,ugm3
10121,Sonia Vihar Water Treatment Plant DJB,28.710066,77.24622,North,CPCB,live,rolling_24h_mean,pm10,2026-09-26T02:00:00Z,64.09,ugm3
10121,Sonia Vihar Water Treatment Plant DJB,28.710066,77.24622,North,CPCB,live,rolling_24h_mean,pm10,2026-09-26T03:00:00Z,94.4,ugm3
10121,Sonia Vihar Water Treatment Plant DJB,28.710066,77.24622,North,CPCB,live,rolling_24h_mean,pm10,2026-09-26T04:00:00Z,76.21,ugm3
10121,Sonia Vihar Water Treatment Plant DJB,28.710066,77.24622,North,CPCB,live,rolling_24h_mean,pm10,2026-09-26T05:00:00Z,134.81,ugm3
10121,Sonia Vihar Water Treatment Plant DJB,28.710066,77.24622,North,CPCB,live,rolling_24h_mean,pm10,2026-09-26T06:00:00Z,86.32,ugm3
10121,Sonia Vihar Water Treatment Plant DJB,28.710066,77.24622,North,CPCB,live,rolling_24h_mean,pm10,2026-09-26T07:00:00Z,60.05,ugm3
10121,Sonia Vihar Water Treatment Plant DJB,28.710066,77.24622,North,CPCB,live,rolling_24h_mean,pm10,2026-09-26T08:00:00Z,56.01,ugm3
10121,Sonia Vihar Water Treatment Plant DJB,28.710066,77.24622,North,CPCB,live,rolling_24h_mean,pm10,2026-09-26T09:00:00Z,62.07,ugm3
10121,Sonia Vihar Water Treatment Plant DJB,28.710066,77.24622,North,CPCB,live,rolling_24h_mean,pm10,2026-09-26T10:00:00Z,72.17,ugm3
10121,Sonia Vihar Water Treatment Plant DJB,28.710066,77.24622,North,CPCB,live,rolling_24h_mean,pm10,2026-09-26T11:00:00Z,72.17,ugm3
10121,Sonia Vihar Water Treatment Plant DJB,28.710066,77.24622,North,CPCB,live,rolling_24h_mean,pm10,2026-09-26T12:00:00Z,30.78,ugm3
10121,Sonia Vihar Water Treatment Plant DJB,28.710066,77.24622,North,CPCB,live,rolling_24h_mean,pm10,2026-09-26T13:00:00Z,13.5,ugm3
10121,Sonia Vihar Water Treatment Plant DJB,28.710066,77.24622,North,CPCB,live,rolling_24h_mean,pm10,2026-09-26T14:00:00Z,22.14,ugm3
10121,Sonia Vihar Water Treatment Plant DJB,28.710066,77.24622,North,CPCB,live,rolling_24h_mean,pm10,2026-09-26T15:00:00Z,23.22,ugm3
10121,Sonia Vihar Water Treatment Plant DJB,28.710066,77.24622,North,CPCB,live,rolling_24h_mean,pm10,2026-09-26T16:00:00Z,24.3,ugm3
10121,Sonia Vihar Water Treatment Plant DJB,28.710066,77.24622,North,CPCB,live,rolling_24h_mean,pm25,2026-09-23T17:00:00Z,101.01,ugm3
10121,Sonia Vihar Water Treatment Plant DJB,28.710066,77.24622,North,CPCB,live,rolling_24h_mean,pm25,2026-09-23T18:00:00Z,91.33,ugm3
10121,Sonia Vihar Water Treatment Plant DJB,28.710066,77.24622,North,CPCB,live,rolling_24h_mean,pm25,2026-09-23T19:00:00Z,108.76,ugm3
10121,Sonia Vihar Water Treatment Plant DJB,28.710066,77.24622,North,CPCB,live,rolling_24h_mean,pm25,2026-09-23T20:00:00Z,271.19,ugm3
10121,Sonia Vihar Water Treatment Plant DJB,28.710066,77.24622,North,CPCB,live,rolling_24h_mean,pm25,2026-09-23T21:00:00Z,237.79,ugm3
10121,Sonia Vihar Water Treatment Plant DJB,28.710066,77.24622,North,CPCB,live,rolling_24h_mean,pm25,2026-09-23T22:00:00Z,112.63,ugm3
10121,Sonia Vihar Water Treatment Plant DJB,28.710066,77.24622,North,CPCB,live,rolling_24h_mean,pm25,2026-09-24T00:00:00Z,51.14,ugm3
10121,Sonia Vihar Water Treatment Plant DJB,28.710066,77.24622,North,CPCB,live,rolling_24h_mean,pm25,2026-09-24T03:00:00Z,101.01,ugm3
10121,Sonia Vihar Water Treatment Plant DJB,28.710066,77.24622,North,CPCB,live,rolling_24h_mean,pm25,2026-09-24T05:00:00Z,40.98,ugm3
10121,Sonia Vihar Water Treatment Plant DJB,28.710066,77.24622,North,CPCB,live,rolling_24h_mean,pm25,2026-09-24T06:00:00Z,44.23,ugm3
10121,Sonia Vihar Water Treatment Plant DJB,28.710066,77.24622,North,CPCB,live,rolling_24h_mean,pm25,2026-09-24T07:00:00Z,48.29,ugm3
10121,Sonia Vihar Water Treatment Plant DJB,28.710066,77.24622,North,CPCB,live,rolling_24h_mean,pm25,2026-09-24T10:00:00Z,51.14,ugm3
10121,Sonia Vihar Water Treatment Plant DJB,28.710066,77.24622,North,CPCB,live,rolling_24h_mean,pm25,2026-09-24T11:00:00Z,46.26,ugm3
10121,Sonia Vihar Water Treatment Plant DJB,28.710066,77.24622,North,CPCB,live,rolling_24h_mean,pm25,2026-09-24T13:00:00Z,56.47,ugm3
10121,Sonia Vihar Water Treatment Plant DJB,28.710066,77.24622,North,CPCB,live,rolling_24h_mean,pm25,2026-09-24T16:00:00Z,83.58,ugm3
10121,Sonia Vihar Water Treatment Plant DJB,28.710066,77.24622,North,CPCB,live,rolling_24h_mean,pm25,2026-09-24T17:00:00Z,31.36,ugm3
10121,Sonia Vihar Water Treatment Plant DJB,28.710066,77.24622,North,CPCB,live,rolling_24h_mean,pm25,2026-09-24T18:00:00Z,28.51,ugm3
10121,Sonia Vihar Water Treatment Plant DJB,28.710066,77.24622,North,CPCB,live,rolling_24h_mean,pm25,2026-09-24T22:00:00Z,17.09,ugm3
10121,Sonia Vihar Water Treatment Plant DJB,28.710066,77.24622,North,CPCB,live,rolling_24h_mean,pm25,2026-09-25T00:00:00Z,2.28,ugm3
10121,Sonia Vihar Water Treatment Plant DJB,28.710066,77.24622,North,CPCB,live,rolling_24h_mean,pm25,2026-09-25T02:00:00Z,2.28,ugm3
10121,Sonia Vihar Water Treatment Plant DJB,28.710066,77.24622,North,CPCB,live,rolling_24h_mean,pm25,2026-09-25T03:00:00Z,2.28,ugm3
10121,Sonia Vihar Water Treatment Plant DJB,28.710066,77.24622,North,CPCB,live,rolling_24h_mean,pm25,2026-09-25T05:00:00Z,9.24,ugm3
10121,Sonia Vihar Water Treatment Plant DJB,28.710066,77.24622,North,CPCB,live,rolling_24h_mean,pm25,2026-09-25T07:00:00Z,24.23,ugm3
10121,Sonia Vihar Water Treatment Plant DJB,28.710066,77.24622,North,CPCB,live,rolling_24h_mean,pm25,2026-09-25T08:00:00Z,24.23,ugm3
10121,Sonia Vihar Water Treatment Plant DJB,28.710066,77.24622,North,CPCB,live,rolling_24h_mean,pm25,2026-09-25T09:00:00Z,13.29,ugm3
10121,Sonia Vihar Water Treatment Plant DJB,28.710066,77.24622,North,CPCB,live,rolling_24h_mean,pm25,2026-09-25T10:00:00Z,13.29,ugm3
10121,Sonia Vihar Water Treatment Plant DJB,28.710066,77.24622,North,CPCB,live,rolling_24h_mean,pm25,2026-09-25T11:00:00Z,17.09,ugm3
10121,Sonia Vihar Water Treatment Plant DJB,28.710066,77.24622,North,CPCB,live,rolling_24h_mean,pm25,2026-09-25T12:00:00Z,17.09,ugm3
10121,Sonia Vihar Water Treatment Plant DJB,28.710066,77.24622,North,CPCB,live,rolling_24h_mean,pm25,2026-09-25T13:00:00Z,31.36,ugm3
10121,Sonia Vihar Water Treatment Plant DJB,28.710066,77.24622,North,CPCB,live,rolling_24h_mean,pm25,2026-09-25T14:00:00Z,20.42,ugm3
10121,Sonia Vihar Water Treatment Plant DJB,28.710066,77.24622,North,CPCB,live,rolling_24h_mean,pm25,2026-09-25T15:00:00Z,31.36,ugm3
10121,Sonia Vihar Water Treatment Plant DJB,28.710066,77.24622,North,CPCB,live,rolling_24h_mean,pm25,2026-09-25T16:00:00Z,36.11,ugm3
10121,Sonia Vihar Water Treatment Plant DJB,28.710066,77.24622,North,CPCB,live,rolling_24h_mean,pm25,2026-09-25T17:00:00Z,38.95,ugm3
10121,Sonia Vihar Water Treatment Plant DJB,28.710066,77.24622,North,CPCB,live,rolling_24h_mean,pm25,2026-09-25T18:00:00Z,40.17,ugm3
10121,Sonia Vihar Water Treatment Plant DJB,28.710066,77.24622,North,CPCB,live,rolling_24h_mean,pm25,2026-09-25T19:00:00Z,36.11,ugm3
10121,Sonia Vihar Water Treatment Plant DJB,28.710066,77.24622,North,CPCB,live,rolling_24h_mean,pm25,2026-09-25T20:00:00Z,9.24,ugm3
10121,Sonia Vihar Water Treatment Plant DJB,28.710066,77.24622,North,CPCB,live,rolling_24h_mean,pm25,2026-09-25T21:00:00Z,9.24,ugm3
10121,Sonia Vihar Water Treatment Plant DJB,28.710066,77.24622,North,CPCB,live,rolling_24h_mean,pm25,2026-09-25T22:00:00Z,11.16,ugm3
10121,Sonia Vihar Water Treatment Plant DJB,28.710066,77.24622,North,CPCB,live,rolling_24h_mean,pm25,2026-09-25T23:00:00Z,14.24,ugm3
10121,Sonia Vihar Water Treatment Plant DJB,28.710066,77.24622,North,CPCB,live,rolling_24h_mean,pm25,2026-09-26T00:00:00Z,20.42,ugm3
10121,Sonia Vihar Water Treatment Plant DJB,28.710066,77.24622,North,CPCB,live,rolling_24h_mean,pm25,2026-09-26T01:00:00Z,25.18,ugm3
10121,Sonia Vihar Water Treatment Plant DJB,28.710066,77.24622,North,CPCB,live,rolling_24h_mean,pm25,2026-09-26T02:00:00Z,42.2,ugm3
10121,Sonia Vihar Water Treatment Plant DJB,28.710066,77.24622,North,CPCB,live,rolling_24h_mean,pm25,2026-09-26T03:00:00Z,53.17,ugm3
10121,Sonia Vihar Water Treatment Plant DJB,28.710066,77.24622,North,CPCB,live,rolling_24h_mean,pm25,2026-09-26T04:00:00Z,22.32,ugm3
10121,Sonia Vihar Water Treatment Plant DJB,28.710066,77.24622,North,CPCB,live,rolling_24h_mean,pm25,2026-09-26T05:00:00Z,75.84,ugm3
10121,Sonia Vihar Water Treatment Plant DJB,28.710066,77.24622,North,CPCB,live,rolling_24h_mean,pm25,2026-09-26T06:00:00Z,33.26,ugm3
10121,Sonia Vihar Water Treatment Plant DJB,28.710066,77.24622,North,CPCB,live,rolling_24h_mean,pm25,2026-09-26T07:00:00Z,16.14,ugm3
10121,Sonia Vihar Water Treatment Plant DJB,28.710066,77.24622,North,CPCB,live,rolling_24h_mean,pm25,2026-09-26T08:00:00Z,16.14,ugm3
10121,Sonia Vihar Water Treatment Plant DJB,28.710066,77.24622,North,CPCB,live,rolling_24h_mean,pm25,2026-09-26T09:00:00Z,16.14,ugm3
10121,Sonia Vihar Water Treatment Plant DJB,28.710066,77.24622,North,CPCB,live,rolling_24h_mean,pm25,2026-09-26T10:00:00Z,5.16,ugm3
10121,Sonia Vihar Water Treatment Plant DJB,28.710066,77.24622,North,CPCB,live,rolling_24h_mean,pm25,2026-09-26T11:00:00Z,6.12,ugm3
10121,Sonia Vihar Water Treatment Plant DJB,28.710066,77.24622,North,CPCB,live,rolling_24h_mean,pm25,2026-09-26T12:00:00Z,6.12,ugm3
10121,Sonia Vihar Water Treatment Plant DJB,28.710066,77.24622,North,CPCB,live,rolling_24h_mean,pm25,2026-09-26T13:00:00Z,6.12,ugm3
10121,Sonia Vihar Water Treatment Plant DJB,28.710066,77.24622,North,CPCB,live,rolling_24h_mean,pm25,2026-09-26T14:00:00Z,12.12,ugm3
10121,Sonia Vihar Water Treatment Plant DJB,28.710066,77.24622,North,CPCB,live,rolling_24h_mean,pm25,2026-09-26T15:00:00Z,18.04,ugm3
10121,Sonia Vihar Water Treatment Plant DJB,28.710066,77.24622,North,CPCB,live,rolling_24h_mean,pm25,2026-09-26T16:00:00Z,8.28,ugm3
10124,Pusa,28.636997,77.172248,Central,CPCB,live,rolling_24h_mean,o3,2026-09-23T17:00:00Z,6.99,ugm3
10124,Pusa,28.636997,77.172248,Central,CPCB,live,rolling_24h_mean,o3,2026-09-23T18:00:00Z,6.99,ugm3
10124,Pusa,28.636997,77.172248,Central,CPCB,live,rolling_24h_mean,o3,2026-09-23T19:00:00Z,6.79,ugm3
10124,Pusa,28.636997,77.172248,Central,CPCB,live,rolling_24h_mean,o3,2026-09-23T20:00:00Z,4.46,ugm3
10124,Pusa,28.636997,77.172248,Central,CPCB,live,rolling_24h_mean,o3,2026-09-23T21:00:00Z,7.2,ugm3
10124,Pusa,28.636997,77.172248,Central,CPCB,live,rolling_24h_mean,o3,2026-09-23T22:00:00Z,7.2,ugm3
10124,Pusa,28.636997,77.172248,Central,CPCB,live,rolling_24h_mean,o3,2026-09-24T00:00:00Z,11.03,ugm3
10124,Pusa,28.636997,77.172248,Central,CPCB,live,rolling_24h_mean,o3,2026-09-24T03:00:00Z,5.52,ugm3
10124,Pusa,28.636997,77.172248,Central,CPCB,live,rolling_24h_mean,o3,2026-09-24T05:00:00Z,5.52,ugm3
10124,Pusa,28.636997,77.172248,Central,CPCB,live,rolling_24h_mean,o3,2026-09-24T06:00:00Z,5.73,ugm3
10124,Pusa,28.636997,77.172248,Central,CPCB,live,rolling_24h_mean,o3,2026-09-24T07:00:00Z,6.36,ugm3
10124,Pusa,28.636997,77.172248,Central,CPCB,live,rolling_24h_mean,o3,2026-09-24T10:00:00Z,10.38,ugm3
10124,Pusa,28.636997,77.172248,Central,CPCB,live,rolling_24h_mean,o3,2026-09-24T11:00:00Z,12.29,ugm3
10124,Pusa,28.636997,77.172248,Central,CPCB,live,rolling_24h_mean,o3,2026-09-24T13:00:00Z,10.6,ugm3
10124,Pusa,28.636997,77.172248,Central,CPCB,live,rolling_24h_mean,o3,2026-09-24T16:00:00Z,4.02,ugm3
10124,Pusa,28.636997,77.172248,Central,CPCB,live,rolling_24h_mean,o3,2026-09-24T17:00:00Z,8.7,ugm3
10124,Pusa,28.636997,77.172248,Central,CPCB,live,rolling_24h_mean,o3,2026-09-24T18:00:00Z,5.3,ugm3
10124,Pusa,28.636997,77.172248,Central,CPCB,live,rolling_24h_mean,o3,2026-09-24T22:00:00Z,7.2,ugm3
10124,Pusa,28.636997,77.172248,Central,CPCB,live,rolling_24h_mean,o3,2026-09-25T00:00:00Z,7.2,ugm3
10124,Pusa,28.636997,77.172248,Central,CPCB,live,rolling_24h_mean,o3,2026-09-25T02:00:00Z,7.2,ugm3
10124,Pusa,28.636997,77.172248,Central,CPCB,live,rolling_24h_mean,o3,2026-09-25T03:00:00Z,7.2,ugm3
10124,Pusa,28.636997,77.172248,Central,CPCB,live,rolling_24h_mean,o3,2026-09-25T05:00:00Z,7.42,ugm3
10124,Pusa,28.636997,77.172248,Central,CPCB,live,rolling_24h_mean,o3,2026-09-25T07:00:00Z,8.26,ugm3
10124,Pusa,28.636997,77.172248,Central,CPCB,live,rolling_24h_mean,o3,2026-09-25T08:00:00Z,8.48,ugm3
10124,Pusa,28.636997,77.172248,Central,CPCB,live,rolling_24h_mean,o3,2026-09-25T09:00:00Z,10.17,ugm3
10124,Pusa,28.636997,77.172248,Central,CPCB,live,rolling_24h_mean,o3,2026-09-25T10:00:00Z,10.38,ugm3
10124,Pusa,28.636997,77.172248,Central,CPCB,live,rolling_24h_mean,o3,2026-09-25T11:00:00Z,10.38,ugm3
10124,Pusa,28.636997,77.172248,Central,CPCB,live,rolling_24h_mean,o3,2026-09-25T12:00:00Z,9.76,ugm3
10124,Pusa,28.636997,77.172248,Central,CPCB,live,rolling_24h_mean,o3,2026-09-25T13:00:00Z,8.48,ugm3
10124,Pusa,28.636997,77.172248,Central,CPCB,live,rolling_24h_mean,o3,2026-09-25T14:00:00Z,6.36,ugm3
10124,Pusa,28.636997,77.172248,Central,CPCB,live,rolling_24h_mean,o3,2026-09-25T15:00:00Z,7.2,ugm3
10124,Pusa,28.636997,77.172248,Central,CPCB,live,rolling_24h_mean,o3,2026-09-25T16:00:00Z,7.2,ugm3
10124,Pusa,28.636997,77.172248,Central,CPCB,live,rolling_24h_mean,o3,2026-09-25T17:00:00Z,8.26,ugm3
10124,Pusa,28.636997,77.172248,Central,CPCB,live,rolling_24h_mean,o3,2026-09-25T18:00:00Z,8.05,ugm3
10124,Pusa,28.636997,77.172248,Central,CPCB,live,rolling_24h_mean,o3,2026-09-25T19:00:00Z,7.64,ugm3
10124,Pusa,28.636997,77.172248,Central,CPCB,live,rolling_24h_mean,o3,2026-09-25T20:00:00Z,5.08,ugm3
10124,Pusa,28.636997,77.172248,Central,CPCB,live,rolling_24h_mean,o3,2026-09-25T21:00:00Z,7.2,ugm3
10124,Pusa,28.636997,77.172248,Central,CPCB,live,rolling_24h_mean,o3,2026-09-25T22:00:00Z,7.2,ugm3
10124,Pusa,28.636997,77.172248,Central,CPCB,live,rolling_24h_mean,o3,2026-09-25T23:00:00Z,7.42,ugm3
10124,Pusa,28.636997,77.172248,Central,CPCB,live,rolling_24h_mean,o3,2026-09-26T00:00:00Z,7.42,ugm3
10124,Pusa,28.636997,77.172248,Central,CPCB,live,rolling_24h_mean,o3,2026-09-26T01:00:00Z,7.2,ugm3
10124,Pusa,28.636997,77.172248,Central,CPCB,live,rolling_24h_mean,o3,2026-09-26T02:00:00Z,6.99,ugm3
10124,Pusa,28.636997,77.172248,Central,CPCB,live,rolling_24h_mean,o3,2026-09-26T03:00:00Z,7.42,ugm3
10124,Pusa,28.636997,77.172248,Central,CPCB,live,rolling_24h_mean,o3,2026-09-26T04:00:00Z,4.67,ugm3
10124,Pusa,28.636997,77.172248,Central,CPCB,live,rolling_24h_mean,o3,2026-09-26T05:00:00Z,2.96,ugm3
10124,Pusa,28.636997,77.172248,Central,CPCB,live,rolling_24h_mean,o3,2026-09-26T06:00:00Z,32.43,ugm3
10124,Pusa,28.636997,77.172248,Central,CPCB,live,rolling_24h_mean,o3,2026-09-26T07:00:00Z,10.17,ugm3
10124,Pusa,28.636997,77.172248,Central,CPCB,live,rolling_24h_mean,o3,2026-09-26T08:00:00Z,12.09,ugm3
10124,Pusa,28.636997,77.172248,Central,CPCB,live,rolling_24h_mean,o3,2026-09-26T09:00:00Z,10.6,ugm3
10124,Pusa,28.636997,77.172248,Central,CPCB,live,rolling_24h_mean,o3,2026-09-26T10:00:00Z,8.48,ugm3
10124,Pusa,28.636997,77.172248,Central,CPCB,live,rolling_24h_mean,o3,2026-09-26T11:00:00Z,9.11,ugm3
10124,Pusa,28.636997,77.172248,Central,CPCB,live,rolling_24h_mean,o3,2026-09-26T12:00:00Z,14.41,ugm3
10124,Pusa,28.636997,77.172248,Central,CPCB,live,rolling_24h_mean,o3,2026-09-26T13:00:00Z,14.84,ugm3
10124,Pusa,28.636997,77.172248,Central,CPCB,live,rolling_24h_mean,o3,2026-09-26T14:00:00Z,12.29,ugm3
10124,Pusa,28.636997,77.172248,Central,CPCB,live,rolling_24h_mean,o3,2026-09-26T15:00:00Z,8.91,ugm3
10124,Pusa,28.636997,77.172248,Central,CPCB,live,rolling_24h_mean,o3,2026-09-26T16:00:00Z,6.79,ugm3
10124,Pusa,28.636997,77.172248,Central,CPCB,live,rolling_24h_mean,pm10,2026-09-23T17:00:00Z,166.11,ugm3
10124,Pusa,28.636997,77.172248,Central,CPCB,live,rolling_24h_mean,pm10,2026-09-23T18:00:00Z,182.28,ugm3
10124,Pusa,28.636997,77.172248,Central,CPCB,live,rolling_24h_mean,pm10,2026-09-23T19:00:00Z,162.07,ugm3
10124,Pusa,28.636997,77.172248,Central,CPCB,live,rolling_24h_mean,pm10,2026-09-23T20:00:00Z,160.05,ugm3
10124,Pusa,28.636997,77.172248,Central,CPCB,live,rolling_24h_mean,pm10,2026-09-23T21:00:00Z,162.07,ugm3
10124,Pusa,28.636997,77.172248,Central,CPCB,live,rolling_24h_mean,pm10,2026-09-23T22:00:00Z,156.01,ugm3
10124,Pusa,28.636997,77.172248,Central,CPCB,live,rolling_24h_mean,pm10,2026-09-24T00:00:00Z,136.83,ugm3
10124,Pusa,28.636997,77.172248,Central,CPCB,live,rolling_24h_mean,pm10,2026-09-24T03:00:00Z,94.4,ugm3
10124,Pusa,28.636997,77.172248,Central,CPCB,live,rolling_24h_mean,pm10,2026-09-24T05:00:00Z,80.26,ugm3
10124,Pusa,28.636997,77.172248,Central,CPCB,live,rolling_24h_mean,pm10,2026-09-24T06:00:00Z,90.36,ugm3
10124,Pusa,28.636997,77.172248,Central,CPCB,live,rolling_24h_mean,pm10,2026-09-24T07:00:00Z,104.5,ugm3
10124,Pusa,28.636997,77.172248,Central,CPCB,live,rolling_24h_mean,pm10,2026-09-24T10:00:00Z,98.44,ugm3
10124,Pusa,28.636997,77.172248,Central,CPCB,live,rolling_24h_mean,pm10,2026-09-24T11:00:00Z,114.6,ugm3
10124,Pusa,28.636997,77.172248,Central,CPCB,live,rolling_24h_mean,pm10,2026-09-24T13:00:00Z,106.52,ugm3
10124,Pusa,28.636997,77.172248,Central,CPCB,live,rolling_24h_mean,pm10,2026-09-24T16:00:00Z,84.3,ugm3
10124,Pusa,28.636997,77.172248,Central,CPCB,live,rolling_24h_mean,pm10,2026-09-24T17:00:00Z,58.03,ugm3
10124,Pusa,28.636997,77.172248,Central,CPCB,live,rolling_24h_mean,pm10,2026-09-24T18:00:00Z,56.01,ugm3
10124,Pusa,28.636997,77.172248,Central,CPCB,live,rolling_24h_mean,pm10,2026-09-24T22:00:00Z,44.82,ugm3
10124,Pusa,28.636997,77.172248,Central,CPCB,live,rolling_24h_mean,pm10,2026-09-25T00:00:00Z,44.82,ugm3
10124,Pusa,28.636997,77.172248,Central,CPCB,live,rolling_24h_mean,pm10,2026-09-25T02:00:00Z,44.82,ugm3
10124,Pusa,28.636997,77.172248,Central,CPCB,live,rolling_24h_mean,pm10,2026-09-25T03:00:00Z,44.82,ugm3
10124,Pusa,28.636997,77.172248,Central,CPCB,live,rolling_24h_mean,pm10,2026-09-25T05:00:00Z,58.03,ugm3
10124,Pusa,28.636997,77.172248,Central,CPCB,live,rolling_24h_mean,pm10,2026-09-25T07:00:00Z,66.11,ugm3
10124,Pusa,28.636997,77.172248,Central,CPCB,live,rolling_24h_mean,pm10,2026-09-25T08:00:00Z,76.21,ugm3
10124,Pusa,28.636997,77.172248,Central,CPCB,live,rolling_24h_mean,pm10,2026-09-25T09:00:00Z,66.11,ugm3
10124,Pusa,28.636997,77.172248,Central,CPCB,live,rolling_24h_mean,pm10,2026-09-25T10:00:00Z,68.13,ugm3
10124,Pusa,28.636997,77.172248,Central,CPCB,live,rolling_24h_mean,pm10,2026-09-25T11:00:00Z,68.13,ugm3
10124,Pusa,28.636997,77.172248,Central,CPCB,live,rolling_24h_mean,pm10,2026-09-25T12:00:00Z,62.07,ugm3
10124,Pusa,28.636997,77.172248,Central,CPCB,live,rolling_24h_mean,pm10,2026-09-25T13:00:00Z,86.32,ugm3
10124,Pusa,28.636997,77.172248,Central,CPCB,live,rolling_24h_mean,pm10,2026-09-25T14:00:00Z,108.54,ugm3
10124,Pusa,28.636997,77.172248,Central,CPCB,live,rolling_24h_mean,pm10,2026-09-25T15:00:00Z,130.77,ugm3
10124,Pusa,28.636997,77.172248,Central,CPCB,live,rolling_24h_mean,pm10,2026-09-25T16:00:00Z,136.83,ugm3
10124,Pusa,28.636997,77.172248,Central,CPCB,live,rolling_24h_mean,pm10,2026-09-25T17:00:00Z,96.42,ugm3
10124,Pusa,28.636997,77.172248,Central,CPCB,live,rolling_24h_mean,pm10,2026-09-25T18:00:00Z,56.01,ugm3
10124,Pusa,28.636997,77.172248,Central,CPCB,live,rolling_24h_mean,pm10,2026-09-25T19:00:00Z,43.74,ugm3
10124,Pusa,28.636997,77.172248,Central,CPCB,live,rolling_24h_mean,pm10,2026-09-25T20:00:00Z,26.46,ugm3
10124,Pusa,28.636997,77.172248,Central,CPCB,live,rolling_24h_mean,pm10,2026-09-25T21:00:00Z,31.86,ugm3
10124,Pusa,28.636997,77.172248,Central,CPCB,live,rolling_24h_mean,pm10,2026-09-25T22:00:00Z,31.86,ugm3
10124,Pusa,28.636997,77.172248,Central,CPCB,live,rolling_24h_mean,pm10,2026-09-25T23:00:00Z,44.82,ugm3
10124,Pusa,28.636997,77.172248,Central,CPCB,live,rolling_24h_mean,pm10,2026-09-26T00:00:00Z,37.26,ugm3
10124,Pusa,28.636997,77.172248,Central,CPCB,live,rolling_24h_mean,pm10,2026-09-26T01:00:00Z,26.46,ugm3
10124,Pusa,28.636997,77.172248,Central,CPCB,live,rolling_24h_mean,pm10,2026-09-26T02:00:00Z,28.62,ugm3
10124,Pusa,28.636997,77.172248,Central,CPCB,live,rolling_24h_mean,pm10,2026-09-26T03:00:00Z,35.1,ugm3
10124,Pusa,28.636997,77.172248,Central,CPCB,live,rolling_24h_mean,pm10,2026-09-26T04:00:00Z,50.22,ugm3
10124,Pusa,28.636997,77.172248,Central,CPCB,live,rolling_24h_mean,pm10,2026-09-26T05:00:00Z,62.07,ugm3
10124,Pusa,28.636997,77.172248,Central,CPCB,live,rolling_24h_mean,pm10,2026-09-26T06:00:00Z,70.15,ugm3
10124,Pusa,28.636997,77.172248,Central,CPCB,live,rolling_24h_mean,pm10,2026-09-26T07:00:00Z,58.03,ugm3
10124,Pusa,28.636997,77.172248,Central,CPCB,live,rolling_24h_mean,pm10,2026-09-26T08:00:00Z,64.09,ugm3
10124,Pusa,28.636997,77.172248,Central,CPCB,live,rolling_24h_mean,pm10,2026-09-26T09:00:00Z,52.38,ugm3
10124,Pusa,28.636997,77.172248,Central,CPCB,live,rolling_24h_mean,pm10,2026-09-26T10:00:00Z,49.14,ugm3
10124,Pusa,28.636997,77.172248,Central,CPCB,live,rolling_24h_mean,pm10,2026-09-26T11:00:00Z,42.66,ugm3
10124,Pusa,28.636997,77.172248,Central,CPCB,live,rolling_24h_mean,pm10,2026-09-26T12:00:00Z,32.94,ugm3
10124,Pusa,28.636997,77.172248,Central,CPCB,live,rolling_24h_mean,pm10,2026-09-26T13:00:00Z,14.58,ugm3
10124,Pusa,28.636997,77.172248,Central,CPCB,live,rolling_24h_mean,pm10,2026-09-26T14:00:00Z,22.14,ugm3
10124,Pusa,28.636997,77.172248,Central,CPCB,live,rolling_24h_mean,pm10,2026-09-26T15:00:00Z,16.74,ugm3
10124,Pusa,28.636997,77.172248,Central,CPCB,live,rolling_24h_mean,pm10,2026-09-26T16:00:00Z,11.34,ugm3
10124,Pusa,28.636997,77.172248,Central,CPCB,live,rolling_24h_mean,pm25,2026-09-23T17:00:00Z,83.58,ugm3
10124,Pusa,28.636997,77.172248,Central,CPCB,live,rolling_24h_mean,pm25,2026-09-23T18:00:00Z,83.58,ugm3
10124,Pusa,28.636997,77.172248,Central,CPCB,live,rolling_24h_mean,pm25,2026-09-23T19:00:00Z,81.65,ugm3
10124,Pusa,28.636997,77.172248,Central,CPCB,live,rolling_24h_mean,pm25,2026-09-23T20:00:00Z,85.52,ugm3
10124,Pusa,28.636997,77.172248,Central,CPCB,live,rolling_24h_mean,pm25,2026-09-23T21:00:00Z,87.46,ugm3
10124,Pusa,28.636997,77.172248,Central,CPCB,live,rolling_24h_mean,pm25,2026-09-23T22:00:00Z,91.33,ugm3
10124,Pusa,28.636997,77.172248,Central,CPCB,live,rolling_24h_mean,pm25,2026-09-24T00:00:00Z,73.9,ugm3
10124,Pusa,28.636997,77.172248,Central,CPCB,live,rolling_24h_mean,pm25,2026-09-24T03:00:00Z,37.33,ugm3
10124,Pusa,28.636997,77.172248,Central,CPCB,live,rolling_24h_mean,pm25,2026-09-24T05:00:00Z,25.18,ugm3
10124,Pusa,28.636997,77.172248,Central,CPCB,live,rolling_24h_mean,pm25,2026-09-24T06:00:00Z,30.41,ugm3
10124,Pusa,28.636997,77.172248,Central,CPCB,live,rolling_24h_mean,pm25,2026-09-24T07:00:00Z,43.01,ugm3
10124,Pusa,28.636997,77.172248,Central,CPCB,live,rolling_24h_mean,pm25,2026-09-24T10:00:00Z,44.64,ugm3
10124,Pusa,28.636997,77.172248,Central,CPCB,live,rolling_24h_mean,pm25,2026-09-24T11:00:00Z,46.26,ugm3
10124,Pusa,28.636997,77.172248,Central,CPCB,live,rolling_24h_mean,pm25,2026-09-24T13:00:00Z,45.45,ugm3
10124,Pusa,28.636997,77.172248,Central,CPCB,live,rolling_24h_mean,pm25,2026-09-24T16:00:00Z,38.14,ugm3
10124,Pusa,28.636997,77.172248,Central,CPCB,live,rolling_24h_mean,pm25,2026-09-24T17:00:00Z,22.32,ugm3
10124,Pusa,28.636997,77.172248,Central,CPCB,live,rolling_24h_mean,pm25,2026-09-24T18:00:00Z,23.75,ugm3
10124,Pusa,28.636997,77.172248,Central,CPCB,live,rolling_24h_mean,pm25,2026-09-24T22:00:00Z,17.09,ugm3
10124,Pusa,28.636997,77.172248,Central,CPCB,live,rolling_24h_mean,pm25,2026-09-25T00:00:00Z,17.09,ugm3
10124,Pusa,28.636997,77.172248,Central,CPCB,live,rolling_24h_mean,pm25,2026-09-25T02:00:00Z,17.09,ugm3
10124,Pusa,28.636997,77.172248,Central,CPCB,live,rolling_24h_mean,pm25,2026-09-25T03:00:00Z,17.09,ugm3
10124,Pusa,28.636997,77.172248,Central,CPCB,live,rolling_24h_mean,pm25,2026-09-25T05:00:00Z,10.68,ugm3
10124,Pusa,28.636997,77.172248,Central,CPCB,live,rolling_24h_mean,pm25,2026-09-25T07:00:00Z,18.99,ugm3
10124,Pusa,28.636997,77.172248,Central,CPCB,live,rolling_24h_mean,pm25,2026-09-25T08:00:00Z,18.04,ugm3
10124,Pusa,28.636997,77.172248,Central,CPCB,live,rolling_24h_mean,pm25,2026-09-25T09:00:00Z,14.72,ugm3
10124,Pusa,28.636997,77.172248,Central,CPCB,live,rolling_24h_mean,pm25,2026-09-25T10:00:00Z,16.62,ugm3
10124,Pusa,28.636997,77.172248,Central,CPCB,live,rolling_24h_mean,pm25,2026-09-25T11:00:00Z,16.62,ugm3
10124,Pusa,28.636997,77.172248,Central,CPCB,live,rolling_24h_mean,pm25,2026-09-25T12:00:00Z,16.14,ugm3
10124,Pusa,28.636997,77.172248,Central,CPCB,live,rolling_24h_mean,pm25,2026-09-25T13:00:00Z,14.24,ugm3
10124,Pusa,28.636997,77.172248,Central,CPCB,live,rolling_24h_mean,pm25,2026-09-25T14:00:00Z,22.32,ugm3
10124,Pusa,28.636997,77.172248,Central,CPCB,live,rolling_24h_mean,pm25,2026-09-25T15:00:00Z,39.36,ugm3
10124,Pusa,28.636997,77.172248,Central,CPCB,live,rolling_24h_mean,pm25,2026-09-25T16:00:00Z,41.39,ugm3
10124,Pusa,28.636997,77.172248,Central,CPCB,live,rolling_24h_mean,pm25,2026-09-25T17:00:00Z,31.83,ugm3
10124,Pusa,28.636997,77.172248,Central,CPCB,live,rolling_24h_mean,pm25,2026-09-25T18:00:00Z,26.6,ugm3
10124,Pusa,28.636997,77.172248,Central,CPCB,live,rolling_24h_mean,pm25,2026-09-25T19:00:00Z,25.18,ugm3
10124,Pusa,28.636997,77.172248,Central,CPCB,live,rolling_24h_mean,pm25,2026-09-25T20:00:00Z,7.56,ugm3
10124,Pusa,28.636997,77.172248,Central,CPCB,live,rolling_24h_mean,pm25,2026-09-25T21:00:00Z,10.68,ugm3
10124,Pusa,28.636997,77.172248,Central,CPCB,live,rolling_24h_mean,pm25,2026-09-25T22:00:00Z,11.16,ugm3
10124,Pusa,28.636997,77.172248,Central,CPCB,live,rolling_24h_mean,pm25,2026-09-25T23:00:00Z,16.62,ugm3
10124,Pusa,28.636997,77.172248,Central,CPCB,live,rolling_24h_mean,pm25,2026-09-26T00:00:00Z,13.29,ugm3
10124,Pusa,28.636997,77.172248,Central,CPCB,live,rolling_24h_mean,pm25,2026-09-26T01:00:00Z,11.64,ugm3
10124,Pusa,28.636997,77.172248,Central,CPCB,live,rolling_24h_mean,pm25,2026-09-26T02:00:00Z,14.24,ugm3
10124,Pusa,28.636997,77.172248,Central,CPCB,live,rolling_24h_mean,pm25,2026-09-26T03:00:00Z,18.52,ugm3
10124,Pusa,28.636997,77.172248,Central,CPCB,live,rolling_24h_mean,pm25,2026-09-26T04:00:00Z,23.27,ugm3
10124,Pusa,28.636997,77.172248,Central,CPCB,live,rolling_24h_mean,pm25,2026-09-26T05:00:00Z,24.7,ugm3
10124,Pusa,28.636997,77.172248,Central,CPCB,live,rolling_24h_mean,pm25,2026-09-26T06:00:00Z,23.27,ugm3
10124,Pusa,28.636997,77.172248,Central,CPCB,live,rolling_24h_mean,pm25,2026-09-26T07:00:00Z,20.42,ugm3
10124,Pusa,28.636997,77.172248,Central,CPCB,live,rolling_24h_mean,pm25,2026-09-26T08:00:00Z,25.65,ugm3
10124,Pusa,28.636997,77.172248,Central,CPCB,live,rolling_24h_mean,pm25,2026-09-26T09:00:00Z,16.62,ugm3
10124,Pusa,28.636997,77.172248,Central,CPCB,live,rolling_24h_mean,pm25,2026-09-26T10:00:00Z,5.4,ugm3
10124,Pusa,28.636997,77.172248,Central,CPCB,live,rolling_24h_mean,pm25,2026-09-26T11:00:00Z,6.6,ugm3
10124,Pusa,28.636997,77.172248,Central,CPCB,live,rolling_24h_mean,pm25,2026-09-26T12:00:00Z,7.32,ugm3
10124,Pusa,28.636997,77.172248,Central,CPCB,live,rolling_24h_mean,pm25,2026-09-26T13:00:00Z,6.12,ugm3
10124,Pusa,28.636997,77.172248,Central,CPCB,live,rolling_24h_mean,pm25,2026-09-26T14:00:00Z,7.8,ugm3
10124,Pusa,28.636997,77.172248,Central,CPCB,live,rolling_24h_mean,pm25,2026-09-26T15:00:00Z,11.4,ugm3
10124,Pusa,28.636997,77.172248,Central,CPCB,live,rolling_24h_mean,pm25,2026-09-26T16:00:00Z,9.24,ugm3
10486,Mundka,28.684678,77.076574,West,DPCC,archive,hourly_readings,no2,2026-09-16T14:00:00Z,70.4,ugm3
10486,Mundka,28.684678,77.076574,West,DPCC,archive,hourly_readings,no2,2026-09-16T15:00:00Z,71.2,ugm3
10486,Mundka,28.684678,77.076574,West,DPCC,archive,hourly_readings,no2,2026-09-16T17:00:00Z,72.6,ugm3
10486,Mundka,28.684678,77.076574,West,DPCC,archive,hourly_readings,no2,2026-09-16T18:00:00Z,74.4,ugm3
10486,Mundka,28.684678,77.076574,West,DPCC,archive,hourly_readings,no2,2026-09-16T19:00:00Z,76.1,ugm3
10486,Mundka,28.684678,77.076574,West,DPCC,archive,hourly_readings,no2,2026-09-16T20:00:00Z,76.8,ugm3
10486,Mundka,28.684678,77.076574,West,DPCC,archive,hourly_readings,no2,2026-09-16T21:00:00Z,72.5,ugm3
10486,Mundka,28.684678,77.076574,West,DPCC,archive,hourly_readings,no2,2026-09-16T22:00:00Z,60.2,ugm3
10486,Mundka,28.684678,77.076574,West,DPCC,archive,hourly_readings,no2,2026-09-16T23:00:00Z,59.6,ugm3
10486,Mundka,28.684678,77.076574,West,DPCC,archive,hourly_readings,no2,2026-09-17T00:00:00Z,62.8,ugm3
10486,Mundka,28.684678,77.076574,West,DPCC,archive,hourly_readings,no2,2026-09-17T01:00:00Z,71.4,ugm3
10486,Mundka,28.684678,77.076574,West,DPCC,archive,hourly_readings,no2,2026-09-17T02:00:00Z,68.1,ugm3
10486,Mundka,28.684678,77.076574,West,DPCC,archive,hourly_readings,no2,2026-09-17T03:00:00Z,69.5,ugm3
10486,Mundka,28.684678,77.076574,West,DPCC,archive,hourly_readings,no2,2026-09-17T04:00:00Z,71.5,ugm3
10486,Mundka,28.684678,77.076574,West,DPCC,archive,hourly_readings,no2,2026-09-17T05:00:00Z,67.4,ugm3
10486,Mundka,28.684678,77.076574,West,DPCC,archive,hourly_readings,no2,2026-09-17T06:00:00Z,63.7,ugm3
10486,Mundka,28.684678,77.076574,West,DPCC,archive,hourly_readings,no2,2026-09-17T07:00:00Z,61.7,ugm3
10486,Mundka,28.684678,77.076574,West,DPCC,archive,hourly_readings,no2,2026-09-17T08:00:00Z,56.1,ugm3
10486,Mundka,28.684678,77.076574,West,DPCC,archive,hourly_readings,no2,2026-09-17T09:00:00Z,22.5,ugm3
10486,Mundka,28.684678,77.076574,West,DPCC,archive,hourly_readings,no2,2026-09-17T10:00:00Z,32.7,ugm3
10486,Mundka,28.684678,77.076574,West,DPCC,archive,hourly_readings,no2,2026-09-17T11:00:00Z,50.1,ugm3
10486,Mundka,28.684678,77.076574,West,DPCC,archive,hourly_readings,no2,2026-09-17T12:00:00Z,62.3,ugm3
10486,Mundka,28.684678,77.076574,West,DPCC,archive,hourly_readings,no2,2026-09-17T13:00:00Z,73.6,ugm3
10486,Mundka,28.684678,77.076574,West,DPCC,archive,hourly_readings,o3,2026-09-16T14:00:00Z,5.6,ugm3
10486,Mundka,28.684678,77.076574,West,DPCC,archive,hourly_readings,o3,2026-09-16T15:00:00Z,4.5,ugm3
10486,Mundka,28.684678,77.076574,West,DPCC,archive,hourly_readings,o3,2026-09-16T17:00:00Z,8.3,ugm3
10486,Mundka,28.684678,77.076574,West,DPCC,archive,hourly_readings,o3,2026-09-16T18:00:00Z,7.6,ugm3
10486,Mundka,28.684678,77.076574,West,DPCC,archive,hourly_readings,o3,2026-09-16T19:00:00Z,6.4,ugm3
10486,Mundka,28.684678,77.076574,West,DPCC,archive,hourly_readings,o3,2026-09-16T20:00:00Z,6.0,ugm3
10486,Mundka,28.684678,77.076574,West,DPCC,archive,hourly_readings,o3,2026-09-16T21:00:00Z,5.2,ugm3
10486,Mundka,28.684678,77.076574,West,DPCC,archive,hourly_readings,o3,2026-09-16T22:00:00Z,8.3,ugm3
10486,Mundka,28.684678,77.076574,West,DPCC,archive,hourly_readings,o3,2026-09-16T23:00:00Z,8.2,ugm3
10486,Mundka,28.684678,77.076574,West,DPCC,archive,hourly_readings,o3,2026-09-17T00:00:00Z,8.0,ugm3
10486,Mundka,28.684678,77.076574,West,DPCC,archive,hourly_readings,o3,2026-09-17T01:00:00Z,7.8,ugm3
10486,Mundka,28.684678,77.076574,West,DPCC,archive,hourly_readings,o3,2026-09-17T02:00:00Z,9.1,ugm3
10486,Mundka,28.684678,77.076574,West,DPCC,archive,hourly_readings,o3,2026-09-17T03:00:00Z,10.1,ugm3
10486,Mundka,28.684678,77.076574,West,DPCC,archive,hourly_readings,o3,2026-09-17T04:00:00Z,10.5,ugm3
10486,Mundka,28.684678,77.076574,West,DPCC,archive,hourly_readings,o3,2026-09-17T05:00:00Z,10.9,ugm3
10486,Mundka,28.684678,77.076574,West,DPCC,archive,hourly_readings,o3,2026-09-17T06:00:00Z,11.1,ugm3
10486,Mundka,28.684678,77.076574,West,DPCC,archive,hourly_readings,o3,2026-09-17T07:00:00Z,11.3,ugm3
10486,Mundka,28.684678,77.076574,West,DPCC,archive,hourly_readings,o3,2026-09-17T08:00:00Z,11.9,ugm3
10486,Mundka,28.684678,77.076574,West,DPCC,archive,hourly_readings,o3,2026-09-17T09:00:00Z,15.6,ugm3
10486,Mundka,28.684678,77.076574,West,DPCC,archive,hourly_readings,o3,2026-09-17T10:00:00Z,15.7,ugm3
10486,Mundka,28.684678,77.076574,West,DPCC,archive,hourly_readings,o3,2026-09-17T11:00:00Z,12.0,ugm3
10486,Mundka,28.684678,77.076574,West,DPCC,archive,hourly_readings,o3,2026-09-17T12:00:00Z,10.6,ugm3
10486,Mundka,28.684678,77.076574,West,DPCC,archive,hourly_readings,o3,2026-09-17T13:00:00Z,8.3,ugm3
10486,Mundka,28.684678,77.076574,West,DPCC,archive,hourly_readings,pm10,2026-09-16T14:00:00Z,165.0,ugm3
10486,Mundka,28.684678,77.076574,West,DPCC,archive,hourly_readings,pm10,2026-09-16T15:00:00Z,198.0,ugm3
10486,Mundka,28.684678,77.076574,West,DPCC,archive,hourly_readings,pm10,2026-09-16T17:00:00Z,174.0,ugm3
10486,Mundka,28.684678,77.076574,West,DPCC,archive,hourly_readings,pm10,2026-09-16T18:00:00Z,164.0,ugm3
10486,Mundka,28.684678,77.076574,West,DPCC,archive,hourly_readings,pm10,2026-09-16T19:00:00Z,151.0,ugm3
10486,Mundka,28.684678,77.076574,West,DPCC,archive,hourly_readings,pm10,2026-09-16T20:00:00Z,204.0,ugm3
10486,Mundka,28.684678,77.076574,West,DPCC,archive,hourly_readings,pm10,2026-09-16T21:00:00Z,212.0,ugm3
10486,Mundka,28.684678,77.076574,West,DPCC,archive,hourly_readings,pm10,2026-09-16T22:00:00Z,202.0,ugm3
10486,Mundka,28.684678,77.076574,West,DPCC,archive,hourly_readings,pm10,2026-09-16T23:00:00Z,185.0,ugm3
10486,Mundka,28.684678,77.076574,West,DPCC,archive,hourly_readings,pm10,2026-09-17T00:00:00Z,26.5,ugm3
10486,Mundka,28.684678,77.076574,West,DPCC,archive,hourly_readings,pm10,2026-09-17T01:00:00Z,45.5,ugm3
10486,Mundka,28.684678,77.076574,West,DPCC,archive,hourly_readings,pm10,2026-09-17T02:00:00Z,49.5,ugm3
10486,Mundka,28.684678,77.076574,West,DPCC,archive,hourly_readings,pm10,2026-09-17T03:00:00Z,71.0,ugm3
10486,Mundka,28.684678,77.076574,West,DPCC,archive,hourly_readings,pm10,2026-09-17T04:00:00Z,86.0,ugm3
10486,Mundka,28.684678,77.076574,West,DPCC,archive,hourly_readings,pm10,2026-09-17T05:00:00Z,88.0,ugm3
10486,Mundka,28.684678,77.076574,West,DPCC,archive,hourly_readings,pm10,2026-09-17T06:00:00Z,90.0,ugm3
10486,Mundka,28.684678,77.076574,West,DPCC,archive,hourly_readings,pm10,2026-09-17T07:00:00Z,79.3,ugm3
10486,Mundka,28.684678,77.076574,West,DPCC,archive,hourly_readings,pm10,2026-09-17T08:00:00Z,83.8,ugm3
10486,Mundka,28.684678,77.076574,West,DPCC,archive,hourly_readings,pm10,2026-09-17T09:00:00Z,100.0,ugm3
10486,Mundka,28.684678,77.076574,West,DPCC,archive,hourly_readings,pm10,2026-09-17T10:00:00Z,136.0,ugm3
10486,Mundka,28.684678,77.076574,West,DPCC,archive,hourly_readings,pm10,2026-09-17T11:00:00Z,115.0,ugm3
10486,Mundka,28.684678,77.076574,West,DPCC,archive,hourly_readings,pm10,2026-09-17T12:00:00Z,116.0,ugm3
10486,Mundka,28.684678,77.076574,West,DPCC,archive,hourly_readings,pm10,2026-09-17T13:00:00Z,123.0,ugm3
10486,Mundka,28.684678,77.076574,West,DPCC,archive,hourly_readings,pm25,2026-09-16T14:00:00Z,43.3,ugm3
10486,Mundka,28.684678,77.076574,West,DPCC,archive,hourly_readings,pm25,2026-09-16T15:00:00Z,46.8,ugm3
10486,Mundka,28.684678,77.076574,West,DPCC,archive,hourly_readings,pm25,2026-09-16T17:00:00Z,64.0,ugm3
10486,Mundka,28.684678,77.076574,West,DPCC,archive,hourly_readings,pm25,2026-09-16T18:00:00Z,62.5,ugm3
10486,Mundka,28.684678,77.076574,West,DPCC,archive,hourly_readings,pm25,2026-09-16T19:00:00Z,66.3,ugm3
10486,Mundka,28.684678,77.076574,West,DPCC,archive,hourly_readings,pm25,2026-09-16T20:00:00Z,94.8,ugm3
10486,Mundka,28.684678,77.076574,West,DPCC,archive,hourly_readings,pm25,2026-09-16T21:00:00Z,94.3,ugm3
10486,Mundka,28.684678,77.076574,West,DPCC,archive,hourly_readings,pm25,2026-09-16T22:00:00Z,48.3,ugm3
10486,Mundka,28.684678,77.076574,West,DPCC,archive,hourly_readings,pm25,2026-09-16T23:00:00Z,16.0,ugm3
10486,Mundka,28.684678,77.076574,West,DPCC,archive,hourly_readings,pm25,2026-09-17T00:00:00Z,9.0,ugm3
10486,Mundka,28.684678,77.076574,West,DPCC,archive,hourly_readings,pm25,2026-09-17T01:00:00Z,10.8,ugm3
10486,Mundka,28.684678,77.076574,West,DPCC,archive,hourly_readings,pm25,2026-09-17T02:00:00Z,18.0,ugm3
10486,Mundka,28.684678,77.076574,West,DPCC,archive,hourly_readings,pm25,2026-09-17T03:00:00Z,25.3,ugm3
10486,Mundka,28.684678,77.076574,West,DPCC,archive,hourly_readings,pm25,2026-09-17T04:00:00Z,27.3,ugm3
10486,Mundka,28.684678,77.076574,West,DPCC,archive,hourly_readings,pm25,2026-09-17T05:00:00Z,22.3,ugm3
10486,Mundka,28.684678,77.076574,West,DPCC,archive,hourly_readings,pm25,2026-09-17T06:00:00Z,22.3,ugm3
10486,Mundka,28.684678,77.076574,West,DPCC,archive,hourly_readings,pm25,2026-09-17T07:00:00Z,20.5,ugm3
10486,Mundka,28.684678,77.076574,West,DPCC,archive,hourly_readings,pm25,2026-09-17T08:00:00Z,22.3,ugm3
10486,Mundka,28.684678,77.076574,West,DPCC,archive,hourly_readings,pm25,2026-09-17T09:00:00Z,26.8,ugm3
10486,Mundka,28.684678,77.076574,West,DPCC,archive,hourly_readings,pm25,2026-09-17T10:00:00Z,34.3,ugm3
10486,Mundka,28.684678,77.076574,West,DPCC,archive,hourly_readings,pm25,2026-09-17T11:00:00Z,26.3,ugm3
10486,Mundka,28.684678,77.076574,West,DPCC,archive,hourly_readings,pm25,2026-09-17T12:00:00Z,35.8,ugm3
10486,Mundka,28.684678,77.076574,West,DPCC,archive,hourly_readings,pm25,2026-09-17T13:00:00Z,39.3,ugm3
10704,Mother Dairy Plant,28.620171,77.287705,East,CPCB,live,rolling_24h_mean,o3,2026-09-23T17:00:00Z,12.94,ugm3
10704,Mother Dairy Plant,28.620171,77.287705,East,CPCB,live,rolling_24h_mean,o3,2026-09-23T18:00:00Z,14.0,ugm3
10704,Mother Dairy Plant,28.620171,77.287705,East,CPCB,live,rolling_24h_mean,o3,2026-09-23T19:00:00Z,11.03,ugm3
10704,Mother Dairy Plant,28.620171,77.287705,East,CPCB,live,rolling_24h_mean,o3,2026-09-23T20:00:00Z,12.72,ugm3
10704,Mother Dairy Plant,28.620171,77.287705,East,CPCB,live,rolling_24h_mean,o3,2026-09-23T21:00:00Z,13.35,ugm3
10704,Mother Dairy Plant,28.620171,77.287705,East,CPCB,live,rolling_24h_mean,o3,2026-09-23T22:00:00Z,13.78,ugm3
10704,Mother Dairy Plant,28.620171,77.287705,East,CPCB,live,rolling_24h_mean,o3,2026-09-24T00:00:00Z,11.44,ugm3
10704,Mother Dairy Plant,28.620171,77.287705,East,CPCB,live,rolling_24h_mean,o3,2026-09-24T03:00:00Z,10.82,ugm3
10704,Mother Dairy Plant,28.620171,77.287705,East,CPCB,live,rolling_24h_mean,o3,2026-09-24T05:00:00Z,13.56,ugm3
10704,Mother Dairy Plant,28.620171,77.287705,East,CPCB,live,rolling_24h_mean,o3,2026-09-24T06:00:00Z,14.62,ugm3
10704,Mother Dairy Plant,28.620171,77.287705,East,CPCB,live,rolling_24h_mean,o3,2026-09-24T07:00:00Z,14.62,ugm3
10704,Mother Dairy Plant,28.620171,77.287705,East,CPCB,live,rolling_24h_mean,o3,2026-09-24T10:00:00Z,38.16,ugm3
10704,Mother Dairy Plant,28.620171,77.287705,East,CPCB,live,rolling_24h_mean,o3,2026-09-24T11:00:00Z,40.07,ugm3
10704,Mother Dairy Plant,28.620171,77.287705,East,CPCB,live,rolling_24h_mean,o3,2026-09-24T13:00:00Z,38.16,ugm3
10704,Mother Dairy Plant,28.620171,77.287705,East,CPCB,live,rolling_24h_mean,o3,2026-09-24T16:00:00Z,15.06,ugm3
10704,Mother Dairy Plant,28.620171,77.287705,East,CPCB,live,rolling_24h_mean,o3,2026-09-24T17:00:00Z,15.68,ugm3
10704,Mother Dairy Plant,28.620171,77.287705,East,CPCB,live,rolling_24h_mean,o3,2026-09-24T18:00:00Z,15.68,ugm3
10704,Mother Dairy Plant,28.620171,77.287705,East,CPCB,live,rolling_24h_mean,o3,2026-09-24T22:00:00Z,14.62,ugm3
10704,Mother Dairy Plant,28.620171,77.287705,East,CPCB,live,rolling_24h_mean,o3,2026-09-25T00:00:00Z,14.62,ugm3
10704,Mother Dairy Plant,28.620171,77.287705,East,CPCB,live,rolling_24h_mean,o3,2026-09-25T02:00:00Z,14.62,ugm3
10704,Mother Dairy Plant,28.620171,77.287705,East,CPCB,live,rolling_24h_mean,o3,2026-09-25T03:00:00Z,14.62,ugm3
10704,Mother Dairy Plant,28.620171,77.287705,East,CPCB,live,rolling_24h_mean,o3,2026-09-25T05:00:00Z,15.9,ugm3
10704,Mother Dairy Plant,28.620171,77.287705,East,CPCB,live,rolling_24h_mean,o3,2026-09-25T07:00:00Z,19.3,ugm3
10704,Mother Dairy Plant,28.620171,77.287705,East,CPCB,live,rolling_24h_mean,o3,2026-09-25T08:00:00Z,19.3,ugm3
10704,Mother Dairy Plant,28.620171,77.287705,East,CPCB,live,rolling_24h_mean,o3,2026-09-25T09:00:00Z,25.87,ugm3
10704,Mother Dairy Plant,28.620171,77.287705,East,CPCB,live,rolling_24h_mean,o3,2026-09-25T10:00:00Z,29.47,ugm3
10704,Mother Dairy Plant,28.620171,77.287705,East,CPCB,live,rolling_24h_mean,o3,2026-09-25T11:00:00Z,28.84,ugm3
10704,Mother Dairy Plant,28.620171,77.287705,East,CPCB,live,rolling_24h_mean,o3,2026-09-25T12:00:00Z,24.17,ugm3
10704,Mother Dairy Plant,28.620171,77.287705,East,CPCB,live,rolling_24h_mean,o3,2026-09-25T13:00:00Z,19.71,ugm3
10704,Mother Dairy Plant,28.620171,77.287705,East,CPCB,live,rolling_24h_mean,o3,2026-09-25T14:00:00Z,18.02,ugm3
10704,Mother Dairy Plant,28.620171,77.287705,East,CPCB,live,rolling_24h_mean,o3,2026-09-25T15:00:00Z,17.59,ugm3
10704,Mother Dairy Plant,28.620171,77.287705,East,CPCB,live,rolling_24h_mean,o3,2026-09-25T16:00:00Z,14.21,ugm3
10704,Mother Dairy Plant,28.620171,77.287705,East,CPCB,live,rolling_24h_mean,o3,2026-09-25T17:00:00Z,14.0,ugm3
10704,Mother Dairy Plant,28.620171,77.287705,East,CPCB,live,rolling_24h_mean,o3,2026-09-25T18:00:00Z,14.62,ugm3
10704,Mother Dairy Plant,28.620171,77.287705,East,CPCB,live,rolling_24h_mean,o3,2026-09-25T19:00:00Z,15.27,ugm3
10704,Mother Dairy Plant,28.620171,77.287705,East,CPCB,live,rolling_24h_mean,o3,2026-09-25T20:00:00Z,15.9,ugm3
10704,Mother Dairy Plant,28.620171,77.287705,East,CPCB,live,rolling_24h_mean,o3,2026-09-25T21:00:00Z,17.18,ugm3
10704,Mother Dairy Plant,28.620171,77.287705,East,CPCB,live,rolling_24h_mean,o3,2026-09-25T22:00:00Z,17.18,ugm3
10704,Mother Dairy Plant,28.620171,77.287705,East,CPCB,live,rolling_24h_mean,o3,2026-09-25T23:00:00Z,13.15,ugm3
10704,Mother Dairy Plant,28.620171,77.287705,East,CPCB,live,rolling_24h_mean,o3,2026-09-26T00:00:00Z,13.35,ugm3
10704,Mother Dairy Plant,28.620171,77.287705,East,CPCB,live,rolling_24h_mean,o3,2026-09-26T01:00:00Z,14.62,ugm3
10704,Mother Dairy Plant,28.620171,77.287705,East,CPCB,live,rolling_24h_mean,o3,2026-09-26T02:00:00Z,16.12,ugm3
10704,Mother Dairy Plant,28.620171,77.287705,East,CPCB,live,rolling_24h_mean,o3,2026-09-26T03:00:00Z,17.59,ugm3
10704,Mother Dairy Plant,28.620171,77.287705,East,CPCB,live,rolling_24h_mean,o3,2026-09-26T04:00:00Z,20.14,ugm3
10704,Mother Dairy Plant,28.620171,77.287705,East,CPCB,live,rolling_24h_mean,o3,2026-09-26T05:00:00Z,20.57,ugm3
10704,Mother Dairy Plant,28.620171,77.287705,East,CPCB,live,rolling_24h_mean,o3,2026-09-26T06:00:00Z,24.17,ugm3
10704,Mother Dairy Plant,28.620171,77.287705,East,CPCB,live,rolling_24h_mean,o3,2026-09-26T07:00:00Z,25.23,ugm3
10704,Mother Dairy Plant,28.620171,77.287705,East,CPCB,live,rolling_24h_mean,o3,2026-09-26T08:00:00Z,25.44,ugm3
10704,Mother Dairy Plant,28.620171,77.287705,East,CPCB,live,rolling_24h_mean,o3,2026-09-26T09:00:00Z,25.66,ugm3
10704,Mother Dairy Plant,28.620171,77.287705,East,CPCB,live,rolling_24h_mean,o3,2026-09-26T10:00:00Z,25.23,ugm3
10704,Mother Dairy Plant,28.620171,77.287705,East,CPCB,live,rolling_24h_mean,o3,2026-09-26T11:00:00Z,23.95,ugm3
10704,Mother Dairy Plant,28.620171,77.287705,East,CPCB,live,rolling_24h_mean,o3,2026-09-26T12:00:00Z,23.95,ugm3
10704,Mother Dairy Plant,28.620171,77.287705,East,CPCB,live,rolling_24h_mean,o3,2026-09-26T13:00:00Z,22.05,ugm3
10704,Mother Dairy Plant,28.620171,77.287705,East,CPCB,live,rolling_24h_mean,o3,2026-09-26T14:00:00Z,21.2,ugm3
10704,Mother Dairy Plant,28.620171,77.287705,East,CPCB,live,rolling_24h_mean,o3,2026-09-26T15:00:00Z,20.14,ugm3
10704,Mother Dairy Plant,28.620171,77.287705,East,CPCB,live,rolling_24h_mean,o3,2026-09-26T16:00:00Z,20.36,ugm3
10704,Mother Dairy Plant,28.620171,77.287705,East,CPCB,live,rolling_24h_mean,pm10,2026-09-23T17:00:00Z,272.17,ugm3
10704,Mother Dairy Plant,28.620171,77.287705,East,CPCB,live,rolling_24h_mean,pm10,2026-09-23T18:00:00Z,250.97,ugm3
10704,Mother Dairy Plant,28.620171,77.287705,East,CPCB,live,rolling_24h_mean,pm10,2026-09-23T19:00:00Z,248.95,ugm3
10704,Mother Dairy Plant,28.620171,77.287705,East,CPCB,live,rolling_24h_mean,pm10,2026-09-23T20:00:00Z,292.38,ugm3
10704,Mother Dairy Plant,28.620171,77.287705,East,CPCB,live,rolling_24h_mean,pm10,2026-09-23T21:00:00Z,268.13,ugm3
10704,Mother Dairy Plant,28.620171,77.287705,East,CPCB,live,rolling_24h_mean,pm10,2026-09-23T22:00:00Z,210.56,ugm3
10704,Mother Dairy Plant,28.620171,77.287705,East,CPCB,live,rolling_24h_mean,pm10,2026-09-24T00:00:00Z,96.42,ugm3
10704,Mother Dairy Plant,28.620171,77.287705,East,CPCB,live,rolling_24h_mean,pm10,2026-09-24T03:00:00Z,142.89,ugm3
10704,Mother Dairy Plant,28.620171,77.287705,East,CPCB,live,rolling_24h_mean,pm10,2026-09-24T05:00:00Z,128.74,ugm3
10704,Mother Dairy Plant,28.620171,77.287705,East,CPCB,live,rolling_24h_mean,pm10,2026-09-24T06:00:00Z,102.48,ugm3
10704,Mother Dairy Plant,28.620171,77.287705,East,CPCB,live,rolling_24h_mean,pm10,2026-09-24T07:00:00Z,102.48,ugm3
10704,Mother Dairy Plant,28.620171,77.287705,East,CPCB,live,rolling_24h_mean,pm10,2026-09-24T10:00:00Z,102.48,ugm3
10704,Mother Dairy Plant,28.620171,77.287705,East,CPCB,live,rolling_24h_mean,pm10,2026-09-24T11:00:00Z,64.09,ugm3
10704,Mother Dairy Plant,28.620171,77.287705,East,CPCB,live,rolling_24h_mean,pm10,2026-09-24T13:00:00Z,62.07,ugm3
10704,Mother Dairy Plant,28.620171,77.287705,East,CPCB,live,rolling_24h_mean,pm10,2026-09-24T16:00:00Z,66.11,ugm3
10704,Mother Dairy Plant,28.620171,77.287705,East,CPCB,live,rolling_24h_mean,pm10,2026-09-24T17:00:00Z,58.03,ugm3
10704,Mother Dairy Plant,28.620171,77.287705,East,CPCB,live,rolling_24h_mean,pm10,2026-09-24T18:00:00Z,43.74,ugm3
10704,Mother Dairy Plant,28.620171,77.287705,East,CPCB,live,rolling_24h_mean,pm10,2026-09-24T22:00:00Z,27.54,ugm3
10704,Mother Dairy Plant,28.620171,77.287705,East,CPCB,live,rolling_24h_mean,pm10,2026-09-25T00:00:00Z,27.54,ugm3
10704,Mother Dairy Plant,28.620171,77.287705,East,CPCB,live,rolling_24h_mean,pm10,2026-09-25T02:00:00Z,27.54,ugm3
10704,Mother Dairy Plant,28.620171,77.287705,East,CPCB,live,rolling_24h_mean,pm10,2026-09-25T03:00:00Z,27.54,ugm3
10704,Mother Dairy Plant,28.620171,77.287705,East,CPCB,live,rolling_24h_mean,pm10,2026-09-25T05:00:00Z,39.42,ugm3
10704,Mother Dairy Plant,28.620171,77.287705,East,CPCB,live,rolling_24h_mean,pm10,2026-09-25T07:00:00Z,38.34,ugm3
10704,Mother Dairy Plant,28.620171,77.287705,East,CPCB,live,rolling_24h_mean,pm10,2026-09-25T08:00:00Z,38.34,ugm3
10704,Mother Dairy Plant,28.620171,77.287705,East,CPCB,live,rolling_24h_mean,pm10,2026-09-25T09:00:00Z,36.18,ugm3
10704,Mother Dairy Plant,28.620171,77.287705,East,CPCB,live,rolling_24h_mean,pm10,2026-09-25T10:00:00Z,36.18,ugm3
10704,Mother Dairy Plant,28.620171,77.287705,East,CPCB,live,rolling_24h_mean,pm10,2026-09-25T11:00:00Z,62.07,ugm3
10704,Mother Dairy Plant,28.620171,77.287705,East,CPCB,live,rolling_24h_mean,pm10,2026-09-25T12:00:00Z,52.38,ugm3
10704,Mother Dairy Plant,28.620171,77.287705,East,CPCB,live,rolling_24h_mean,pm10,2026-09-25T13:00:00Z,58.03,ugm3
10704,Mother Dairy Plant,28.620171,77.287705,East,CPCB,live,rolling_24h_mean,pm10,2026-09-25T14:00:00Z,68.13,ugm3
10704,Mother Dairy Plant,28.620171,77.287705,East,CPCB,live,rolling_24h_mean,pm10,2026-09-25T15:00:00Z,58.03,ugm3
10704,Mother Dairy Plant,28.620171,77.287705,East,CPCB,live,rolling_24h_mean,pm10,2026-09-25T16:00:00Z,51.3,ugm3
10704,Mother Dairy Plant,28.620171,77.287705,East,CPCB,live,rolling_24h_mean,pm10,2026-09-25T17:00:00Z,51.3,ugm3
10704,Mother Dairy Plant,28.620171,77.287705,East,CPCB,live,rolling_24h_mean,pm10,2026-09-25T18:00:00Z,41.58,ugm3
10704,Mother Dairy Plant,28.620171,77.287705,East,CPCB,live,rolling_24h_mean,pm10,2026-09-25T19:00:00Z,28.62,ugm3
10704,Mother Dairy Plant,28.620171,77.287705,East,CPCB,live,rolling_24h_mean,pm10,2026-09-25T20:00:00Z,35.1,ugm3
10704,Mother Dairy Plant,28.620171,77.287705,East,CPCB,live,rolling_24h_mean,pm10,2026-09-25T21:00:00Z,25.38,ugm3
10704,Mother Dairy Plant,28.620171,77.287705,East,CPCB,live,rolling_24h_mean,pm10,2026-09-25T22:00:00Z,16.74,ugm3
10704,Mother Dairy Plant,28.620171,77.287705,East,CPCB,live,rolling_24h_mean,pm10,2026-09-25T23:00:00Z,12.42,ugm3
10704,Mother Dairy Plant,28.620171,77.287705,East,CPCB,live,rolling_24h_mean,pm10,2026-09-26T00:00:00Z,28.62,ugm3
10704,Mother Dairy Plant,28.620171,77.287705,East,CPCB,live,rolling_24h_mean,pm10,2026-09-26T01:00:00Z,28.62,ugm3
10704,Mother Dairy Plant,28.620171,77.287705,East,CPCB,live,rolling_24h_mean,pm10,2026-09-26T02:00:00Z,31.86,ugm3
10704,Mother Dairy Plant,28.620171,77.287705,East,CPCB,live,rolling_24h_mean,pm10,2026-09-26T03:00:00Z,41.58,ugm3
10704,Mother Dairy Plant,28.620171,77.287705,East,CPCB,live,rolling_24h_mean,pm10,2026-09-26T04:00:00Z,53.46,ugm3
10704,Mother Dairy Plant,28.620171,77.287705,East,CPCB,live,rolling_24h_mean,pm10,2026-09-26T05:00:00Z,53.46,ugm3
10704,Mother Dairy Plant,28.620171,77.287705,East,CPCB,live,rolling_24h_mean,pm10,2026-09-26T06:00:00Z,56.01,ugm3
10704,Mother Dairy Plant,28.620171,77.287705,East,CPCB,live,rolling_24h_mean,pm10,2026-09-26T07:00:00Z,53.46,ugm3
10704,Mother Dairy Plant,28.620171,77.287705,East,CPCB,live,rolling_24h_mean,pm10,2026-09-26T08:00:00Z,48.06,ugm3
10704,Mother Dairy Plant,28.620171,77.287705,East,CPCB,live,rolling_24h_mean,pm10,2026-09-26T09:00:00Z,52.38,ugm3
10704,Mother Dairy Plant,28.620171,77.287705,East,CPCB,live,rolling_24h_mean,pm10,2026-09-26T10:00:00Z,60.05,ugm3
10704,Mother Dairy Plant,28.620171,77.287705,East,CPCB,live,rolling_24h_mean,pm10,2026-09-26T11:00:00Z,66.11,ugm3
10704,Mother Dairy Plant,28.620171,77.287705,East,CPCB,live,rolling_24h_mean,pm10,2026-09-26T12:00:00Z,66.11,ugm3
10704,Mother Dairy Plant,28.620171,77.287705,East,CPCB,live,rolling_24h_mean,pm10,2026-09-26T13:00:00Z,13.5,ugm3
10704,Mother Dairy Plant,28.620171,77.287705,East,CPCB,live,rolling_24h_mean,pm10,2026-09-26T14:00:00Z,16.74,ugm3
10704,Mother Dairy Plant,28.620171,77.287705,East,CPCB,live,rolling_24h_mean,pm10,2026-09-26T15:00:00Z,14.58,ugm3
10704,Mother Dairy Plant,28.620171,77.287705,East,CPCB,live,rolling_24h_mean,pm10,2026-09-26T16:00:00Z,22.14,ugm3
10704,Mother Dairy Plant,28.620171,77.287705,East,CPCB,live,rolling_24h_mean,pm25,2026-09-23T17:00:00Z,122.32,ugm3
10704,Mother Dairy Plant,28.620171,77.287705,East,CPCB,live,rolling_24h_mean,pm25,2026-09-23T18:00:00Z,97.14,ugm3
10704,Mother Dairy Plant,28.620171,77.287705,East,CPCB,live,rolling_24h_mean,pm25,2026-09-23T19:00:00Z,91.33,ugm3
10704,Mother Dairy Plant,28.620171,77.287705,East,CPCB,live,rolling_24h_mean,pm25,2026-09-23T20:00:00Z,114.57,ugm3
10704,Mother Dairy Plant,28.620171,77.287705,East,CPCB,live,rolling_24h_mean,pm25,2026-09-23T21:00:00Z,114.57,ugm3
10704,Mother Dairy Plant,28.620171,77.287705,East,CPCB,live,rolling_24h_mean,pm25,2026-09-23T22:00:00Z,91.33,ugm3
10704,Mother Dairy Plant,28.620171,77.287705,East,CPCB,live,rolling_24h_mean,pm25,2026-09-24T00:00:00Z,31.36,ugm3
10704,Mother Dairy Plant,28.620171,77.287705,East,CPCB,live,rolling_24h_mean,pm25,2026-09-24T03:00:00Z,17.09,ugm3
10704,Mother Dairy Plant,28.620171,77.287705,East,CPCB,live,rolling_24h_mean,pm25,2026-09-24T05:00:00Z,29.46,ugm3
10704,Mother Dairy Plant,28.620171,77.287705,East,CPCB,live,rolling_24h_mean,pm25,2026-09-24T06:00:00Z,24.23,ugm3
10704,Mother Dairy Plant,28.620171,77.287705,East,CPCB,live,rolling_24h_mean,pm25,2026-09-24T07:00:00Z,24.23,ugm3
10704,Mother Dairy Plant,28.620171,77.287705,East,CPCB,live,rolling_24h_mean,pm25,2026-09-24T10:00:00Z,24.23,ugm3
10704,Mother Dairy Plant,28.620171,77.287705,East,CPCB,live,rolling_24h_mean,pm25,2026-09-24T11:00:00Z,18.04,ugm3
10704,Mother Dairy Plant,28.620171,77.287705,East,CPCB,live,rolling_24h_mean,pm25,2026-09-24T13:00:00Z,13.29,ugm3
10704,Mother Dairy Plant,28.620171,77.287705,East,CPCB,live,rolling_24h_mean,pm25,2026-09-24T16:00:00Z,16.14,ugm3
10704,Mother Dairy Plant,28.620171,77.287705,East,CPCB,live,rolling_24h_mean,pm25,2026-09-24T17:00:00Z,13.29,ugm3
10704,Mother Dairy Plant,28.620171,77.287705,East,CPCB,live,rolling_24h_mean,pm25,2026-09-24T18:00:00Z,8.28,ugm3
10704,Mother Dairy Plant,28.620171,77.287705,East,CPCB,live,rolling_24h_mean,pm25,2026-09-24T22:00:00Z,2.28,ugm3
10704,Mother Dairy Plant,28.620171,77.287705,East,CPCB,live,rolling_24h_mean,pm25,2026-09-25T00:00:00Z,2.28,ugm3
10704,Mother Dairy Plant,28.620171,77.287705,East,CPCB,live,rolling_24h_mean,pm25,2026-09-25T02:00:00Z,2.28,ugm3
10704,Mother Dairy Plant,28.620171,77.287705,East,CPCB,live,rolling_24h_mean,pm25,2026-09-25T03:00:00Z,2.28,ugm3
10704,Mother Dairy Plant,28.620171,77.287705,East,CPCB,live,rolling_24h_mean,pm25,2026-09-25T05:00:00Z,1.32,ugm3
10704,Mother Dairy Plant,28.620171,77.287705,East,CPCB,live,rolling_24h_mean,pm25,2026-09-25T07:00:00Z,3.24,ugm3
10704,Mother Dairy Plant,28.620171,77.287705,East,CPCB,live,rolling_24h_mean,pm25,2026-09-25T08:00:00Z,3.24,ugm3
10704,Mother Dairy Plant,28.620171,77.287705,East,CPCB,live,rolling_24h_mean,pm25,2026-09-25T09:00:00Z,6.12,ugm3
10704,Mother Dairy Plant,28.620171,77.287705,East,CPCB,live,rolling_24h_mean,pm25,2026-09-25T10:00:00Z,7.32,ugm3
10704,Mother Dairy Plant,28.620171,77.287705,East,CPCB,live,rolling_24h_mean,pm25,2026-09-25T11:00:00Z,6.12,ugm3
10704,Mother Dairy Plant,28.620171,77.287705,East,CPCB,live,rolling_24h_mean,pm25,2026-09-25T12:00:00Z,5.16,ugm3
10704,Mother Dairy Plant,28.620171,77.287705,East,CPCB,live,rolling_24h_mean,pm25,2026-09-25T13:00:00Z,2.28,ugm3
10704,Mother Dairy Plant,28.620171,77.287705,East,CPCB,live,rolling_24h_mean,pm25,2026-09-25T14:00:00Z,8.28,ugm3
10704,Mother Dairy Plant,28.620171,77.287705,East,CPCB,live,rolling_24h_mean,pm25,2026-09-25T15:00:00Z,12.12,ugm3
10704,Mother Dairy Plant,28.620171,77.287705,East,CPCB,live,rolling_24h_mean,pm25,2026-09-25T16:00:00Z,12.12,ugm3
10704,Mother Dairy Plant,28.620171,77.287705,East,CPCB,live,rolling_24h_mean,pm25,2026-09-25T17:00:00Z,18.04,ugm3
10704,Mother Dairy Plant,28.620171,77.287705,East,CPCB,live,rolling_24h_mean,pm25,2026-09-25T18:00:00Z,12.12,ugm3
10704,Mother Dairy Plant,28.620171,77.287705,East,CPCB,live,rolling_24h_mean,pm25,2026-09-25T19:00:00Z,7.32,ugm3
10704,Mother Dairy Plant,28.620171,77.287705,East,CPCB,live,rolling_24h_mean,pm25,2026-09-25T20:00:00Z,7.32,ugm3
10704,Mother Dairy Plant,28.620171,77.287705,East,CPCB,live,rolling_24h_mean,pm25,2026-09-25T21:00:00Z,7.32,ugm3
10704,Mother Dairy Plant,28.620171,77.287705,East,CPCB,live,rolling_24h_mean,pm25,2026-09-25T22:00:00Z,5.16,ugm3
10704,Mother Dairy Plant,28.620171,77.287705,East,CPCB,live,rolling_24h_mean,pm25,2026-09-25T23:00:00Z,2.28,ugm3
10704,Mother Dairy Plant,28.620171,77.287705,East,CPCB,live,rolling_24h_mean,pm25,2026-09-26T00:00:00Z,2.28,ugm3
10704,Mother Dairy Plant,28.620171,77.287705,East,CPCB,live,rolling_24h_mean,pm25,2026-09-26T01:00:00Z,3.24,ugm3
10704,Mother Dairy Plant,28.620171,77.287705,East,CPCB,live,rolling_24h_mean,pm25,2026-09-26T02:00:00Z,5.16,ugm3
10704,Mother Dairy Plant,28.620171,77.287705,East,CPCB,live,rolling_24h_mean,pm25,2026-09-26T03:00:00Z,9.24,ugm3
10704,Mother Dairy Plant,28.620171,77.287705,East,CPCB,live,rolling_24h_mean,pm25,2026-09-26T04:00:00Z,9.24,ugm3
10704,Mother Dairy Plant,28.620171,77.287705,East,CPCB,live,rolling_24h_mean,pm25,2026-09-26T05:00:00Z,9.24,ugm3
10704,Mother Dairy Plant,28.620171,77.287705,East,CPCB,live,rolling_24h_mean,pm25,2026-09-26T06:00:00Z,12.12,ugm3
10704,Mother Dairy Plant,28.620171,77.287705,East,CPCB,live,rolling_24h_mean,pm25,2026-09-26T07:00:00Z,9.24,ugm3
10704,Mother Dairy Plant,28.620171,77.287705,East,CPCB,live,rolling_24h_mean,pm25,2026-09-26T08:00:00Z,7.32,ugm3
10704,Mother Dairy Plant,28.620171,77.287705,East,CPCB,live,rolling_24h_mean,pm25,2026-09-26T09:00:00Z,6.12,ugm3
10704,Mother Dairy Plant,28.620171,77.287705,East,CPCB,live,rolling_24h_mean,pm25,2026-09-26T10:00:00Z,3.24,ugm3
10704,Mother Dairy Plant,28.620171,77.287705,East,CPCB,live,rolling_24h_mean,pm25,2026-09-26T11:00:00Z,3.24,ugm3
10704,Mother Dairy Plant,28.620171,77.287705,East,CPCB,live,rolling_24h_mean,pm25,2026-09-26T12:00:00Z,3.24,ugm3
10704,Mother Dairy Plant,28.620171,77.287705,East,CPCB,live,rolling_24h_mean,pm25,2026-09-26T13:00:00Z,3.24,ugm3
10704,Mother Dairy Plant,28.620171,77.287705,East,CPCB,live,rolling_24h_mean,pm25,2026-09-26T14:00:00Z,2.28,ugm3
10704,Mother Dairy Plant,28.620171,77.287705,East,CPCB,live,rolling_24h_mean,pm25,2026-09-26T15:00:00Z,7.32,ugm3
10704,Mother Dairy Plant,28.620171,77.287705,East,CPCB,live,rolling_24h_mean,pm25,2026-09-26T16:00:00Z,13.29,ugm3
10705,Jawaharlal Nehru Stadium,28.582846,77.234366,Central,CPCB,live,rolling_24h_mean,o3,2026-09-23T17:00:00Z,5.08,ugm3
10705,Jawaharlal Nehru Stadium,28.582846,77.234366,Central,CPCB,live,rolling_24h_mean,o3,2026-09-23T18:00:00Z,3.81,ugm3
10705,Jawaharlal Nehru Stadium,28.582846,77.234366,Central,CPCB,live,rolling_24h_mean,o3,2026-09-23T19:00:00Z,3.4,ugm3
10705,Jawaharlal Nehru Stadium,28.582846,77.234366,Central,CPCB,live,rolling_24h_mean,o3,2026-09-23T20:00:00Z,4.67,ugm3
10705,Jawaharlal Nehru Stadium,28.582846,77.234366,Central,CPCB,live,rolling_24h_mean,o3,2026-09-23T21:00:00Z,5.3,ugm3
10705,Jawaharlal Nehru Stadium,28.582846,77.234366,Central,CPCB,live,rolling_24h_mean,o3,2026-09-23T22:00:00Z,4.46,ugm3
10705,Jawaharlal Nehru Stadium,28.582846,77.234366,Central,CPCB,live,rolling_24h_mean,o3,2026-09-24T00:00:00Z,4.87,ugm3
10705,Jawaharlal Nehru Stadium,28.582846,77.234366,Central,CPCB,live,rolling_24h_mean,o3,2026-09-24T03:00:00Z,5.08,ugm3
10705,Jawaharlal Nehru Stadium,28.582846,77.234366,Central,CPCB,live,rolling_24h_mean,o3,2026-09-24T05:00:00Z,8.05,ugm3
10705,Jawaharlal Nehru Stadium,28.582846,77.234366,Central,CPCB,live,rolling_24h_mean,o3,2026-09-24T06:00:00Z,11.23,ugm3
10705,Jawaharlal Nehru Stadium,28.582846,77.234366,Central,CPCB,live,rolling_24h_mean,o3,2026-09-24T07:00:00Z,15.27,ugm3
10705,Jawaharlal Nehru Stadium,28.582846,77.234366,Central,CPCB,live,rolling_24h_mean,o3,2026-09-24T10:00:00Z,23.95,ugm3
10705,Jawaharlal Nehru Stadium,28.582846,77.234366,Central,CPCB,live,rolling_24h_mean,o3,2026-09-24T11:00:00Z,24.17,ugm3
10705,Jawaharlal Nehru Stadium,28.582846,77.234366,Central,CPCB,live,rolling_24h_mean,o3,2026-09-24T13:00:00Z,20.36,ugm3
10705,Jawaharlal Nehru Stadium,28.582846,77.234366,Central,CPCB,live,rolling_24h_mean,o3,2026-09-24T16:00:00Z,6.14,ugm3
10705,Jawaharlal Nehru Stadium,28.582846,77.234366,Central,CPCB,live,rolling_24h_mean,o3,2026-09-24T17:00:00Z,4.87,ugm3
10705,Jawaharlal Nehru Stadium,28.582846,77.234366,Central,CPCB,live,rolling_24h_mean,o3,2026-09-24T18:00:00Z,5.08,ugm3
10705,Jawaharlal Nehru Stadium,28.582846,77.234366,Central,CPCB,live,rolling_24h_mean,o3,2026-09-24T22:00:00Z,5.3,ugm3
10705,Jawaharlal Nehru Stadium,28.582846,77.234366,Central,CPCB,live,rolling_24h_mean,o3,2026-09-25T00:00:00Z,4.87,ugm3
10705,Jawaharlal Nehru Stadium,28.582846,77.234366,Central,CPCB,live,rolling_24h_mean,o3,2026-09-25T02:00:00Z,4.87,ugm3
10705,Jawaharlal Nehru Stadium,28.582846,77.234366,Central,CPCB,live,rolling_24h_mean,o3,2026-09-25T03:00:00Z,4.87,ugm3
10705,Jawaharlal Nehru Stadium,28.582846,77.234366,Central,CPCB,live,rolling_24h_mean,o3,2026-09-25T05:00:00Z,6.36,ugm3
10705,Jawaharlal Nehru Stadium,28.582846,77.234366,Central,CPCB,live,rolling_24h_mean,o3,2026-09-25T07:00:00Z,9.54,ugm3
10705,Jawaharlal Nehru Stadium,28.582846,77.234366,Central,CPCB,live,rolling_24h_mean,o3,2026-09-25T08:00:00Z,11.44,ugm3
10705,Jawaharlal Nehru Stadium,28.582846,77.234366,Central,CPCB,live,rolling_24h_mean,o3,2026-09-25T09:00:00Z,14.0,ugm3
10705,Jawaharlal Nehru Stadium,28.582846,77.234366,Central,CPCB,live,rolling_24h_mean,o3,2026-09-25T10:00:00Z,15.27,ugm3
10705,Jawaharlal Nehru Stadium,28.582846,77.234366,Central,CPCB,live,rolling_24h_mean,o3,2026-09-25T11:00:00Z,15.27,ugm3
10705,Jawaharlal Nehru Stadium,28.582846,77.234366,Central,CPCB,live,rolling_24h_mean,o3,2026-09-25T12:00:00Z,10.82,ugm3
10705,Jawaharlal Nehru Stadium,28.582846,77.234366,Central,CPCB,live,rolling_24h_mean,o3,2026-09-25T13:00:00Z,8.7,ugm3
10705,Jawaharlal Nehru Stadium,28.582846,77.234366,Central,CPCB,live,rolling_24h_mean,o3,2026-09-25T14:00:00Z,7.64,ugm3
10705,Jawaharlal Nehru Stadium,28.582846,77.234366,Central,CPCB,live,rolling_24h_mean,o3,2026-09-25T15:00:00Z,6.36,ugm3
10705,Jawaharlal Nehru Stadium,28.582846,77.234366,Central,CPCB,live,rolling_24h_mean,o3,2026-09-25T16:00:00Z,5.08,ugm3
10705,Jawaharlal Nehru Stadium,28.582846,77.234366,Central,CPCB,live,rolling_24h_mean,o3,2026-09-25T17:00:00Z,5.52,ugm3
10705,Jawaharlal Nehru Stadium,28.582846,77.234366,Central,CPCB,live,rolling_24h_mean,o3,2026-09-25T18:00:00Z,4.46,ugm3
10705,Jawaharlal Nehru Stadium,28.582846,77.234366,Central,CPCB,live,rolling_24h_mean,o3,2026-09-25T19:00:00Z,4.87,ugm3
10705,Jawaharlal Nehru Stadium,28.582846,77.234366,Central,CPCB,live,rolling_24h_mean,o3,2026-09-25T20:00:00Z,5.52,ugm3
10705,Jawaharlal Nehru Stadium,28.582846,77.234366,Central,CPCB,live,rolling_24h_mean,o3,2026-09-25T21:00:00Z,6.99,ugm3
10705,Jawaharlal Nehru Stadium,28.582846,77.234366,Central,CPCB,live,rolling_24h_mean,o3,2026-09-25T22:00:00Z,6.36,ugm3
10705,Jawaharlal Nehru Stadium,28.582846,77.234366,Central,CPCB,live,rolling_24h_mean,o3,2026-09-25T23:00:00Z,6.58,ugm3
10705,Jawaharlal Nehru Stadium,28.582846,77.234366,Central,CPCB,live,rolling_24h_mean,o3,2026-09-26T00:00:00Z,6.14,ugm3
10705,Jawaharlal Nehru Stadium,28.582846,77.234366,Central,CPCB,live,rolling_24h_mean,o3,2026-09-26T01:00:00Z,5.93,ugm3
10705,Jawaharlal Nehru Stadium,28.582846,77.234366,Central,CPCB,live,rolling_24h_mean,o3,2026-09-26T02:00:00Z,4.24,ugm3
10705,Jawaharlal Nehru Stadium,28.582846,77.234366,Central,CPCB,live,rolling_24h_mean,o3,2026-09-26T03:00:00Z,4.46,ugm3
10705,Jawaharlal Nehru Stadium,28.582846,77.234366,Central,CPCB,live,rolling_24h_mean,o3,2026-09-26T04:00:00Z,4.67,ugm3
10705,Jawaharlal Nehru Stadium,28.582846,77.234366,Central,CPCB,live,rolling_24h_mean,o3,2026-09-26T05:00:00Z,7.42,ugm3
10705,Jawaharlal Nehru Stadium,28.582846,77.234366,Central,CPCB,live,rolling_24h_mean,o3,2026-09-26T06:00:00Z,10.17,ugm3
10705,Jawaharlal Nehru Stadium,28.582846,77.234366,Central,CPCB,live,rolling_24h_mean,o3,2026-09-26T07:00:00Z,11.66,ugm3
10705,Jawaharlal Nehru Stadium,28.582846,77.234366,Central,CPCB,live,rolling_24h_mean,o3,2026-09-26T08:00:00Z,12.72,ugm3
10705,Jawaharlal Nehru Stadium,28.582846,77.234366,Central,CPCB,live,rolling_24h_mean,o3,2026-09-26T09:00:00Z,13.35,ugm3
10705,Jawaharlal Nehru Stadium,28.582846,77.234366,Central,CPCB,live,rolling_24h_mean,o3,2026-09-26T10:00:00Z,12.72,ugm3
10705,Jawaharlal Nehru Stadium,28.582846,77.234366,Central,CPCB,live,rolling_24h_mean,o3,2026-09-26T11:00:00Z,11.88,ugm3
10705,Jawaharlal Nehru Stadium,28.582846,77.234366,Central,CPCB,live,rolling_24h_mean,o3,2026-09-26T12:00:00Z,9.54,ugm3
10705,Jawaharlal Nehru Stadium,28.582846,77.234366,Central,CPCB,live,rolling_24h_mean,o3,2026-09-26T13:00:00Z,8.05,ugm3
10705,Jawaharlal Nehru Stadium,28.582846,77.234366,Central,CPCB,live,rolling_24h_mean,o3,2026-09-26T14:00:00Z,10.82,ugm3
10705,Jawaharlal Nehru Stadium,28.582846,77.234366,Central,CPCB,live,rolling_24h_mean,o3,2026-09-26T15:00:00Z,8.7,ugm3
10705,Jawaharlal Nehru Stadium,28.582846,77.234366,Central,CPCB,live,rolling_24h_mean,o3,2026-09-26T16:00:00Z,7.42,ugm3
10705,Jawaharlal Nehru Stadium,28.582846,77.234366,Central,CPCB,live,rolling_24h_mean,pm10,2026-09-23T17:00:00Z,142.89,ugm3
10705,Jawaharlal Nehru Stadium,28.582846,77.234366,Central,CPCB,live,rolling_24h_mean,pm10,2026-09-23T18:00:00Z,140.87,ugm3
10705,Jawaharlal Nehru Stadium,28.582846,77.234366,Central,CPCB,live,rolling_24h_mean,pm10,2026-09-23T19:00:00Z,188.34,ugm3
10705,Jawaharlal Nehru Stadium,28.582846,77.234366,Central,CPCB,live,rolling_24h_mean,pm10,2026-09-23T20:00:00Z,192.38,ugm3
10705,Jawaharlal Nehru Stadium,28.582846,77.234366,Central,CPCB,live,rolling_24h_mean,pm10,2026-09-23T21:00:00Z,218.64,ugm3
10705,Jawaharlal Nehru Stadium,28.582846,77.234366,Central,CPCB,live,rolling_24h_mean,pm10,2026-09-23T22:00:00Z,200.46,ugm3
10705,Jawaharlal Nehru Stadium,28.582846,77.234366,Central,CPCB,live,rolling_24h_mean,pm10,2026-09-24T00:00:00Z,106.52,ugm3
10705,Jawaharlal Nehru Stadium,28.582846,77.234366,Central,CPCB,live,rolling_24h_mean,pm10,2026-09-24T03:00:00Z,104.5,ugm3
10705,Jawaharlal Nehru Stadium,28.582846,77.234366,Central,CPCB,live,rolling_24h_mean,pm10,2026-09-24T05:00:00Z,66.11,ugm3
10705,Jawaharlal Nehru Stadium,28.582846,77.234366,Central,CPCB,live,rolling_24h_mean,pm10,2026-09-24T06:00:00Z,74.19,ugm3
10705,Jawaharlal Nehru Stadium,28.582846,77.234366,Central,CPCB,live,rolling_24h_mean,pm10,2026-09-24T07:00:00Z,86.32,ugm3
10705,Jawaharlal Nehru Stadium,28.582846,77.234366,Central,CPCB,live,rolling_24h_mean,pm10,2026-09-24T10:00:00Z,80.26,ugm3
10705,Jawaharlal Nehru Stadium,28.582846,77.234366,Central,CPCB,live,rolling_24h_mean,pm10,2026-09-24T11:00:00Z,90.36,ugm3
10705,Jawaharlal Nehru Stadium,28.582846,77.234366,Central,CPCB,live,rolling_24h_mean,pm10,2026-09-24T13:00:00Z,90.36,ugm3
10705,Jawaharlal Nehru Stadium,28.582846,77.234366,Central,CPCB,live,rolling_24h_mean,pm10,2026-09-24T16:00:00Z,100.46,ugm3
10705,Jawaharlal Nehru Stadium,28.582846,77.234366,Central,CPCB,live,rolling_24h_mean,pm10,2026-09-24T17:00:00Z,82.28,ugm3
10705,Jawaharlal Nehru Stadium,28.582846,77.234366,Central,CPCB,live,rolling_24h_mean,pm10,2026-09-24T18:00:00Z,82.28,ugm3
10705,Jawaharlal Nehru Stadium,28.582846,77.234366,Central,CPCB,live,rolling_24h_mean,pm10,2026-09-24T22:00:00Z,36.18,ugm3
10705,Jawaharlal Nehru Stadium,28.582846,77.234366,Central,CPCB,live,rolling_24h_mean,pm10,2026-09-25T00:00:00Z,22.14,ugm3
10705,Jawaharlal Nehru Stadium,28.582846,77.234366,Central,CPCB,live,rolling_24h_mean,pm10,2026-09-25T02:00:00Z,22.14,ugm3
10705,Jawaharlal Nehru Stadium,28.582846,77.234366,Central,CPCB,live,rolling_24h_mean,pm10,2026-09-25T03:00:00Z,22.14,ugm3
10705,Jawaharlal Nehru Stadium,28.582846,77.234366,Central,CPCB,live,rolling_24h_mean,pm10,2026-09-25T05:00:00Z,45.9,ugm3
10705,Jawaharlal Nehru Stadium,28.582846,77.234366,Central,CPCB,live,rolling_24h_mean,pm10,2026-09-25T07:00:00Z,48.06,ugm3
10705,Jawaharlal Nehru Stadium,28.582846,77.234366,Central,CPCB,live,rolling_24h_mean,pm10,2026-09-25T08:00:00Z,58.03,ugm3
10705,Jawaharlal Nehru Stadium,28.582846,77.234366,Central,CPCB,live,rolling_24h_mean,pm10,2026-09-25T09:00:00Z,42.66,ugm3
10705,Jawaharlal Nehru Stadium,28.582846,77.234366,Central,CPCB,live,rolling_24h_mean,pm10,2026-09-25T10:00:00Z,50.22,ugm3
10705,Jawaharlal Nehru Stadium,28.582846,77.234366,Central,CPCB,live,rolling_24h_mean,pm10,2026-09-25T11:00:00Z,50.22,ugm3
10705,Jawaharlal Nehru Stadium,28.582846,77.234366,Central,CPCB,live,rolling_24h_mean,pm10,2026-09-25T12:00:00Z,58.03,ugm3
10705,Jawaharlal Nehru Stadium,28.582846,77.234366,Central,CPCB,live,rolling_24h_mean,pm10,2026-09-25T13:00:00Z,88.34,ugm3
10705,Jawaharlal Nehru Stadium,28.582846,77.234366,Central,CPCB,live,rolling_24h_mean,pm10,2026-09-25T14:00:00Z,84.3,ugm3
10705,Jawaharlal Nehru Stadium,28.582846,77.234366,Central,CPCB,live,rolling_24h_mean,pm10,2026-09-25T15:00:00Z,86.32,ugm3
10705,Jawaharlal Nehru Stadium,28.582846,77.234366,Central,CPCB,live,rolling_24h_mean,pm10,2026-09-25T16:00:00Z,120.66,ugm3
10705,Jawaharlal Nehru Stadium,28.582846,77.234366,Central,CPCB,live,rolling_24h_mean,pm10,2026-09-25T17:00:00Z,96.42,ugm3
10705,Jawaharlal Nehru Stadium,28.582846,77.234366,Central,CPCB,live,rolling_24h_mean,pm10,2026-09-25T18:00:00Z,72.17,ugm3
10705,Jawaharlal Nehru Stadium,28.582846,77.234366,Central,CPCB,live,rolling_24h_mean,pm10,2026-09-25T19:00:00Z,46.98,ugm3
10705,Jawaharlal Nehru Stadium,28.582846,77.234366,Central,CPCB,live,rolling_24h_mean,pm10,2026-09-25T20:00:00Z,62.07,ugm3
10705,Jawaharlal Nehru Stadium,28.582846,77.234366,Central,CPCB,live,rolling_24h_mean,pm10,2026-09-25T21:00:00Z,36.18,ugm3
10705,Jawaharlal Nehru Stadium,28.582846,77.234366,Central,CPCB,live,rolling_24h_mean,pm10,2026-09-25T22:00:00Z,29.7,ugm3
10705,Jawaharlal Nehru Stadium,28.582846,77.234366,Central,CPCB,live,rolling_24h_mean,pm10,2026-09-25T23:00:00Z,29.7,ugm3
10705,Jawaharlal Nehru Stadium,28.582846,77.234366,Central,CPCB,live,rolling_24h_mean,pm10,2026-09-26T00:00:00Z,17.82,ugm3
10705,Jawaharlal Nehru Stadium,28.582846,77.234366,Central,CPCB,live,rolling_24h_mean,pm10,2026-09-26T01:00:00Z,17.82,ugm3
10705,Jawaharlal Nehru Stadium,28.582846,77.234366,Central,CPCB,live,rolling_24h_mean,pm10,2026-09-26T02:00:00Z,30.78,ugm3
10705,Jawaharlal Nehru Stadium,28.582846,77.234366,Central,CPCB,live,rolling_24h_mean,pm10,2026-09-26T03:00:00Z,46.98,ugm3
10705,Jawaharlal Nehru Stadium,28.582846,77.234366,Central,CPCB,live,rolling_24h_mean,pm10,2026-09-26T04:00:00Z,46.98,ugm3
10705,Jawaharlal Nehru Stadium,28.582846,77.234366,Central,CPCB,live,rolling_24h_mean,pm10,2026-09-26T05:00:00Z,60.05,ugm3
10705,Jawaharlal Nehru Stadium,28.582846,77.234366,Central,CPCB,live,rolling_24h_mean,pm10,2026-09-26T06:00:00Z,68.13,ugm3
10705,Jawaharlal Nehru Stadium,28.582846,77.234366,Central,CPCB,live,rolling_24h_mean,pm10,2026-09-26T07:00:00Z,70.15,ugm3
10705,Jawaharlal Nehru Stadium,28.582846,77.234366,Central,CPCB,live,rolling_24h_mean,pm10,2026-09-26T08:00:00Z,51.3,ugm3
10705,Jawaharlal Nehru Stadium,28.582846,77.234366,Central,CPCB,live,rolling_24h_mean,pm10,2026-09-26T09:00:00Z,43.74,ugm3
10705,Jawaharlal Nehru Stadium,28.582846,77.234366,Central,CPCB,live,rolling_24h_mean,pm10,2026-09-26T10:00:00Z,66.11,ugm3
10705,Jawaharlal Nehru Stadium,28.582846,77.234366,Central,CPCB,live,rolling_24h_mean,pm10,2026-09-26T11:00:00Z,72.17,ugm3
10705,Jawaharlal Nehru Stadium,28.582846,77.234366,Central,CPCB,live,rolling_24h_mean,pm10,2026-09-26T12:00:00Z,31.86,ugm3
10705,Jawaharlal Nehru Stadium,28.582846,77.234366,Central,CPCB,live,rolling_24h_mean,pm10,2026-09-26T13:00:00Z,13.5,ugm3
10705,Jawaharlal Nehru Stadium,28.582846,77.234366,Central,CPCB,live,rolling_24h_mean,pm10,2026-09-26T14:00:00Z,23.22,ugm3
10705,Jawaharlal Nehru Stadium,28.582846,77.234366,Central,CPCB,live,rolling_24h_mean,pm10,2026-09-26T15:00:00Z,25.38,ugm3
10705,Jawaharlal Nehru Stadium,28.582846,77.234366,Central,CPCB,live,rolling_24h_mean,pm10,2026-09-26T16:00:00Z,18.9,ugm3
10705,Jawaharlal Nehru Stadium,28.582846,77.234366,Central,CPCB,live,rolling_24h_mean,pm25,2026-09-23T17:00:00Z,81.65,ugm3
10705,Jawaharlal Nehru Stadium,28.582846,77.234366,Central,CPCB,live,rolling_24h_mean,pm25,2026-09-23T18:00:00Z,91.33,ugm3
10705,Jawaharlal Nehru Stadium,28.582846,77.234366,Central,CPCB,live,rolling_24h_mean,pm25,2026-09-23T19:00:00Z,102.95,ugm3
10705,Jawaharlal Nehru Stadium,28.582846,77.234366,Central,CPCB,live,rolling_24h_mean,pm25,2026-09-23T20:00:00Z,102.95,ugm3
10705,Jawaharlal Nehru Stadium,28.582846,77.234366,Central,CPCB,live,rolling_24h_mean,pm25,2026-09-23T21:00:00Z,112.63,ugm3
10705,Jawaharlal Nehru Stadium,28.582846,77.234366,Central,CPCB,live,rolling_24h_mean,pm25,2026-09-23T22:00:00Z,95.2,ugm3
10705,Jawaharlal Nehru Stadium,28.582846,77.234366,Central,CPCB,live,rolling_24h_mean,pm25,2026-09-24T00:00:00Z,62.28,ugm3
10705,Jawaharlal Nehru Stadium,28.582846,77.234366,Central,CPCB,live,rolling_24h_mean,pm25,2026-09-24T03:00:00Z,56.47,ugm3
10705,Jawaharlal Nehru Stadium,28.582846,77.234366,Central,CPCB,live,rolling_24h_mean,pm25,2026-09-24T05:00:00Z,30.41,ugm3
10705,Jawaharlal Nehru Stadium,28.582846,77.234366,Central,CPCB,live,rolling_24h_mean,pm25,2026-09-24T06:00:00Z,36.11,ugm3
10705,Jawaharlal Nehru Stadium,28.582846,77.234366,Central,CPCB,live,rolling_24h_mean,pm25,2026-09-24T07:00:00Z,55.2,ugm3
10705,Jawaharlal Nehru Stadium,28.582846,77.234366,Central,CPCB,live,rolling_24h_mean,pm25,2026-09-24T10:00:00Z,42.2,ugm3
10705,Jawaharlal Nehru Stadium,28.582846,77.234366,Central,CPCB,live,rolling_24h_mean,pm25,2026-09-24T11:00:00Z,34.21,ugm3
10705,Jawaharlal Nehru Stadium,28.582846,77.234366,Central,CPCB,live,rolling_24h_mean,pm25,2026-09-24T13:00:00Z,34.21,ugm3
10705,Jawaharlal Nehru Stadium,28.582846,77.234366,Central,CPCB,live,rolling_24h_mean,pm25,2026-09-24T16:00:00Z,34.21,ugm3
10705,Jawaharlal Nehru Stadium,28.582846,77.234366,Central,CPCB,live,rolling_24h_mean,pm25,2026-09-24T17:00:00Z,31.36,ugm3
10705,Jawaharlal Nehru Stadium,28.582846,77.234366,Central,CPCB,live,rolling_24h_mean,pm25,2026-09-24T18:00:00Z,30.41,ugm3
10705,Jawaharlal Nehru Stadium,28.582846,77.234366,Central,CPCB,live,rolling_24h_mean,pm25,2026-09-24T22:00:00Z,13.29,ugm3
10705,Jawaharlal Nehru Stadium,28.582846,77.234366,Central,CPCB,live,rolling_24h_mean,pm25,2026-09-25T00:00:00Z,6.12,ugm3
10705,Jawaharlal Nehru Stadium,28.582846,77.234366,Central,CPCB,live,rolling_24h_mean,pm25,2026-09-25T02:00:00Z,6.12,ugm3
10705,Jawaharlal Nehru Stadium,28.582846,77.234366,Central,CPCB,live,rolling_24h_mean,pm25,2026-09-25T03:00:00Z,6.12,ugm3
10705,Jawaharlal Nehru Stadium,28.582846,77.234366,Central,CPCB,live,rolling_24h_mean,pm25,2026-09-25T05:00:00Z,12.12,ugm3
10705,Jawaharlal Nehru Stadium,28.582846,77.234366,Central,CPCB,live,rolling_24h_mean,pm25,2026-09-25T07:00:00Z,29.46,ugm3
10705,Jawaharlal Nehru Stadium,28.582846,77.234366,Central,CPCB,live,rolling_24h_mean,pm25,2026-09-25T08:00:00Z,6.12,ugm3
10705,Jawaharlal Nehru Stadium,28.582846,77.234366,Central,CPCB,live,rolling_24h_mean,pm25,2026-09-25T09:00:00Z,11.16,ugm3
10705,Jawaharlal Nehru Stadium,28.582846,77.234366,Central,CPCB,live,rolling_24h_mean,pm25,2026-09-25T10:00:00Z,18.04,ugm3
10705,Jawaharlal Nehru Stadium,28.582846,77.234366,Central,CPCB,live,rolling_24h_mean,pm25,2026-09-25T11:00:00Z,18.04,ugm3
10705,Jawaharlal Nehru Stadium,28.582846,77.234366,Central,CPCB,live,rolling_24h_mean,pm25,2026-09-25T12:00:00Z,18.99,ugm3
10705,Jawaharlal Nehru Stadium,28.582846,77.234366,Central,CPCB,live,rolling_24h_mean,pm25,2026-09-25T13:00:00Z,25.18,ugm3
10705,Jawaharlal Nehru Stadium,28.582846,77.234366,Central,CPCB,live,rolling_24h_mean,pm25,2026-09-25T14:00:00Z,20.42,ugm3
10705,Jawaharlal Nehru Stadium,28.582846,77.234366,Central,CPCB,live,rolling_24h_mean,pm25,2026-09-25T15:00:00Z,36.11,ugm3
10705,Jawaharlal Nehru Stadium,28.582846,77.234366,Central,CPCB,live,rolling_24h_mean,pm25,2026-09-25T16:00:00Z,68.09,ugm3
10705,Jawaharlal Nehru Stadium,28.582846,77.234366,Central,CPCB,live,rolling_24h_mean,pm25,2026-09-25T17:00:00Z,50.32,ugm3
10705,Jawaharlal Nehru Stadium,28.582846,77.234366,Central,CPCB,live,rolling_24h_mean,pm25,2026-09-25T18:00:00Z,31.36,ugm3
10705,Jawaharlal Nehru Stadium,28.582846,77.234366,Central,CPCB,live,rolling_24h_mean,pm25,2026-09-25T19:00:00Z,16.14,ugm3
10705,Jawaharlal Nehru Stadium,28.582846,77.234366,Central,CPCB,live,rolling_24h_mean,pm25,2026-09-25T20:00:00Z,18.99,ugm3
10705,Jawaharlal Nehru Stadium,28.582846,77.234366,Central,CPCB,live,rolling_24h_mean,pm25,2026-09-25T21:00:00Z,18.04,ugm3
10705,Jawaharlal Nehru Stadium,28.582846,77.234366,Central,CPCB,live,rolling_24h_mean,pm25,2026-09-25T22:00:00Z,22.32,ugm3
10705,Jawaharlal Nehru Stadium,28.582846,77.234366,Central,CPCB,live,rolling_24h_mean,pm25,2026-09-25T23:00:00Z,14.24,ugm3
10705,Jawaharlal Nehru Stadium,28.582846,77.234366,Central,CPCB,live,rolling_24h_mean,pm25,2026-09-26T00:00:00Z,8.28,ugm3
10705,Jawaharlal Nehru Stadium,28.582846,77.234366,Central,CPCB,live,rolling_24h_mean,pm25,2026-09-26T01:00:00Z,14.24,ugm3
10705,Jawaharlal Nehru Stadium,28.582846,77.234366,Central,CPCB,live,rolling_24h_mean,pm25,2026-09-26T02:00:00Z,14.24,ugm3
10705,Jawaharlal Nehru Stadium,28.582846,77.234366,Central,CPCB,live,rolling_24h_mean,pm25,2026-09-26T03:00:00Z,29.46,ugm3
10705,Jawaharlal Nehru Stadium,28.582846,77.234366,Central,CPCB,live,rolling_24h_mean,pm25,2026-09-26T04:00:00Z,12.12,ugm3
10705,Jawaharlal Nehru Stadium,28.582846,77.234366,Central,CPCB,live,rolling_24h_mean,pm25,2026-09-26T05:00:00Z,25.18,ugm3
10705,Jawaharlal Nehru Stadium,28.582846,77.234366,Central,CPCB,live,rolling_24h_mean,pm25,2026-09-26T06:00:00Z,25.18,ugm3
10705,Jawaharlal Nehru Stadium,28.582846,77.234366,Central,CPCB,live,rolling_24h_mean,pm25,2026-09-26T07:00:00Z,24.23,ugm3
10705,Jawaharlal Nehru Stadium,28.582846,77.234366,Central,CPCB,live,rolling_24h_mean,pm25,2026-09-26T08:00:00Z,8.28,ugm3
10705,Jawaharlal Nehru Stadium,28.582846,77.234366,Central,CPCB,live,rolling_24h_mean,pm25,2026-09-26T09:00:00Z,9.24,ugm3
10705,Jawaharlal Nehru Stadium,28.582846,77.234366,Central,CPCB,live,rolling_24h_mean,pm25,2026-09-26T10:00:00Z,9.24,ugm3
10705,Jawaharlal Nehru Stadium,28.582846,77.234366,Central,CPCB,live,rolling_24h_mean,pm25,2026-09-26T11:00:00Z,7.32,ugm3
10705,Jawaharlal Nehru Stadium,28.582846,77.234366,Central,CPCB,live,rolling_24h_mean,pm25,2026-09-26T12:00:00Z,8.28,ugm3
10705,Jawaharlal Nehru Stadium,28.582846,77.234366,Central,CPCB,live,rolling_24h_mean,pm25,2026-09-26T13:00:00Z,11.16,ugm3
10705,Jawaharlal Nehru Stadium,28.582846,77.234366,Central,CPCB,live,rolling_24h_mean,pm25,2026-09-26T14:00:00Z,16.14,ugm3
10705,Jawaharlal Nehru Stadium,28.582846,77.234366,Central,CPCB,live,rolling_24h_mean,pm25,2026-09-26T15:00:00Z,18.99,ugm3
10705,Jawaharlal Nehru Stadium,28.582846,77.234366,Central,CPCB,live,rolling_24h_mean,pm25,2026-09-26T16:00:00Z,12.12,ugm3
10706,Narela,28.820629,77.101099,North,CPCB,live,rolling_24h_mean,o3,2026-09-23T17:00:00Z,20.14,ugm3
10706,Narela,28.820629,77.101099,North,CPCB,live,rolling_24h_mean,o3,2026-09-23T18:00:00Z,15.47,ugm3
10706,Narela,28.820629,77.101099,North,CPCB,live,rolling_24h_mean,o3,2026-09-23T19:00:00Z,5.08,ugm3
10706,Narela,28.820629,77.101099,North,CPCB,live,rolling_24h_mean,o3,2026-09-23T20:00:00Z,5.08,ugm3
10706,Narela,28.820629,77.101099,North,CPCB,live,rolling_24h_mean,o3,2026-09-23T21:00:00Z,5.08,ugm3
10706,Narela,28.820629,77.101099,North,CPCB,live,rolling_24h_mean,o3,2026-09-23T22:00:00Z,9.11,ugm3
10706,Narela,28.820629,77.101099,North,CPCB,live,rolling_24h_mean,o3,2026-09-24T00:00:00Z,12.94,ugm3
10706,Narela,28.820629,77.101099,North,CPCB,live,rolling_24h_mean,o3,2026-09-24T03:00:00Z,9.76,ugm3
10706,Narela,28.820629,77.101099,North,CPCB,live,rolling_24h_mean,o3,2026-09-24T05:00:00Z,9.32,ugm3
10706,Narela,28.820629,77.101099,North,CPCB,live,rolling_24h_mean,o3,2026-09-24T06:00:00Z,29.9,ugm3
10706,Narela,28.820629,77.101099,North,CPCB,live,rolling_24h_mean,o3,2026-09-24T07:00:00Z,70.81,ugm3
10706,Narela,28.820629,77.101099,North,CPCB,live,rolling_24h_mean,o3,2026-09-24T10:00:00Z,47.27,ugm3
10706,Narela,28.820629,77.101099,North,CPCB,live,rolling_24h_mean,o3,2026-09-24T11:00:00Z,48.76,ugm3
10706,Narela,28.820629,77.101099,North,CPCB,live,rolling_24h_mean,o3,2026-09-24T13:00:00Z,41.56,ugm3
10706,Narela,28.820629,77.101099,North,CPCB,live,rolling_24h_mean,o3,2026-09-24T16:00:00Z,11.03,ugm3
10706,Narela,28.820629,77.101099,North,CPCB,live,rolling_24h_mean,o3,2026-09-24T17:00:00Z,12.94,ugm3
10706,Narela,28.820629,77.101099,North,CPCB,live,rolling_24h_mean,o3,2026-09-24T18:00:00Z,12.94,ugm3
10706,Narela,28.820629,77.101099,North,CPCB,live,rolling_24h_mean,o3,2026-09-24T22:00:00Z,7.85,ugm3
10706,Narela,28.820629,77.101099,North,CPCB,live,rolling_24h_mean,o3,2026-09-25T00:00:00Z,7.85,ugm3
10706,Narela,28.820629,77.101099,North,CPCB,live,rolling_24h_mean,o3,2026-09-25T02:00:00Z,7.85,ugm3
10706,Narela,28.820629,77.101099,North,CPCB,live,rolling_24h_mean,o3,2026-09-25T03:00:00Z,7.85,ugm3
10706,Narela,28.820629,77.101099,North,CPCB,live,rolling_24h_mean,o3,2026-09-25T05:00:00Z,11.23,ugm3
10706,Narela,28.820629,77.101099,North,CPCB,live,rolling_24h_mean,o3,2026-09-25T07:00:00Z,21.42,ugm3
10706,Narela,28.820629,77.101099,North,CPCB,live,rolling_24h_mean,o3,2026-09-25T08:00:00Z,25.66,ugm3
10706,Narela,28.820629,77.101099,North,CPCB,live,rolling_24h_mean,o3,2026-09-25T09:00:00Z,31.37,ugm3
10706,Narela,28.820629,77.101099,North,CPCB,live,rolling_24h_mean,o3,2026-09-25T10:00:00Z,34.98,ugm3
10706,Narela,28.820629,77.101099,North,CPCB,live,rolling_24h_mean,o3,2026-09-25T11:00:00Z,35.61,ugm3
10706,Narela,28.820629,77.101099,North,CPCB,live,rolling_24h_mean,o3,2026-09-25T12:00:00Z,32.65,ugm3
10706,Narela,28.820629,77.101099,North,CPCB,live,rolling_24h_mean,o3,2026-09-25T13:00:00Z,26.5,ugm3
10706,Narela,28.820629,77.101099,North,CPCB,live,rolling_24h_mean,o3,2026-09-25T14:00:00Z,19.3,ugm3
10706,Narela,28.820629,77.101099,North,CPCB,live,rolling_24h_mean,o3,2026-09-25T15:00:00Z,17.59,ugm3
10706,Narela,28.820629,77.101099,North,CPCB,live,rolling_24h_mean,o3,2026-09-25T16:00:00Z,10.82,ugm3
10706,Narela,28.820629,77.101099,North,CPCB,live,rolling_24h_mean,o3,2026-09-25T17:00:00Z,9.54,ugm3
10706,Narela,28.820629,77.101099,North,CPCB,live,rolling_24h_mean,o3,2026-09-25T18:00:00Z,10.38,ugm3
10706,Narela,28.820629,77.101099,North,CPCB,live,rolling_24h_mean,o3,2026-09-25T19:00:00Z,7.85,ugm3
10706,Narela,28.820629,77.101099,North,CPCB,live,rolling_24h_mean,o3,2026-09-25T20:00:00Z,6.99,ugm3
10706,Narela,28.820629,77.101099,North,CPCB,live,rolling_24h_mean,o3,2026-09-25T21:00:00Z,9.97,ugm3
10706,Narela,28.820629,77.101099,North,CPCB,live,rolling_24h_mean,o3,2026-09-25T22:00:00Z,10.38,ugm3
10706,Narela,28.820629,77.101099,North,CPCB,live,rolling_24h_mean,o3,2026-09-25T23:00:00Z,14.21,ugm3
10706,Narela,28.820629,77.101099,North,CPCB,live,rolling_24h_mean,o3,2026-09-26T00:00:00Z,16.12,ugm3
10706,Narela,28.820629,77.101099,North,CPCB,live,rolling_24h_mean,o3,2026-09-26T01:00:00Z,17.18,ugm3
10706,Narela,28.820629,77.101099,North,CPCB,live,rolling_24h_mean,o3,2026-09-26T02:00:00Z,17.18,ugm3
10706,Narela,28.820629,77.101099,North,CPCB,live,rolling_24h_mean,o3,2026-09-26T03:00:00Z,18.45,ugm3
10706,Narela,28.820629,77.101099,North,CPCB,live,rolling_24h_mean,o3,2026-09-26T04:00:00Z,18.24,ugm3
10706,Narela,28.820629,77.101099,North,CPCB,live,rolling_24h_mean,o3,2026-09-26T05:00:00Z,19.93,ugm3
10706,Narela,28.820629,77.101099,North,CPCB,live,rolling_24h_mean,o3,2026-09-26T06:00:00Z,21.42,ugm3
10706,Narela,28.820629,77.101099,North,CPCB,live,rolling_24h_mean,o3,2026-09-26T07:00:00Z,23.32,ugm3
10706,Narela,28.820629,77.101099,North,CPCB,live,rolling_24h_mean,o3,2026-09-26T08:00:00Z,23.32,ugm3
10706,Narela,28.820629,77.101099,North,CPCB,live,rolling_24h_mean,o3,2026-09-26T09:00:00Z,24.6,ugm3
10706,Narela,28.820629,77.101099,North,CPCB,live,rolling_24h_mean,o3,2026-09-26T10:00:00Z,25.23,ugm3
10706,Narela,28.820629,77.101099,North,CPCB,live,rolling_24h_mean,o3,2026-09-26T11:00:00Z,23.11,ugm3
10706,Narela,28.820629,77.101099,North,CPCB,live,rolling_24h_mean,o3,2026-09-26T12:00:00Z,18.65,ugm3
10706,Narela,28.820629,77.101099,North,CPCB,live,rolling_24h_mean,o3,2026-09-26T13:00:00Z,18.65,ugm3
10706,Narela,28.820629,77.101099,North,CPCB,live,rolling_24h_mean,o3,2026-09-26T14:00:00Z,21.42,ugm3
10706,Narela,28.820629,77.101099,North,CPCB,live,rolling_24h_mean,o3,2026-09-26T15:00:00Z,22.48,ugm3
10706,Narela,28.820629,77.101099,North,CPCB,live,rolling_24h_mean,o3,2026-09-26T16:00:00Z,19.71,ugm3
10706,Narela,28.820629,77.101099,North,CPCB,live,rolling_24h_mean,pm10,2026-09-23T17:00:00Z,355.01,ugm3
10706,Narela,28.820629,77.101099,North,CPCB,live,rolling_24h_mean,pm10,2026-09-23T18:00:00Z,286.32,ugm3
10706,Narela,28.820629,77.101099,North,CPCB,live,rolling_24h_mean,pm10,2026-09-23T19:00:00Z,262.07,ugm3
10706,Narela,28.820629,77.101099,North,CPCB,live,rolling_24h_mean,pm10,2026-09-23T20:00:00Z,240.87,ugm3
10706,Narela,28.820629,77.101099,North,CPCB,live,rolling_24h_mean,pm10,2026-09-23T21:00:00Z,290.36,ugm3
10706,Narela,28.820629,77.101099,North,CPCB,live,rolling_24h_mean,pm10,2026-09-23T22:00:00Z,296.42,ugm3
10706,Narela,28.820629,77.101099,North,CPCB,live,rolling_24h_mean,pm10,2026-09-24T00:00:00Z,262.07,ugm3
10706,Narela,28.820629,77.101099,North,CPCB,live,rolling_24h_mean,pm10,2026-09-24T03:00:00Z,156.01,ugm3
10706,Narela,28.820629,77.101099,North,CPCB,live,rolling_24h_mean,pm10,2026-09-24T05:00:00Z,148.95,ugm3
10706,Narela,28.820629,77.101099,North,CPCB,live,rolling_24h_mean,pm10,2026-09-24T06:00:00Z,140.87,ugm3
10706,Narela,28.820629,77.101099,North,CPCB,live,rolling_24h_mean,pm10,2026-09-24T07:00:00Z,132.79,ugm3
10706,Narela,28.820629,77.101099,North,CPCB,live,rolling_24h_mean,pm10,2026-09-24T10:00:00Z,134.81,ugm3
10706,Narela,28.820629,77.101099,North,CPCB,live,rolling_24h_mean,pm10,2026-09-24T11:00:00Z,138.85,ugm3
10706,Narela,28.820629,77.101099,North,CPCB,live,rolling_24h_mean,pm10,2026-09-24T13:00:00Z,166.11,ugm3
10706,Narela,28.820629,77.101099,North,CPCB,live,rolling_24h_mean,pm10,2026-09-24T16:00:00Z,148.95,ugm3
10706,Narela,28.820629,77.101099,North,CPCB,live,rolling_24h_mean,pm10,2026-09-24T17:00:00Z,168.13,ugm3
10706,Narela,28.820629,77.101099,North,CPCB,live,rolling_24h_mean,pm10,2026-09-24T18:00:00Z,116.62,ugm3
10706,Narela,28.820629,77.101099,North,CPCB,live,rolling_24h_mean,pm10,2026-09-24T22:00:00Z,66.11,ugm3
10706,Narela,28.820629,77.101099,North,CPCB,live,rolling_24h_mean,pm10,2026-09-25T00:00:00Z,66.11,ugm3
10706,Narela,28.820629,77.101099,North,CPCB,live,rolling_24h_mean,pm10,2026-09-25T02:00:00Z,66.11,ugm3
10706,Narela,28.820629,77.101099,North,CPCB,live,rolling_24h_mean,pm10,2026-09-25T03:00:00Z,66.11,ugm3
10706,Narela,28.820629,77.101099,North,CPCB,live,rolling_24h_mean,pm10,2026-09-25T05:00:00Z,72.17,ugm3
10706,Narela,28.820629,77.101099,North,CPCB,live,rolling_24h_mean,pm10,2026-09-25T07:00:00Z,78.23,ugm3
10706,Narela,28.820629,77.101099,North,CPCB,live,rolling_24h_mean,pm10,2026-09-25T08:00:00Z,80.26,ugm3
10706,Narela,28.820629,77.101099,North,CPCB,live,rolling_24h_mean,pm10,2026-09-25T09:00:00Z,116.62,ugm3
10706,Narela,28.820629,77.101099,North,CPCB,live,rolling_24h_mean,pm10,2026-09-25T10:00:00Z,96.42,ugm3
10706,Narela,28.820629,77.101099,North,CPCB,live,rolling_24h_mean,pm10,2026-09-25T11:00:00Z,110.56,ugm3
10706,Narela,28.820629,77.101099,North,CPCB,live,rolling_24h_mean,pm10,2026-09-25T12:00:00Z,86.32,ugm3
10706,Narela,28.820629,77.101099,North,CPCB,live,rolling_24h_mean,pm10,2026-09-25T13:00:00Z,74.19,ugm3
10706,Narela,28.820629,77.101099,North,CPCB,live,rolling_24h_mean,pm10,2026-09-25T14:00:00Z,156.01,ugm3
10706,Narela,28.820629,77.101099,North,CPCB,live,rolling_24h_mean,pm10,2026-09-25T15:00:00Z,170.15,ugm3
10706,Narela,28.820629,77.101099,North,CPCB,live,rolling_24h_mean,pm10,2026-09-25T16:00:00Z,200.46,ugm3
10706,Narela,28.820629,77.101099,North,CPCB,live,rolling_24h_mean,pm10,2026-09-25T17:00:00Z,150.97,ugm3
10706,Narela,28.820629,77.101099,North,CPCB,live,rolling_24h_mean,pm10,2026-09-25T18:00:00Z,112.58,ugm3
10706,Narela,28.820629,77.101099,North,CPCB,live,rolling_24h_mean,pm10,2026-09-25T19:00:00Z,94.4,ugm3
10706,Narela,28.820629,77.101099,North,CPCB,live,rolling_24h_mean,pm10,2026-09-25T20:00:00Z,78.23,ugm3
10706,Narela,28.820629,77.101099,North,CPCB,live,rolling_24h_mean,pm10,2026-09-25T21:00:00Z,56.01,ugm3
10706,Narela,28.820629,77.101099,North,CPCB,live,rolling_24h_mean,pm10,2026-09-25T22:00:00Z,36.18,ugm3
10706,Narela,28.820629,77.101099,North,CPCB,live,rolling_24h_mean,pm10,2026-09-25T23:00:00Z,42.66,ugm3
10706,Narela,28.820629,77.101099,North,CPCB,live,rolling_24h_mean,pm10,2026-09-26T00:00:00Z,72.17,ugm3
10706,Narela,28.820629,77.101099,North,CPCB,live,rolling_24h_mean,pm10,2026-09-26T01:00:00Z,42.66,ugm3
10706,Narela,28.820629,77.101099,North,CPCB,live,rolling_24h_mean,pm10,2026-09-26T02:00:00Z,30.78,ugm3
10706,Narela,28.820629,77.101099,North,CPCB,live,rolling_24h_mean,pm10,2026-09-26T03:00:00Z,44.82,ugm3
10706,Narela,28.820629,77.101099,North,CPCB,live,rolling_24h_mean,pm10,2026-09-26T04:00:00Z,64.09,ugm3
10706,Narela,28.820629,77.101099,North,CPCB,live,rolling_24h_mean,pm10,2026-09-26T05:00:00Z,64.09,ugm3
10706,Narela,28.820629,77.101099,North,CPCB,live,rolling_24h_mean,pm10,2026-09-26T06:00:00Z,60.05,ugm3
10706,Narela,28.820629,77.101099,North,CPCB,live,rolling_24h_mean,pm10,2026-09-26T07:00:00Z,54.54,ugm3
10706,Narela,28.820629,77.101099,North,CPCB,live,rolling_24h_mean,pm10,2026-09-26T08:00:00Z,66.11,ugm3
10706,Narela,28.820629,77.101099,North,CPCB,live,rolling_24h_mean,pm10,2026-09-26T09:00:00Z,86.32,ugm3
10706,Narela,28.820629,77.101099,North,CPCB,live,rolling_24h_mean,pm10,2026-09-26T10:00:00Z,112.58,ugm3
10706,Narela,28.820629,77.101099,North,CPCB,live,rolling_24h_mean,pm10,2026-09-26T11:00:00Z,140.87,ugm3
10706,Narela,28.820629,77.101099,North,CPCB,live,rolling_24h_mean,pm10,2026-09-26T12:00:00Z,82.28,ugm3
10706,Narela,28.820629,77.101099,North,CPCB,live,rolling_24h_mean,pm10,2026-09-26T13:00:00Z,46.98,ugm3
10706,Narela,28.820629,77.101099,North,CPCB,live,rolling_24h_mean,pm10,2026-09-26T14:00:00Z,58.03,ugm3
10706,Narela,28.820629,77.101099,North,CPCB,live,rolling_24h_mean,pm10,2026-09-26T15:00:00Z,35.1,ugm3
10706,Narela,28.820629,77.101099,North,CPCB,live,rolling_24h_mean,pm10,2026-09-26T16:00:00Z,38.34,ugm3
10706,Narela,28.820629,77.101099,North,CPCB,live,rolling_24h_mean,pm25,2026-09-23T17:00:00Z,112.63,ugm3
10706,Narela,28.820629,77.101099,North,CPCB,live,rolling_24h_mean,pm25,2026-09-23T18:00:00Z,97.14,ugm3
10706,Narela,28.820629,77.101099,North,CPCB,live,rolling_24h_mean,pm25,2026-09-23T19:00:00Z,97.14,ugm3
10706,Narela,28.820629,77.101099,North,CPCB,live,rolling_24h_mean,pm25,2026-09-23T20:00:00Z,101.01,ugm3
10706,Narela,28.820629,77.101099,North,CPCB,live,rolling_24h_mean,pm25,2026-09-23T21:00:00Z,122.32,ugm3
10706,Narela,28.820629,77.101099,North,CPCB,live,rolling_24h_mean,pm25,2026-09-23T22:00:00Z,126.19,ugm3
10706,Narela,28.820629,77.101099,North,CPCB,live,rolling_24h_mean,pm25,2026-09-24T00:00:00Z,118.44,ugm3
10706,Narela,28.820629,77.101099,North,CPCB,live,rolling_24h_mean,pm25,2026-09-24T03:00:00Z,56.47,ugm3
10706,Narela,28.820629,77.101099,North,CPCB,live,rolling_24h_mean,pm25,2026-09-24T05:00:00Z,33.26,ugm3
10706,Narela,28.820629,77.101099,North,CPCB,live,rolling_24h_mean,pm25,2026-09-24T06:00:00Z,29.46,ugm3
10706,Narela,28.820629,77.101099,North,CPCB,live,rolling_24h_mean,pm25,2026-09-24T07:00:00Z,33.26,ugm3
10706,Narela,28.820629,77.101099,North,CPCB,live,rolling_24h_mean,pm25,2026-09-24T10:00:00Z,48.29,ugm3
10706,Narela,28.820629,77.101099,North,CPCB,live,rolling_24h_mean,pm25,2026-09-24T11:00:00Z,45.04,ugm3
10706,Narela,28.820629,77.101099,North,CPCB,live,rolling_24h_mean,pm25,2026-09-24T13:00:00Z,51.14,ugm3
10706,Narela,28.820629,77.101099,North,CPCB,live,rolling_24h_mean,pm25,2026-09-24T16:00:00Z,38.14,ugm3
10706,Narela,28.820629,77.101099,North,CPCB,live,rolling_24h_mean,pm25,2026-09-24T17:00:00Z,38.95,ugm3
10706,Narela,28.820629,77.101099,North,CPCB,live,rolling_24h_mean,pm25,2026-09-24T18:00:00Z,25.18,ugm3
10706,Narela,28.820629,77.101099,North,CPCB,live,rolling_24h_mean,pm25,2026-09-24T22:00:00Z,6.12,ugm3
10706,Narela,28.820629,77.101099,North,CPCB,live,rolling_24h_mean,pm25,2026-09-25T00:00:00Z,6.12,ugm3
10706,Narela,28.820629,77.101099,North,CPCB,live,rolling_24h_mean,pm25,2026-09-25T02:00:00Z,6.12,ugm3
10706,Narela,28.820629,77.101099,North,CPCB,live,rolling_24h_mean,pm25,2026-09-25T03:00:00Z,6.12,ugm3
10706,Narela,28.820629,77.101099,North,CPCB,live,rolling_24h_mean,pm25,2026-09-25T05:00:00Z,3.24,ugm3
10706,Narela,28.820629,77.101099,North,CPCB,live,rolling_24h_mean,pm25,2026-09-25T07:00:00Z,16.14,ugm3
10706,Narela,28.820629,77.101099,North,CPCB,live,rolling_24h_mean,pm25,2026-09-25T08:00:00Z,7.32,ugm3
10706,Narela,28.820629,77.101099,North,CPCB,live,rolling_24h_mean,pm25,2026-09-25T09:00:00Z,8.28,ugm3
10706,Narela,28.820629,77.101099,North,CPCB,live,rolling_24h_mean,pm25,2026-09-25T10:00:00Z,9.24,ugm3
10706,Narela,28.820629,77.101099,North,CPCB,live,rolling_24h_mean,pm25,2026-09-25T11:00:00Z,13.29,ugm3
10706,Narela,28.820629,77.101099,North,CPCB,live,rolling_24h_mean,pm25,2026-09-25T12:00:00Z,14.24,ugm3
10706,Narela,28.820629,77.101099,North,CPCB,live,rolling_24h_mean,pm25,2026-09-25T13:00:00Z,14.24,ugm3
10706,Narela,28.820629,77.101099,North,CPCB,live,rolling_24h_mean,pm25,2026-09-25T14:00:00Z,40.98,ugm3
10706,Narela,28.820629,77.101099,North,CPCB,live,rolling_24h_mean,pm25,2026-09-25T15:00:00Z,40.17,ugm3
10706,Narela,28.820629,77.101099,North,CPCB,live,rolling_24h_mean,pm25,2026-09-25T16:00:00Z,27.08,ugm3
10706,Narela,28.820629,77.101099,North,CPCB,live,rolling_24h_mean,pm25,2026-09-25T17:00:00Z,40.17,ugm3
10706,Narela,28.820629,77.101099,North,CPCB,live,rolling_24h_mean,pm25,2026-09-25T18:00:00Z,25.18,ugm3
10706,Narela,28.820629,77.101099,North,CPCB,live,rolling_24h_mean,pm25,2026-09-25T19:00:00Z,22.32,ugm3
10706,Narela,28.820629,77.101099,North,CPCB,live,rolling_24h_mean,pm25,2026-09-25T20:00:00Z,22.32,ugm3
10706,Narela,28.820629,77.101099,North,CPCB,live,rolling_24h_mean,pm25,2026-09-25T21:00:00Z,20.42,ugm3
10706,Narela,28.820629,77.101099,North,CPCB,live,rolling_24h_mean,pm25,2026-09-25T22:00:00Z,12.12,ugm3
10706,Narela,28.820629,77.101099,North,CPCB,live,rolling_24h_mean,pm25,2026-09-25T23:00:00Z,17.09,ugm3
10706,Narela,28.820629,77.101099,North,CPCB,live,rolling_24h_mean,pm25,2026-09-26T00:00:00Z,23.27,ugm3
10706,Narela,28.820629,77.101099,North,CPCB,live,rolling_24h_mean,pm25,2026-09-26T01:00:00Z,10.44,ugm3
10706,Narela,28.820629,77.101099,North,CPCB,live,rolling_24h_mean,pm25,2026-09-26T02:00:00Z,6.12,ugm3
10706,Narela,28.820629,77.101099,North,CPCB,live,rolling_24h_mean,pm25,2026-09-26T03:00:00Z,3.0,ugm3
10706,Narela,28.820629,77.101099,North,CPCB,live,rolling_24h_mean,pm25,2026-09-26T04:00:00Z,8.52,ugm3
10706,Narela,28.820629,77.101099,North,CPCB,live,rolling_24h_mean,pm25,2026-09-26T05:00:00Z,9.24,ugm3
10706,Narela,28.820629,77.101099,North,CPCB,live,rolling_24h_mean,pm25,2026-09-26T06:00:00Z,9.0,ugm3
10706,Narela,28.820629,77.101099,North,CPCB,live,rolling_24h_mean,pm25,2026-09-26T07:00:00Z,14.24,ugm3
10706,Narela,28.820629,77.101099,North,CPCB,live,rolling_24h_mean,pm25,2026-09-26T08:00:00Z,9.24,ugm3
10706,Narela,28.820629,77.101099,North,CPCB,live,rolling_24h_mean,pm25,2026-09-26T09:00:00Z,9.0,ugm3
10706,Narela,28.820629,77.101099,North,CPCB,live,rolling_24h_mean,pm25,2026-09-26T10:00:00Z,8.28,ugm3
10706,Narela,28.820629,77.101099,North,CPCB,live,rolling_24h_mean,pm25,2026-09-26T11:00:00Z,8.28,ugm3
10706,Narela,28.820629,77.101099,North,CPCB,live,rolling_24h_mean,pm25,2026-09-26T12:00:00Z,4.2,ugm3
10706,Narela,28.820629,77.101099,North,CPCB,live,rolling_24h_mean,pm25,2026-09-26T13:00:00Z,2.28,ugm3
10706,Narela,28.820629,77.101099,North,CPCB,live,rolling_24h_mean,pm25,2026-09-26T14:00:00Z,9.24,ugm3
10706,Narela,28.820629,77.101099,North,CPCB,live,rolling_24h_mean,pm25,2026-09-26T15:00:00Z,7.32,ugm3
10706,Narela,28.820629,77.101099,North,CPCB,live,rolling_24h_mean,pm25,2026-09-26T16:00:00Z,1.32,ugm3
10707,Sri Auribindo Marg,28.528344,77.189304,South,CPCB,live,rolling_24h_mean,o3,2026-09-23T17:00:00Z,3.81,ugm3
10707,Sri Auribindo Marg,28.528344,77.189304,South,CPCB,live,rolling_24h_mean,o3,2026-09-23T18:00:00Z,4.02,ugm3
10707,Sri Auribindo Marg,28.528344,77.189304,South,CPCB,live,rolling_24h_mean,o3,2026-09-23T19:00:00Z,3.81,ugm3
10707,Sri Auribindo Marg,28.528344,77.189304,South,CPCB,live,rolling_24h_mean,o3,2026-09-23T20:00:00Z,5.3,ugm3
10707,Sri Auribindo Marg,28.528344,77.189304,South,CPCB,live,rolling_24h_mean,o3,2026-09-23T21:00:00Z,4.02,ugm3
10707,Sri Auribindo Marg,28.528344,77.189304,South,CPCB,live,rolling_24h_mean,o3,2026-09-23T22:00:00Z,3.81,ugm3
10707,Sri Auribindo Marg,28.528344,77.189304,South,CPCB,live,rolling_24h_mean,o3,2026-09-24T00:00:00Z,3.81,ugm3
10707,Sri Auribindo Marg,28.528344,77.189304,South,CPCB,live,rolling_24h_mean,o3,2026-09-24T03:00:00Z,10.38,ugm3
10707,Sri Auribindo Marg,28.528344,77.189304,South,CPCB,live,rolling_24h_mean,o3,2026-09-24T05:00:00Z,20.99,ugm3
10707,Sri Auribindo Marg,28.528344,77.189304,South,CPCB,live,rolling_24h_mean,o3,2026-09-24T06:00:00Z,24.81,ugm3
10707,Sri Auribindo Marg,28.528344,77.189304,South,CPCB,live,rolling_24h_mean,o3,2026-09-24T07:00:00Z,33.49,ugm3
10707,Sri Auribindo Marg,28.528344,77.189304,South,CPCB,live,rolling_24h_mean,o3,2026-09-24T10:00:00Z,37.95,ugm3
10707,Sri Auribindo Marg,28.528344,77.189304,South,CPCB,live,rolling_24h_mean,o3,2026-09-24T11:00:00Z,31.17,ugm3
10707,Sri Auribindo Marg,28.528344,77.189304,South,CPCB,live,rolling_24h_mean,o3,2026-09-24T13:00:00Z,18.45,ugm3
10707,Sri Auribindo Marg,28.528344,77.189304,South,CPCB,live,rolling_24h_mean,o3,2026-09-24T16:00:00Z,10.6,ugm3
10707,Sri Auribindo Marg,28.528344,77.189304,South,CPCB,live,rolling_24h_mean,o3,2026-09-24T17:00:00Z,9.54,ugm3
10707,Sri Auribindo Marg,28.528344,77.189304,South,CPCB,live,rolling_24h_mean,o3,2026-09-24T18:00:00Z,9.32,ugm3
10707,Sri Auribindo Marg,28.528344,77.189304,South,CPCB,live,rolling_24h_mean,o3,2026-09-24T22:00:00Z,9.76,ugm3
10707,Sri Auribindo Marg,28.528344,77.189304,South,CPCB,live,rolling_24h_mean,o3,2026-09-25T00:00:00Z,8.48,ugm3
10707,Sri Auribindo Marg,28.528344,77.189304,South,CPCB,live,rolling_24h_mean,o3,2026-09-25T02:00:00Z,8.48,ugm3
10707,Sri Auribindo Marg,28.528344,77.189304,South,CPCB,live,rolling_24h_mean,o3,2026-09-25T03:00:00Z,8.48,ugm3
10707,Sri Auribindo Marg,28.528344,77.189304,South,CPCB,live,rolling_24h_mean,o3,2026-09-25T05:00:00Z,15.06,ugm3
10707,Sri Auribindo Marg,28.528344,77.189304,South,CPCB,live,rolling_24h_mean,o3,2026-09-25T07:00:00Z,19.08,ugm3
10707,Sri Auribindo Marg,28.528344,77.189304,South,CPCB,live,rolling_24h_mean,o3,2026-09-25T08:00:00Z,19.08,ugm3
10707,Sri Auribindo Marg,28.528344,77.189304,South,CPCB,live,rolling_24h_mean,o3,2026-09-25T09:00:00Z,22.69,ugm3
10707,Sri Auribindo Marg,28.528344,77.189304,South,CPCB,live,rolling_24h_mean,o3,2026-09-25T10:00:00Z,23.11,ugm3
10707,Sri Auribindo Marg,28.528344,77.189304,South,CPCB,live,rolling_24h_mean,o3,2026-09-25T11:00:00Z,23.11,ugm3
10707,Sri Auribindo Marg,28.528344,77.189304,South,CPCB,live,rolling_24h_mean,o3,2026-09-25T12:00:00Z,17.39,ugm3
10707,Sri Auribindo Marg,28.528344,77.189304,South,CPCB,live,rolling_24h_mean,o3,2026-09-25T13:00:00Z,13.56,ugm3
10707,Sri Auribindo Marg,28.528344,77.189304,South,CPCB,live,rolling_24h_mean,o3,2026-09-25T14:00:00Z,9.54,ugm3
10707,Sri Auribindo Marg,28.528344,77.189304,South,CPCB,live,rolling_24h_mean,o3,2026-09-25T15:00:00Z,9.54,ugm3
10707,Sri Auribindo Marg,28.528344,77.189304,South,CPCB,live,rolling_24h_mean,o3,2026-09-25T16:00:00Z,8.91,ugm3
10707,Sri Auribindo Marg,28.528344,77.189304,South,CPCB,live,rolling_24h_mean,o3,2026-09-25T17:00:00Z,8.48,ugm3
10707,Sri Auribindo Marg,28.528344,77.189304,South,CPCB,live,rolling_24h_mean,o3,2026-09-25T18:00:00Z,7.42,ugm3
10707,Sri Auribindo Marg,28.528344,77.189304,South,CPCB,live,rolling_24h_mean,o3,2026-09-25T19:00:00Z,11.03,ugm3
10707,Sri Auribindo Marg,28.528344,77.189304,South,CPCB,live,rolling_24h_mean,o3,2026-09-25T20:00:00Z,13.78,ugm3
10707,Sri Auribindo Marg,28.528344,77.189304,South,CPCB,live,rolling_24h_mean,o3,2026-09-25T21:00:00Z,11.66,ugm3
10707,Sri Auribindo Marg,28.528344,77.189304,South,CPCB,live,rolling_24h_mean,o3,2026-09-25T22:00:00Z,9.11,ugm3
10707,Sri Auribindo Marg,28.528344,77.189304,South,CPCB,live,rolling_24h_mean,o3,2026-09-25T23:00:00Z,9.76,ugm3
10707,Sri Auribindo Marg,28.528344,77.189304,South,CPCB,live,rolling_24h_mean,o3,2026-09-26T00:00:00Z,12.29,ugm3
10707,Sri Auribindo Marg,28.528344,77.189304,South,CPCB,live,rolling_24h_mean,o3,2026-09-26T01:00:00Z,11.03,ugm3
10707,Sri Auribindo Marg,28.528344,77.189304,South,CPCB,live,rolling_24h_mean,o3,2026-09-26T02:00:00Z,8.05,ugm3
10707,Sri Auribindo Marg,28.528344,77.189304,South,CPCB,live,rolling_24h_mean,o3,2026-09-26T03:00:00Z,11.23,ugm3
10707,Sri Auribindo Marg,28.528344,77.189304,South,CPCB,live,rolling_24h_mean,o3,2026-09-26T04:00:00Z,12.5,ugm3
10707,Sri Auribindo Marg,28.528344,77.189304,South,CPCB,live,rolling_24h_mean,o3,2026-09-26T05:00:00Z,15.06,ugm3
10707,Sri Auribindo Marg,28.528344,77.189304,South,CPCB,live,rolling_24h_mean,o3,2026-09-26T06:00:00Z,22.48,ugm3
10707,Sri Auribindo Marg,28.528344,77.189304,South,CPCB,live,rolling_24h_mean,o3,2026-09-26T07:00:00Z,22.69,ugm3
10707,Sri Auribindo Marg,28.528344,77.189304,South,CPCB,live,rolling_24h_mean,o3,2026-09-26T08:00:00Z,22.48,ugm3
10707,Sri Auribindo Marg,28.528344,77.189304,South,CPCB,live,rolling_24h_mean,o3,2026-09-26T09:00:00Z,22.05,ugm3
10707,Sri Auribindo Marg,28.528344,77.189304,South,CPCB,live,rolling_24h_mean,o3,2026-09-26T10:00:00Z,21.63,ugm3
10707,Sri Auribindo Marg,28.528344,77.189304,South,CPCB,live,rolling_24h_mean,o3,2026-09-26T11:00:00Z,18.65,ugm3
10707,Sri Auribindo Marg,28.528344,77.189304,South,CPCB,live,rolling_24h_mean,o3,2026-09-26T12:00:00Z,15.9,ugm3
10707,Sri Auribindo Marg,28.528344,77.189304,South,CPCB,live,rolling_24h_mean,o3,2026-09-26T13:00:00Z,12.94,ugm3
10707,Sri Auribindo Marg,28.528344,77.189304,South,CPCB,live,rolling_24h_mean,o3,2026-09-26T14:00:00Z,15.27,ugm3
10707,Sri Auribindo Marg,28.528344,77.189304,South,CPCB,live,rolling_24h_mean,o3,2026-09-26T15:00:00Z,14.84,ugm3
10707,Sri Auribindo Marg,28.528344,77.189304,South,CPCB,live,rolling_24h_mean,o3,2026-09-26T16:00:00Z,12.5,ugm3
10707,Sri Auribindo Marg,28.528344,77.189304,South,CPCB,live,rolling_24h_mean,pm10,2026-09-23T17:00:00Z,134.81,ugm3
10707,Sri Auribindo Marg,28.528344,77.189304,South,CPCB,live,rolling_24h_mean,pm10,2026-09-23T18:00:00Z,144.91,ugm3
10707,Sri Auribindo Marg,28.528344,77.189304,South,CPCB,live,rolling_24h_mean,pm10,2026-09-23T19:00:00Z,150.97,ugm3
10707,Sri Auribindo Marg,28.528344,77.189304,South,CPCB,live,rolling_24h_mean,pm10,2026-09-23T20:00:00Z,152.99,ugm3
10707,Sri Auribindo Marg,28.528344,77.189304,South,CPCB,live,rolling_24h_mean,pm10,2026-09-23T21:00:00Z,158.03,ugm3
10707,Sri Auribindo Marg,28.528344,77.189304,South,CPCB,live,rolling_24h_mean,pm10,2026-09-23T22:00:00Z,146.93,ugm3
10707,Sri Auribindo Marg,28.528344,77.189304,South,CPCB,live,rolling_24h_mean,pm10,2026-09-24T00:00:00Z,122.68,ugm3
10707,Sri Auribindo Marg,28.528344,77.189304,South,CPCB,live,rolling_24h_mean,pm10,2026-09-24T03:00:00Z,92.38,ugm3
10707,Sri Auribindo Marg,28.528344,77.189304,South,CPCB,live,rolling_24h_mean,pm10,2026-09-24T05:00:00Z,74.19,ugm3
10707,Sri Auribindo Marg,28.528344,77.189304,South,CPCB,live,rolling_24h_mean,pm10,2026-09-24T06:00:00Z,82.28,ugm3
10707,Sri Auribindo Marg,28.528344,77.189304,South,CPCB,live,rolling_24h_mean,pm10,2026-09-24T07:00:00Z,92.38,ugm3
10707,Sri Auribindo Marg,28.528344,77.189304,South,CPCB,live,rolling_24h_mean,pm10,2026-09-24T10:00:00Z,100.46,ugm3
10707,Sri Auribindo Marg,28.528344,77.189304,South,CPCB,live,rolling_24h_mean,pm10,2026-09-24T11:00:00Z,104.5,ugm3
10707,Sri Auribindo Marg,28.528344,77.189304,South,CPCB,live,rolling_24h_mean,pm10,2026-09-24T13:00:00Z,110.56,ugm3
10707,Sri Auribindo Marg,28.528344,77.189304,South,CPCB,live,rolling_24h_mean,pm10,2026-09-24T16:00:00Z,112.58,ugm3
10707,Sri Auribindo Marg,28.528344,77.189304,South,CPCB,live,rolling_24h_mean,pm10,2026-09-24T17:00:00Z,106.52,ugm3
10707,Sri Auribindo Marg,28.528344,77.189304,South,CPCB,live,rolling_24h_mean,pm10,2026-09-24T18:00:00Z,86.32,ugm3
10707,Sri Auribindo Marg,28.528344,77.189304,South,CPCB,live,rolling_24h_mean,pm10,2026-09-24T22:00:00Z,32.94,ugm3
10707,Sri Auribindo Marg,28.528344,77.189304,South,CPCB,live,rolling_24h_mean,pm10,2026-09-25T00:00:00Z,22.14,ugm3
10707,Sri Auribindo Marg,28.528344,77.189304,South,CPCB,live,rolling_24h_mean,pm10,2026-09-25T02:00:00Z,22.14,ugm3
10707,Sri Auribindo Marg,28.528344,77.189304,South,CPCB,live,rolling_24h_mean,pm10,2026-09-25T03:00:00Z,22.14,ugm3
10707,Sri Auribindo Marg,28.528344,77.189304,South,CPCB,live,rolling_24h_mean,pm10,2026-09-25T05:00:00Z,54.54,ugm3
10707,Sri Auribindo Marg,28.528344,77.189304,South,CPCB,live,rolling_24h_mean,pm10,2026-09-25T07:00:00Z,51.3,ugm3
10707,Sri Auribindo Marg,28.528344,77.189304,South,CPCB,live,rolling_24h_mean,pm10,2026-09-25T08:00:00Z,51.3,ugm3
10707,Sri Auribindo Marg,28.528344,77.189304,South,CPCB,live,rolling_24h_mean,pm10,2026-09-25T09:00:00Z,66.11,ugm3
10707,Sri Auribindo Marg,28.528344,77.189304,South,CPCB,live,rolling_24h_mean,pm10,2026-09-25T10:00:00Z,94.4,ugm3
10707,Sri Auribindo Marg,28.528344,77.189304,South,CPCB,live,rolling_24h_mean,pm10,2026-09-25T11:00:00Z,94.4,ugm3
10707,Sri Auribindo Marg,28.528344,77.189304,South,CPCB,live,rolling_24h_mean,pm10,2026-09-25T12:00:00Z,78.23,ugm3
10707,Sri Auribindo Marg,28.528344,77.189304,South,CPCB,live,rolling_24h_mean,pm10,2026-09-25T13:00:00Z,90.36,ugm3
10707,Sri Auribindo Marg,28.528344,77.189304,South,CPCB,live,rolling_24h_mean,pm10,2026-09-25T14:00:00Z,104.5,ugm3
10707,Sri Auribindo Marg,28.528344,77.189304,South,CPCB,live,rolling_24h_mean,pm10,2026-09-25T15:00:00Z,128.74,ugm3
10707,Sri Auribindo Marg,28.528344,77.189304,South,CPCB,live,rolling_24h_mean,pm10,2026-09-25T16:00:00Z,106.52,ugm3
10707,Sri Auribindo Marg,28.528344,77.189304,South,CPCB,live,rolling_24h_mean,pm10,2026-09-25T17:00:00Z,98.44,ugm3
10707,Sri Auribindo Marg,28.528344,77.189304,South,CPCB,live,rolling_24h_mean,pm10,2026-09-25T18:00:00Z,82.28,ugm3
10707,Sri Auribindo Marg,28.528344,77.189304,South,CPCB,live,rolling_24h_mean,pm10,2026-09-25T19:00:00Z,43.74,ugm3
10707,Sri Auribindo Marg,28.528344,77.189304,South,CPCB,live,rolling_24h_mean,pm10,2026-09-25T20:00:00Z,29.7,ugm3
10707,Sri Auribindo Marg,28.528344,77.189304,South,CPCB,live,rolling_24h_mean,pm10,2026-09-25T21:00:00Z,34.02,ugm3
10707,Sri Auribindo Marg,28.528344,77.189304,South,CPCB,live,rolling_24h_mean,pm10,2026-09-25T22:00:00Z,32.94,ugm3
10707,Sri Auribindo Marg,28.528344,77.189304,South,CPCB,live,rolling_24h_mean,pm10,2026-09-25T23:00:00Z,28.62,ugm3
10707,Sri Auribindo Marg,28.528344,77.189304,South,CPCB,live,rolling_24h_mean,pm10,2026-09-26T00:00:00Z,25.38,ugm3
10707,Sri Auribindo Marg,28.528344,77.189304,South,CPCB,live,rolling_24h_mean,pm10,2026-09-26T01:00:00Z,29.7,ugm3
10707,Sri Auribindo Marg,28.528344,77.189304,South,CPCB,live,rolling_24h_mean,pm10,2026-09-26T02:00:00Z,37.26,ugm3
10707,Sri Auribindo Marg,28.528344,77.189304,South,CPCB,live,rolling_24h_mean,pm10,2026-09-26T03:00:00Z,51.3,ugm3
10707,Sri Auribindo Marg,28.528344,77.189304,South,CPCB,live,rolling_24h_mean,pm10,2026-09-26T04:00:00Z,62.07,ugm3
10707,Sri Auribindo Marg,28.528344,77.189304,South,CPCB,live,rolling_24h_mean,pm10,2026-09-26T05:00:00Z,66.11,ugm3
10707,Sri Auribindo Marg,28.528344,77.189304,South,CPCB,live,rolling_24h_mean,pm10,2026-09-26T06:00:00Z,66.11,ugm3
10707,Sri Auribindo Marg,28.528344,77.189304,South,CPCB,live,rolling_24h_mean,pm10,2026-09-26T07:00:00Z,94.4,ugm3
10707,Sri Auribindo Marg,28.528344,77.189304,South,CPCB,live,rolling_24h_mean,pm10,2026-09-26T08:00:00Z,78.23,ugm3
10707,Sri Auribindo Marg,28.528344,77.189304,South,CPCB,live,rolling_24h_mean,pm10,2026-09-26T09:00:00Z,60.05,ugm3
10707,Sri Auribindo Marg,28.528344,77.189304,South,CPCB,live,rolling_24h_mean,pm10,2026-09-26T10:00:00Z,60.05,ugm3
10707,Sri Auribindo Marg,28.528344,77.189304,South,CPCB,live,rolling_24h_mean,pm10,2026-09-26T11:00:00Z,84.3,ugm3
10707,Sri Auribindo Marg,28.528344,77.189304,South,CPCB,live,rolling_24h_mean,pm10,2026-09-26T12:00:00Z,44.82,ugm3
10707,Sri Auribindo Marg,28.528344,77.189304,South,CPCB,live,rolling_24h_mean,pm10,2026-09-26T13:00:00Z,16.74,ugm3
10707,Sri Auribindo Marg,28.528344,77.189304,South,CPCB,live,rolling_24h_mean,pm10,2026-09-26T14:00:00Z,24.3,ugm3
10707,Sri Auribindo Marg,28.528344,77.189304,South,CPCB,live,rolling_24h_mean,pm10,2026-09-26T15:00:00Z,32.94,ugm3
10707,Sri Auribindo Marg,28.528344,77.189304,South,CPCB,live,rolling_24h_mean,pm10,2026-09-26T16:00:00Z,19.98,ugm3
10707,Sri Auribindo Marg,28.528344,77.189304,South,CPCB,live,rolling_24h_mean,pm25,2026-09-23T17:00:00Z,50.32,ugm3
10707,Sri Auribindo Marg,28.528344,77.189304,South,CPCB,live,rolling_24h_mean,pm25,2026-09-23T18:00:00Z,55.2,ugm3
10707,Sri Auribindo Marg,28.528344,77.189304,South,CPCB,live,rolling_24h_mean,pm25,2026-09-23T19:00:00Z,52.35,ugm3
10707,Sri Auribindo Marg,28.528344,77.189304,South,CPCB,live,rolling_24h_mean,pm25,2026-09-23T20:00:00Z,54.38,ugm3
10707,Sri Auribindo Marg,28.528344,77.189304,South,CPCB,live,rolling_24h_mean,pm25,2026-09-23T21:00:00Z,64.22,ugm3
10707,Sri Auribindo Marg,28.528344,77.189304,South,CPCB,live,rolling_24h_mean,pm25,2026-09-23T22:00:00Z,66.15,ugm3
10707,Sri Auribindo Marg,28.528344,77.189304,South,CPCB,live,rolling_24h_mean,pm25,2026-09-24T00:00:00Z,50.32,ugm3
10707,Sri Auribindo Marg,28.528344,77.189304,South,CPCB,live,rolling_24h_mean,pm25,2026-09-24T03:00:00Z,38.14,ugm3
10707,Sri Auribindo Marg,28.528344,77.189304,South,CPCB,live,rolling_24h_mean,pm25,2026-09-24T05:00:00Z,28.51,ugm3
10707,Sri Auribindo Marg,28.528344,77.189304,South,CPCB,live,rolling_24h_mean,pm25,2026-09-24T06:00:00Z,27.08,ugm3
10707,Sri Auribindo Marg,28.528344,77.189304,South,CPCB,live,rolling_24h_mean,pm25,2026-09-24T07:00:00Z,35.16,ugm3
10707,Sri Auribindo Marg,28.528344,77.189304,South,CPCB,live,rolling_24h_mean,pm25,2026-09-24T10:00:00Z,46.26,ugm3
10707,Sri Auribindo Marg,28.528344,77.189304,South,CPCB,live,rolling_24h_mean,pm25,2026-09-24T11:00:00Z,38.95,ugm3
10707,Sri Auribindo Marg,28.528344,77.189304,South,CPCB,live,rolling_24h_mean,pm25,2026-09-24T13:00:00Z,50.32,ugm3
10707,Sri Auribindo Marg,28.528344,77.189304,South,CPCB,live,rolling_24h_mean,pm25,2026-09-24T16:00:00Z,44.23,ugm3
10707,Sri Auribindo Marg,28.528344,77.189304,South,CPCB,live,rolling_24h_mean,pm25,2026-09-24T17:00:00Z,44.23,ugm3
10707,Sri Auribindo Marg,28.528344,77.189304,South,CPCB,live,rolling_24h_mean,pm25,2026-09-24T18:00:00Z,28.51,ugm3
10707,Sri Auribindo Marg,28.528344,77.189304,South,CPCB,live,rolling_24h_mean,pm25,2026-09-24T22:00:00Z,11.16,ugm3
10707,Sri Auribindo Marg,28.528344,77.189304,South,CPCB,live,rolling_24h_mean,pm25,2026-09-25T00:00:00Z,7.32,ugm3
10707,Sri Auribindo Marg,28.528344,77.189304,South,CPCB,live,rolling_24h_mean,pm25,2026-09-25T02:00:00Z,7.32,ugm3
10707,Sri Auribindo Marg,28.528344,77.189304,South,CPCB,live,rolling_24h_mean,pm25,2026-09-25T03:00:00Z,7.32,ugm3
10707,Sri Auribindo Marg,28.528344,77.189304,South,CPCB,live,rolling_24h_mean,pm25,2026-09-25T05:00:00Z,12.12,ugm3
10707,Sri Auribindo Marg,28.528344,77.189304,South,CPCB,live,rolling_24h_mean,pm25,2026-09-25T07:00:00Z,15.19,ugm3
10707,Sri Auribindo Marg,28.528344,77.189304,South,CPCB,live,rolling_24h_mean,pm25,2026-09-25T08:00:00Z,15.19,ugm3
10707,Sri Auribindo Marg,28.528344,77.189304,South,CPCB,live,rolling_24h_mean,pm25,2026-09-25T09:00:00Z,15.19,ugm3
10707,Sri Auribindo Marg,28.528344,77.189304,South,CPCB,live,rolling_24h_mean,pm25,2026-09-25T10:00:00Z,19.47,ugm3
10707,Sri Auribindo Marg,28.528344,77.189304,South,CPCB,live,rolling_24h_mean,pm25,2026-09-25T11:00:00Z,19.47,ugm3
10707,Sri Auribindo Marg,28.528344,77.189304,South,CPCB,live,rolling_24h_mean,pm25,2026-09-25T12:00:00Z,23.75,ugm3
10707,Sri Auribindo Marg,28.528344,77.189304,South,CPCB,live,rolling_24h_mean,pm25,2026-09-25T13:00:00Z,29.46,ugm3
10707,Sri Auribindo Marg,28.528344,77.189304,South,CPCB,live,rolling_24h_mean,pm25,2026-09-25T14:00:00Z,27.08,ugm3
10707,Sri Auribindo Marg,28.528344,77.189304,South,CPCB,live,rolling_24h_mean,pm25,2026-09-25T15:00:00Z,45.04,ugm3
10707,Sri Auribindo Marg,28.528344,77.189304,South,CPCB,live,rolling_24h_mean,pm25,2026-09-25T16:00:00Z,36.11,ugm3
10707,Sri Auribindo Marg,28.528344,77.189304,South,CPCB,live,rolling_24h_mean,pm25,2026-09-25T17:00:00Z,33.74,ugm3
10707,Sri Auribindo Marg,28.528344,77.189304,South,CPCB,live,rolling_24h_mean,pm25,2026-09-25T18:00:00Z,27.08,ugm3
10707,Sri Auribindo Marg,28.528344,77.189304,South,CPCB,live,rolling_24h_mean,pm25,2026-09-25T19:00:00Z,12.12,ugm3
10707,Sri Auribindo Marg,28.528344,77.189304,South,CPCB,live,rolling_24h_mean,pm25,2026-09-25T20:00:00Z,8.76,ugm3
10707,Sri Auribindo Marg,28.528344,77.189304,South,CPCB,live,rolling_24h_mean,pm25,2026-09-25T21:00:00Z,7.08,ugm3
10707,Sri Auribindo Marg,28.528344,77.189304,South,CPCB,live,rolling_24h_mean,pm25,2026-09-25T22:00:00Z,6.6,ugm3
10707,Sri Auribindo Marg,28.528344,77.189304,South,CPCB,live,rolling_24h_mean,pm25,2026-09-25T23:00:00Z,7.32,ugm3
10707,Sri Auribindo Marg,28.528344,77.189304,South,CPCB,live,rolling_24h_mean,pm25,2026-09-26T00:00:00Z,7.56,ugm3
10707,Sri Auribindo Marg,28.528344,77.189304,South,CPCB,live,rolling_24h_mean,pm25,2026-09-26T01:00:00Z,8.28,ugm3
10707,Sri Auribindo Marg,28.528344,77.189304,South,CPCB,live,rolling_24h_mean,pm25,2026-09-26T02:00:00Z,9.0,ugm3
10707,Sri Auribindo Marg,28.528344,77.189304,South,CPCB,live,rolling_24h_mean,pm25,2026-09-26T03:00:00Z,12.12,ugm3
10707,Sri Auribindo Marg,28.528344,77.189304,South,CPCB,live,rolling_24h_mean,pm25,2026-09-26T04:00:00Z,16.14,ugm3
10707,Sri Auribindo Marg,28.528344,77.189304,South,CPCB,live,rolling_24h_mean,pm25,2026-09-26T05:00:00Z,15.67,ugm3
10707,Sri Auribindo Marg,28.528344,77.189304,South,CPCB,live,rolling_24h_mean,pm25,2026-09-26T06:00:00Z,17.57,ugm3
10707,Sri Auribindo Marg,28.528344,77.189304,South,CPCB,live,rolling_24h_mean,pm25,2026-09-26T07:00:00Z,30.41,ugm3
10707,Sri Auribindo Marg,28.528344,77.189304,South,CPCB,live,rolling_24h_mean,pm25,2026-09-26T08:00:00Z,17.57,ugm3
10707,Sri Auribindo Marg,28.528344,77.189304,South,CPCB,live,rolling_24h_mean,pm25,2026-09-26T09:00:00Z,14.24,ugm3
10707,Sri Auribindo Marg,28.528344,77.189304,South,CPCB,live,rolling_24h_mean,pm25,2026-09-26T10:00:00Z,13.29,ugm3
10707,Sri Auribindo Marg,28.528344,77.189304,South,CPCB,live,rolling_24h_mean,pm25,2026-09-26T11:00:00Z,14.24,ugm3
10707,Sri Auribindo Marg,28.528344,77.189304,South,CPCB,live,rolling_24h_mean,pm25,2026-09-26T12:00:00Z,16.14,ugm3
10707,Sri Auribindo Marg,28.528344,77.189304,South,CPCB,live,rolling_24h_mean,pm25,2026-09-26T13:00:00Z,2.28,ugm3
10707,Sri Auribindo Marg,28.528344,77.189304,South,CPCB,live,rolling_24h_mean,pm25,2026-09-26T14:00:00Z,9.24,ugm3
10707,Sri Auribindo Marg,28.528344,77.189304,South,CPCB,live,rolling_24h_mean,pm25,2026-09-26T15:00:00Z,6.12,ugm3
10707,Sri Auribindo Marg,28.528344,77.189304,South,CPCB,live,rolling_24h_mean,pm25,2026-09-26T16:00:00Z,5.16,ugm3
10708,Mundka,28.68241,77.030469,West,CPCB,live,rolling_24h_mean,o3,2026-09-23T17:00:00Z,5.08,ugm3
10708,Mundka,28.68241,77.030469,West,CPCB,live,rolling_24h_mean,o3,2026-09-23T18:00:00Z,5.73,ugm3
10708,Mundka,28.68241,77.030469,West,CPCB,live,rolling_24h_mean,o3,2026-09-23T19:00:00Z,4.87,ugm3
10708,Mundka,28.68241,77.030469,West,CPCB,live,rolling_24h_mean,o3,2026-09-23T20:00:00Z,4.02,ugm3
10708,Mundka,28.68241,77.030469,West,CPCB,live,rolling_24h_mean,o3,2026-09-23T21:00:00Z,3.81,ugm3
10708,Mundka,28.68241,77.030469,West,CPCB,live,rolling_24h_mean,o3,2026-09-23T22:00:00Z,4.02,ugm3
10708,Mundka,28.68241,77.030469,West,CPCB,live,rolling_24h_mean,o3,2026-09-24T00:00:00Z,4.67,ugm3
10708,Mundka,28.68241,77.030469,West,CPCB,live,rolling_24h_mean,o3,2026-09-24T03:00:00Z,5.3,ugm3
10708,Mundka,28.68241,77.030469,West,CPCB,live,rolling_24h_mean,o3,2026-09-24T05:00:00Z,5.73,ugm3
10708,Mundka,28.68241,77.030469,West,CPCB,live,rolling_24h_mean,o3,2026-09-24T06:00:00Z,6.79,ugm3
10708,Mundka,28.68241,77.030469,West,CPCB,live,rolling_24h_mean,o3,2026-09-24T07:00:00Z,8.26,ugm3
10708,Mundka,28.68241,77.030469,West,CPCB,live,rolling_24h_mean,o3,2026-09-24T10:00:00Z,12.09,ugm3
10708,Mundka,28.68241,77.030469,West,CPCB,live,rolling_24h_mean,o3,2026-09-24T11:00:00Z,13.15,ugm3
10708,Mundka,28.68241,77.030469,West,CPCB,live,rolling_24h_mean,o3,2026-09-24T13:00:00Z,11.66,ugm3
10708,Mundka,28.68241,77.030469,West,CPCB,live,rolling_24h_mean,o3,2026-09-24T16:00:00Z,4.24,ugm3
10708,Mundka,28.68241,77.030469,West,CPCB,live,rolling_24h_mean,o3,2026-09-24T17:00:00Z,5.3,ugm3
10708,Mundka,28.68241,77.030469,West,CPCB,live,rolling_24h_mean,o3,2026-09-24T18:00:00Z,4.24,ugm3
10708,Mundka,28.68241,77.030469,West,CPCB,live,rolling_24h_mean,o3,2026-09-24T22:00:00Z,4.87,ugm3
10708,Mundka,28.68241,77.030469,West,CPCB,live,rolling_24h_mean,o3,2026-09-25T00:00:00Z,4.87,ugm3
10708,Mundka,28.68241,77.030469,West,CPCB,live,rolling_24h_mean,o3,2026-09-25T02:00:00Z,4.87,ugm3
10708,Mundka,28.68241,77.030469,West,CPCB,live,rolling_24h_mean,o3,2026-09-25T03:00:00Z,4.87,ugm3
10708,Mundka,28.68241,77.030469,West,CPCB,live,rolling_24h_mean,o3,2026-09-25T05:00:00Z,4.87,ugm3
10708,Mundka,28.68241,77.030469,West,CPCB,live,rolling_24h_mean,o3,2026-09-25T07:00:00Z,5.93,ugm3
10708,Mundka,28.68241,77.030469,West,CPCB,live,rolling_24h_mean,o3,2026-09-25T08:00:00Z,6.58,ugm3
10708,Mundka,28.68241,77.030469,West,CPCB,live,rolling_24h_mean,o3,2026-09-25T09:00:00Z,6.36,ugm3
10708,Mundka,28.68241,77.030469,West,CPCB,live,rolling_24h_mean,o3,2026-09-25T10:00:00Z,7.85,ugm3
10708,Mundka,28.68241,77.030469,West,CPCB,live,rolling_24h_mean,o3,2026-09-25T11:00:00Z,7.85,ugm3
10708,Mundka,28.68241,77.030469,West,CPCB,live,rolling_24h_mean,o3,2026-09-25T12:00:00Z,8.48,ugm3
10708,Mundka,28.68241,77.030469,West,CPCB,live,rolling_24h_mean,o3,2026-09-25T13:00:00Z,8.05,ugm3
10708,Mundka,28.68241,77.030469,West,CPCB,live,rolling_24h_mean,o3,2026-09-25T14:00:00Z,6.36,ugm3
10708,Mundka,28.68241,77.030469,West,CPCB,live,rolling_24h_mean,o3,2026-09-25T15:00:00Z,5.3,ugm3
10708,Mundka,28.68241,77.030469,West,CPCB,live,rolling_24h_mean,o3,2026-09-25T16:00:00Z,4.67,ugm3
10708,Mundka,28.68241,77.030469,West,CPCB,live,rolling_24h_mean,o3,2026-09-25T17:00:00Z,4.67,ugm3
10708,Mundka,28.68241,77.030469,West,CPCB,live,rolling_24h_mean,o3,2026-09-25T18:00:00Z,4.24,ugm3
10708,Mundka,28.68241,77.030469,West,CPCB,live,rolling_24h_mean,o3,2026-09-25T19:00:00Z,5.3,ugm3
10708,Mundka,28.68241,77.030469,West,CPCB,live,rolling_24h_mean,o3,2026-09-25T20:00:00Z,5.08,ugm3
10708,Mundka,28.68241,77.030469,West,CPCB,live,rolling_24h_mean,o3,2026-09-25T21:00:00Z,5.08,ugm3
10708,Mundka,28.68241,77.030469,West,CPCB,live,rolling_24h_mean,o3,2026-09-25T22:00:00Z,5.93,ugm3
10708,Mundka,28.68241,77.030469,West,CPCB,live,rolling_24h_mean,o3,2026-09-25T23:00:00Z,4.87,ugm3
10708,Mundka,28.68241,77.030469,West,CPCB,live,rolling_24h_mean,o3,2026-09-26T00:00:00Z,4.67,ugm3
10708,Mundka,28.68241,77.030469,West,CPCB,live,rolling_24h_mean,o3,2026-09-26T01:00:00Z,4.87,ugm3
10708,Mundka,28.68241,77.030469,West,CPCB,live,rolling_24h_mean,o3,2026-09-26T02:00:00Z,5.08,ugm3
10708,Mundka,28.68241,77.030469,West,CPCB,live,rolling_24h_mean,o3,2026-09-26T03:00:00Z,5.52,ugm3
10708,Mundka,28.68241,77.030469,West,CPCB,live,rolling_24h_mean,o3,2026-09-26T04:00:00Z,6.36,ugm3
10708,Mundka,28.68241,77.030469,West,CPCB,live,rolling_24h_mean,o3,2026-09-26T05:00:00Z,7.2,ugm3
10708,Mundka,28.68241,77.030469,West,CPCB,live,rolling_24h_mean,o3,2026-09-26T06:00:00Z,8.26,ugm3
10708,Mundka,28.68241,77.030469,West,CPCB,live,rolling_24h_mean,o3,2026-09-26T07:00:00Z,7.85,ugm3
10708,Mundka,28.68241,77.030469,West,CPCB,live,rolling_24h_mean,o3,2026-09-26T08:00:00Z,6.36,ugm3
10708,Mundka,28.68241,77.030469,West,CPCB,live,rolling_24h_mean,o3,2026-09-26T09:00:00Z,6.36,ugm3
10708,Mundka,28.68241,77.030469,West,CPCB,live,rolling_24h_mean,o3,2026-09-26T10:00:00Z,6.36,ugm3
10708,Mundka,28.68241,77.030469,West,CPCB,live,rolling_24h_mean,o3,2026-09-26T11:00:00Z,6.14,ugm3
10708,Mundka,28.68241,77.030469,West,CPCB,live,rolling_24h_mean,o3,2026-09-26T12:00:00Z,6.36,ugm3
10708,Mundka,28.68241,77.030469,West,CPCB,live,rolling_24h_mean,o3,2026-09-26T13:00:00Z,6.58,ugm3
10708,Mundka,28.68241,77.030469,West,CPCB,live,rolling_24h_mean,o3,2026-09-26T14:00:00Z,6.99,ugm3
10708,Mundka,28.68241,77.030469,West,CPCB,live,rolling_24h_mean,o3,2026-09-26T15:00:00Z,7.2,ugm3
10708,Mundka,28.68241,77.030469,West,CPCB,live,rolling_24h_mean,o3,2026-09-26T16:00:00Z,5.93,ugm3
10708,Mundka,28.68241,77.030469,West,CPCB,live,rolling_24h_mean,pm10,2026-09-23T17:00:00Z,198.44,ugm3
10708,Mundka,28.68241,77.030469,West,CPCB,live,rolling_24h_mean,pm10,2026-09-23T18:00:00Z,232.79,ugm3
10708,Mundka,28.68241,77.030469,West,CPCB,live,rolling_24h_mean,pm10,2026-09-23T19:00:00Z,238.85,ugm3
10708,Mundka,28.68241,77.030469,West,CPCB,live,rolling_24h_mean,pm10,2026-09-23T20:00:00Z,232.79,ugm3
10708,Mundka,28.68241,77.030469,West,CPCB,live,rolling_24h_mean,pm10,2026-09-23T21:00:00Z,228.74,ugm3
10708,Mundka,28.68241,77.030469,West,CPCB,live,rolling_24h_mean,pm10,2026-09-23T22:00:00Z,234.81,ugm3
10708,Mundka,28.68241,77.030469,West,CPCB,live,rolling_24h_mean,pm10,2026-09-24T00:00:00Z,230.77,ugm3
10708,Mundka,28.68241,77.030469,West,CPCB,live,rolling_24h_mean,pm10,2026-09-24T03:00:00Z,198.44,ugm3
10708,Mundka,28.68241,77.030469,West,CPCB,live,rolling_24h_mean,pm10,2026-09-24T05:00:00Z,146.93,ugm3
10708,Mundka,28.68241,77.030469,West,CPCB,live,rolling_24h_mean,pm10,2026-09-24T06:00:00Z,100.46,ugm3
10708,Mundka,28.68241,77.030469,West,CPCB,live,rolling_24h_mean,pm10,2026-09-24T07:00:00Z,108.54,ugm3
10708,Mundka,28.68241,77.030469,West,CPCB,live,rolling_24h_mean,pm10,2026-09-24T10:00:00Z,124.7,ugm3
10708,Mundka,28.68241,77.030469,West,CPCB,live,rolling_24h_mean,pm10,2026-09-24T11:00:00Z,124.7,ugm3
10708,Mundka,28.68241,77.030469,West,CPCB,live,rolling_24h_mean,pm10,2026-09-24T13:00:00Z,146.93,ugm3
10708,Mundka,28.68241,77.030469,West,CPCB,live,rolling_24h_mean,pm10,2026-09-24T16:00:00Z,196.42,ugm3
10708,Mundka,28.68241,77.030469,West,CPCB,live,rolling_24h_mean,pm10,2026-09-24T17:00:00Z,166.11,ugm3
10708,Mundka,28.68241,77.030469,West,CPCB,live,rolling_24h_mean,pm10,2026-09-24T18:00:00Z,132.79,ugm3
10708,Mundka,28.68241,77.030469,West,CPCB,live,rolling_24h_mean,pm10,2026-09-24T22:00:00Z,78.23,ugm3
10708,Mundka,28.68241,77.030469,West,CPCB,live,rolling_24h_mean,pm10,2026-09-25T00:00:00Z,74.19,ugm3
10708,Mundka,28.68241,77.030469,West,CPCB,live,rolling_24h_mean,pm10,2026-09-25T02:00:00Z,74.19,ugm3
10708,Mundka,28.68241,77.030469,West,CPCB,live,rolling_24h_mean,pm10,2026-09-25T03:00:00Z,74.19,ugm3
10708,Mundka,28.68241,77.030469,West,CPCB,live,rolling_24h_mean,pm10,2026-09-25T05:00:00Z,74.19,ugm3
10708,Mundka,28.68241,77.030469,West,CPCB,live,rolling_24h_mean,pm10,2026-09-25T07:00:00Z,84.3,ugm3
10708,Mundka,28.68241,77.030469,West,CPCB,live,rolling_24h_mean,pm10,2026-09-25T08:00:00Z,82.28,ugm3
10708,Mundka,28.68241,77.030469,West,CPCB,live,rolling_24h_mean,pm10,2026-09-25T09:00:00Z,88.34,ugm3
10708,Mundka,28.68241,77.030469,West,CPCB,live,rolling_24h_mean,pm10,2026-09-25T10:00:00Z,74.19,ugm3
10708,Mundka,28.68241,77.030469,West,CPCB,live,rolling_24h_mean,pm10,2026-09-25T11:00:00Z,74.19,ugm3
10708,Mundka,28.68241,77.030469,West,CPCB,live,rolling_24h_mean,pm10,2026-09-25T12:00:00Z,112.58,ugm3
10708,Mundka,28.68241,77.030469,West,CPCB,live,rolling_24h_mean,pm10,2026-09-25T13:00:00Z,94.4,ugm3
10708,Mundka,28.68241,77.030469,West,CPCB,live,rolling_24h_mean,pm10,2026-09-25T14:00:00Z,136.83,ugm3
10708,Mundka,28.68241,77.030469,West,CPCB,live,rolling_24h_mean,pm10,2026-09-25T15:00:00Z,134.81,ugm3
10708,Mundka,28.68241,77.030469,West,CPCB,live,rolling_24h_mean,pm10,2026-09-25T16:00:00Z,112.58,ugm3
10708,Mundka,28.68241,77.030469,West,CPCB,live,rolling_24h_mean,pm10,2026-09-25T17:00:00Z,120.66,ugm3
10708,Mundka,28.68241,77.030469,West,CPCB,live,rolling_24h_mean,pm10,2026-09-25T18:00:00Z,116.62,ugm3
10708,Mundka,28.68241,77.030469,West,CPCB,live,rolling_24h_mean,pm10,2026-09-25T19:00:00Z,102.48,ugm3
10708,Mundka,28.68241,77.030469,West,CPCB,live,rolling_24h_mean,pm10,2026-09-25T20:00:00Z,52.38,ugm3
10708,Mundka,28.68241,77.030469,West,CPCB,live,rolling_24h_mean,pm10,2026-09-25T21:00:00Z,28.62,ugm3
10708,Mundka,28.68241,77.030469,West,CPCB,live,rolling_24h_mean,pm10,2026-09-25T22:00:00Z,62.07,ugm3
10708,Mundka,28.68241,77.030469,West,CPCB,live,rolling_24h_mean,pm10,2026-09-25T23:00:00Z,44.82,ugm3
10708,Mundka,28.68241,77.030469,West,CPCB,live,rolling_24h_mean,pm10,2026-09-26T00:00:00Z,60.05,ugm3
10708,Mundka,28.68241,77.030469,West,CPCB,live,rolling_24h_mean,pm10,2026-09-26T01:00:00Z,58.03,ugm3
10708,Mundka,28.68241,77.030469,West,CPCB,live,rolling_24h_mean,pm10,2026-09-26T02:00:00Z,54.54,ugm3
10708,Mundka,28.68241,77.030469,West,CPCB,live,rolling_24h_mean,pm10,2026-09-26T03:00:00Z,82.28,ugm3
10708,Mundka,28.68241,77.030469,West,CPCB,live,rolling_24h_mean,pm10,2026-09-26T04:00:00Z,84.3,ugm3
10708,Mundka,28.68241,77.030469,West,CPCB,live,rolling_24h_mean,pm10,2026-09-26T05:00:00Z,88.34,ugm3
10708,Mundka,28.68241,77.030469,West,CPCB,live,rolling_24h_mean,pm10,2026-09-26T06:00:00Z,124.7,ugm3
10708,Mundka,28.68241,77.030469,West,CPCB,live,rolling_24h_mean,pm10,2026-09-26T07:00:00Z,116.62,ugm3
10708,Mundka,28.68241,77.030469,West,CPCB,live,rolling_24h_mean,pm10,2026-09-26T08:00:00Z,128.74,ugm3
10708,Mundka,28.68241,77.030469,West,CPCB,live,rolling_24h_mean,pm10,2026-09-26T09:00:00Z,116.62,ugm3
10708,Mundka,28.68241,77.030469,West,CPCB,live,rolling_24h_mean,pm10,2026-09-26T10:00:00Z,100.46,ugm3
10708,Mundka,28.68241,77.030469,West,CPCB,live,rolling_24h_mean,pm10,2026-09-26T11:00:00Z,162.07,ugm3
10708,Mundka,28.68241,77.030469,West,CPCB,live,rolling_24h_mean,pm10,2026-09-26T12:00:00Z,120.66,ugm3
10708,Mundka,28.68241,77.030469,West,CPCB,live,rolling_24h_mean,pm10,2026-09-26T13:00:00Z,58.03,ugm3
10708,Mundka,28.68241,77.030469,West,CPCB,live,rolling_24h_mean,pm10,2026-09-26T14:00:00Z,27.54,ugm3
10708,Mundka,28.68241,77.030469,West,CPCB,live,rolling_24h_mean,pm10,2026-09-26T15:00:00Z,25.38,ugm3
10708,Mundka,28.68241,77.030469,West,CPCB,live,rolling_24h_mean,pm10,2026-09-26T16:00:00Z,46.98,ugm3
10708,Mundka,28.68241,77.030469,West,CPCB,live,rolling_24h_mean,pm25,2026-09-23T17:00:00Z,91.33,ugm3
10708,Mundka,28.68241,77.030469,West,CPCB,live,rolling_24h_mean,pm25,2026-09-23T18:00:00Z,73.9,ugm3
10708,Mundka,28.68241,77.030469,West,CPCB,live,rolling_24h_mean,pm25,2026-09-23T19:00:00Z,79.71,ugm3
10708,Mundka,28.68241,77.030469,West,CPCB,live,rolling_24h_mean,pm25,2026-09-23T20:00:00Z,83.58,ugm3
10708,Mundka,28.68241,77.030469,West,CPCB,live,rolling_24h_mean,pm25,2026-09-23T21:00:00Z,120.38,ugm3
10708,Mundka,28.68241,77.030469,West,CPCB,live,rolling_24h_mean,pm25,2026-09-23T22:00:00Z,110.7,ugm3
10708,Mundka,28.68241,77.030469,West,CPCB,live,rolling_24h_mean,pm25,2026-09-24T00:00:00Z,95.2,ugm3
10708,Mundka,28.68241,77.030469,West,CPCB,live,rolling_24h_mean,pm25,2026-09-24T03:00:00Z,60.34,ugm3
10708,Mundka,28.68241,77.030469,West,CPCB,live,rolling_24h_mean,pm25,2026-09-24T05:00:00Z,38.95,ugm3
10708,Mundka,28.68241,77.030469,West,CPCB,live,rolling_24h_mean,pm25,2026-09-24T06:00:00Z,23.27,ugm3
10708,Mundka,28.68241,77.030469,West,CPCB,live,rolling_24h_mean,pm25,2026-09-24T07:00:00Z,18.99,ugm3
10708,Mundka,28.68241,77.030469,West,CPCB,live,rolling_24h_mean,pm25,2026-09-24T10:00:00Z,36.11,ugm3
10708,Mundka,28.68241,77.030469,West,CPCB,live,rolling_24h_mean,pm25,2026-09-24T11:00:00Z,44.23,ugm3
10708,Mundka,28.68241,77.030469,West,CPCB,live,rolling_24h_mean,pm25,2026-09-24T13:00:00Z,40.17,ugm3
10708,Mundka,28.68241,77.030469,West,CPCB,live,rolling_24h_mean,pm25,2026-09-24T16:00:00Z,50.32,ugm3
10708,Mundka,28.68241,77.030469,West,CPCB,live,rolling_24h_mean,pm25,2026-09-24T17:00:00Z,45.04,ugm3
10708,Mundka,28.68241,77.030469,West,CPCB,live,rolling_24h_mean,pm25,2026-09-24T18:00:00Z,22.32,ugm3
10708,Mundka,28.68241,77.030469,West,CPCB,live,rolling_24h_mean,pm25,2026-09-24T22:00:00Z,17.09,ugm3
10708,Mundka,28.68241,77.030469,West,CPCB,live,rolling_24h_mean,pm25,2026-09-25T00:00:00Z,13.76,ugm3
10708,Mundka,28.68241,77.030469,West,CPCB,live,rolling_24h_mean,pm25,2026-09-25T02:00:00Z,13.76,ugm3
10708,Mundka,28.68241,77.030469,West,CPCB,live,rolling_24h_mean,pm25,2026-09-25T03:00:00Z,13.76,ugm3
10708,Mundka,28.68241,77.030469,West,CPCB,live,rolling_24h_mean,pm25,2026-09-25T05:00:00Z,13.76,ugm3
10708,Mundka,28.68241,77.030469,West,CPCB,live,rolling_24h_mean,pm25,2026-09-25T07:00:00Z,16.14,ugm3
10708,Mundka,28.68241,77.030469,West,CPCB,live,rolling_24h_mean,pm25,2026-09-25T08:00:00Z,9.24,ugm3
10708,Mundka,28.68241,77.030469,West,CPCB,live,rolling_24h_mean,pm25,2026-09-25T09:00:00Z,8.28,ugm3
10708,Mundka,28.68241,77.030469,West,CPCB,live,rolling_24h_mean,pm25,2026-09-25T10:00:00Z,9.24,ugm3
10708,Mundka,28.68241,77.030469,West,CPCB,live,rolling_24h_mean,pm25,2026-09-25T11:00:00Z,9.24,ugm3
10708,Mundka,28.68241,77.030469,West,CPCB,live,rolling_24h_mean,pm25,2026-09-25T12:00:00Z,16.14,ugm3
10708,Mundka,28.68241,77.030469,West,CPCB,live,rolling_24h_mean,pm25,2026-09-25T13:00:00Z,23.27,ugm3
10708,Mundka,28.68241,77.030469,West,CPCB,live,rolling_24h_mean,pm25,2026-09-25T14:00:00Z,23.27,ugm3
10708,Mundka,28.68241,77.030469,West,CPCB,live,rolling_24h_mean,pm25,2026-09-25T15:00:00Z,27.08,ugm3
10708,Mundka,28.68241,77.030469,West,CPCB,live,rolling_24h_mean,pm25,2026-09-25T16:00:00Z,30.41,ugm3
10708,Mundka,28.68241,77.030469,West,CPCB,live,rolling_24h_mean,pm25,2026-09-25T17:00:00Z,33.26,ugm3
10708,Mundka,28.68241,77.030469,West,CPCB,live,rolling_24h_mean,pm25,2026-09-25T18:00:00Z,34.21,ugm3
10708,Mundka,28.68241,77.030469,West,CPCB,live,rolling_24h_mean,pm25,2026-09-25T19:00:00Z,40.17,ugm3
10708,Mundka,28.68241,77.030469,West,CPCB,live,rolling_24h_mean,pm25,2026-09-25T20:00:00Z,8.28,ugm3
10708,Mundka,28.68241,77.030469,West,CPCB,live,rolling_24h_mean,pm25,2026-09-25T21:00:00Z,7.32,ugm3
10708,Mundka,28.68241,77.030469,West,CPCB,live,rolling_24h_mean,pm25,2026-09-25T22:00:00Z,6.12,ugm3
10708,Mundka,28.68241,77.030469,West,CPCB,live,rolling_24h_mean,pm25,2026-09-25T23:00:00Z,9.24,ugm3
10708,Mundka,28.68241,77.030469,West,CPCB,live,rolling_24h_mean,pm25,2026-09-26T00:00:00Z,13.29,ugm3
10708,Mundka,28.68241,77.030469,West,CPCB,live,rolling_24h_mean,pm25,2026-09-26T01:00:00Z,7.32,ugm3
10708,Mundka,28.68241,77.030469,West,CPCB,live,rolling_24h_mean,pm25,2026-09-26T02:00:00Z,2.28,ugm3
10708,Mundka,28.68241,77.030469,West,CPCB,live,rolling_24h_mean,pm25,2026-09-26T03:00:00Z,14.24,ugm3
10708,Mundka,28.68241,77.030469,West,CPCB,live,rolling_24h_mean,pm25,2026-09-26T04:00:00Z,29.46,ugm3
10708,Mundka,28.68241,77.030469,West,CPCB,live,rolling_24h_mean,pm25,2026-09-26T05:00:00Z,20.42,ugm3
10708,Mundka,28.68241,77.030469,West,CPCB,live,rolling_24h_mean,pm25,2026-09-26T06:00:00Z,14.24,ugm3
10708,Mundka,28.68241,77.030469,West,CPCB,live,rolling_24h_mean,pm25,2026-09-26T07:00:00Z,29.46,ugm3
10708,Mundka,28.68241,77.030469,West,CPCB,live,rolling_24h_mean,pm25,2026-09-26T08:00:00Z,14.24,ugm3
10708,Mundka,28.68241,77.030469,West,CPCB,live,rolling_24h_mean,pm25,2026-09-26T09:00:00Z,17.09,ugm3
10708,Mundka,28.68241,77.030469,West,CPCB,live,rolling_24h_mean,pm25,2026-09-26T10:00:00Z,13.29,ugm3
10708,Mundka,28.68241,77.030469,West,CPCB,live,rolling_24h_mean,pm25,2026-09-26T11:00:00Z,7.32,ugm3
10708,Mundka,28.68241,77.030469,West,CPCB,live,rolling_24h_mean,pm25,2026-09-26T12:00:00Z,9.24,ugm3
10708,Mundka,28.68241,77.030469,West,CPCB,live,rolling_24h_mean,pm25,2026-09-26T13:00:00Z,3.24,ugm3
10708,Mundka,28.68241,77.030469,West,CPCB,live,rolling_24h_mean,pm25,2026-09-26T14:00:00Z,3.24,ugm3
10708,Mundka,28.68241,77.030469,West,CPCB,live,rolling_24h_mean,pm25,2026-09-26T15:00:00Z,3.24,ugm3
10708,Mundka,28.68241,77.030469,West,CPCB,live,rolling_24h_mean,pm25,2026-09-26T16:00:00Z,3.24,ugm3
10820,"Sector 30, Faridabad",28.4417,77.3217,South,HSPCB,archive,hourly_readings,no2,2026-09-16T14:00:00Z,30.6,ugm3
10820,"Sector 30, Faridabad",28.4417,77.3217,South,HSPCB,archive,hourly_readings,no2,2026-09-16T15:00:00Z,30.2,ugm3
10820,"Sector 30, Faridabad",28.4417,77.3217,South,HSPCB,archive,hourly_readings,no2,2026-09-16T17:00:00Z,31.0,ugm3
10820,"Sector 30, Faridabad",28.4417,77.3217,South,HSPCB,archive,hourly_readings,no2,2026-09-16T18:00:00Z,30.0,ugm3
10820,"Sector 30, Faridabad",28.4417,77.3217,South,HSPCB,archive,hourly_readings,no2,2026-09-16T19:00:00Z,30.2,ugm3
10820,"Sector 30, Faridabad",28.4417,77.3217,South,HSPCB,archive,hourly_readings,no2,2026-09-16T20:00:00Z,30.5,ugm3
10820,"Sector 30, Faridabad",28.4417,77.3217,South,HSPCB,archive,hourly_readings,no2,2026-09-16T21:00:00Z,29.7,ugm3
10820,"Sector 30, Faridabad",28.4417,77.3217,South,HSPCB,archive,hourly_readings,no2,2026-09-16T22:00:00Z,30.3,ugm3
10820,"Sector 30, Faridabad",28.4417,77.3217,South,HSPCB,archive,hourly_readings,no2,2026-09-16T23:00:00Z,30.0,ugm3
10820,"Sector 30, Faridabad",28.4417,77.3217,South,HSPCB,archive,hourly_readings,no2,2026-09-17T00:00:00Z,29.8,ugm3
10820,"Sector 30, Faridabad",28.4417,77.3217,South,HSPCB,archive,hourly_readings,no2,2026-09-17T01:00:00Z,30.6,ugm3
10820,"Sector 30, Faridabad",28.4417,77.3217,South,HSPCB,archive,hourly_readings,no2,2026-09-17T02:00:00Z,30.3,ugm3
10820,"Sector 30, Faridabad",28.4417,77.3217,South,HSPCB,archive,hourly_readings,no2,2026-09-17T03:00:00Z,30.7,ugm3
10820,"Sector 30, Faridabad",28.4417,77.3217,South,HSPCB,archive,hourly_readings,no2,2026-09-17T04:00:00Z,30.6,ugm3
10820,"Sector 30, Faridabad",28.4417,77.3217,South,HSPCB,archive,hourly_readings,no2,2026-09-17T05:00:00Z,29.9,ugm3
10820,"Sector 30, Faridabad",28.4417,77.3217,South,HSPCB,archive,hourly_readings,no2,2026-09-17T06:00:00Z,30.4,ugm3
10820,"Sector 30, Faridabad",28.4417,77.3217,South,HSPCB,archive,hourly_readings,no2,2026-09-17T07:00:00Z,28.2,ugm3
10820,"Sector 30, Faridabad",28.4417,77.3217,South,HSPCB,archive,hourly_readings,no2,2026-09-17T08:00:00Z,30.4,ugm3
10820,"Sector 30, Faridabad",28.4417,77.3217,South,HSPCB,archive,hourly_readings,no2,2026-09-17T09:00:00Z,30.3,ugm3
10820,"Sector 30, Faridabad",28.4417,77.3217,South,HSPCB,archive,hourly_readings,no2,2026-09-17T10:00:00Z,30.0,ugm3
10820,"Sector 30, Faridabad",28.4417,77.3217,South,HSPCB,archive,hourly_readings,no2,2026-09-17T11:00:00Z,30.5,ugm3
10820,"Sector 30, Faridabad",28.4417,77.3217,South,HSPCB,archive,hourly_readings,no2,2026-09-17T12:00:00Z,30.4,ugm3
10820,"Sector 30, Faridabad",28.4417,77.3217,South,HSPCB,archive,hourly_readings,no2,2026-09-17T13:00:00Z,30.9,ugm3
10820,"Sector 30, Faridabad",28.4417,77.3217,South,HSPCB,archive,hourly_readings,o3,2026-09-16T14:00:00Z,15.6,ugm3
10820,"Sector 30, Faridabad",28.4417,77.3217,South,HSPCB,archive,hourly_readings,o3,2026-09-16T15:00:00Z,16.0,ugm3
10820,"Sector 30, Faridabad",28.4417,77.3217,South,HSPCB,archive,hourly_readings,o3,2026-09-16T17:00:00Z,15.5,ugm3
10820,"Sector 30, Faridabad",28.4417,77.3217,South,HSPCB,archive,hourly_readings,o3,2026-09-16T18:00:00Z,15.4,ugm3
10820,"Sector 30, Faridabad",28.4417,77.3217,South,HSPCB,archive,hourly_readings,o3,2026-09-16T19:00:00Z,15.4,ugm3
10820,"Sector 30, Faridabad",28.4417,77.3217,South,HSPCB,archive,hourly_readings,o3,2026-09-16T20:00:00Z,15.8,ugm3
10820,"Sector 30, Faridabad",28.4417,77.3217,South,HSPCB,archive,hourly_readings,o3,2026-09-16T21:00:00Z,15.9,ugm3
10820,"Sector 30, Faridabad",28.4417,77.3217,South,HSPCB,archive,hourly_readings,o3,2026-09-16T22:00:00Z,15.5,ugm3
10820,"Sector 30, Faridabad",28.4417,77.3217,South,HSPCB,archive,hourly_readings,o3,2026-09-16T23:00:00Z,15.1,ugm3
10820,"Sector 30, Faridabad",28.4417,77.3217,South,HSPCB,archive,hourly_readings,o3,2026-09-17T00:00:00Z,14.9,ugm3
10820,"Sector 30, Faridabad",28.4417,77.3217,South,HSPCB,archive,hourly_readings,o3,2026-09-17T01:00:00Z,15.2,ugm3
10820,"Sector 30, Faridabad",28.4417,77.3217,South,HSPCB,archive,hourly_readings,o3,2026-09-17T02:00:00Z,15.4,ugm3
10820,"Sector 30, Faridabad",28.4417,77.3217,South,HSPCB,archive,hourly_readings,o3,2026-09-17T03:00:00Z,14.5,ugm3
10820,"Sector 30, Faridabad",28.4417,77.3217,South,HSPCB,archive,hourly_readings,o3,2026-09-17T04:00:00Z,15.5,ugm3
10820,"Sector 30, Faridabad",28.4417,77.3217,South,HSPCB,archive,hourly_readings,o3,2026-09-17T05:00:00Z,15.9,ugm3
10820,"Sector 30, Faridabad",28.4417,77.3217,South,HSPCB,archive,hourly_readings,o3,2026-09-17T06:00:00Z,15.3,ugm3
10820,"Sector 30, Faridabad",28.4417,77.3217,South,HSPCB,archive,hourly_readings,o3,2026-09-17T07:00:00Z,15.0,ugm3
10820,"Sector 30, Faridabad",28.4417,77.3217,South,HSPCB,archive,hourly_readings,o3,2026-09-17T08:00:00Z,15.3,ugm3
10820,"Sector 30, Faridabad",28.4417,77.3217,South,HSPCB,archive,hourly_readings,o3,2026-09-17T09:00:00Z,14.5,ugm3
10820,"Sector 30, Faridabad",28.4417,77.3217,South,HSPCB,archive,hourly_readings,o3,2026-09-17T10:00:00Z,14.7,ugm3
10820,"Sector 30, Faridabad",28.4417,77.3217,South,HSPCB,archive,hourly_readings,o3,2026-09-17T11:00:00Z,15.3,ugm3
10820,"Sector 30, Faridabad",28.4417,77.3217,South,HSPCB,archive,hourly_readings,o3,2026-09-17T12:00:00Z,15.6,ugm3
10820,"Sector 30, Faridabad",28.4417,77.3217,South,HSPCB,archive,hourly_readings,o3,2026-09-17T13:00:00Z,15.9,ugm3
10820,"Sector 30, Faridabad",28.4417,77.3217,South,HSPCB,archive,hourly_readings,pm10,2026-09-16T14:00:00Z,93.5,ugm3
10820,"Sector 30, Faridabad",28.4417,77.3217,South,HSPCB,archive,hourly_readings,pm10,2026-09-16T15:00:00Z,90.2,ugm3
10820,"Sector 30, Faridabad",28.4417,77.3217,South,HSPCB,archive,hourly_readings,pm10,2026-09-16T17:00:00Z,90.4,ugm3
10820,"Sector 30, Faridabad",28.4417,77.3217,South,HSPCB,archive,hourly_readings,pm10,2026-09-16T18:00:00Z,89.3,ugm3
10820,"Sector 30, Faridabad",28.4417,77.3217,South,HSPCB,archive,hourly_readings,pm10,2026-09-16T19:00:00Z,87.8,ugm3
10820,"Sector 30, Faridabad",28.4417,77.3217,South,HSPCB,archive,hourly_readings,pm10,2026-09-16T20:00:00Z,93.3,ugm3
10820,"Sector 30, Faridabad",28.4417,77.3217,South,HSPCB,archive,hourly_readings,pm10,2026-09-16T21:00:00Z,90.8,ugm3
10820,"Sector 30, Faridabad",28.4417,77.3217,South,HSPCB,archive,hourly_readings,pm10,2026-09-16T22:00:00Z,89.6,ugm3
10820,"Sector 30, Faridabad",28.4417,77.3217,South,HSPCB,archive,hourly_readings,pm10,2026-09-16T23:00:00Z,89.6,ugm3
10820,"Sector 30, Faridabad",28.4417,77.3217,South,HSPCB,archive,hourly_readings,pm10,2026-09-17T00:00:00Z,97.3,ugm3
10820,"Sector 30, Faridabad",28.4417,77.3217,South,HSPCB,archive,hourly_readings,pm10,2026-09-17T01:00:00Z,91.4,ugm3
10820,"Sector 30, Faridabad",28.4417,77.3217,South,HSPCB,archive,hourly_readings,pm10,2026-09-17T02:00:00Z,87.2,ugm3
10820,"Sector 30, Faridabad",28.4417,77.3217,South,HSPCB,archive,hourly_readings,pm10,2026-09-17T03:00:00Z,83.6,ugm3
10820,"Sector 30, Faridabad",28.4417,77.3217,South,HSPCB,archive,hourly_readings,pm10,2026-09-17T04:00:00Z,81.0,ugm3
10820,"Sector 30, Faridabad",28.4417,77.3217,South,HSPCB,archive,hourly_readings,pm10,2026-09-17T05:00:00Z,79.4,ugm3
10820,"Sector 30, Faridabad",28.4417,77.3217,South,HSPCB,archive,hourly_readings,pm10,2026-09-17T06:00:00Z,78.2,ugm3
10820,"Sector 30, Faridabad",28.4417,77.3217,South,HSPCB,archive,hourly_readings,pm10,2026-09-17T07:00:00Z,77.5,ugm3
10820,"Sector 30, Faridabad",28.4417,77.3217,South,HSPCB,archive,hourly_readings,pm10,2026-09-17T08:00:00Z,77.3,ugm3
10820,"Sector 30, Faridabad",28.4417,77.3217,South,HSPCB,archive,hourly_readings,pm10,2026-09-17T09:00:00Z,78.5,ugm3
10820,"Sector 30, Faridabad",28.4417,77.3217,South,HSPCB,archive,hourly_readings,pm10,2026-09-17T10:00:00Z,82.2,ugm3
10820,"Sector 30, Faridabad",28.4417,77.3217,South,HSPCB,archive,hourly_readings,pm10,2026-09-17T11:00:00Z,87.3,ugm3
10820,"Sector 30, Faridabad",28.4417,77.3217,South,HSPCB,archive,hourly_readings,pm10,2026-09-17T12:00:00Z,104.0,ugm3
10820,"Sector 30, Faridabad",28.4417,77.3217,South,HSPCB,archive,hourly_readings,pm10,2026-09-17T13:00:00Z,96.5,ugm3
10820,"Sector 30, Faridabad",28.4417,77.3217,South,HSPCB,archive,hourly_readings,pm25,2026-09-16T14:00:00Z,32.4,ugm3
10820,"Sector 30, Faridabad",28.4417,77.3217,South,HSPCB,archive,hourly_readings,pm25,2026-09-16T15:00:00Z,32.4,ugm3
10820,"Sector 30, Faridabad",28.4417,77.3217,South,HSPCB,archive,hourly_readings,pm25,2026-09-16T17:00:00Z,32.4,ugm3
10820,"Sector 30, Faridabad",28.4417,77.3217,South,HSPCB,archive,hourly_readings,pm25,2026-09-16T18:00:00Z,32.4,ugm3
10820,"Sector 30, Faridabad",28.4417,77.3217,South,HSPCB,archive,hourly_readings,pm25,2026-09-16T19:00:00Z,32.4,ugm3
10820,"Sector 30, Faridabad",28.4417,77.3217,South,HSPCB,archive,hourly_readings,pm25,2026-09-16T20:00:00Z,32.4,ugm3
10820,"Sector 30, Faridabad",28.4417,77.3217,South,HSPCB,archive,hourly_readings,pm25,2026-09-16T21:00:00Z,32.4,ugm3
10820,"Sector 30, Faridabad",28.4417,77.3217,South,HSPCB,archive,hourly_readings,pm25,2026-09-16T22:00:00Z,32.4,ugm3
10820,"Sector 30, Faridabad",28.4417,77.3217,South,HSPCB,archive,hourly_readings,pm25,2026-09-16T23:00:00Z,32.4,ugm3
10820,"Sector 30, Faridabad",28.4417,77.3217,South,HSPCB,archive,hourly_readings,pm25,2026-09-17T00:00:00Z,32.4,ugm3
10820,"Sector 30, Faridabad",28.4417,77.3217,South,HSPCB,archive,hourly_readings,pm25,2026-09-17T01:00:00Z,32.4,ugm3
10820,"Sector 30, Faridabad",28.4417,77.3217,South,HSPCB,archive,hourly_readings,pm25,2026-09-17T02:00:00Z,32.4,ugm3
10820,"Sector 30, Faridabad",28.4417,77.3217,South,HSPCB,archive,hourly_readings,pm25,2026-09-17T03:00:00Z,32.4,ugm3
10820,"Sector 30, Faridabad",28.4417,77.3217,South,HSPCB,archive,hourly_readings,pm25,2026-09-17T04:00:00Z,32.4,ugm3
10820,"Sector 30, Faridabad",28.4417,77.3217,South,HSPCB,archive,hourly_readings,pm25,2026-09-17T05:00:00Z,32.4,ugm3
10820,"Sector 30, Faridabad",28.4417,77.3217,South,HSPCB,archive,hourly_readings,pm25,2026-09-17T06:00:00Z,32.4,ugm3
10820,"Sector 30, Faridabad",28.4417,77.3217,South,HSPCB,archive,hourly_readings,pm25,2026-09-17T07:00:00Z,32.4,ugm3
10820,"Sector 30, Faridabad",28.4417,77.3217,South,HSPCB,archive,hourly_readings,pm25,2026-09-17T08:00:00Z,32.4,ugm3
10820,"Sector 30, Faridabad",28.4417,77.3217,South,HSPCB,archive,hourly_readings,pm25,2026-09-17T09:00:00Z,32.4,ugm3
10820,"Sector 30, Faridabad",28.4417,77.3217,South,HSPCB,archive,hourly_readings,pm25,2026-09-17T10:00:00Z,32.4,ugm3
10820,"Sector 30, Faridabad",28.4417,77.3217,South,HSPCB,archive,hourly_readings,pm25,2026-09-17T11:00:00Z,32.4,ugm3
10820,"Sector 30, Faridabad",28.4417,77.3217,South,HSPCB,archive,hourly_readings,pm25,2026-09-17T12:00:00Z,32.4,ugm3
10820,"Sector 30, Faridabad",28.4417,77.3217,South,HSPCB,archive,hourly_readings,pm25,2026-09-17T13:00:00Z,32.4,ugm3
10825,"Sector-51, Gurugram",28.4227,77.0667,South,HSPCB,archive,hourly_readings,no2,2026-09-16T14:00:00Z,38.0,ugm3
10825,"Sector-51, Gurugram",28.4227,77.0667,South,HSPCB,archive,hourly_readings,no2,2026-09-16T15:00:00Z,27.6,ugm3
10825,"Sector-51, Gurugram",28.4227,77.0667,South,HSPCB,archive,hourly_readings,no2,2026-09-16T17:00:00Z,19.3,ugm3
10825,"Sector-51, Gurugram",28.4227,77.0667,South,HSPCB,archive,hourly_readings,no2,2026-09-16T18:00:00Z,19.1,ugm3
10825,"Sector-51, Gurugram",28.4227,77.0667,South,HSPCB,archive,hourly_readings,no2,2026-09-16T19:00:00Z,20.4,ugm3
10825,"Sector-51, Gurugram",28.4227,77.0667,South,HSPCB,archive,hourly_readings,no2,2026-09-16T20:00:00Z,21.0,ugm3
10825,"Sector-51, Gurugram",28.4227,77.0667,South,HSPCB,archive,hourly_readings,no2,2026-09-16T21:00:00Z,25.8,ugm3
10825,"Sector-51, Gurugram",28.4227,77.0667,South,HSPCB,archive,hourly_readings,no2,2026-09-16T22:00:00Z,25.3,ugm3
10825,"Sector-51, Gurugram",28.4227,77.0667,South,HSPCB,archive,hourly_readings,no2,2026-09-16T23:00:00Z,24.0,ugm3
10825,"Sector-51, Gurugram",28.4227,77.0667,South,HSPCB,archive,hourly_readings,no2,2026-09-17T00:00:00Z,19.7,ugm3
10825,"Sector-51, Gurugram",28.4227,77.0667,South,HSPCB,archive,hourly_readings,no2,2026-09-17T01:00:00Z,18.6,ugm3
10825,"Sector-51, Gurugram",28.4227,77.0667,South,HSPCB,archive,hourly_readings,no2,2026-09-17T02:00:00Z,17.9,ugm3
10825,"Sector-51, Gurugram",28.4227,77.0667,South,HSPCB,archive,hourly_readings,no2,2026-09-17T03:00:00Z,15.5,ugm3
10825,"Sector-51, Gurugram",28.4227,77.0667,South,HSPCB,archive,hourly_readings,no2,2026-09-17T04:00:00Z,15.2,ugm3
10825,"Sector-51, Gurugram",28.4227,77.0667,South,HSPCB,archive,hourly_readings,no2,2026-09-17T05:00:00Z,20.4,ugm3
10825,"Sector-51, Gurugram",28.4227,77.0667,South,HSPCB,archive,hourly_readings,no2,2026-09-17T06:00:00Z,31.7,ugm3
10825,"Sector-51, Gurugram",28.4227,77.0667,South,HSPCB,archive,hourly_readings,no2,2026-09-17T07:00:00Z,32.7,ugm3
10825,"Sector-51, Gurugram",28.4227,77.0667,South,HSPCB,archive,hourly_readings,no2,2026-09-17T08:00:00Z,25.9,ugm3
10825,"Sector-51, Gurugram",28.4227,77.0667,South,HSPCB,archive,hourly_readings,no2,2026-09-17T09:00:00Z,12.9,ugm3
10825,"Sector-51, Gurugram",28.4227,77.0667,South,HSPCB,archive,hourly_readings,no2,2026-09-17T10:00:00Z,12.5,ugm3
10825,"Sector-51, Gurugram",28.4227,77.0667,South,HSPCB,archive,hourly_readings,no2,2026-09-17T11:00:00Z,18.1,ugm3
10825,"Sector-51, Gurugram",28.4227,77.0667,South,HSPCB,archive,hourly_readings,no2,2026-09-17T12:00:00Z,34.7,ugm3
10825,"Sector-51, Gurugram",28.4227,77.0667,South,HSPCB,archive,hourly_readings,no2,2026-09-17T13:00:00Z,34.1,ugm3
10825,"Sector-51, Gurugram",28.4227,77.0667,South,HSPCB,archive,hourly_readings,o3,2026-09-16T14:00:00Z,15.7,ugm3
10825,"Sector-51, Gurugram",28.4227,77.0667,South,HSPCB,archive,hourly_readings,o3,2026-09-16T15:00:00Z,16.1,ugm3
10825,"Sector-51, Gurugram",28.4227,77.0667,South,HSPCB,archive,hourly_readings,o3,2026-09-16T17:00:00Z,10.6,ugm3
10825,"Sector-51, Gurugram",28.4227,77.0667,South,HSPCB,archive,hourly_readings,o3,2026-09-16T18:00:00Z,12.3,ugm3
10825,"Sector-51, Gurugram",28.4227,77.0667,South,HSPCB,archive,hourly_readings,o3,2026-09-16T19:00:00Z,11.9,ugm3
10825,"Sector-51, Gurugram",28.4227,77.0667,South,HSPCB,archive,hourly_readings,o3,2026-09-16T20:00:00Z,11.6,ugm3
10825,"Sector-51, Gurugram",28.4227,77.0667,South,HSPCB,archive,hourly_readings,o3,2026-09-16T21:00:00Z,11.4,ugm3
10825,"Sector-51, Gurugram",28.4227,77.0667,South,HSPCB,archive,hourly_readings,o3,2026-09-16T22:00:00Z,11.4,ugm3
10825,"Sector-51, Gurugram",28.4227,77.0667,South,HSPCB,archive,hourly_readings,o3,2026-09-16T23:00:00Z,13.2,ugm3
10825,"Sector-51, Gurugram",28.4227,77.0667,South,HSPCB,archive,hourly_readings,o3,2026-09-17T00:00:00Z,16.8,ugm3
10825,"Sector-51, Gurugram",28.4227,77.0667,South,HSPCB,archive,hourly_readings,o3,2026-09-17T01:00:00Z,21.4,ugm3
10825,"Sector-51, Gurugram",28.4227,77.0667,South,HSPCB,archive,hourly_readings,o3,2026-09-17T02:00:00Z,32.0,ugm3
10825,"Sector-51, Gurugram",28.4227,77.0667,South,HSPCB,archive,hourly_readings,o3,2026-09-17T03:00:00Z,34.2,ugm3
10825,"Sector-51, Gurugram",28.4227,77.0667,South,HSPCB,archive,hourly_readings,o3,2026-09-17T04:00:00Z,47.2,ugm3
10825,"Sector-51, Gurugram",28.4227,77.0667,South,HSPCB,archive,hourly_readings,o3,2026-09-17T05:00:00Z,53.6,ugm3
10825,"Sector-51, Gurugram",28.4227,77.0667,South,HSPCB,archive,hourly_readings,o3,2026-09-17T06:00:00Z,68.1,ugm3
10825,"Sector-51, Gurugram",28.4227,77.0667,South,HSPCB,archive,hourly_readings,o3,2026-09-17T07:00:00Z,76.5,ugm3
10825,"Sector-51, Gurugram",28.4227,77.0667,South,HSPCB,archive,hourly_readings,o3,2026-09-17T08:00:00Z,78.2,ugm3
10825,"Sector-51, Gurugram",28.4227,77.0667,South,HSPCB,archive,hourly_readings,o3,2026-09-17T09:00:00Z,63.0,ugm3
10825,"Sector-51, Gurugram",28.4227,77.0667,South,HSPCB,archive,hourly_readings,o3,2026-09-17T10:00:00Z,49.7,ugm3
10825,"Sector-51, Gurugram",28.4227,77.0667,South,HSPCB,archive,hourly_readings,o3,2026-09-17T11:00:00Z,31.1,ugm3
10825,"Sector-51, Gurugram",28.4227,77.0667,South,HSPCB,archive,hourly_readings,o3,2026-09-17T12:00:00Z,24.6,ugm3
10825,"Sector-51, Gurugram",28.4227,77.0667,South,HSPCB,archive,hourly_readings,o3,2026-09-17T13:00:00Z,15.6,ugm3
10825,"Sector-51, Gurugram",28.4227,77.0667,South,HSPCB,archive,hourly_readings,pm10,2026-09-16T14:00:00Z,94.5,ugm3
10825,"Sector-51, Gurugram",28.4227,77.0667,South,HSPCB,archive,hourly_readings,pm10,2026-09-16T15:00:00Z,127.0,ugm3
10825,"Sector-51, Gurugram",28.4227,77.0667,South,HSPCB,archive,hourly_readings,pm10,2026-09-16T17:00:00Z,123.0,ugm3
10825,"Sector-51, Gurugram",28.4227,77.0667,South,HSPCB,archive,hourly_readings,pm10,2026-09-16T18:00:00Z,106.0,ugm3
10825,"Sector-51, Gurugram",28.4227,77.0667,South,HSPCB,archive,hourly_readings,pm10,2026-09-16T19:00:00Z,89.3,ugm3
10825,"Sector-51, Gurugram",28.4227,77.0667,South,HSPCB,archive,hourly_readings,pm10,2026-09-16T20:00:00Z,73.7,ugm3
10825,"Sector-51, Gurugram",28.4227,77.0667,South,HSPCB,archive,hourly_readings,pm10,2026-09-16T21:00:00Z,66.7,ugm3
10825,"Sector-51, Gurugram",28.4227,77.0667,South,HSPCB,archive,hourly_readings,pm10,2026-09-16T22:00:00Z,57.7,ugm3
10825,"Sector-51, Gurugram",28.4227,77.0667,South,HSPCB,archive,hourly_readings,pm10,2026-09-16T23:00:00Z,40.4,ugm3
10825,"Sector-51, Gurugram",28.4227,77.0667,South,HSPCB,archive,hourly_readings,pm10,2026-09-17T00:00:00Z,28.3,ugm3
10825,"Sector-51, Gurugram",28.4227,77.0667,South,HSPCB,archive,hourly_readings,pm10,2026-09-17T01:00:00Z,21.0,ugm3
10825,"Sector-51, Gurugram",28.4227,77.0667,South,HSPCB,archive,hourly_readings,pm10,2026-09-17T02:00:00Z,16.2,ugm3
10825,"Sector-51, Gurugram",28.4227,77.0667,South,HSPCB,archive,hourly_readings,pm10,2026-09-17T03:00:00Z,13.1,ugm3
10825,"Sector-51, Gurugram",28.4227,77.0667,South,HSPCB,archive,hourly_readings,pm10,2026-09-17T04:00:00Z,20.2,ugm3
10825,"Sector-51, Gurugram",28.4227,77.0667,South,HSPCB,archive,hourly_readings,pm10,2026-09-17T05:00:00Z,36.6,ugm3
10825,"Sector-51, Gurugram",28.4227,77.0667,South,HSPCB,archive,hourly_readings,pm10,2026-09-17T06:00:00Z,47.1,ugm3
10825,"Sector-51, Gurugram",28.4227,77.0667,South,HSPCB,archive,hourly_readings,pm10,2026-09-17T07:00:00Z,45.6,ugm3
10825,"Sector-51, Gurugram",28.4227,77.0667,South,HSPCB,archive,hourly_readings,pm10,2026-09-17T08:00:00Z,98.5,ugm3
10825,"Sector-51, Gurugram",28.4227,77.0667,South,HSPCB,archive,hourly_readings,pm10,2026-09-17T09:00:00Z,119.0,ugm3
10825,"Sector-51, Gurugram",28.4227,77.0667,South,HSPCB,archive,hourly_readings,pm10,2026-09-17T10:00:00Z,108.0,ugm3
10825,"Sector-51, Gurugram",28.4227,77.0667,South,HSPCB,archive,hourly_readings,pm10,2026-09-17T11:00:00Z,105.0,ugm3
10825,"Sector-51, Gurugram",28.4227,77.0667,South,HSPCB,archive,hourly_readings,pm10,2026-09-17T12:00:00Z,117.0,ugm3
10825,"Sector-51, Gurugram",28.4227,77.0667,South,HSPCB,archive,hourly_readings,pm10,2026-09-17T13:00:00Z,123.0,ugm3
10825,"Sector-51, Gurugram",28.4227,77.0667,South,HSPCB,archive,hourly_readings,pm25,2026-09-16T14:00:00Z,47.4,ugm3
10825,"Sector-51, Gurugram",28.4227,77.0667,South,HSPCB,archive,hourly_readings,pm25,2026-09-16T15:00:00Z,63.7,ugm3
10825,"Sector-51, Gurugram",28.4227,77.0667,South,HSPCB,archive,hourly_readings,pm25,2026-09-16T17:00:00Z,61.3,ugm3
10825,"Sector-51, Gurugram",28.4227,77.0667,South,HSPCB,archive,hourly_readings,pm25,2026-09-16T18:00:00Z,53.0,ugm3
10825,"Sector-51, Gurugram",28.4227,77.0667,South,HSPCB,archive,hourly_readings,pm25,2026-09-16T19:00:00Z,44.6,ugm3
10825,"Sector-51, Gurugram",28.4227,77.0667,South,HSPCB,archive,hourly_readings,pm25,2026-09-16T20:00:00Z,36.9,ugm3
10825,"Sector-51, Gurugram",28.4227,77.0667,South,HSPCB,archive,hourly_readings,pm25,2026-09-16T21:00:00Z,33.4,ugm3
10825,"Sector-51, Gurugram",28.4227,77.0667,South,HSPCB,archive,hourly_readings,pm25,2026-09-16T22:00:00Z,28.8,ugm3
10825,"Sector-51, Gurugram",28.4227,77.0667,South,HSPCB,archive,hourly_readings,pm25,2026-09-16T23:00:00Z,20.2,ugm3
10825,"Sector-51, Gurugram",28.4227,77.0667,South,HSPCB,archive,hourly_readings,pm25,2026-09-17T00:00:00Z,14.2,ugm3
10825,"Sector-51, Gurugram",28.4227,77.0667,South,HSPCB,archive,hourly_readings,pm25,2026-09-17T01:00:00Z,10.5,ugm3
10825,"Sector-51, Gurugram",28.4227,77.0667,South,HSPCB,archive,hourly_readings,pm25,2026-09-17T02:00:00Z,8.1,ugm3
10825,"Sector-51, Gurugram",28.4227,77.0667,South,HSPCB,archive,hourly_readings,pm25,2026-09-17T03:00:00Z,6.6,ugm3
10825,"Sector-51, Gurugram",28.4227,77.0667,South,HSPCB,archive,hourly_readings,pm25,2026-09-17T04:00:00Z,10.1,ugm3
10825,"Sector-51, Gurugram",28.4227,77.0667,South,HSPCB,archive,hourly_readings,pm25,2026-09-17T05:00:00Z,18.3,ugm3
10825,"Sector-51, Gurugram",28.4227,77.0667,South,HSPCB,archive,hourly_readings,pm25,2026-09-17T06:00:00Z,23.5,ugm3
10825,"Sector-51, Gurugram",28.4227,77.0667,South,HSPCB,archive,hourly_readings,pm25,2026-09-17T07:00:00Z,22.8,ugm3
10825,"Sector-51, Gurugram",28.4227,77.0667,South,HSPCB,archive,hourly_readings,pm25,2026-09-17T08:00:00Z,43.0,ugm3
10825,"Sector-51, Gurugram",28.4227,77.0667,South,HSPCB,archive,hourly_readings,pm25,2026-09-17T09:00:00Z,51.2,ugm3
10825,"Sector-51, Gurugram",28.4227,77.0667,South,HSPCB,archive,hourly_readings,pm25,2026-09-17T10:00:00Z,46.5,ugm3
10825,"Sector-51, Gurugram",28.4227,77.0667,South,HSPCB,archive,hourly_readings,pm25,2026-09-17T11:00:00Z,45.2,ugm3
10825,"Sector-51, Gurugram",28.4227,77.0667,South,HSPCB,archive,hourly_readings,pm25,2026-09-17T12:00:00Z,50.3,ugm3
10825,"Sector-51, Gurugram",28.4227,77.0667,South,HSPCB,archive,hourly_readings,pm25,2026-09-17T13:00:00Z,53.2,ugm3
10900,"Teri Gram, Gurugram",28.4275,77.1465,South,HSPCB,archive,hourly_readings,no2,2026-09-16T14:00:00Z,29.2,ugm3
10900,"Teri Gram, Gurugram",28.4275,77.1465,South,HSPCB,archive,hourly_readings,no2,2026-09-16T15:00:00Z,28.9,ugm3
10900,"Teri Gram, Gurugram",28.4275,77.1465,South,HSPCB,archive,hourly_readings,no2,2026-09-16T17:00:00Z,52.5,ugm3
10900,"Teri Gram, Gurugram",28.4275,77.1465,South,HSPCB,archive,hourly_readings,no2,2026-09-16T18:00:00Z,50.9,ugm3
10900,"Teri Gram, Gurugram",28.4275,77.1465,South,HSPCB,archive,hourly_readings,no2,2026-09-16T19:00:00Z,51.6,ugm3
10900,"Teri Gram, Gurugram",28.4275,77.1465,South,HSPCB,archive,hourly_readings,no2,2026-09-16T20:00:00Z,51.3,ugm3
10900,"Teri Gram, Gurugram",28.4275,77.1465,South,HSPCB,archive,hourly_readings,no2,2026-09-16T21:00:00Z,50.9,ugm3
10900,"Teri Gram, Gurugram",28.4275,77.1465,South,HSPCB,archive,hourly_readings,no2,2026-09-16T22:00:00Z,50.9,ugm3
10900,"Teri Gram, Gurugram",28.4275,77.1465,South,HSPCB,archive,hourly_readings,no2,2026-09-16T23:00:00Z,47.2,ugm3
10900,"Teri Gram, Gurugram",28.4275,77.1465,South,HSPCB,archive,hourly_readings,no2,2026-09-17T00:00:00Z,38.9,ugm3
10900,"Teri Gram, Gurugram",28.4275,77.1465,South,HSPCB,archive,hourly_readings,no2,2026-09-17T01:00:00Z,38.2,ugm3
10900,"Teri Gram, Gurugram",28.4275,77.1465,South,HSPCB,archive,hourly_readings,no2,2026-09-17T02:00:00Z,38.5,ugm3
10900,"Teri Gram, Gurugram",28.4275,77.1465,South,HSPCB,archive,hourly_readings,no2,2026-09-17T03:00:00Z,37.7,ugm3
10900,"Teri Gram, Gurugram",28.4275,77.1465,South,HSPCB,archive,hourly_readings,no2,2026-09-17T04:00:00Z,38.0,ugm3
10900,"Teri Gram, Gurugram",28.4275,77.1465,South,HSPCB,archive,hourly_readings,no2,2026-09-17T05:00:00Z,34.9,ugm3
10900,"Teri Gram, Gurugram",28.4275,77.1465,South,HSPCB,archive,hourly_readings,no2,2026-09-17T06:00:00Z,25.8,ugm3
10900,"Teri Gram, Gurugram",28.4275,77.1465,South,HSPCB,archive,hourly_readings,no2,2026-09-17T07:00:00Z,25.5,ugm3
10900,"Teri Gram, Gurugram",28.4275,77.1465,South,HSPCB,archive,hourly_readings,no2,2026-09-17T08:00:00Z,25.5,ugm3
10900,"Teri Gram, Gurugram",28.4275,77.1465,South,HSPCB,archive,hourly_readings,no2,2026-09-17T09:00:00Z,25.8,ugm3
10900,"Teri Gram, Gurugram",28.4275,77.1465,South,HSPCB,archive,hourly_readings,no2,2026-09-17T10:00:00Z,25.4,ugm3
10900,"Teri Gram, Gurugram",28.4275,77.1465,South,HSPCB,archive,hourly_readings,no2,2026-09-17T11:00:00Z,25.9,ugm3
10900,"Teri Gram, Gurugram",28.4275,77.1465,South,HSPCB,archive,hourly_readings,no2,2026-09-17T12:00:00Z,29.2,ugm3
10900,"Teri Gram, Gurugram",28.4275,77.1465,South,HSPCB,archive,hourly_readings,no2,2026-09-17T13:00:00Z,29.1,ugm3
10900,"Teri Gram, Gurugram",28.4275,77.1465,South,HSPCB,archive,hourly_readings,o3,2026-09-16T14:00:00Z,13.5,ugm3
10900,"Teri Gram, Gurugram",28.4275,77.1465,South,HSPCB,archive,hourly_readings,o3,2026-09-16T15:00:00Z,13.6,ugm3
10900,"Teri Gram, Gurugram",28.4275,77.1465,South,HSPCB,archive,hourly_readings,o3,2026-09-16T17:00:00Z,8.8,ugm3
10900,"Teri Gram, Gurugram",28.4275,77.1465,South,HSPCB,archive,hourly_readings,o3,2026-09-16T18:00:00Z,8.7,ugm3
10900,"Teri Gram, Gurugram",28.4275,77.1465,South,HSPCB,archive,hourly_readings,o3,2026-09-16T19:00:00Z,8.5,ugm3
10900,"Teri Gram, Gurugram",28.4275,77.1465,South,HSPCB,archive,hourly_readings,o3,2026-09-16T20:00:00Z,8.3,ugm3
10900,"Teri Gram, Gurugram",28.4275,77.1465,South,HSPCB,archive,hourly_readings,o3,2026-09-16T21:00:00Z,8.4,ugm3
10900,"Teri Gram, Gurugram",28.4275,77.1465,South,HSPCB,archive,hourly_readings,o3,2026-09-16T22:00:00Z,8.8,ugm3
10900,"Teri Gram, Gurugram",28.4275,77.1465,South,HSPCB,archive,hourly_readings,o3,2026-09-16T23:00:00Z,9.7,ugm3
10900,"Teri Gram, Gurugram",28.4275,77.1465,South,HSPCB,archive,hourly_readings,o3,2026-09-17T00:00:00Z,12.8,ugm3
10900,"Teri Gram, Gurugram",28.4275,77.1465,South,HSPCB,archive,hourly_readings,o3,2026-09-17T01:00:00Z,12.5,ugm3
10900,"Teri Gram, Gurugram",28.4275,77.1465,South,HSPCB,archive,hourly_readings,o3,2026-09-17T02:00:00Z,12.6,ugm3
10900,"Teri Gram, Gurugram",28.4275,77.1465,South,HSPCB,archive,hourly_readings,o3,2026-09-17T03:00:00Z,15.7,ugm3
10900,"Teri Gram, Gurugram",28.4275,77.1465,South,HSPCB,archive,hourly_readings,o3,2026-09-17T04:00:00Z,29.7,ugm3
10900,"Teri Gram, Gurugram",28.4275,77.1465,South,HSPCB,archive,hourly_readings,o3,2026-09-17T05:00:00Z,40.6,ugm3
10900,"Teri Gram, Gurugram",28.4275,77.1465,South,HSPCB,archive,hourly_readings,o3,2026-09-17T06:00:00Z,52.6,ugm3
10900,"Teri Gram, Gurugram",28.4275,77.1465,South,HSPCB,archive,hourly_readings,o3,2026-09-17T07:00:00Z,58.4,ugm3
10900,"Teri Gram, Gurugram",28.4275,77.1465,South,HSPCB,archive,hourly_readings,o3,2026-09-17T08:00:00Z,60.4,ugm3
10900,"Teri Gram, Gurugram",28.4275,77.1465,South,HSPCB,archive,hourly_readings,o3,2026-09-17T09:00:00Z,38.9,ugm3
10900,"Teri Gram, Gurugram",28.4275,77.1465,South,HSPCB,archive,hourly_readings,o3,2026-09-17T10:00:00Z,24.1,ugm3
10900,"Teri Gram, Gurugram",28.4275,77.1465,South,HSPCB,archive,hourly_readings,o3,2026-09-17T11:00:00Z,22.0,ugm3
10900,"Teri Gram, Gurugram",28.4275,77.1465,South,HSPCB,archive,hourly_readings,o3,2026-09-17T12:00:00Z,17.4,ugm3
10900,"Teri Gram, Gurugram",28.4275,77.1465,South,HSPCB,archive,hourly_readings,o3,2026-09-17T13:00:00Z,16.1,ugm3
10900,"Teri Gram, Gurugram",28.4275,77.1465,South,HSPCB,archive,hourly_readings,pm10,2026-09-16T14:00:00Z,88.2,ugm3
10900,"Teri Gram, Gurugram",28.4275,77.1465,South,HSPCB,archive,hourly_readings,pm10,2026-09-16T15:00:00Z,117.0,ugm3
10900,"Teri Gram, Gurugram",28.4275,77.1465,South,HSPCB,archive,hourly_readings,pm10,2026-09-16T17:00:00Z,135.0,ugm3
10900,"Teri Gram, Gurugram",28.4275,77.1465,South,HSPCB,archive,hourly_readings,pm10,2026-09-16T18:00:00Z,145.0,ugm3
10900,"Teri Gram, Gurugram",28.4275,77.1465,South,HSPCB,archive,hourly_readings,pm10,2026-09-16T19:00:00Z,182.0,ugm3
10900,"Teri Gram, Gurugram",28.4275,77.1465,South,HSPCB,archive,hourly_readings,pm10,2026-09-16T20:00:00Z,256.0,ugm3
10900,"Teri Gram, Gurugram",28.4275,77.1465,South,HSPCB,archive,hourly_readings,pm10,2026-09-16T21:00:00Z,275.0,ugm3
10900,"Teri Gram, Gurugram",28.4275,77.1465,South,HSPCB,archive,hourly_readings,pm10,2026-09-16T22:00:00Z,225.0,ugm3
10900,"Teri Gram, Gurugram",28.4275,77.1465,South,HSPCB,archive,hourly_readings,pm10,2026-09-16T23:00:00Z,155.0,ugm3
10900,"Teri Gram, Gurugram",28.4275,77.1465,South,HSPCB,archive,hourly_readings,pm10,2026-09-17T00:00:00Z,102.0,ugm3
10900,"Teri Gram, Gurugram",28.4275,77.1465,South,HSPCB,archive,hourly_readings,pm10,2026-09-17T01:00:00Z,72.0,ugm3
10900,"Teri Gram, Gurugram",28.4275,77.1465,South,HSPCB,archive,hourly_readings,pm10,2026-09-17T02:00:00Z,57.0,ugm3
10900,"Teri Gram, Gurugram",28.4275,77.1465,South,HSPCB,archive,hourly_readings,pm10,2026-09-17T03:00:00Z,54.9,ugm3
10900,"Teri Gram, Gurugram",28.4275,77.1465,South,HSPCB,archive,hourly_readings,pm10,2026-09-17T04:00:00Z,53.8,ugm3
10900,"Teri Gram, Gurugram",28.4275,77.1465,South,HSPCB,archive,hourly_readings,pm10,2026-09-17T05:00:00Z,83.6,ugm3
10900,"Teri Gram, Gurugram",28.4275,77.1465,South,HSPCB,archive,hourly_readings,pm10,2026-09-17T06:00:00Z,125.0,ugm3
10900,"Teri Gram, Gurugram",28.4275,77.1465,South,HSPCB,archive,hourly_readings,pm10,2026-09-17T07:00:00Z,127.0,ugm3
10900,"Teri Gram, Gurugram",28.4275,77.1465,South,HSPCB,archive,hourly_readings,pm10,2026-09-17T08:00:00Z,109.0,ugm3
10900,"Teri Gram, Gurugram",28.4275,77.1465,South,HSPCB,archive,hourly_readings,pm10,2026-09-17T09:00:00Z,104.0,ugm3
10900,"Teri Gram, Gurugram",28.4275,77.1465,South,HSPCB,archive,hourly_readings,pm10,2026-09-17T10:00:00Z,110.0,ugm3
10900,"Teri Gram, Gurugram",28.4275,77.1465,South,HSPCB,archive,hourly_readings,pm10,2026-09-17T11:00:00Z,104.0,ugm3
10900,"Teri Gram, Gurugram",28.4275,77.1465,South,HSPCB,archive,hourly_readings,pm10,2026-09-17T12:00:00Z,118.0,ugm3
10900,"Teri Gram, Gurugram",28.4275,77.1465,South,HSPCB,archive,hourly_readings,pm10,2026-09-17T13:00:00Z,138.0,ugm3
10900,"Teri Gram, Gurugram",28.4275,77.1465,South,HSPCB,archive,hourly_readings,pm25,2026-09-16T14:00:00Z,50.4,ugm3
10900,"Teri Gram, Gurugram",28.4275,77.1465,South,HSPCB,archive,hourly_readings,pm25,2026-09-16T15:00:00Z,66.8,ugm3
10900,"Teri Gram, Gurugram",28.4275,77.1465,South,HSPCB,archive,hourly_readings,pm25,2026-09-16T17:00:00Z,77.1,ugm3
10900,"Teri Gram, Gurugram",28.4275,77.1465,South,HSPCB,archive,hourly_readings,pm25,2026-09-16T18:00:00Z,82.8,ugm3
10900,"Teri Gram, Gurugram",28.4275,77.1465,South,HSPCB,archive,hourly_readings,pm25,2026-09-16T19:00:00Z,104.0,ugm3
10900,"Teri Gram, Gurugram",28.4275,77.1465,South,HSPCB,archive,hourly_readings,pm25,2026-09-16T20:00:00Z,146.0,ugm3
10900,"Teri Gram, Gurugram",28.4275,77.1465,South,HSPCB,archive,hourly_readings,pm25,2026-09-16T21:00:00Z,157.0,ugm3
10900,"Teri Gram, Gurugram",28.4275,77.1465,South,HSPCB,archive,hourly_readings,pm25,2026-09-16T22:00:00Z,128.0,ugm3
10900,"Teri Gram, Gurugram",28.4275,77.1465,South,HSPCB,archive,hourly_readings,pm25,2026-09-16T23:00:00Z,88.7,ugm3
10900,"Teri Gram, Gurugram",28.4275,77.1465,South,HSPCB,archive,hourly_readings,pm25,2026-09-17T00:00:00Z,58.3,ugm3
10900,"Teri Gram, Gurugram",28.4275,77.1465,South,HSPCB,archive,hourly_readings,pm25,2026-09-17T01:00:00Z,41.2,ugm3
10900,"Teri Gram, Gurugram",28.4275,77.1465,South,HSPCB,archive,hourly_readings,pm25,2026-09-17T02:00:00Z,32.6,ugm3
10900,"Teri Gram, Gurugram",28.4275,77.1465,South,HSPCB,archive,hourly_readings,pm25,2026-09-17T03:00:00Z,31.4,ugm3
10900,"Teri Gram, Gurugram",28.4275,77.1465,South,HSPCB,archive,hourly_readings,pm25,2026-09-17T04:00:00Z,30.8,ugm3
10900,"Teri Gram, Gurugram",28.4275,77.1465,South,HSPCB,archive,hourly_readings,pm25,2026-09-17T05:00:00Z,47.8,ugm3
10900,"Teri Gram, Gurugram",28.4275,77.1465,South,HSPCB,archive,hourly_readings,pm25,2026-09-17T06:00:00Z,71.2,ugm3
10900,"Teri Gram, Gurugram",28.4275,77.1465,South,HSPCB,archive,hourly_readings,pm25,2026-09-17T07:00:00Z,72.3,ugm3
10900,"Teri Gram, Gurugram",28.4275,77.1465,South,HSPCB,archive,hourly_readings,pm25,2026-09-17T08:00:00Z,62.6,ugm3
10900,"Teri Gram, Gurugram",28.4275,77.1465,South,HSPCB,archive,hourly_readings,pm25,2026-09-17T09:00:00Z,59.5,ugm3
10900,"Teri Gram, Gurugram",28.4275,77.1465,South,HSPCB,archive,hourly_readings,pm25,2026-09-17T10:00:00Z,62.7,ugm3
10900,"Teri Gram, Gurugram",28.4275,77.1465,South,HSPCB,archive,hourly_readings,pm25,2026-09-17T11:00:00Z,59.3,ugm3
10900,"Teri Gram, Gurugram",28.4275,77.1465,South,HSPCB,archive,hourly_readings,pm25,2026-09-17T12:00:00Z,67.5,ugm3
10900,"Teri Gram, Gurugram",28.4275,77.1465,South,HSPCB,archive,hourly_readings,pm25,2026-09-17T13:00:00Z,78.9,ugm3
10908,"Sector 11, Faridabad",28.376058,77.315741,NCR Outer,HSPCB,archive,hourly_readings,no2,2026-09-17T11:00:00Z,24.3,ugm3
10908,"Sector 11, Faridabad",28.376058,77.315741,NCR Outer,HSPCB,archive,hourly_readings,no2,2026-09-17T12:00:00Z,24.7,ugm3
10908,"Sector 11, Faridabad",28.376058,77.315741,NCR Outer,HSPCB,archive,hourly_readings,no2,2026-09-17T13:00:00Z,24.2,ugm3
10908,"Sector 11, Faridabad",28.376058,77.315741,NCR Outer,HSPCB,archive,hourly_readings,o3,2026-09-17T11:00:00Z,6.7,ugm3
10908,"Sector 11, Faridabad",28.376058,77.315741,NCR Outer,HSPCB,archive,hourly_readings,o3,2026-09-17T12:00:00Z,6.0,ugm3
10908,"Sector 11, Faridabad",28.376058,77.315741,NCR Outer,HSPCB,archive,hourly_readings,o3,2026-09-17T13:00:00Z,6.3,ugm3
10908,"Sector 11, Faridabad",28.376058,77.315741,NCR Outer,HSPCB,archive,hourly_readings,pm10,2026-09-17T11:00:00Z,93.5,ugm3
10908,"Sector 11, Faridabad",28.376058,77.315741,NCR Outer,HSPCB,archive,hourly_readings,pm10,2026-09-17T12:00:00Z,93.5,ugm3
10908,"Sector 11, Faridabad",28.376058,77.315741,NCR Outer,HSPCB,archive,hourly_readings,pm10,2026-09-17T13:00:00Z,117.0,ugm3
10908,"Sector 11, Faridabad",28.376058,77.315741,NCR Outer,HSPCB,archive,hourly_readings,pm25,2026-09-17T11:00:00Z,46.8,ugm3
10908,"Sector 11, Faridabad",28.376058,77.315741,NCR Outer,HSPCB,archive,hourly_readings,pm25,2026-09-17T12:00:00Z,46.8,ugm3
10908,"Sector 11, Faridabad",28.376058,77.315741,NCR Outer,HSPCB,archive,hourly_readings,pm25,2026-09-17T13:00:00Z,62.5,ugm3
10919,"Sanjay Nagar, Ghaziabad",28.685382,77.453839,NCR Outer,UPPCB,archive,hourly_readings,no2,2026-09-16T14:00:00Z,45.8,ugm3
10919,"Sanjay Nagar, Ghaziabad",28.685382,77.453839,NCR Outer,UPPCB,archive,hourly_readings,no2,2026-09-16T15:00:00Z,40.2,ugm3
10919,"Sanjay Nagar, Ghaziabad",28.685382,77.453839,NCR Outer,UPPCB,archive,hourly_readings,no2,2026-09-16T17:00:00Z,40.7,ugm3
10919,"Sanjay Nagar, Ghaziabad",28.685382,77.453839,NCR Outer,UPPCB,archive,hourly_readings,no2,2026-09-16T18:00:00Z,36.1,ugm3
10919,"Sanjay Nagar, Ghaziabad",28.685382,77.453839,NCR Outer,UPPCB,archive,hourly_readings,no2,2026-09-16T19:00:00Z,37.0,ugm3
10919,"Sanjay Nagar, Ghaziabad",28.685382,77.453839,NCR Outer,UPPCB,archive,hourly_readings,no2,2026-09-16T20:00:00Z,35.4,ugm3
10919,"Sanjay Nagar, Ghaziabad",28.685382,77.453839,NCR Outer,UPPCB,archive,hourly_readings,no2,2026-09-16T21:00:00Z,33.1,ugm3
10919,"Sanjay Nagar, Ghaziabad",28.685382,77.453839,NCR Outer,UPPCB,archive,hourly_readings,no2,2026-09-16T22:00:00Z,26.4,ugm3
10919,"Sanjay Nagar, Ghaziabad",28.685382,77.453839,NCR Outer,UPPCB,archive,hourly_readings,no2,2026-09-16T23:00:00Z,6.4,ugm3
10919,"Sanjay Nagar, Ghaziabad",28.685382,77.453839,NCR Outer,UPPCB,archive,hourly_readings,no2,2026-09-17T00:00:00Z,7.5,ugm3
10919,"Sanjay Nagar, Ghaziabad",28.685382,77.453839,NCR Outer,UPPCB,archive,hourly_readings,no2,2026-09-17T01:00:00Z,12.2,ugm3
10919,"Sanjay Nagar, Ghaziabad",28.685382,77.453839,NCR Outer,UPPCB,archive,hourly_readings,no2,2026-09-17T02:00:00Z,12.5,ugm3
10919,"Sanjay Nagar, Ghaziabad",28.685382,77.453839,NCR Outer,UPPCB,archive,hourly_readings,no2,2026-09-17T03:00:00Z,12.0,ugm3
10919,"Sanjay Nagar, Ghaziabad",28.685382,77.453839,NCR Outer,UPPCB,archive,hourly_readings,no2,2026-09-17T04:00:00Z,13.4,ugm3
10919,"Sanjay Nagar, Ghaziabad",28.685382,77.453839,NCR Outer,UPPCB,archive,hourly_readings,no2,2026-09-17T05:00:00Z,9.2,ugm3
10919,"Sanjay Nagar, Ghaziabad",28.685382,77.453839,NCR Outer,UPPCB,archive,hourly_readings,no2,2026-09-17T06:00:00Z,11.6,ugm3
10919,"Sanjay Nagar, Ghaziabad",28.685382,77.453839,NCR Outer,UPPCB,archive,hourly_readings,no2,2026-09-17T07:00:00Z,11.5,ugm3
10919,"Sanjay Nagar, Ghaziabad",28.685382,77.453839,NCR Outer,UPPCB,archive,hourly_readings,no2,2026-09-17T08:00:00Z,8.8,ugm3
10919,"Sanjay Nagar, Ghaziabad",28.685382,77.453839,NCR Outer,UPPCB,archive,hourly_readings,no2,2026-09-17T09:00:00Z,5.0,ugm3
10919,"Sanjay Nagar, Ghaziabad",28.685382,77.453839,NCR Outer,UPPCB,archive,hourly_readings,no2,2026-09-17T10:00:00Z,7.3,ugm3
10919,"Sanjay Nagar, Ghaziabad",28.685382,77.453839,NCR Outer,UPPCB,archive,hourly_readings,no2,2026-09-17T11:00:00Z,16.4,ugm3
10919,"Sanjay Nagar, Ghaziabad",28.685382,77.453839,NCR Outer,UPPCB,archive,hourly_readings,no2,2026-09-17T12:00:00Z,50.3,ugm3
10919,"Sanjay Nagar, Ghaziabad",28.685382,77.453839,NCR Outer,UPPCB,archive,hourly_readings,no2,2026-09-17T13:00:00Z,37.5,ugm3
10919,"Sanjay Nagar, Ghaziabad",28.685382,77.453839,NCR Outer,UPPCB,archive,hourly_readings,o3,2026-09-16T14:00:00Z,43.8,ugm3
10919,"Sanjay Nagar, Ghaziabad",28.685382,77.453839,NCR Outer,UPPCB,archive,hourly_readings,o3,2026-09-16T15:00:00Z,24.2,ugm3
10919,"Sanjay Nagar, Ghaziabad",28.685382,77.453839,NCR Outer,UPPCB,archive,hourly_readings,o3,2026-09-16T17:00:00Z,17.3,ugm3
10919,"Sanjay Nagar, Ghaziabad",28.685382,77.453839,NCR Outer,UPPCB,archive,hourly_readings,o3,2026-09-16T18:00:00Z,22.0,ugm3
10919,"Sanjay Nagar, Ghaziabad",28.685382,77.453839,NCR Outer,UPPCB,archive,hourly_readings,o3,2026-09-16T19:00:00Z,41.5,ugm3
10919,"Sanjay Nagar, Ghaziabad",28.685382,77.453839,NCR Outer,UPPCB,archive,hourly_readings,o3,2026-09-16T20:00:00Z,19.4,ugm3
10919,"Sanjay Nagar, Ghaziabad",28.685382,77.453839,NCR Outer,UPPCB,archive,hourly_readings,o3,2026-09-16T21:00:00Z,27.3,ugm3
10919,"Sanjay Nagar, Ghaziabad",28.685382,77.453839,NCR Outer,UPPCB,archive,hourly_readings,o3,2026-09-16T22:00:00Z,19.7,ugm3
10919,"Sanjay Nagar, Ghaziabad",28.685382,77.453839,NCR Outer,UPPCB,archive,hourly_readings,o3,2026-09-16T23:00:00Z,37.3,ugm3
10919,"Sanjay Nagar, Ghaziabad",28.685382,77.453839,NCR Outer,UPPCB,archive,hourly_readings,o3,2026-09-17T00:00:00Z,42.1,ugm3
10919,"Sanjay Nagar, Ghaziabad",28.685382,77.453839,NCR Outer,UPPCB,archive,hourly_readings,o3,2026-09-17T01:00:00Z,41.4,ugm3
10919,"Sanjay Nagar, Ghaziabad",28.685382,77.453839,NCR Outer,UPPCB,archive,hourly_readings,o3,2026-09-17T02:00:00Z,44.0,ugm3
10919,"Sanjay Nagar, Ghaziabad",28.685382,77.453839,NCR Outer,UPPCB,archive,hourly_readings,o3,2026-09-17T03:00:00Z,49.9,ugm3
10919,"Sanjay Nagar, Ghaziabad",28.685382,77.453839,NCR Outer,UPPCB,archive,hourly_readings,o3,2026-09-17T04:00:00Z,46.6,ugm3
10919,"Sanjay Nagar, Ghaziabad",28.685382,77.453839,NCR Outer,UPPCB,archive,hourly_readings,o3,2026-09-17T05:00:00Z,36.9,ugm3
10919,"Sanjay Nagar, Ghaziabad",28.685382,77.453839,NCR Outer,UPPCB,archive,hourly_readings,o3,2026-09-17T06:00:00Z,47.9,ugm3
10919,"Sanjay Nagar, Ghaziabad",28.685382,77.453839,NCR Outer,UPPCB,archive,hourly_readings,o3,2026-09-17T07:00:00Z,55.9,ugm3
10919,"Sanjay Nagar, Ghaziabad",28.685382,77.453839,NCR Outer,UPPCB,archive,hourly_readings,o3,2026-09-17T08:00:00Z,53.4,ugm3
10919,"Sanjay Nagar, Ghaziabad",28.685382,77.453839,NCR Outer,UPPCB,archive,hourly_readings,o3,2026-09-17T09:00:00Z,65.8,ugm3
10919,"Sanjay Nagar, Ghaziabad",28.685382,77.453839,NCR Outer,UPPCB,archive,hourly_readings,o3,2026-09-17T10:00:00Z,81.8,ugm3
10919,"Sanjay Nagar, Ghaziabad",28.685382,77.453839,NCR Outer,UPPCB,archive,hourly_readings,o3,2026-09-17T11:00:00Z,52.9,ugm3
10919,"Sanjay Nagar, Ghaziabad",28.685382,77.453839,NCR Outer,UPPCB,archive,hourly_readings,o3,2026-09-17T12:00:00Z,35.1,ugm3
10919,"Sanjay Nagar, Ghaziabad",28.685382,77.453839,NCR Outer,UPPCB,archive,hourly_readings,o3,2026-09-17T13:00:00Z,76.1,ugm3
10919,"Sanjay Nagar, Ghaziabad",28.685382,77.453839,NCR Outer,UPPCB,archive,hourly_readings,pm10,2026-09-16T14:00:00Z,183.0,ugm3
10919,"Sanjay Nagar, Ghaziabad",28.685382,77.453839,NCR Outer,UPPCB,archive,hourly_readings,pm10,2026-09-16T15:00:00Z,196.0,ugm3
10919,"Sanjay Nagar, Ghaziabad",28.685382,77.453839,NCR Outer,UPPCB,archive,hourly_readings,pm10,2026-09-16T17:00:00Z,186.0,ugm3
10919,"Sanjay Nagar, Ghaziabad",28.685382,77.453839,NCR Outer,UPPCB,archive,hourly_readings,pm10,2026-09-16T18:00:00Z,173.0,ugm3
10919,"Sanjay Nagar, Ghaziabad",28.685382,77.453839,NCR Outer,UPPCB,archive,hourly_readings,pm10,2026-09-16T19:00:00Z,173.0,ugm3
10919,"Sanjay Nagar, Ghaziabad",28.685382,77.453839,NCR Outer,UPPCB,archive,hourly_readings,pm10,2026-09-16T20:00:00Z,179.0,ugm3
10919,"Sanjay Nagar, Ghaziabad",28.685382,77.453839,NCR Outer,UPPCB,archive,hourly_readings,pm10,2026-09-16T21:00:00Z,179.0,ugm3
10919,"Sanjay Nagar, Ghaziabad",28.685382,77.453839,NCR Outer,UPPCB,archive,hourly_readings,pm10,2026-09-16T22:00:00Z,194.0,ugm3
10919,"Sanjay Nagar, Ghaziabad",28.685382,77.453839,NCR Outer,UPPCB,archive,hourly_readings,pm10,2026-09-16T23:00:00Z,162.0,ugm3
10919,"Sanjay Nagar, Ghaziabad",28.685382,77.453839,NCR Outer,UPPCB,archive,hourly_readings,pm10,2026-09-17T00:00:00Z,85.0,ugm3
10919,"Sanjay Nagar, Ghaziabad",28.685382,77.453839,NCR Outer,UPPCB,archive,hourly_readings,pm10,2026-09-17T01:00:00Z,66.5,ugm3
10919,"Sanjay Nagar, Ghaziabad",28.685382,77.453839,NCR Outer,UPPCB,archive,hourly_readings,pm10,2026-09-17T02:00:00Z,138.0,ugm3
10919,"Sanjay Nagar, Ghaziabad",28.685382,77.453839,NCR Outer,UPPCB,archive,hourly_readings,pm10,2026-09-17T03:00:00Z,153.0,ugm3
10919,"Sanjay Nagar, Ghaziabad",28.685382,77.453839,NCR Outer,UPPCB,archive,hourly_readings,pm10,2026-09-17T04:00:00Z,124.0,ugm3
10919,"Sanjay Nagar, Ghaziabad",28.685382,77.453839,NCR Outer,UPPCB,archive,hourly_readings,pm10,2026-09-17T05:00:00Z,106.0,ugm3
10919,"Sanjay Nagar, Ghaziabad",28.685382,77.453839,NCR Outer,UPPCB,archive,hourly_readings,pm10,2026-09-17T06:00:00Z,86.5,ugm3
10919,"Sanjay Nagar, Ghaziabad",28.685382,77.453839,NCR Outer,UPPCB,archive,hourly_readings,pm10,2026-09-17T07:00:00Z,96.5,ugm3
10919,"Sanjay Nagar, Ghaziabad",28.685382,77.453839,NCR Outer,UPPCB,archive,hourly_readings,pm10,2026-09-17T08:00:00Z,89.5,ugm3
10919,"Sanjay Nagar, Ghaziabad",28.685382,77.453839,NCR Outer,UPPCB,archive,hourly_readings,pm10,2026-09-17T09:00:00Z,76.5,ugm3
10919,"Sanjay Nagar, Ghaziabad",28.685382,77.453839,NCR Outer,UPPCB,archive,hourly_readings,pm10,2026-09-17T10:00:00Z,70.5,ugm3
10919,"Sanjay Nagar, Ghaziabad",28.685382,77.453839,NCR Outer,UPPCB,archive,hourly_readings,pm10,2026-09-17T11:00:00Z,77.0,ugm3
10919,"Sanjay Nagar, Ghaziabad",28.685382,77.453839,NCR Outer,UPPCB,archive,hourly_readings,pm10,2026-09-17T12:00:00Z,113.0,ugm3
10919,"Sanjay Nagar, Ghaziabad",28.685382,77.453839,NCR Outer,UPPCB,archive,hourly_readings,pm10,2026-09-17T13:00:00Z,150.0,ugm3
10919,"Sanjay Nagar, Ghaziabad",28.685382,77.453839,NCR Outer,UPPCB,archive,hourly_readings,pm25,2026-09-16T14:00:00Z,55.5,ugm3
10919,"Sanjay Nagar, Ghaziabad",28.685382,77.453839,NCR Outer,UPPCB,archive,hourly_readings,pm25,2026-09-16T15:00:00Z,55.5,ugm3
10919,"Sanjay Nagar, Ghaziabad",28.685382,77.453839,NCR Outer,UPPCB,archive,hourly_readings,pm25,2026-09-16T17:00:00Z,73.0,ugm3
10919,"Sanjay Nagar, Ghaziabad",28.685382,77.453839,NCR Outer,UPPCB,archive,hourly_readings,pm25,2026-09-16T18:00:00Z,66.0,ugm3
10919,"Sanjay Nagar, Ghaziabad",28.685382,77.453839,NCR Outer,UPPCB,archive,hourly_readings,pm25,2026-09-16T19:00:00Z,73.5,ugm3
10919,"Sanjay Nagar, Ghaziabad",28.685382,77.453839,NCR Outer,UPPCB,archive,hourly_readings,pm25,2026-09-16T20:00:00Z,89.0,ugm3
10919,"Sanjay Nagar, Ghaziabad",28.685382,77.453839,NCR Outer,UPPCB,archive,hourly_readings,pm25,2026-09-16T21:00:00Z,98.5,ugm3
10919,"Sanjay Nagar, Ghaziabad",28.685382,77.453839,NCR Outer,UPPCB,archive,hourly_readings,pm25,2026-09-16T22:00:00Z,109.0,ugm3
10919,"Sanjay Nagar, Ghaziabad",28.685382,77.453839,NCR Outer,UPPCB,archive,hourly_readings,pm25,2026-09-16T23:00:00Z,66.0,ugm3
10919,"Sanjay Nagar, Ghaziabad",28.685382,77.453839,NCR Outer,UPPCB,archive,hourly_readings,pm25,2026-09-17T00:00:00Z,15.5,ugm3
10919,"Sanjay Nagar, Ghaziabad",28.685382,77.453839,NCR Outer,UPPCB,archive,hourly_readings,pm25,2026-09-17T01:00:00Z,11.0,ugm3
10919,"Sanjay Nagar, Ghaziabad",28.685382,77.453839,NCR Outer,UPPCB,archive,hourly_readings,pm25,2026-09-17T02:00:00Z,19.5,ugm3
10919,"Sanjay Nagar, Ghaziabad",28.685382,77.453839,NCR Outer,UPPCB,archive,hourly_readings,pm25,2026-09-17T03:00:00Z,30.5,ugm3
10919,"Sanjay Nagar, Ghaziabad",28.685382,77.453839,NCR Outer,UPPCB,archive,hourly_readings,pm25,2026-09-17T04:00:00Z,38.5,ugm3
10919,"Sanjay Nagar, Ghaziabad",28.685382,77.453839,NCR Outer,UPPCB,archive,hourly_readings,pm25,2026-09-17T05:00:00Z,31.0,ugm3
10919,"Sanjay Nagar, Ghaziabad",28.685382,77.453839,NCR Outer,UPPCB,archive,hourly_readings,pm25,2026-09-17T06:00:00Z,25.0,ugm3
10919,"Sanjay Nagar, Ghaziabad",28.685382,77.453839,NCR Outer,UPPCB,archive,hourly_readings,pm25,2026-09-17T07:00:00Z,35.0,ugm3
10919,"Sanjay Nagar, Ghaziabad",28.685382,77.453839,NCR Outer,UPPCB,archive,hourly_readings,pm25,2026-09-17T08:00:00Z,27.5,ugm3
10919,"Sanjay Nagar, Ghaziabad",28.685382,77.453839,NCR Outer,UPPCB,archive,hourly_readings,pm25,2026-09-17T09:00:00Z,20.5,ugm3
10919,"Sanjay Nagar, Ghaziabad",28.685382,77.453839,NCR Outer,UPPCB,archive,hourly_readings,pm25,2026-09-17T10:00:00Z,25.5,ugm3
10919,"Sanjay Nagar, Ghaziabad",28.685382,77.453839,NCR Outer,UPPCB,archive,hourly_readings,pm25,2026-09-17T11:00:00Z,23.5,ugm3
10919,"Sanjay Nagar, Ghaziabad",28.685382,77.453839,NCR Outer,UPPCB,archive,hourly_readings,pm25,2026-09-17T12:00:00Z,28.5,ugm3
10919,"Sanjay Nagar, Ghaziabad",28.685382,77.453839,NCR Outer,UPPCB,archive,hourly_readings,pm25,2026-09-17T13:00:00Z,36.0,ugm3
10920,"New Industrial Town, Faridabad",28.39072,77.30059,NCR Outer,HSPCB,archive,hourly_readings,no2,2026-09-16T14:00:00Z,20.1,ugm3
10920,"New Industrial Town, Faridabad",28.39072,77.30059,NCR Outer,HSPCB,archive,hourly_readings,no2,2026-09-16T15:00:00Z,19.2,ugm3
10920,"New Industrial Town, Faridabad",28.39072,77.30059,NCR Outer,HSPCB,archive,hourly_readings,no2,2026-09-16T17:00:00Z,20.5,ugm3
10920,"New Industrial Town, Faridabad",28.39072,77.30059,NCR Outer,HSPCB,archive,hourly_readings,no2,2026-09-16T18:00:00Z,20.2,ugm3
10920,"New Industrial Town, Faridabad",28.39072,77.30059,NCR Outer,HSPCB,archive,hourly_readings,no2,2026-09-16T19:00:00Z,19.5,ugm3
10920,"New Industrial Town, Faridabad",28.39072,77.30059,NCR Outer,HSPCB,archive,hourly_readings,no2,2026-09-16T20:00:00Z,19.3,ugm3
10920,"New Industrial Town, Faridabad",28.39072,77.30059,NCR Outer,HSPCB,archive,hourly_readings,no2,2026-09-16T21:00:00Z,19.5,ugm3
10920,"New Industrial Town, Faridabad",28.39072,77.30059,NCR Outer,HSPCB,archive,hourly_readings,no2,2026-09-16T22:00:00Z,19.2,ugm3
10920,"New Industrial Town, Faridabad",28.39072,77.30059,NCR Outer,HSPCB,archive,hourly_readings,no2,2026-09-16T23:00:00Z,19.9,ugm3
10920,"New Industrial Town, Faridabad",28.39072,77.30059,NCR Outer,HSPCB,archive,hourly_readings,no2,2026-09-17T00:00:00Z,20.2,ugm3
10920,"New Industrial Town, Faridabad",28.39072,77.30059,NCR Outer,HSPCB,archive,hourly_readings,no2,2026-09-17T01:00:00Z,20.1,ugm3
10920,"New Industrial Town, Faridabad",28.39072,77.30059,NCR Outer,HSPCB,archive,hourly_readings,no2,2026-09-17T02:00:00Z,19.7,ugm3
10920,"New Industrial Town, Faridabad",28.39072,77.30059,NCR Outer,HSPCB,archive,hourly_readings,no2,2026-09-17T03:00:00Z,19.9,ugm3
10920,"New Industrial Town, Faridabad",28.39072,77.30059,NCR Outer,HSPCB,archive,hourly_readings,no2,2026-09-17T04:00:00Z,20.6,ugm3
10920,"New Industrial Town, Faridabad",28.39072,77.30059,NCR Outer,HSPCB,archive,hourly_readings,no2,2026-09-17T05:00:00Z,20.7,ugm3
10920,"New Industrial Town, Faridabad",28.39072,77.30059,NCR Outer,HSPCB,archive,hourly_readings,no2,2026-09-17T06:00:00Z,20.4,ugm3
10920,"New Industrial Town, Faridabad",28.39072,77.30059,NCR Outer,HSPCB,archive,hourly_readings,no2,2026-09-17T07:00:00Z,19.5,ugm3
10920,"New Industrial Town, Faridabad",28.39072,77.30059,NCR Outer,HSPCB,archive,hourly_readings,no2,2026-09-17T08:00:00Z,19.9,ugm3
10920,"New Industrial Town, Faridabad",28.39072,77.30059,NCR Outer,HSPCB,archive,hourly_readings,no2,2026-09-17T09:00:00Z,20.4,ugm3
10920,"New Industrial Town, Faridabad",28.39072,77.30059,NCR Outer,HSPCB,archive,hourly_readings,no2,2026-09-17T10:00:00Z,19.2,ugm3
10920,"New Industrial Town, Faridabad",28.39072,77.30059,NCR Outer,HSPCB,archive,hourly_readings,no2,2026-09-17T11:00:00Z,19.6,ugm3
10920,"New Industrial Town, Faridabad",28.39072,77.30059,NCR Outer,HSPCB,archive,hourly_readings,no2,2026-09-17T12:00:00Z,20.5,ugm3
10920,"New Industrial Town, Faridabad",28.39072,77.30059,NCR Outer,HSPCB,archive,hourly_readings,no2,2026-09-17T13:00:00Z,19.6,ugm3
10920,"New Industrial Town, Faridabad",28.39072,77.30059,NCR Outer,HSPCB,archive,hourly_readings,o3,2026-09-16T14:00:00Z,14.0,ugm3
10920,"New Industrial Town, Faridabad",28.39072,77.30059,NCR Outer,HSPCB,archive,hourly_readings,o3,2026-09-16T15:00:00Z,13.8,ugm3
10920,"New Industrial Town, Faridabad",28.39072,77.30059,NCR Outer,HSPCB,archive,hourly_readings,o3,2026-09-16T17:00:00Z,13.5,ugm3
10920,"New Industrial Town, Faridabad",28.39072,77.30059,NCR Outer,HSPCB,archive,hourly_readings,o3,2026-09-16T18:00:00Z,14.4,ugm3
10920,"New Industrial Town, Faridabad",28.39072,77.30059,NCR Outer,HSPCB,archive,hourly_readings,o3,2026-09-16T19:00:00Z,14.4,ugm3
10920,"New Industrial Town, Faridabad",28.39072,77.30059,NCR Outer,HSPCB,archive,hourly_readings,o3,2026-09-16T20:00:00Z,13.7,ugm3
10920,"New Industrial Town, Faridabad",28.39072,77.30059,NCR Outer,HSPCB,archive,hourly_readings,o3,2026-09-16T21:00:00Z,14.1,ugm3
10920,"New Industrial Town, Faridabad",28.39072,77.30059,NCR Outer,HSPCB,archive,hourly_readings,o3,2026-09-16T22:00:00Z,14.2,ugm3
10920,"New Industrial Town, Faridabad",28.39072,77.30059,NCR Outer,HSPCB,archive,hourly_readings,o3,2026-09-16T23:00:00Z,14.3,ugm3
10920,"New Industrial Town, Faridabad",28.39072,77.30059,NCR Outer,HSPCB,archive,hourly_readings,o3,2026-09-17T00:00:00Z,14.0,ugm3
10920,"New Industrial Town, Faridabad",28.39072,77.30059,NCR Outer,HSPCB,archive,hourly_readings,o3,2026-09-17T01:00:00Z,13.9,ugm3
10920,"New Industrial Town, Faridabad",28.39072,77.30059,NCR Outer,HSPCB,archive,hourly_readings,o3,2026-09-17T02:00:00Z,13.7,ugm3
10920,"New Industrial Town, Faridabad",28.39072,77.30059,NCR Outer,HSPCB,archive,hourly_readings,o3,2026-09-17T03:00:00Z,14.2,ugm3
10920,"New Industrial Town, Faridabad",28.39072,77.30059,NCR Outer,HSPCB,archive,hourly_readings,o3,2026-09-17T04:00:00Z,13.6,ugm3
10920,"New Industrial Town, Faridabad",28.39072,77.30059,NCR Outer,HSPCB,archive,hourly_readings,o3,2026-09-17T05:00:00Z,13.6,ugm3
10920,"New Industrial Town, Faridabad",28.39072,77.30059,NCR Outer,HSPCB,archive,hourly_readings,o3,2026-09-17T06:00:00Z,14.0,ugm3
10920,"New Industrial Town, Faridabad",28.39072,77.30059,NCR Outer,HSPCB,archive,hourly_readings,o3,2026-09-17T07:00:00Z,13.9,ugm3
10920,"New Industrial Town, Faridabad",28.39072,77.30059,NCR Outer,HSPCB,archive,hourly_readings,o3,2026-09-17T08:00:00Z,13.9,ugm3
10920,"New Industrial Town, Faridabad",28.39072,77.30059,NCR Outer,HSPCB,archive,hourly_readings,o3,2026-09-17T09:00:00Z,13.9,ugm3
10920,"New Industrial Town, Faridabad",28.39072,77.30059,NCR Outer,HSPCB,archive,hourly_readings,o3,2026-09-17T10:00:00Z,13.5,ugm3
10920,"New Industrial Town, Faridabad",28.39072,77.30059,NCR Outer,HSPCB,archive,hourly_readings,o3,2026-09-17T11:00:00Z,13.9,ugm3
10920,"New Industrial Town, Faridabad",28.39072,77.30059,NCR Outer,HSPCB,archive,hourly_readings,o3,2026-09-17T12:00:00Z,14.4,ugm3
10920,"New Industrial Town, Faridabad",28.39072,77.30059,NCR Outer,HSPCB,archive,hourly_readings,o3,2026-09-17T13:00:00Z,13.9,ugm3
10920,"New Industrial Town, Faridabad",28.39072,77.30059,NCR Outer,HSPCB,archive,hourly_readings,pm10,2026-09-16T14:00:00Z,169.0,ugm3
10920,"New Industrial Town, Faridabad",28.39072,77.30059,NCR Outer,HSPCB,archive,hourly_readings,pm10,2026-09-16T15:00:00Z,223.0,ugm3
10920,"New Industrial Town, Faridabad",28.39072,77.30059,NCR Outer,HSPCB,archive,hourly_readings,pm10,2026-09-16T17:00:00Z,208.0,ugm3
10920,"New Industrial Town, Faridabad",28.39072,77.30059,NCR Outer,HSPCB,archive,hourly_readings,pm10,2026-09-16T18:00:00Z,195.0,ugm3
10920,"New Industrial Town, Faridabad",28.39072,77.30059,NCR Outer,HSPCB,archive,hourly_readings,pm10,2026-09-16T19:00:00Z,182.0,ugm3
10920,"New Industrial Town, Faridabad",28.39072,77.30059,NCR Outer,HSPCB,archive,hourly_readings,pm10,2026-09-16T20:00:00Z,142.0,ugm3
10920,"New Industrial Town, Faridabad",28.39072,77.30059,NCR Outer,HSPCB,archive,hourly_readings,pm10,2026-09-16T21:00:00Z,176.0,ugm3
10920,"New Industrial Town, Faridabad",28.39072,77.30059,NCR Outer,HSPCB,archive,hourly_readings,pm10,2026-09-16T22:00:00Z,143.0,ugm3
10920,"New Industrial Town, Faridabad",28.39072,77.30059,NCR Outer,HSPCB,archive,hourly_readings,pm10,2026-09-16T23:00:00Z,117.0,ugm3
10920,"New Industrial Town, Faridabad",28.39072,77.30059,NCR Outer,HSPCB,archive,hourly_readings,pm10,2026-09-17T00:00:00Z,114.0,ugm3
10920,"New Industrial Town, Faridabad",28.39072,77.30059,NCR Outer,HSPCB,archive,hourly_readings,pm10,2026-09-17T01:00:00Z,133.0,ugm3
10920,"New Industrial Town, Faridabad",28.39072,77.30059,NCR Outer,HSPCB,archive,hourly_readings,pm10,2026-09-17T02:00:00Z,131.0,ugm3
10920,"New Industrial Town, Faridabad",28.39072,77.30059,NCR Outer,HSPCB,archive,hourly_readings,pm10,2026-09-17T03:00:00Z,132.0,ugm3
10920,"New Industrial Town, Faridabad",28.39072,77.30059,NCR Outer,HSPCB,archive,hourly_readings,pm10,2026-09-17T04:00:00Z,139.0,ugm3
10920,"New Industrial Town, Faridabad",28.39072,77.30059,NCR Outer,HSPCB,archive,hourly_readings,pm10,2026-09-17T05:00:00Z,146.0,ugm3
10920,"New Industrial Town, Faridabad",28.39072,77.30059,NCR Outer,HSPCB,archive,hourly_readings,pm10,2026-09-17T06:00:00Z,165.0,ugm3
10920,"New Industrial Town, Faridabad",28.39072,77.30059,NCR Outer,HSPCB,archive,hourly_readings,pm10,2026-09-17T07:00:00Z,168.0,ugm3
10920,"New Industrial Town, Faridabad",28.39072,77.30059,NCR Outer,HSPCB,archive,hourly_readings,pm10,2026-09-17T08:00:00Z,167.0,ugm3
10920,"New Industrial Town, Faridabad",28.39072,77.30059,NCR Outer,HSPCB,archive,hourly_readings,pm10,2026-09-17T09:00:00Z,168.0,ugm3
10920,"New Industrial Town, Faridabad",28.39072,77.30059,NCR Outer,HSPCB,archive,hourly_readings,pm10,2026-09-17T10:00:00Z,172.0,ugm3
10920,"New Industrial Town, Faridabad",28.39072,77.30059,NCR Outer,HSPCB,archive,hourly_readings,pm10,2026-09-17T11:00:00Z,183.0,ugm3
10920,"New Industrial Town, Faridabad",28.39072,77.30059,NCR Outer,HSPCB,archive,hourly_readings,pm10,2026-09-17T12:00:00Z,212.0,ugm3
10920,"New Industrial Town, Faridabad",28.39072,77.30059,NCR Outer,HSPCB,archive,hourly_readings,pm10,2026-09-17T13:00:00Z,218.0,ugm3
10920,"New Industrial Town, Faridabad",28.39072,77.30059,NCR Outer,HSPCB,archive,hourly_readings,pm25,2026-09-16T14:00:00Z,39.8,ugm3
10920,"New Industrial Town, Faridabad",28.39072,77.30059,NCR Outer,HSPCB,archive,hourly_readings,pm25,2026-09-16T15:00:00Z,37.0,ugm3
10920,"New Industrial Town, Faridabad",28.39072,77.30059,NCR Outer,HSPCB,archive,hourly_readings,pm25,2026-09-16T17:00:00Z,34.4,ugm3
10920,"New Industrial Town, Faridabad",28.39072,77.30059,NCR Outer,HSPCB,archive,hourly_readings,pm25,2026-09-16T18:00:00Z,32.7,ugm3
10920,"New Industrial Town, Faridabad",28.39072,77.30059,NCR Outer,HSPCB,archive,hourly_readings,pm25,2026-09-16T19:00:00Z,31.5,ugm3
10920,"New Industrial Town, Faridabad",28.39072,77.30059,NCR Outer,HSPCB,archive,hourly_readings,pm25,2026-09-16T20:00:00Z,33.6,ugm3
10920,"New Industrial Town, Faridabad",28.39072,77.30059,NCR Outer,HSPCB,archive,hourly_readings,pm25,2026-09-16T21:00:00Z,35.9,ugm3
10920,"New Industrial Town, Faridabad",28.39072,77.30059,NCR Outer,HSPCB,archive,hourly_readings,pm25,2026-09-16T22:00:00Z,35.2,ugm3
10920,"New Industrial Town, Faridabad",28.39072,77.30059,NCR Outer,HSPCB,archive,hourly_readings,pm25,2026-09-16T23:00:00Z,32.9,ugm3
10920,"New Industrial Town, Faridabad",28.39072,77.30059,NCR Outer,HSPCB,archive,hourly_readings,pm25,2026-09-17T00:00:00Z,34.8,ugm3
10920,"New Industrial Town, Faridabad",28.39072,77.30059,NCR Outer,HSPCB,archive,hourly_readings,pm25,2026-09-17T01:00:00Z,34.7,ugm3
10920,"New Industrial Town, Faridabad",28.39072,77.30059,NCR Outer,HSPCB,archive,hourly_readings,pm25,2026-09-17T02:00:00Z,33.1,ugm3
10920,"New Industrial Town, Faridabad",28.39072,77.30059,NCR Outer,HSPCB,archive,hourly_readings,pm25,2026-09-17T03:00:00Z,32.4,ugm3
10920,"New Industrial Town, Faridabad",28.39072,77.30059,NCR Outer,HSPCB,archive,hourly_readings,pm25,2026-09-17T04:00:00Z,36.4,ugm3
10920,"New Industrial Town, Faridabad",28.39072,77.30059,NCR Outer,HSPCB,archive,hourly_readings,pm25,2026-09-17T05:00:00Z,37.4,ugm3
10920,"New Industrial Town, Faridabad",28.39072,77.30059,NCR Outer,HSPCB,archive,hourly_readings,pm25,2026-09-17T06:00:00Z,34.6,ugm3
10920,"New Industrial Town, Faridabad",28.39072,77.30059,NCR Outer,HSPCB,archive,hourly_readings,pm25,2026-09-17T07:00:00Z,32.7,ugm3
10920,"New Industrial Town, Faridabad",28.39072,77.30059,NCR Outer,HSPCB,archive,hourly_readings,pm25,2026-09-17T08:00:00Z,32.7,ugm3
10920,"New Industrial Town, Faridabad",28.39072,77.30059,NCR Outer,HSPCB,archive,hourly_readings,pm25,2026-09-17T09:00:00Z,32.3,ugm3
10920,"New Industrial Town, Faridabad",28.39072,77.30059,NCR Outer,HSPCB,archive,hourly_readings,pm25,2026-09-17T10:00:00Z,34.3,ugm3
10920,"New Industrial Town, Faridabad",28.39072,77.30059,NCR Outer,HSPCB,archive,hourly_readings,pm25,2026-09-17T11:00:00Z,33.6,ugm3
10920,"New Industrial Town, Faridabad",28.39072,77.30059,NCR Outer,HSPCB,archive,hourly_readings,pm25,2026-09-17T12:00:00Z,32.6,ugm3
10920,"New Industrial Town, Faridabad",28.39072,77.30059,NCR Outer,HSPCB,archive,hourly_readings,pm25,2026-09-17T13:00:00Z,31.9,ugm3
10921,"NISE Gwal Pahari, Gurugram",28.422681,77.148944,South,IMD,archive,hourly_readings,no2,2026-09-16T14:00:00Z,14.3,ugm3
10921,"NISE Gwal Pahari, Gurugram",28.422681,77.148944,South,IMD,archive,hourly_readings,no2,2026-09-16T15:00:00Z,26.7,ugm3
10921,"NISE Gwal Pahari, Gurugram",28.422681,77.148944,South,IMD,archive,hourly_readings,no2,2026-09-16T17:00:00Z,17.5,ugm3
10921,"NISE Gwal Pahari, Gurugram",28.422681,77.148944,South,IMD,archive,hourly_readings,no2,2026-09-16T18:00:00Z,17.5,ugm3
10921,"NISE Gwal Pahari, Gurugram",28.422681,77.148944,South,IMD,archive,hourly_readings,no2,2026-09-16T19:00:00Z,16.3,ugm3
10921,"NISE Gwal Pahari, Gurugram",28.422681,77.148944,South,IMD,archive,hourly_readings,no2,2026-09-16T20:00:00Z,15.7,ugm3
10921,"NISE Gwal Pahari, Gurugram",28.422681,77.148944,South,IMD,archive,hourly_readings,no2,2026-09-16T21:00:00Z,21.4,ugm3
10921,"NISE Gwal Pahari, Gurugram",28.422681,77.148944,South,IMD,archive,hourly_readings,no2,2026-09-16T22:00:00Z,22.6,ugm3
10921,"NISE Gwal Pahari, Gurugram",28.422681,77.148944,South,IMD,archive,hourly_readings,no2,2026-09-16T23:00:00Z,14.5,ugm3
10921,"NISE Gwal Pahari, Gurugram",28.422681,77.148944,South,IMD,archive,hourly_readings,no2,2026-09-17T00:00:00Z,13.5,ugm3
10921,"NISE Gwal Pahari, Gurugram",28.422681,77.148944,South,IMD,archive,hourly_readings,no2,2026-09-17T03:00:00Z,13.0,ugm3
10921,"NISE Gwal Pahari, Gurugram",28.422681,77.148944,South,IMD,archive,hourly_readings,no2,2026-09-17T04:00:00Z,21.2,ugm3
10921,"NISE Gwal Pahari, Gurugram",28.422681,77.148944,South,IMD,archive,hourly_readings,no2,2026-09-17T05:00:00Z,18.7,ugm3
10921,"NISE Gwal Pahari, Gurugram",28.422681,77.148944,South,IMD,archive,hourly_readings,no2,2026-09-17T06:00:00Z,18.9,ugm3
10921,"NISE Gwal Pahari, Gurugram",28.422681,77.148944,South,IMD,archive,hourly_readings,no2,2026-09-17T07:00:00Z,18.8,ugm3
10921,"NISE Gwal Pahari, Gurugram",28.422681,77.148944,South,IMD,archive,hourly_readings,no2,2026-09-17T08:00:00Z,18.4,ugm3
10921,"NISE Gwal Pahari, Gurugram",28.422681,77.148944,South,IMD,archive,hourly_readings,no2,2026-09-17T09:00:00Z,18.0,ugm3
10921,"NISE Gwal Pahari, Gurugram",28.422681,77.148944,South,IMD,archive,hourly_readings,no2,2026-09-17T10:00:00Z,17.2,ugm3
10921,"NISE Gwal Pahari, Gurugram",28.422681,77.148944,South,IMD,archive,hourly_readings,no2,2026-09-17T11:00:00Z,18.0,ugm3
10921,"NISE Gwal Pahari, Gurugram",28.422681,77.148944,South,IMD,archive,hourly_readings,no2,2026-09-17T12:00:00Z,21.5,ugm3
10921,"NISE Gwal Pahari, Gurugram",28.422681,77.148944,South,IMD,archive,hourly_readings,no2,2026-09-17T13:00:00Z,26.9,ugm3
10921,"NISE Gwal Pahari, Gurugram",28.422681,77.148944,South,IMD,archive,hourly_readings,o3,2026-09-16T14:00:00Z,13.0,ugm3
10921,"NISE Gwal Pahari, Gurugram",28.422681,77.148944,South,IMD,archive,hourly_readings,o3,2026-09-16T15:00:00Z,9.4,ugm3
10921,"NISE Gwal Pahari, Gurugram",28.422681,77.148944,South,IMD,archive,hourly_readings,o3,2026-09-16T17:00:00Z,7.8,ugm3
10921,"NISE Gwal Pahari, Gurugram",28.422681,77.148944,South,IMD,archive,hourly_readings,o3,2026-09-16T18:00:00Z,8.2,ugm3
10921,"NISE Gwal Pahari, Gurugram",28.422681,77.148944,South,IMD,archive,hourly_readings,o3,2026-09-16T19:00:00Z,8.0,ugm3
10921,"NISE Gwal Pahari, Gurugram",28.422681,77.148944,South,IMD,archive,hourly_readings,o3,2026-09-16T20:00:00Z,7.9,ugm3
10921,"NISE Gwal Pahari, Gurugram",28.422681,77.148944,South,IMD,archive,hourly_readings,o3,2026-09-16T21:00:00Z,10.6,ugm3
10921,"NISE Gwal Pahari, Gurugram",28.422681,77.148944,South,IMD,archive,hourly_readings,o3,2026-09-16T22:00:00Z,25.9,ugm3
10921,"NISE Gwal Pahari, Gurugram",28.422681,77.148944,South,IMD,archive,hourly_readings,o3,2026-09-16T23:00:00Z,41.7,ugm3
10921,"NISE Gwal Pahari, Gurugram",28.422681,77.148944,South,IMD,archive,hourly_readings,o3,2026-09-17T00:00:00Z,41.7,ugm3
10921,"NISE Gwal Pahari, Gurugram",28.422681,77.148944,South,IMD,archive,hourly_readings,o3,2026-09-17T02:00:00Z,157.0,ugm3
10921,"NISE Gwal Pahari, Gurugram",28.422681,77.148944,South,IMD,archive,hourly_readings,o3,2026-09-17T03:00:00Z,48.6,ugm3
10921,"NISE Gwal Pahari, Gurugram",28.422681,77.148944,South,IMD,archive,hourly_readings,o3,2026-09-17T04:00:00Z,60.4,ugm3
10921,"NISE Gwal Pahari, Gurugram",28.422681,77.148944,South,IMD,archive,hourly_readings,o3,2026-09-17T05:00:00Z,72.7,ugm3
10921,"NISE Gwal Pahari, Gurugram",28.422681,77.148944,South,IMD,archive,hourly_readings,o3,2026-09-17T06:00:00Z,78.6,ugm3
10921,"NISE Gwal Pahari, Gurugram",28.422681,77.148944,South,IMD,archive,hourly_readings,o3,2026-09-17T07:00:00Z,83.1,ugm3
10921,"NISE Gwal Pahari, Gurugram",28.422681,77.148944,South,IMD,archive,hourly_readings,o3,2026-09-17T08:00:00Z,91.9,ugm3
10921,"NISE Gwal Pahari, Gurugram",28.422681,77.148944,South,IMD,archive,hourly_readings,o3,2026-09-17T09:00:00Z,93.4,ugm3
10921,"NISE Gwal Pahari, Gurugram",28.422681,77.148944,South,IMD,archive,hourly_readings,o3,2026-09-17T10:00:00Z,79.0,ugm3
10921,"NISE Gwal Pahari, Gurugram",28.422681,77.148944,South,IMD,archive,hourly_readings,o3,2026-09-17T11:00:00Z,38.9,ugm3
10921,"NISE Gwal Pahari, Gurugram",28.422681,77.148944,South,IMD,archive,hourly_readings,o3,2026-09-17T12:00:00Z,29.9,ugm3
10921,"NISE Gwal Pahari, Gurugram",28.422681,77.148944,South,IMD,archive,hourly_readings,o3,2026-09-17T13:00:00Z,18.7,ugm3
10921,"NISE Gwal Pahari, Gurugram",28.422681,77.148944,South,IMD,archive,hourly_readings,pm10,2026-09-16T14:00:00Z,59.9,ugm3
10921,"NISE Gwal Pahari, Gurugram",28.422681,77.148944,South,IMD,archive,hourly_readings,pm10,2026-09-16T15:00:00Z,88.1,ugm3
10921,"NISE Gwal Pahari, Gurugram",28.422681,77.148944,South,IMD,archive,hourly_readings,pm10,2026-09-16T17:00:00Z,153.0,ugm3
10921,"NISE Gwal Pahari, Gurugram",28.422681,77.148944,South,IMD,archive,hourly_readings,pm10,2026-09-16T18:00:00Z,147.0,ugm3
10921,"NISE Gwal Pahari, Gurugram",28.422681,77.148944,South,IMD,archive,hourly_readings,pm10,2026-09-16T19:00:00Z,151.0,ugm3
10921,"NISE Gwal Pahari, Gurugram",28.422681,77.148944,South,IMD,archive,hourly_readings,pm10,2026-09-16T20:00:00Z,138.0,ugm3
10921,"NISE Gwal Pahari, Gurugram",28.422681,77.148944,South,IMD,archive,hourly_readings,pm10,2026-09-16T21:00:00Z,118.0,ugm3
10921,"NISE Gwal Pahari, Gurugram",28.422681,77.148944,South,IMD,archive,hourly_readings,pm10,2026-09-16T22:00:00Z,113.0,ugm3
10921,"NISE Gwal Pahari, Gurugram",28.422681,77.148944,South,IMD,archive,hourly_readings,pm10,2026-09-16T23:00:00Z,107.0,ugm3
10921,"NISE Gwal Pahari, Gurugram",28.422681,77.148944,South,IMD,archive,hourly_readings,pm10,2026-09-17T00:00:00Z,81.9,ugm3
10921,"NISE Gwal Pahari, Gurugram",28.422681,77.148944,South,IMD,archive,hourly_readings,pm10,2026-09-17T02:00:00Z,92.5,ugm3
10921,"NISE Gwal Pahari, Gurugram",28.422681,77.148944,South,IMD,archive,hourly_readings,pm10,2026-09-17T03:00:00Z,46.3,ugm3
10921,"NISE Gwal Pahari, Gurugram",28.422681,77.148944,South,IMD,archive,hourly_readings,pm10,2026-09-17T06:00:00Z,80.9,ugm3
10921,"NISE Gwal Pahari, Gurugram",28.422681,77.148944,South,IMD,archive,hourly_readings,pm10,2026-09-17T07:00:00Z,107.0,ugm3
10921,"NISE Gwal Pahari, Gurugram",28.422681,77.148944,South,IMD,archive,hourly_readings,pm10,2026-09-17T08:00:00Z,110.0,ugm3
10921,"NISE Gwal Pahari, Gurugram",28.422681,77.148944,South,IMD,archive,hourly_readings,pm10,2026-09-17T09:00:00Z,94.3,ugm3
10921,"NISE Gwal Pahari, Gurugram",28.422681,77.148944,South,IMD,archive,hourly_readings,pm10,2026-09-17T10:00:00Z,81.0,ugm3
10921,"NISE Gwal Pahari, Gurugram",28.422681,77.148944,South,IMD,archive,hourly_readings,pm10,2026-09-17T11:00:00Z,85.2,ugm3
10921,"NISE Gwal Pahari, Gurugram",28.422681,77.148944,South,IMD,archive,hourly_readings,pm10,2026-09-17T12:00:00Z,99.4,ugm3
10921,"NISE Gwal Pahari, Gurugram",28.422681,77.148944,South,IMD,archive,hourly_readings,pm10,2026-09-17T13:00:00Z,123.0,ugm3
10921,"NISE Gwal Pahari, Gurugram",28.422681,77.148944,South,IMD,archive,hourly_readings,pm25,2026-09-16T14:00:00Z,38.9,ugm3
10921,"NISE Gwal Pahari, Gurugram",28.422681,77.148944,South,IMD,archive,hourly_readings,pm25,2026-09-16T15:00:00Z,51.1,ugm3
10921,"NISE Gwal Pahari, Gurugram",28.422681,77.148944,South,IMD,archive,hourly_readings,pm25,2026-09-16T17:00:00Z,86.9,ugm3
10921,"NISE Gwal Pahari, Gurugram",28.422681,77.148944,South,IMD,archive,hourly_readings,pm25,2026-09-16T18:00:00Z,92.7,ugm3
10921,"NISE Gwal Pahari, Gurugram",28.422681,77.148944,South,IMD,archive,hourly_readings,pm25,2026-09-16T19:00:00Z,78.8,ugm3
10921,"NISE Gwal Pahari, Gurugram",28.422681,77.148944,South,IMD,archive,hourly_readings,pm25,2026-09-16T20:00:00Z,65.5,ugm3
10921,"NISE Gwal Pahari, Gurugram",28.422681,77.148944,South,IMD,archive,hourly_readings,pm25,2026-09-16T21:00:00Z,51.1,ugm3
10921,"NISE Gwal Pahari, Gurugram",28.422681,77.148944,South,IMD,archive,hourly_readings,pm25,2026-09-16T22:00:00Z,26.5,ugm3
10921,"NISE Gwal Pahari, Gurugram",28.422681,77.148944,South,IMD,archive,hourly_readings,pm25,2026-09-16T23:00:00Z,12.2,ugm3
10921,"NISE Gwal Pahari, Gurugram",28.422681,77.148944,South,IMD,archive,hourly_readings,pm25,2026-09-17T00:00:00Z,18.0,ugm3
10921,"NISE Gwal Pahari, Gurugram",28.422681,77.148944,South,IMD,archive,hourly_readings,pm25,2026-09-17T02:00:00Z,14.4,ugm3
10921,"NISE Gwal Pahari, Gurugram",28.422681,77.148944,South,IMD,archive,hourly_readings,pm25,2026-09-17T03:00:00Z,3.4,ugm3
10921,"NISE Gwal Pahari, Gurugram",28.422681,77.148944,South,IMD,archive,hourly_readings,pm25,2026-09-17T07:00:00Z,0.3,ugm3
10921,"NISE Gwal Pahari, Gurugram",28.422681,77.148944,South,IMD,archive,hourly_readings,pm25,2026-09-17T08:00:00Z,14.4,ugm3
10921,"NISE Gwal Pahari, Gurugram",28.422681,77.148944,South,IMD,archive,hourly_readings,pm25,2026-09-17T09:00:00Z,22.8,ugm3
10921,"NISE Gwal Pahari, Gurugram",28.422681,77.148944,South,IMD,archive,hourly_readings,pm25,2026-09-17T10:00:00Z,28.8,ugm3
10921,"NISE Gwal Pahari, Gurugram",28.422681,77.148944,South,IMD,archive,hourly_readings,pm25,2026-09-17T11:00:00Z,41.8,ugm3
10921,"NISE Gwal Pahari, Gurugram",28.422681,77.148944,South,IMD,archive,hourly_readings,pm25,2026-09-17T12:00:00Z,60.7,ugm3
10921,"NISE Gwal Pahari, Gurugram",28.422681,77.148944,South,IMD,archive,hourly_readings,pm25,2026-09-17T13:00:00Z,52.8,ugm3
11266,Alipur,28.815691,77.152491,North,CPCB,live,rolling_24h_mean,o3,2026-09-23T17:00:00Z,3.18,ugm3
11266,Alipur,28.815691,77.152491,North,CPCB,live,rolling_24h_mean,o3,2026-09-23T18:00:00Z,3.18,ugm3
11266,Alipur,28.815691,77.152491,North,CPCB,live,rolling_24h_mean,o3,2026-09-23T19:00:00Z,3.61,ugm3
11266,Alipur,28.815691,77.152491,North,CPCB,live,rolling_24h_mean,o3,2026-09-23T20:00:00Z,3.4,ugm3
11266,Alipur,28.815691,77.152491,North,CPCB,live,rolling_24h_mean,o3,2026-09-23T21:00:00Z,3.81,ugm3
11266,Alipur,28.815691,77.152491,North,CPCB,live,rolling_24h_mean,o3,2026-09-23T22:00:00Z,3.4,ugm3
11266,Alipur,28.815691,77.152491,North,CPCB,live,rolling_24h_mean,o3,2026-09-24T00:00:00Z,3.4,ugm3
11266,Alipur,28.815691,77.152491,North,CPCB,live,rolling_24h_mean,o3,2026-09-24T03:00:00Z,4.46,ugm3
11266,Alipur,28.815691,77.152491,North,CPCB,live,rolling_24h_mean,o3,2026-09-24T05:00:00Z,8.05,ugm3
11266,Alipur,28.815691,77.152491,North,CPCB,live,rolling_24h_mean,o3,2026-09-24T06:00:00Z,12.29,ugm3
11266,Alipur,28.815691,77.152491,North,CPCB,live,rolling_24h_mean,o3,2026-09-24T07:00:00Z,12.94,ugm3
11266,Alipur,28.815691,77.152491,North,CPCB,live,rolling_24h_mean,o3,2026-09-24T10:00:00Z,12.29,ugm3
11266,Alipur,28.815691,77.152491,North,CPCB,live,rolling_24h_mean,o3,2026-09-24T11:00:00Z,9.76,ugm3
11266,Alipur,28.815691,77.152491,North,CPCB,live,rolling_24h_mean,o3,2026-09-24T13:00:00Z,8.7,ugm3
11266,Alipur,28.815691,77.152491,North,CPCB,live,rolling_24h_mean,o3,2026-09-24T16:00:00Z,4.24,ugm3
11266,Alipur,28.815691,77.152491,North,CPCB,live,rolling_24h_mean,o3,2026-09-24T17:00:00Z,3.81,ugm3
11266,Alipur,28.815691,77.152491,North,CPCB,live,rolling_24h_mean,o3,2026-09-24T18:00:00Z,3.4,ugm3
11266,Alipur,28.815691,77.152491,North,CPCB,live,rolling_24h_mean,o3,2026-09-24T22:00:00Z,3.18,ugm3
11266,Alipur,28.815691,77.152491,North,CPCB,live,rolling_24h_mean,o3,2026-09-25T00:00:00Z,3.4,ugm3
11266,Alipur,28.815691,77.152491,North,CPCB,live,rolling_24h_mean,o3,2026-09-25T02:00:00Z,3.4,ugm3
11266,Alipur,28.815691,77.152491,North,CPCB,live,rolling_24h_mean,o3,2026-09-25T03:00:00Z,3.4,ugm3
11266,Alipur,28.815691,77.152491,North,CPCB,live,rolling_24h_mean,o3,2026-09-25T05:00:00Z,5.3,ugm3
11266,Alipur,28.815691,77.152491,North,CPCB,live,rolling_24h_mean,o3,2026-09-25T07:00:00Z,6.14,ugm3
11266,Alipur,28.815691,77.152491,North,CPCB,live,rolling_24h_mean,o3,2026-09-25T08:00:00Z,6.36,ugm3
11266,Alipur,28.815691,77.152491,North,CPCB,live,rolling_24h_mean,o3,2026-09-25T09:00:00Z,8.05,ugm3
11266,Alipur,28.815691,77.152491,North,CPCB,live,rolling_24h_mean,o3,2026-09-25T10:00:00Z,8.26,ugm3
11266,Alipur,28.815691,77.152491,North,CPCB,live,rolling_24h_mean,o3,2026-09-25T11:00:00Z,7.85,ugm3
11266,Alipur,28.815691,77.152491,North,CPCB,live,rolling_24h_mean,o3,2026-09-25T12:00:00Z,6.99,ugm3
11266,Alipur,28.815691,77.152491,North,CPCB,live,rolling_24h_mean,o3,2026-09-25T13:00:00Z,6.79,ugm3
11266,Alipur,28.815691,77.152491,North,CPCB,live,rolling_24h_mean,o3,2026-09-25T14:00:00Z,5.08,ugm3
11266,Alipur,28.815691,77.152491,North,CPCB,live,rolling_24h_mean,o3,2026-09-25T15:00:00Z,3.4,ugm3
11266,Alipur,28.815691,77.152491,North,CPCB,live,rolling_24h_mean,o3,2026-09-25T16:00:00Z,2.75,ugm3
11266,Alipur,28.815691,77.152491,North,CPCB,live,rolling_24h_mean,o3,2026-09-25T17:00:00Z,3.18,ugm3
11266,Alipur,28.815691,77.152491,North,CPCB,live,rolling_24h_mean,o3,2026-09-25T18:00:00Z,2.96,ugm3
11266,Alipur,28.815691,77.152491,North,CPCB,live,rolling_24h_mean,o3,2026-09-25T19:00:00Z,2.75,ugm3
11266,Alipur,28.815691,77.152491,North,CPCB,live,rolling_24h_mean,o3,2026-09-25T20:00:00Z,2.75,ugm3
11266,Alipur,28.815691,77.152491,North,CPCB,live,rolling_24h_mean,o3,2026-09-25T21:00:00Z,2.75,ugm3
11266,Alipur,28.815691,77.152491,North,CPCB,live,rolling_24h_mean,o3,2026-09-25T22:00:00Z,2.75,ugm3
11266,Alipur,28.815691,77.152491,North,CPCB,live,rolling_24h_mean,o3,2026-09-25T23:00:00Z,3.61,ugm3
11266,Alipur,28.815691,77.152491,North,CPCB,live,rolling_24h_mean,o3,2026-09-26T00:00:00Z,3.61,ugm3
11266,Alipur,28.815691,77.152491,North,CPCB,live,rolling_24h_mean,o3,2026-09-26T01:00:00Z,3.81,ugm3
11266,Alipur,28.815691,77.152491,North,CPCB,live,rolling_24h_mean,o3,2026-09-26T02:00:00Z,4.02,ugm3
11266,Alipur,28.815691,77.152491,North,CPCB,live,rolling_24h_mean,o3,2026-09-26T03:00:00Z,4.46,ugm3
11266,Alipur,28.815691,77.152491,North,CPCB,live,rolling_24h_mean,o3,2026-09-26T04:00:00Z,5.08,ugm3
11266,Alipur,28.815691,77.152491,North,CPCB,live,rolling_24h_mean,o3,2026-09-26T05:00:00Z,5.52,ugm3
11266,Alipur,28.815691,77.152491,North,CPCB,live,rolling_24h_mean,o3,2026-09-26T06:00:00Z,6.36,ugm3
11266,Alipur,28.815691,77.152491,North,CPCB,live,rolling_24h_mean,o3,2026-09-26T07:00:00Z,5.73,ugm3
11266,Alipur,28.815691,77.152491,North,CPCB,live,rolling_24h_mean,o3,2026-09-26T08:00:00Z,5.73,ugm3
11266,Alipur,28.815691,77.152491,North,CPCB,live,rolling_24h_mean,o3,2026-09-26T09:00:00Z,5.73,ugm3
11266,Alipur,28.815691,77.152491,North,CPCB,live,rolling_24h_mean,o3,2026-09-26T10:00:00Z,6.58,ugm3
11266,Alipur,28.815691,77.152491,North,CPCB,live,rolling_24h_mean,o3,2026-09-26T11:00:00Z,5.3,ugm3
11266,Alipur,28.815691,77.152491,North,CPCB,live,rolling_24h_mean,o3,2026-09-26T12:00:00Z,4.87,ugm3
11266,Alipur,28.815691,77.152491,North,CPCB,live,rolling_24h_mean,o3,2026-09-26T13:00:00Z,4.87,ugm3
11266,Alipur,28.815691,77.152491,North,CPCB,live,rolling_24h_mean,o3,2026-09-26T14:00:00Z,5.08,ugm3
11266,Alipur,28.815691,77.152491,North,CPCB,live,rolling_24h_mean,o3,2026-09-26T15:00:00Z,5.08,ugm3
11266,Alipur,28.815691,77.152491,North,CPCB,live,rolling_24h_mean,o3,2026-09-26T16:00:00Z,4.46,ugm3
11266,Alipur,28.815691,77.152491,North,CPCB,live,rolling_24h_mean,pm10,2026-09-23T17:00:00Z,210.56,ugm3
11266,Alipur,28.815691,77.152491,North,CPCB,live,rolling_24h_mean,pm10,2026-09-23T18:00:00Z,204.5,ugm3
11266,Alipur,28.815691,77.152491,North,CPCB,live,rolling_24h_mean,pm10,2026-09-23T19:00:00Z,160.05,ugm3
11266,Alipur,28.815691,77.152491,North,CPCB,live,rolling_24h_mean,pm10,2026-09-23T20:00:00Z,174.19,ugm3
11266,Alipur,28.815691,77.152491,North,CPCB,live,rolling_24h_mean,pm10,2026-09-23T21:00:00Z,164.09,ugm3
11266,Alipur,28.815691,77.152491,North,CPCB,live,rolling_24h_mean,pm10,2026-09-23T22:00:00Z,198.44,ugm3
11266,Alipur,28.815691,77.152491,North,CPCB,live,rolling_24h_mean,pm10,2026-09-24T00:00:00Z,192.38,ugm3
11266,Alipur,28.815691,77.152491,North,CPCB,live,rolling_24h_mean,pm10,2026-09-24T03:00:00Z,110.56,ugm3
11266,Alipur,28.815691,77.152491,North,CPCB,live,rolling_24h_mean,pm10,2026-09-24T05:00:00Z,130.77,ugm3
11266,Alipur,28.815691,77.152491,North,CPCB,live,rolling_24h_mean,pm10,2026-09-24T06:00:00Z,124.7,ugm3
11266,Alipur,28.815691,77.152491,North,CPCB,live,rolling_24h_mean,pm10,2026-09-24T07:00:00Z,130.77,ugm3
11266,Alipur,28.815691,77.152491,North,CPCB,live,rolling_24h_mean,pm10,2026-09-24T10:00:00Z,134.81,ugm3
11266,Alipur,28.815691,77.152491,North,CPCB,live,rolling_24h_mean,pm10,2026-09-24T11:00:00Z,136.83,ugm3
11266,Alipur,28.815691,77.152491,North,CPCB,live,rolling_24h_mean,pm10,2026-09-24T13:00:00Z,120.66,ugm3
11266,Alipur,28.815691,77.152491,North,CPCB,live,rolling_24h_mean,pm10,2026-09-24T16:00:00Z,160.05,ugm3
11266,Alipur,28.815691,77.152491,North,CPCB,live,rolling_24h_mean,pm10,2026-09-24T17:00:00Z,74.19,ugm3
11266,Alipur,28.815691,77.152491,North,CPCB,live,rolling_24h_mean,pm10,2026-09-24T18:00:00Z,72.17,ugm3
11266,Alipur,28.815691,77.152491,North,CPCB,live,rolling_24h_mean,pm10,2026-09-24T22:00:00Z,40.5,ugm3
11266,Alipur,28.815691,77.152491,North,CPCB,live,rolling_24h_mean,pm10,2026-09-25T00:00:00Z,40.5,ugm3
11266,Alipur,28.815691,77.152491,North,CPCB,live,rolling_24h_mean,pm10,2026-09-25T02:00:00Z,40.5,ugm3
11266,Alipur,28.815691,77.152491,North,CPCB,live,rolling_24h_mean,pm10,2026-09-25T03:00:00Z,40.5,ugm3
11266,Alipur,28.815691,77.152491,North,CPCB,live,rolling_24h_mean,pm10,2026-09-25T05:00:00Z,53.46,ugm3
11266,Alipur,28.815691,77.152491,North,CPCB,live,rolling_24h_mean,pm10,2026-09-25T07:00:00Z,76.21,ugm3
11266,Alipur,28.815691,77.152491,North,CPCB,live,rolling_24h_mean,pm10,2026-09-25T08:00:00Z,72.17,ugm3
11266,Alipur,28.815691,77.152491,North,CPCB,live,rolling_24h_mean,pm10,2026-09-25T09:00:00Z,72.17,ugm3
11266,Alipur,28.815691,77.152491,North,CPCB,live,rolling_24h_mean,pm10,2026-09-25T10:00:00Z,72.17,ugm3
11266,Alipur,28.815691,77.152491,North,CPCB,live,rolling_24h_mean,pm10,2026-09-25T11:00:00Z,60.05,ugm3
11266,Alipur,28.815691,77.152491,North,CPCB,live,rolling_24h_mean,pm10,2026-09-25T12:00:00Z,86.32,ugm3
11266,Alipur,28.815691,77.152491,North,CPCB,live,rolling_24h_mean,pm10,2026-09-25T13:00:00Z,90.36,ugm3
11266,Alipur,28.815691,77.152491,North,CPCB,live,rolling_24h_mean,pm10,2026-09-25T14:00:00Z,182.28,ugm3
11266,Alipur,28.815691,77.152491,North,CPCB,live,rolling_24h_mean,pm10,2026-09-25T15:00:00Z,138.85,ugm3
11266,Alipur,28.815691,77.152491,North,CPCB,live,rolling_24h_mean,pm10,2026-09-25T16:00:00Z,132.79,ugm3
11266,Alipur,28.815691,77.152491,North,CPCB,live,rolling_24h_mean,pm10,2026-09-25T17:00:00Z,122.68,ugm3
11266,Alipur,28.815691,77.152491,North,CPCB,live,rolling_24h_mean,pm10,2026-09-25T18:00:00Z,84.3,ugm3
11266,Alipur,28.815691,77.152491,North,CPCB,live,rolling_24h_mean,pm10,2026-09-25T19:00:00Z,76.21,ugm3
11266,Alipur,28.815691,77.152491,North,CPCB,live,rolling_24h_mean,pm10,2026-09-25T20:00:00Z,64.09,ugm3
11266,Alipur,28.815691,77.152491,North,CPCB,live,rolling_24h_mean,pm10,2026-09-25T21:00:00Z,62.07,ugm3
11266,Alipur,28.815691,77.152491,North,CPCB,live,rolling_24h_mean,pm10,2026-09-25T22:00:00Z,32.94,ugm3
11266,Alipur,28.815691,77.152491,North,CPCB,live,rolling_24h_mean,pm10,2026-09-25T23:00:00Z,36.18,ugm3
11266,Alipur,28.815691,77.152491,North,CPCB,live,rolling_24h_mean,pm10,2026-09-26T00:00:00Z,38.34,ugm3
11266,Alipur,28.815691,77.152491,North,CPCB,live,rolling_24h_mean,pm10,2026-09-26T01:00:00Z,36.18,ugm3
11266,Alipur,28.815691,77.152491,North,CPCB,live,rolling_24h_mean,pm10,2026-09-26T02:00:00Z,43.74,ugm3
11266,Alipur,28.815691,77.152491,North,CPCB,live,rolling_24h_mean,pm10,2026-09-26T03:00:00Z,35.1,ugm3
11266,Alipur,28.815691,77.152491,North,CPCB,live,rolling_24h_mean,pm10,2026-09-26T04:00:00Z,41.58,ugm3
11266,Alipur,28.815691,77.152491,North,CPCB,live,rolling_24h_mean,pm10,2026-09-26T05:00:00Z,42.66,ugm3
11266,Alipur,28.815691,77.152491,North,CPCB,live,rolling_24h_mean,pm10,2026-09-26T06:00:00Z,43.74,ugm3
11266,Alipur,28.815691,77.152491,North,CPCB,live,rolling_24h_mean,pm10,2026-09-26T07:00:00Z,35.1,ugm3
11266,Alipur,28.815691,77.152491,North,CPCB,live,rolling_24h_mean,pm10,2026-09-26T08:00:00Z,44.82,ugm3
11266,Alipur,28.815691,77.152491,North,CPCB,live,rolling_24h_mean,pm10,2026-09-26T09:00:00Z,44.82,ugm3
11266,Alipur,28.815691,77.152491,North,CPCB,live,rolling_24h_mean,pm10,2026-09-26T10:00:00Z,39.42,ugm3
11266,Alipur,28.815691,77.152491,North,CPCB,live,rolling_24h_mean,pm10,2026-09-26T11:00:00Z,52.38,ugm3
11266,Alipur,28.815691,77.152491,North,CPCB,live,rolling_24h_mean,pm10,2026-09-26T12:00:00Z,34.02,ugm3
11266,Alipur,28.815691,77.152491,North,CPCB,live,rolling_24h_mean,pm10,2026-09-26T13:00:00Z,34.02,ugm3
11266,Alipur,28.815691,77.152491,North,CPCB,live,rolling_24h_mean,pm10,2026-09-26T14:00:00Z,34.02,ugm3
11266,Alipur,28.815691,77.152491,North,CPCB,live,rolling_24h_mean,pm10,2026-09-26T15:00:00Z,34.02,ugm3
11266,Alipur,28.815691,77.152491,North,CPCB,live,rolling_24h_mean,pm10,2026-09-26T16:00:00Z,34.02,ugm3
11266,Alipur,28.815691,77.152491,North,CPCB,live,rolling_24h_mean,pm25,2026-09-23T17:00:00Z,95.2,ugm3
11266,Alipur,28.815691,77.152491,North,CPCB,live,rolling_24h_mean,pm25,2026-09-23T18:00:00Z,101.01,ugm3
11266,Alipur,28.815691,77.152491,North,CPCB,live,rolling_24h_mean,pm25,2026-09-23T19:00:00Z,95.2,ugm3
11266,Alipur,28.815691,77.152491,North,CPCB,live,rolling_24h_mean,pm25,2026-09-23T20:00:00Z,93.27,ugm3
11266,Alipur,28.815691,77.152491,North,CPCB,live,rolling_24h_mean,pm25,2026-09-23T21:00:00Z,93.27,ugm3
11266,Alipur,28.815691,77.152491,North,CPCB,live,rolling_24h_mean,pm25,2026-09-23T22:00:00Z,116.51,ugm3
11266,Alipur,28.815691,77.152491,North,CPCB,live,rolling_24h_mean,pm25,2026-09-24T00:00:00Z,110.7,ugm3
11266,Alipur,28.815691,77.152491,North,CPCB,live,rolling_24h_mean,pm25,2026-09-24T03:00:00Z,48.7,ugm3
11266,Alipur,28.815691,77.152491,North,CPCB,live,rolling_24h_mean,pm25,2026-09-24T05:00:00Z,40.98,ugm3
11266,Alipur,28.815691,77.152491,North,CPCB,live,rolling_24h_mean,pm25,2026-09-24T06:00:00Z,29.46,ugm3
11266,Alipur,28.815691,77.152491,North,CPCB,live,rolling_24h_mean,pm25,2026-09-24T07:00:00Z,30.41,ugm3
11266,Alipur,28.815691,77.152491,North,CPCB,live,rolling_24h_mean,pm25,2026-09-24T10:00:00Z,48.29,ugm3
11266,Alipur,28.815691,77.152491,North,CPCB,live,rolling_24h_mean,pm25,2026-09-24T11:00:00Z,51.14,ugm3
11266,Alipur,28.815691,77.152491,North,CPCB,live,rolling_24h_mean,pm25,2026-09-24T13:00:00Z,46.26,ugm3
11266,Alipur,28.815691,77.152491,North,CPCB,live,rolling_24h_mean,pm25,2026-09-24T16:00:00Z,58.41,ugm3
11266,Alipur,28.815691,77.152491,North,CPCB,live,rolling_24h_mean,pm25,2026-09-24T17:00:00Z,33.26,ugm3
11266,Alipur,28.815691,77.152491,North,CPCB,live,rolling_24h_mean,pm25,2026-09-24T18:00:00Z,29.93,ugm3
11266,Alipur,28.815691,77.152491,North,CPCB,live,rolling_24h_mean,pm25,2026-09-24T22:00:00Z,8.28,ugm3
11266,Alipur,28.815691,77.152491,North,CPCB,live,rolling_24h_mean,pm25,2026-09-25T00:00:00Z,16.14,ugm3
11266,Alipur,28.815691,77.152491,North,CPCB,live,rolling_24h_mean,pm25,2026-09-25T02:00:00Z,16.14,ugm3
11266,Alipur,28.815691,77.152491,North,CPCB,live,rolling_24h_mean,pm25,2026-09-25T03:00:00Z,16.14,ugm3
11266,Alipur,28.815691,77.152491,North,CPCB,live,rolling_24h_mean,pm25,2026-09-25T05:00:00Z,1.56,ugm3
11266,Alipur,28.815691,77.152491,North,CPCB,live,rolling_24h_mean,pm25,2026-09-25T07:00:00Z,2.28,ugm3
11266,Alipur,28.815691,77.152491,North,CPCB,live,rolling_24h_mean,pm25,2026-09-25T08:00:00Z,8.28,ugm3
11266,Alipur,28.815691,77.152491,North,CPCB,live,rolling_24h_mean,pm25,2026-09-25T09:00:00Z,18.04,ugm3
11266,Alipur,28.815691,77.152491,North,CPCB,live,rolling_24h_mean,pm25,2026-09-25T10:00:00Z,10.68,ugm3
11266,Alipur,28.815691,77.152491,North,CPCB,live,rolling_24h_mean,pm25,2026-09-25T11:00:00Z,8.28,ugm3
11266,Alipur,28.815691,77.152491,North,CPCB,live,rolling_24h_mean,pm25,2026-09-25T12:00:00Z,14.72,ugm3
11266,Alipur,28.815691,77.152491,North,CPCB,live,rolling_24h_mean,pm25,2026-09-25T13:00:00Z,38.14,ugm3
11266,Alipur,28.815691,77.152491,North,CPCB,live,rolling_24h_mean,pm25,2026-09-25T14:00:00Z,83.58,ugm3
11266,Alipur,28.815691,77.152491,North,CPCB,live,rolling_24h_mean,pm25,2026-09-25T15:00:00Z,48.7,ugm3
11266,Alipur,28.815691,77.152491,North,CPCB,live,rolling_24h_mean,pm25,2026-09-25T16:00:00Z,43.42,ugm3
11266,Alipur,28.815691,77.152491,North,CPCB,live,rolling_24h_mean,pm25,2026-09-25T17:00:00Z,37.33,ugm3
11266,Alipur,28.815691,77.152491,North,CPCB,live,rolling_24h_mean,pm25,2026-09-25T18:00:00Z,27.08,ugm3
11266,Alipur,28.815691,77.152491,North,CPCB,live,rolling_24h_mean,pm25,2026-09-25T19:00:00Z,24.23,ugm3
11266,Alipur,28.815691,77.152491,North,CPCB,live,rolling_24h_mean,pm25,2026-09-25T20:00:00Z,24.23,ugm3
11266,Alipur,28.815691,77.152491,North,CPCB,live,rolling_24h_mean,pm25,2026-09-25T21:00:00Z,16.62,ugm3
11266,Alipur,28.815691,77.152491,North,CPCB,live,rolling_24h_mean,pm25,2026-09-25T22:00:00Z,8.76,ugm3
11266,Alipur,28.815691,77.152491,North,CPCB,live,rolling_24h_mean,pm25,2026-09-25T23:00:00Z,14.72,ugm3
11266,Alipur,28.815691,77.152491,North,CPCB,live,rolling_24h_mean,pm25,2026-09-26T00:00:00Z,12.34,ugm3
11266,Alipur,28.815691,77.152491,North,CPCB,live,rolling_24h_mean,pm25,2026-09-26T01:00:00Z,17.09,ugm3
11266,Alipur,28.815691,77.152491,North,CPCB,live,rolling_24h_mean,pm25,2026-09-26T02:00:00Z,20.42,ugm3
11266,Alipur,28.815691,77.152491,North,CPCB,live,rolling_24h_mean,pm25,2026-09-26T03:00:00Z,13.29,ugm3
11266,Alipur,28.815691,77.152491,North,CPCB,live,rolling_24h_mean,pm25,2026-09-26T04:00:00Z,11.4,ugm3
11266,Alipur,28.815691,77.152491,North,CPCB,live,rolling_24h_mean,pm25,2026-09-26T05:00:00Z,6.6,ugm3
11266,Alipur,28.815691,77.152491,North,CPCB,live,rolling_24h_mean,pm25,2026-09-26T06:00:00Z,1.32,ugm3
11266,Alipur,28.815691,77.152491,North,CPCB,live,rolling_24h_mean,pm25,2026-09-26T07:00:00Z,1.32,ugm3
11266,Alipur,28.815691,77.152491,North,CPCB,live,rolling_24h_mean,pm25,2026-09-26T08:00:00Z,14.72,ugm3
11266,Alipur,28.815691,77.152491,North,CPCB,live,rolling_24h_mean,pm25,2026-09-26T09:00:00Z,14.72,ugm3
11266,Alipur,28.815691,77.152491,North,CPCB,live,rolling_24h_mean,pm25,2026-09-26T10:00:00Z,3.24,ugm3
11266,Alipur,28.815691,77.152491,North,CPCB,live,rolling_24h_mean,pm25,2026-09-26T11:00:00Z,3.24,ugm3
11266,Alipur,28.815691,77.152491,North,CPCB,live,rolling_24h_mean,pm25,2026-09-26T12:00:00Z,3.24,ugm3
11266,Alipur,28.815691,77.152491,North,CPCB,live,rolling_24h_mean,pm25,2026-09-26T13:00:00Z,3.24,ugm3
11266,Alipur,28.815691,77.152491,North,CPCB,live,rolling_24h_mean,pm25,2026-09-26T14:00:00Z,3.24,ugm3
11266,Alipur,28.815691,77.152491,North,CPCB,live,rolling_24h_mean,pm25,2026-09-26T15:00:00Z,3.24,ugm3
11266,Alipur,28.815691,77.152491,North,CPCB,live,rolling_24h_mean,pm25,2026-09-26T16:00:00Z,3.24,ugm3
11267,Pooth Khurd,28.775796,77.046251,West,CPCB,live,rolling_24h_mean,o3,2026-09-23T17:00:00Z,2.96,ugm3
11267,Pooth Khurd,28.775796,77.046251,West,CPCB,live,rolling_24h_mean,o3,2026-09-23T18:00:00Z,2.75,ugm3
11267,Pooth Khurd,28.775796,77.046251,West,CPCB,live,rolling_24h_mean,o3,2026-09-23T19:00:00Z,2.75,ugm3
11267,Pooth Khurd,28.775796,77.046251,West,CPCB,live,rolling_24h_mean,o3,2026-09-23T20:00:00Z,3.61,ugm3
11267,Pooth Khurd,28.775796,77.046251,West,CPCB,live,rolling_24h_mean,o3,2026-09-23T21:00:00Z,2.96,ugm3
11267,Pooth Khurd,28.775796,77.046251,West,CPCB,live,rolling_24h_mean,o3,2026-09-23T22:00:00Z,2.75,ugm3
11267,Pooth Khurd,28.775796,77.046251,West,CPCB,live,rolling_24h_mean,o3,2026-09-24T00:00:00Z,2.55,ugm3
11267,Pooth Khurd,28.775796,77.046251,West,CPCB,live,rolling_24h_mean,o3,2026-09-24T03:00:00Z,2.75,ugm3
11267,Pooth Khurd,28.775796,77.046251,West,CPCB,live,rolling_24h_mean,o3,2026-09-24T05:00:00Z,3.18,ugm3
11267,Pooth Khurd,28.775796,77.046251,West,CPCB,live,rolling_24h_mean,o3,2026-09-24T06:00:00Z,4.46,ugm3
11267,Pooth Khurd,28.775796,77.046251,West,CPCB,live,rolling_24h_mean,o3,2026-09-24T07:00:00Z,5.08,ugm3
11267,Pooth Khurd,28.775796,77.046251,West,CPCB,live,rolling_24h_mean,o3,2026-09-24T10:00:00Z,9.54,ugm3
11267,Pooth Khurd,28.775796,77.046251,West,CPCB,live,rolling_24h_mean,o3,2026-09-24T11:00:00Z,11.44,ugm3
11267,Pooth Khurd,28.775796,77.046251,West,CPCB,live,rolling_24h_mean,o3,2026-09-24T13:00:00Z,10.17,ugm3
11267,Pooth Khurd,28.775796,77.046251,West,CPCB,live,rolling_24h_mean,o3,2026-09-24T16:00:00Z,2.34,ugm3
11267,Pooth Khurd,28.775796,77.046251,West,CPCB,live,rolling_24h_mean,o3,2026-09-24T17:00:00Z,3.61,ugm3
11267,Pooth Khurd,28.775796,77.046251,West,CPCB,live,rolling_24h_mean,o3,2026-09-24T18:00:00Z,4.02,ugm3
11267,Pooth Khurd,28.775796,77.046251,West,CPCB,live,rolling_24h_mean,o3,2026-09-24T22:00:00Z,1.69,ugm3
11267,Pooth Khurd,28.775796,77.046251,West,CPCB,live,rolling_24h_mean,o3,2026-09-25T00:00:00Z,1.69,ugm3
11267,Pooth Khurd,28.775796,77.046251,West,CPCB,live,rolling_24h_mean,o3,2026-09-25T02:00:00Z,1.69,ugm3
11267,Pooth Khurd,28.775796,77.046251,West,CPCB,live,rolling_24h_mean,o3,2026-09-25T03:00:00Z,1.69,ugm3
11267,Pooth Khurd,28.775796,77.046251,West,CPCB,live,rolling_24h_mean,o3,2026-09-25T05:00:00Z,2.12,ugm3
11267,Pooth Khurd,28.775796,77.046251,West,CPCB,live,rolling_24h_mean,o3,2026-09-25T07:00:00Z,2.34,ugm3
11267,Pooth Khurd,28.775796,77.046251,West,CPCB,live,rolling_24h_mean,o3,2026-09-25T08:00:00Z,2.34,ugm3
11267,Pooth Khurd,28.775796,77.046251,West,CPCB,live,rolling_24h_mean,o3,2026-09-25T09:00:00Z,5.93,ugm3
11267,Pooth Khurd,28.775796,77.046251,West,CPCB,live,rolling_24h_mean,o3,2026-09-25T10:00:00Z,6.58,ugm3
11267,Pooth Khurd,28.775796,77.046251,West,CPCB,live,rolling_24h_mean,o3,2026-09-25T11:00:00Z,8.26,ugm3
11267,Pooth Khurd,28.775796,77.046251,West,CPCB,live,rolling_24h_mean,o3,2026-09-25T12:00:00Z,8.91,ugm3
11267,Pooth Khurd,28.775796,77.046251,West,CPCB,live,rolling_24h_mean,o3,2026-09-25T13:00:00Z,6.79,ugm3
11267,Pooth Khurd,28.775796,77.046251,West,CPCB,live,rolling_24h_mean,o3,2026-09-25T14:00:00Z,4.67,ugm3
11267,Pooth Khurd,28.775796,77.046251,West,CPCB,live,rolling_24h_mean,o3,2026-09-25T15:00:00Z,3.61,ugm3
11267,Pooth Khurd,28.775796,77.046251,West,CPCB,live,rolling_24h_mean,o3,2026-09-25T16:00:00Z,3.4,ugm3
11267,Pooth Khurd,28.775796,77.046251,West,CPCB,live,rolling_24h_mean,o3,2026-09-25T17:00:00Z,3.18,ugm3
11267,Pooth Khurd,28.775796,77.046251,West,CPCB,live,rolling_24h_mean,o3,2026-09-25T18:00:00Z,2.96,ugm3
11267,Pooth Khurd,28.775796,77.046251,West,CPCB,live,rolling_24h_mean,o3,2026-09-25T19:00:00Z,2.75,ugm3
11267,Pooth Khurd,28.775796,77.046251,West,CPCB,live,rolling_24h_mean,o3,2026-09-25T20:00:00Z,5.93,ugm3
11267,Pooth Khurd,28.775796,77.046251,West,CPCB,live,rolling_24h_mean,o3,2026-09-25T21:00:00Z,2.96,ugm3
11267,Pooth Khurd,28.775796,77.046251,West,CPCB,live,rolling_24h_mean,o3,2026-09-25T22:00:00Z,2.75,ugm3
11267,Pooth Khurd,28.775796,77.046251,West,CPCB,live,rolling_24h_mean,o3,2026-09-25T23:00:00Z,2.75,ugm3
11267,Pooth Khurd,28.775796,77.046251,West,CPCB,live,rolling_24h_mean,o3,2026-09-26T00:00:00Z,2.75,ugm3
11267,Pooth Khurd,28.775796,77.046251,West,CPCB,live,rolling_24h_mean,o3,2026-09-26T01:00:00Z,2.75,ugm3
11267,Pooth Khurd,28.775796,77.046251,West,CPCB,live,rolling_24h_mean,o3,2026-09-26T02:00:00Z,2.96,ugm3
11267,Pooth Khurd,28.775796,77.046251,West,CPCB,live,rolling_24h_mean,o3,2026-09-26T03:00:00Z,2.96,ugm3
11267,Pooth Khurd,28.775796,77.046251,West,CPCB,live,rolling_24h_mean,o3,2026-09-26T04:00:00Z,3.18,ugm3
11267,Pooth Khurd,28.775796,77.046251,West,CPCB,live,rolling_24h_mean,o3,2026-09-26T05:00:00Z,4.24,ugm3
11267,Pooth Khurd,28.775796,77.046251,West,CPCB,live,rolling_24h_mean,o3,2026-09-26T06:00:00Z,4.87,ugm3
11267,Pooth Khurd,28.775796,77.046251,West,CPCB,live,rolling_24h_mean,o3,2026-09-26T07:00:00Z,5.08,ugm3
11267,Pooth Khurd,28.775796,77.046251,West,CPCB,live,rolling_24h_mean,o3,2026-09-26T08:00:00Z,4.67,ugm3
11267,Pooth Khurd,28.775796,77.046251,West,CPCB,live,rolling_24h_mean,o3,2026-09-26T09:00:00Z,4.67,ugm3
11267,Pooth Khurd,28.775796,77.046251,West,CPCB,live,rolling_24h_mean,o3,2026-09-26T10:00:00Z,5.08,ugm3
11267,Pooth Khurd,28.775796,77.046251,West,CPCB,live,rolling_24h_mean,o3,2026-09-26T11:00:00Z,4.87,ugm3
11267,Pooth Khurd,28.775796,77.046251,West,CPCB,live,rolling_24h_mean,o3,2026-09-26T12:00:00Z,4.24,ugm3
11267,Pooth Khurd,28.775796,77.046251,West,CPCB,live,rolling_24h_mean,o3,2026-09-26T13:00:00Z,3.4,ugm3
11267,Pooth Khurd,28.775796,77.046251,West,CPCB,live,rolling_24h_mean,o3,2026-09-26T14:00:00Z,4.02,ugm3
11267,Pooth Khurd,28.775796,77.046251,West,CPCB,live,rolling_24h_mean,o3,2026-09-26T15:00:00Z,4.87,ugm3
11267,Pooth Khurd,28.775796,77.046251,West,CPCB,live,rolling_24h_mean,o3,2026-09-26T16:00:00Z,4.02,ugm3
11267,Pooth Khurd,28.775796,77.046251,West,CPCB,live,rolling_24h_mean,pm10,2026-09-23T17:00:00Z,190.36,ugm3
11267,Pooth Khurd,28.775796,77.046251,West,CPCB,live,rolling_24h_mean,pm10,2026-09-23T18:00:00Z,230.77,ugm3
11267,Pooth Khurd,28.775796,77.046251,West,CPCB,live,rolling_24h_mean,pm10,2026-09-23T19:00:00Z,226.72,ugm3
11267,Pooth Khurd,28.775796,77.046251,West,CPCB,live,rolling_24h_mean,pm10,2026-09-23T20:00:00Z,212.58,ugm3
11267,Pooth Khurd,28.775796,77.046251,West,CPCB,live,rolling_24h_mean,pm10,2026-09-23T21:00:00Z,192.38,ugm3
11267,Pooth Khurd,28.775796,77.046251,West,CPCB,live,rolling_24h_mean,pm10,2026-09-23T22:00:00Z,184.3,ugm3
11267,Pooth Khurd,28.775796,77.046251,West,CPCB,live,rolling_24h_mean,pm10,2026-09-24T00:00:00Z,216.62,ugm3
11267,Pooth Khurd,28.775796,77.046251,West,CPCB,live,rolling_24h_mean,pm10,2026-09-24T03:00:00Z,204.5,ugm3
11267,Pooth Khurd,28.775796,77.046251,West,CPCB,live,rolling_24h_mean,pm10,2026-09-24T05:00:00Z,156.01,ugm3
11267,Pooth Khurd,28.775796,77.046251,West,CPCB,live,rolling_24h_mean,pm10,2026-09-24T06:00:00Z,160.05,ugm3
11267,Pooth Khurd,28.775796,77.046251,West,CPCB,live,rolling_24h_mean,pm10,2026-09-24T07:00:00Z,134.81,ugm3
11267,Pooth Khurd,28.775796,77.046251,West,CPCB,live,rolling_24h_mean,pm10,2026-09-24T10:00:00Z,138.85,ugm3
11267,Pooth Khurd,28.775796,77.046251,West,CPCB,live,rolling_24h_mean,pm10,2026-09-24T11:00:00Z,132.79,ugm3
11267,Pooth Khurd,28.775796,77.046251,West,CPCB,live,rolling_24h_mean,pm10,2026-09-24T13:00:00Z,156.01,ugm3
11267,Pooth Khurd,28.775796,77.046251,West,CPCB,live,rolling_24h_mean,pm10,2026-09-24T16:00:00Z,196.42,ugm3
11267,Pooth Khurd,28.775796,77.046251,West,CPCB,live,rolling_24h_mean,pm10,2026-09-24T17:00:00Z,100.46,ugm3
11267,Pooth Khurd,28.775796,77.046251,West,CPCB,live,rolling_24h_mean,pm10,2026-09-24T18:00:00Z,104.5,ugm3
11267,Pooth Khurd,28.775796,77.046251,West,CPCB,live,rolling_24h_mean,pm10,2026-09-24T22:00:00Z,40.5,ugm3
11267,Pooth Khurd,28.775796,77.046251,West,CPCB,live,rolling_24h_mean,pm10,2026-09-25T00:00:00Z,40.5,ugm3
11267,Pooth Khurd,28.775796,77.046251,West,CPCB,live,rolling_24h_mean,pm10,2026-09-25T02:00:00Z,40.5,ugm3
11267,Pooth Khurd,28.775796,77.046251,West,CPCB,live,rolling_24h_mean,pm10,2026-09-25T03:00:00Z,40.5,ugm3
11267,Pooth Khurd,28.775796,77.046251,West,CPCB,live,rolling_24h_mean,pm10,2026-09-25T05:00:00Z,80.26,ugm3
11267,Pooth Khurd,28.775796,77.046251,West,CPCB,live,rolling_24h_mean,pm10,2026-09-25T07:00:00Z,122.68,ugm3
11267,Pooth Khurd,28.775796,77.046251,West,CPCB,live,rolling_24h_mean,pm10,2026-09-25T08:00:00Z,122.68,ugm3
11267,Pooth Khurd,28.775796,77.046251,West,CPCB,live,rolling_24h_mean,pm10,2026-09-25T09:00:00Z,66.11,ugm3
11267,Pooth Khurd,28.775796,77.046251,West,CPCB,live,rolling_24h_mean,pm10,2026-09-25T10:00:00Z,76.21,ugm3
11267,Pooth Khurd,28.775796,77.046251,West,CPCB,live,rolling_24h_mean,pm10,2026-09-25T11:00:00Z,90.36,ugm3
11267,Pooth Khurd,28.775796,77.046251,West,CPCB,live,rolling_24h_mean,pm10,2026-09-25T12:00:00Z,76.21,ugm3
11267,Pooth Khurd,28.775796,77.046251,West,CPCB,live,rolling_24h_mean,pm10,2026-09-25T13:00:00Z,118.64,ugm3
11267,Pooth Khurd,28.775796,77.046251,West,CPCB,live,rolling_24h_mean,pm10,2026-09-25T14:00:00Z,204.5,ugm3
11267,Pooth Khurd,28.775796,77.046251,West,CPCB,live,rolling_24h_mean,pm10,2026-09-25T15:00:00Z,188.34,ugm3
11267,Pooth Khurd,28.775796,77.046251,West,CPCB,live,rolling_24h_mean,pm10,2026-09-25T16:00:00Z,166.11,ugm3
11267,Pooth Khurd,28.775796,77.046251,West,CPCB,live,rolling_24h_mean,pm10,2026-09-25T17:00:00Z,132.79,ugm3
11267,Pooth Khurd,28.775796,77.046251,West,CPCB,live,rolling_24h_mean,pm10,2026-09-25T18:00:00Z,114.6,ugm3
11267,Pooth Khurd,28.775796,77.046251,West,CPCB,live,rolling_24h_mean,pm10,2026-09-25T19:00:00Z,66.11,ugm3
11267,Pooth Khurd,28.775796,77.046251,West,CPCB,live,rolling_24h_mean,pm10,2026-09-25T20:00:00Z,62.07,ugm3
11267,Pooth Khurd,28.775796,77.046251,West,CPCB,live,rolling_24h_mean,pm10,2026-09-25T21:00:00Z,32.94,ugm3
11267,Pooth Khurd,28.775796,77.046251,West,CPCB,live,rolling_24h_mean,pm10,2026-09-25T22:00:00Z,58.03,ugm3
11267,Pooth Khurd,28.775796,77.046251,West,CPCB,live,rolling_24h_mean,pm10,2026-09-25T23:00:00Z,39.42,ugm3
11267,Pooth Khurd,28.775796,77.046251,West,CPCB,live,rolling_24h_mean,pm10,2026-09-26T00:00:00Z,41.58,ugm3
11267,Pooth Khurd,28.775796,77.046251,West,CPCB,live,rolling_24h_mean,pm10,2026-09-26T01:00:00Z,42.66,ugm3
11267,Pooth Khurd,28.775796,77.046251,West,CPCB,live,rolling_24h_mean,pm10,2026-09-26T02:00:00Z,46.98,ugm3
11267,Pooth Khurd,28.775796,77.046251,West,CPCB,live,rolling_24h_mean,pm10,2026-09-26T03:00:00Z,48.06,ugm3
11267,Pooth Khurd,28.775796,77.046251,West,CPCB,live,rolling_24h_mean,pm10,2026-09-26T04:00:00Z,78.23,ugm3
11267,Pooth Khurd,28.775796,77.046251,West,CPCB,live,rolling_24h_mean,pm10,2026-09-26T05:00:00Z,94.4,ugm3
11267,Pooth Khurd,28.775796,77.046251,West,CPCB,live,rolling_24h_mean,pm10,2026-09-26T06:00:00Z,112.58,ugm3
11267,Pooth Khurd,28.775796,77.046251,West,CPCB,live,rolling_24h_mean,pm10,2026-09-26T07:00:00Z,74.19,ugm3
11267,Pooth Khurd,28.775796,77.046251,West,CPCB,live,rolling_24h_mean,pm10,2026-09-26T08:00:00Z,106.52,ugm3
11267,Pooth Khurd,28.775796,77.046251,West,CPCB,live,rolling_24h_mean,pm10,2026-09-26T09:00:00Z,100.46,ugm3
11267,Pooth Khurd,28.775796,77.046251,West,CPCB,live,rolling_24h_mean,pm10,2026-09-26T10:00:00Z,118.64,ugm3
11267,Pooth Khurd,28.775796,77.046251,West,CPCB,live,rolling_24h_mean,pm10,2026-09-26T11:00:00Z,126.72,ugm3
11267,Pooth Khurd,28.775796,77.046251,West,CPCB,live,rolling_24h_mean,pm10,2026-09-26T12:00:00Z,106.52,ugm3
11267,Pooth Khurd,28.775796,77.046251,West,CPCB,live,rolling_24h_mean,pm10,2026-09-26T13:00:00Z,76.21,ugm3
11267,Pooth Khurd,28.775796,77.046251,West,CPCB,live,rolling_24h_mean,pm10,2026-09-26T14:00:00Z,35.1,ugm3
11267,Pooth Khurd,28.775796,77.046251,West,CPCB,live,rolling_24h_mean,pm10,2026-09-26T15:00:00Z,40.5,ugm3
11267,Pooth Khurd,28.775796,77.046251,West,CPCB,live,rolling_24h_mean,pm10,2026-09-26T16:00:00Z,18.9,ugm3
11267,Pooth Khurd,28.775796,77.046251,West,CPCB,live,rolling_24h_mean,pm25,2026-09-23T17:00:00Z,79.71,ugm3
11267,Pooth Khurd,28.775796,77.046251,West,CPCB,live,rolling_24h_mean,pm25,2026-09-23T18:00:00Z,93.27,ugm3
11267,Pooth Khurd,28.775796,77.046251,West,CPCB,live,rolling_24h_mean,pm25,2026-09-23T19:00:00Z,99.08,ugm3
11267,Pooth Khurd,28.775796,77.046251,West,CPCB,live,rolling_24h_mean,pm25,2026-09-23T20:00:00Z,132.0,ugm3
11267,Pooth Khurd,28.775796,77.046251,West,CPCB,live,rolling_24h_mean,pm25,2026-09-23T21:00:00Z,108.76,ugm3
11267,Pooth Khurd,28.775796,77.046251,West,CPCB,live,rolling_24h_mean,pm25,2026-09-23T22:00:00Z,108.76,ugm3
11267,Pooth Khurd,28.775796,77.046251,West,CPCB,live,rolling_24h_mean,pm25,2026-09-24T00:00:00Z,122.32,ugm3
11267,Pooth Khurd,28.775796,77.046251,West,CPCB,live,rolling_24h_mean,pm25,2026-09-24T03:00:00Z,89.39,ugm3
11267,Pooth Khurd,28.775796,77.046251,West,CPCB,live,rolling_24h_mean,pm25,2026-09-24T05:00:00Z,62.28,ugm3
11267,Pooth Khurd,28.775796,77.046251,West,CPCB,live,rolling_24h_mean,pm25,2026-09-24T06:00:00Z,46.26,ugm3
11267,Pooth Khurd,28.775796,77.046251,West,CPCB,live,rolling_24h_mean,pm25,2026-09-24T07:00:00Z,42.2,ugm3
11267,Pooth Khurd,28.775796,77.046251,West,CPCB,live,rolling_24h_mean,pm25,2026-09-24T10:00:00Z,58.41,ugm3
11267,Pooth Khurd,28.775796,77.046251,West,CPCB,live,rolling_24h_mean,pm25,2026-09-24T11:00:00Z,68.09,ugm3
11267,Pooth Khurd,28.775796,77.046251,West,CPCB,live,rolling_24h_mean,pm25,2026-09-24T13:00:00Z,62.28,ugm3
11267,Pooth Khurd,28.775796,77.046251,West,CPCB,live,rolling_24h_mean,pm25,2026-09-24T16:00:00Z,62.28,ugm3
11267,Pooth Khurd,28.775796,77.046251,West,CPCB,live,rolling_24h_mean,pm25,2026-09-24T17:00:00Z,11.16,ugm3
11267,Pooth Khurd,28.775796,77.046251,West,CPCB,live,rolling_24h_mean,pm25,2026-09-24T18:00:00Z,3.24,ugm3
11267,Pooth Khurd,28.775796,77.046251,West,CPCB,live,rolling_24h_mean,pm25,2026-09-24T22:00:00Z,20.42,ugm3
11267,Pooth Khurd,28.775796,77.046251,West,CPCB,live,rolling_24h_mean,pm25,2026-09-25T00:00:00Z,20.42,ugm3
11267,Pooth Khurd,28.775796,77.046251,West,CPCB,live,rolling_24h_mean,pm25,2026-09-25T02:00:00Z,20.42,ugm3
11267,Pooth Khurd,28.775796,77.046251,West,CPCB,live,rolling_24h_mean,pm25,2026-09-25T03:00:00Z,20.42,ugm3
11267,Pooth Khurd,28.775796,77.046251,West,CPCB,live,rolling_24h_mean,pm25,2026-09-25T05:00:00Z,18.04,ugm3
11267,Pooth Khurd,28.775796,77.046251,West,CPCB,live,rolling_24h_mean,pm25,2026-09-25T07:00:00Z,58.41,ugm3
11267,Pooth Khurd,28.775796,77.046251,West,CPCB,live,rolling_24h_mean,pm25,2026-09-25T08:00:00Z,58.41,ugm3
11267,Pooth Khurd,28.775796,77.046251,West,CPCB,live,rolling_24h_mean,pm25,2026-09-25T09:00:00Z,34.21,ugm3
11267,Pooth Khurd,28.775796,77.046251,West,CPCB,live,rolling_24h_mean,pm25,2026-09-25T10:00:00Z,34.21,ugm3
11267,Pooth Khurd,28.775796,77.046251,West,CPCB,live,rolling_24h_mean,pm25,2026-09-25T11:00:00Z,34.21,ugm3
11267,Pooth Khurd,28.775796,77.046251,West,CPCB,live,rolling_24h_mean,pm25,2026-09-25T12:00:00Z,7.32,ugm3
11267,Pooth Khurd,28.775796,77.046251,West,CPCB,live,rolling_24h_mean,pm25,2026-09-25T13:00:00Z,13.29,ugm3
11267,Pooth Khurd,28.775796,77.046251,West,CPCB,live,rolling_24h_mean,pm25,2026-09-25T14:00:00Z,60.34,ugm3
11267,Pooth Khurd,28.775796,77.046251,West,CPCB,live,rolling_24h_mean,pm25,2026-09-25T15:00:00Z,70.03,ugm3
11267,Pooth Khurd,28.775796,77.046251,West,CPCB,live,rolling_24h_mean,pm25,2026-09-25T16:00:00Z,52.35,ugm3
11267,Pooth Khurd,28.775796,77.046251,West,CPCB,live,rolling_24h_mean,pm25,2026-09-25T17:00:00Z,53.17,ugm3
11267,Pooth Khurd,28.775796,77.046251,West,CPCB,live,rolling_24h_mean,pm25,2026-09-25T18:00:00Z,56.47,ugm3
11267,Pooth Khurd,28.775796,77.046251,West,CPCB,live,rolling_24h_mean,pm25,2026-09-25T19:00:00Z,35.16,ugm3
11267,Pooth Khurd,28.775796,77.046251,West,CPCB,live,rolling_24h_mean,pm25,2026-09-25T20:00:00Z,24.23,ugm3
11267,Pooth Khurd,28.775796,77.046251,West,CPCB,live,rolling_24h_mean,pm25,2026-09-25T21:00:00Z,29.46,ugm3
11267,Pooth Khurd,28.775796,77.046251,West,CPCB,live,rolling_24h_mean,pm25,2026-09-25T22:00:00Z,24.23,ugm3
11267,Pooth Khurd,28.775796,77.046251,West,CPCB,live,rolling_24h_mean,pm25,2026-09-25T23:00:00Z,28.51,ugm3
11267,Pooth Khurd,28.775796,77.046251,West,CPCB,live,rolling_24h_mean,pm25,2026-09-26T00:00:00Z,24.23,ugm3
11267,Pooth Khurd,28.775796,77.046251,West,CPCB,live,rolling_24h_mean,pm25,2026-09-26T01:00:00Z,23.27,ugm3
11267,Pooth Khurd,28.775796,77.046251,West,CPCB,live,rolling_24h_mean,pm25,2026-09-26T02:00:00Z,30.41,ugm3
11267,Pooth Khurd,28.775796,77.046251,West,CPCB,live,rolling_24h_mean,pm25,2026-09-26T03:00:00Z,28.51,ugm3
11267,Pooth Khurd,28.775796,77.046251,West,CPCB,live,rolling_24h_mean,pm25,2026-09-26T04:00:00Z,34.21,ugm3
11267,Pooth Khurd,28.775796,77.046251,West,CPCB,live,rolling_24h_mean,pm25,2026-09-26T05:00:00Z,35.16,ugm3
11267,Pooth Khurd,28.775796,77.046251,West,CPCB,live,rolling_24h_mean,pm25,2026-09-26T06:00:00Z,33.26,ugm3
11267,Pooth Khurd,28.775796,77.046251,West,CPCB,live,rolling_24h_mean,pm25,2026-09-26T07:00:00Z,18.99,ugm3
11267,Pooth Khurd,28.775796,77.046251,West,CPCB,live,rolling_24h_mean,pm25,2026-09-26T08:00:00Z,18.99,ugm3
11267,Pooth Khurd,28.775796,77.046251,West,CPCB,live,rolling_24h_mean,pm25,2026-09-26T09:00:00Z,20.42,ugm3
11267,Pooth Khurd,28.775796,77.046251,West,CPCB,live,rolling_24h_mean,pm25,2026-09-26T10:00:00Z,25.18,ugm3
11267,Pooth Khurd,28.775796,77.046251,West,CPCB,live,rolling_24h_mean,pm25,2026-09-26T11:00:00Z,34.21,ugm3
11267,Pooth Khurd,28.775796,77.046251,West,CPCB,live,rolling_24h_mean,pm25,2026-09-26T12:00:00Z,11.16,ugm3
11267,Pooth Khurd,28.775796,77.046251,West,CPCB,live,rolling_24h_mean,pm25,2026-09-26T13:00:00Z,22.32,ugm3
11267,Pooth Khurd,28.775796,77.046251,West,CPCB,live,rolling_24h_mean,pm25,2026-09-26T14:00:00Z,29.46,ugm3
11267,Pooth Khurd,28.775796,77.046251,West,CPCB,live,rolling_24h_mean,pm25,2026-09-26T15:00:00Z,22.32,ugm3
11267,Pooth Khurd,28.775796,77.046251,West,CPCB,live,rolling_24h_mean,pm25,2026-09-26T16:00:00Z,12.12,ugm3
11603,Chandni Chowk,28.656756,77.227234,Central,IITM,archive,hourly_readings,no2,2026-09-16T14:00:00Z,33.2,ugm3
11603,Chandni Chowk,28.656756,77.227234,Central,IITM,archive,hourly_readings,no2,2026-09-16T15:00:00Z,34.7,ugm3
11603,Chandni Chowk,28.656756,77.227234,Central,IITM,archive,hourly_readings,no2,2026-09-16T17:00:00Z,32.7,ugm3
11603,Chandni Chowk,28.656756,77.227234,Central,IITM,archive,hourly_readings,no2,2026-09-16T18:00:00Z,33.2,ugm3
11603,Chandni Chowk,28.656756,77.227234,Central,IITM,archive,hourly_readings,no2,2026-09-16T19:00:00Z,31.1,ugm3
11603,Chandni Chowk,28.656756,77.227234,Central,IITM,archive,hourly_readings,no2,2026-09-16T20:00:00Z,30.6,ugm3
11603,Chandni Chowk,28.656756,77.227234,Central,IITM,archive,hourly_readings,no2,2026-09-16T21:00:00Z,28.4,ugm3
11603,Chandni Chowk,28.656756,77.227234,Central,IITM,archive,hourly_readings,no2,2026-09-16T22:00:00Z,25.3,ugm3
11603,Chandni Chowk,28.656756,77.227234,Central,IITM,archive,hourly_readings,no2,2026-09-16T23:00:00Z,21.4,ugm3
11603,Chandni Chowk,28.656756,77.227234,Central,IITM,archive,hourly_readings,no2,2026-09-17T00:00:00Z,22.6,ugm3
11603,Chandni Chowk,28.656756,77.227234,Central,IITM,archive,hourly_readings,no2,2026-09-17T01:00:00Z,27.4,ugm3
11603,Chandni Chowk,28.656756,77.227234,Central,IITM,archive,hourly_readings,no2,2026-09-17T02:00:00Z,19.7,ugm3
11603,Chandni Chowk,28.656756,77.227234,Central,IITM,archive,hourly_readings,no2,2026-09-17T03:00:00Z,17.1,ugm3
11603,Chandni Chowk,28.656756,77.227234,Central,IITM,archive,hourly_readings,no2,2026-09-17T04:00:00Z,21.6,ugm3
11603,Chandni Chowk,28.656756,77.227234,Central,IITM,archive,hourly_readings,no2,2026-09-17T05:00:00Z,24.3,ugm3
11603,Chandni Chowk,28.656756,77.227234,Central,IITM,archive,hourly_readings,no2,2026-09-17T06:00:00Z,26.8,ugm3
11603,Chandni Chowk,28.656756,77.227234,Central,IITM,archive,hourly_readings,no2,2026-09-17T07:00:00Z,18.3,ugm3
11603,Chandni Chowk,28.656756,77.227234,Central,IITM,archive,hourly_readings,no2,2026-09-17T08:00:00Z,19.7,ugm3
11603,Chandni Chowk,28.656756,77.227234,Central,IITM,archive,hourly_readings,no2,2026-09-17T09:00:00Z,19.8,ugm3
11603,Chandni Chowk,28.656756,77.227234,Central,IITM,archive,hourly_readings,no2,2026-09-17T10:00:00Z,21.6,ugm3
11603,Chandni Chowk,28.656756,77.227234,Central,IITM,archive,hourly_readings,no2,2026-09-17T11:00:00Z,22.9,ugm3
11603,Chandni Chowk,28.656756,77.227234,Central,IITM,archive,hourly_readings,no2,2026-09-17T12:00:00Z,27.5,ugm3
11603,Chandni Chowk,28.656756,77.227234,Central,IITM,archive,hourly_readings,no2,2026-09-17T13:00:00Z,31.0,ugm3
11603,Chandni Chowk,28.656756,77.227234,Central,IITM,archive,hourly_readings,o3,2026-09-16T14:00:00Z,9.2,ugm3
11603,Chandni Chowk,28.656756,77.227234,Central,IITM,archive,hourly_readings,o3,2026-09-16T15:00:00Z,4.7,ugm3
11603,Chandni Chowk,28.656756,77.227234,Central,IITM,archive,hourly_readings,o3,2026-09-16T17:00:00Z,3.7,ugm3
11603,Chandni Chowk,28.656756,77.227234,Central,IITM,archive,hourly_readings,o3,2026-09-16T18:00:00Z,5.2,ugm3
11603,Chandni Chowk,28.656756,77.227234,Central,IITM,archive,hourly_readings,o3,2026-09-16T19:00:00Z,5.8,ugm3
11603,Chandni Chowk,28.656756,77.227234,Central,IITM,archive,hourly_readings,o3,2026-09-16T20:00:00Z,6.2,ugm3
11603,Chandni Chowk,28.656756,77.227234,Central,IITM,archive,hourly_readings,o3,2026-09-16T21:00:00Z,10.1,ugm3
11603,Chandni Chowk,28.656756,77.227234,Central,IITM,archive,hourly_readings,o3,2026-09-16T22:00:00Z,16.6,ugm3
11603,Chandni Chowk,28.656756,77.227234,Central,IITM,archive,hourly_readings,o3,2026-09-16T23:00:00Z,23.6,ugm3
11603,Chandni Chowk,28.656756,77.227234,Central,IITM,archive,hourly_readings,o3,2026-09-17T00:00:00Z,19.0,ugm3
11603,Chandni Chowk,28.656756,77.227234,Central,IITM,archive,hourly_readings,o3,2026-09-17T01:00:00Z,20.8,ugm3
11603,Chandni Chowk,28.656756,77.227234,Central,IITM,archive,hourly_readings,o3,2026-09-17T02:00:00Z,28.0,ugm3
11603,Chandni Chowk,28.656756,77.227234,Central,IITM,archive,hourly_readings,o3,2026-09-17T03:00:00Z,33.1,ugm3
11603,Chandni Chowk,28.656756,77.227234,Central,IITM,archive,hourly_readings,o3,2026-09-17T04:00:00Z,28.3,ugm3
11603,Chandni Chowk,28.656756,77.227234,Central,IITM,archive,hourly_readings,o3,2026-09-17T05:00:00Z,29.5,ugm3
11603,Chandni Chowk,28.656756,77.227234,Central,IITM,archive,hourly_readings,o3,2026-09-17T06:00:00Z,33.4,ugm3
11603,Chandni Chowk,28.656756,77.227234,Central,IITM,archive,hourly_readings,o3,2026-09-17T07:00:00Z,41.2,ugm3
11603,Chandni Chowk,28.656756,77.227234,Central,IITM,archive,hourly_readings,o3,2026-09-17T08:00:00Z,39.5,ugm3
11603,Chandni Chowk,28.656756,77.227234,Central,IITM,archive,hourly_readings,o3,2026-09-17T09:00:00Z,36.3,ugm3
11603,Chandni Chowk,28.656756,77.227234,Central,IITM,archive,hourly_readings,o3,2026-09-17T10:00:00Z,35.6,ugm3
11603,Chandni Chowk,28.656756,77.227234,Central,IITM,archive,hourly_readings,o3,2026-09-17T11:00:00Z,28.0,ugm3
11603,Chandni Chowk,28.656756,77.227234,Central,IITM,archive,hourly_readings,o3,2026-09-17T12:00:00Z,18.1,ugm3
11603,Chandni Chowk,28.656756,77.227234,Central,IITM,archive,hourly_readings,o3,2026-09-17T13:00:00Z,21.2,ugm3
11603,Chandni Chowk,28.656756,77.227234,Central,IITM,archive,hourly_readings,pm10,2026-09-16T14:00:00Z,130.0,ugm3
11603,Chandni Chowk,28.656756,77.227234,Central,IITM,archive,hourly_readings,pm10,2026-09-16T15:00:00Z,146.0,ugm3
11603,Chandni Chowk,28.656756,77.227234,Central,IITM,archive,hourly_readings,pm10,2026-09-16T17:00:00Z,165.0,ugm3
11603,Chandni Chowk,28.656756,77.227234,Central,IITM,archive,hourly_readings,pm10,2026-09-16T18:00:00Z,163.0,ugm3
11603,Chandni Chowk,28.656756,77.227234,Central,IITM,archive,hourly_readings,pm10,2026-09-16T19:00:00Z,163.0,ugm3
11603,Chandni Chowk,28.656756,77.227234,Central,IITM,archive,hourly_readings,pm10,2026-09-16T20:00:00Z,169.0,ugm3
11603,Chandni Chowk,28.656756,77.227234,Central,IITM,archive,hourly_readings,pm10,2026-09-16T21:00:00Z,174.0,ugm3
11603,Chandni Chowk,28.656756,77.227234,Central,IITM,archive,hourly_readings,pm10,2026-09-16T22:00:00Z,168.0,ugm3
11603,Chandni Chowk,28.656756,77.227234,Central,IITM,archive,hourly_readings,pm10,2026-09-16T23:00:00Z,159.0,ugm3
11603,Chandni Chowk,28.656756,77.227234,Central,IITM,archive,hourly_readings,pm10,2026-09-17T00:00:00Z,117.0,ugm3
11603,Chandni Chowk,28.656756,77.227234,Central,IITM,archive,hourly_readings,pm10,2026-09-17T01:00:00Z,90.5,ugm3
11603,Chandni Chowk,28.656756,77.227234,Central,IITM,archive,hourly_readings,pm10,2026-09-17T02:00:00Z,64.6,ugm3
11603,Chandni Chowk,28.656756,77.227234,Central,IITM,archive,hourly_readings,pm10,2026-09-17T03:00:00Z,67.3,ugm3
11603,Chandni Chowk,28.656756,77.227234,Central,IITM,archive,hourly_readings,pm10,2026-09-17T04:00:00Z,70.0,ugm3
11603,Chandni Chowk,28.656756,77.227234,Central,IITM,archive,hourly_readings,pm10,2026-09-17T05:00:00Z,82.4,ugm3
11603,Chandni Chowk,28.656756,77.227234,Central,IITM,archive,hourly_readings,pm10,2026-09-17T06:00:00Z,62.2,ugm3
11603,Chandni Chowk,28.656756,77.227234,Central,IITM,archive,hourly_readings,pm10,2026-09-17T07:00:00Z,69.8,ugm3
11603,Chandni Chowk,28.656756,77.227234,Central,IITM,archive,hourly_readings,pm10,2026-09-17T08:00:00Z,89.2,ugm3
11603,Chandni Chowk,28.656756,77.227234,Central,IITM,archive,hourly_readings,pm10,2026-09-17T09:00:00Z,92.0,ugm3
11603,Chandni Chowk,28.656756,77.227234,Central,IITM,archive,hourly_readings,pm10,2026-09-17T10:00:00Z,88.0,ugm3
11603,Chandni Chowk,28.656756,77.227234,Central,IITM,archive,hourly_readings,pm10,2026-09-17T11:00:00Z,80.8,ugm3
11603,Chandni Chowk,28.656756,77.227234,Central,IITM,archive,hourly_readings,pm10,2026-09-17T12:00:00Z,83.2,ugm3
11603,Chandni Chowk,28.656756,77.227234,Central,IITM,archive,hourly_readings,pm10,2026-09-17T13:00:00Z,103.0,ugm3
11603,Chandni Chowk,28.656756,77.227234,Central,IITM,archive,hourly_readings,pm25,2026-09-16T14:00:00Z,60.7,ugm3
11603,Chandni Chowk,28.656756,77.227234,Central,IITM,archive,hourly_readings,pm25,2026-09-16T15:00:00Z,62.6,ugm3
11603,Chandni Chowk,28.656756,77.227234,Central,IITM,archive,hourly_readings,pm25,2026-09-16T17:00:00Z,77.8,ugm3
11603,Chandni Chowk,28.656756,77.227234,Central,IITM,archive,hourly_readings,pm25,2026-09-16T18:00:00Z,80.4,ugm3
11603,Chandni Chowk,28.656756,77.227234,Central,IITM,archive,hourly_readings,pm25,2026-09-16T19:00:00Z,85.8,ugm3
11603,Chandni Chowk,28.656756,77.227234,Central,IITM,archive,hourly_readings,pm25,2026-09-16T20:00:00Z,92.6,ugm3
11603,Chandni Chowk,28.656756,77.227234,Central,IITM,archive,hourly_readings,pm25,2026-09-16T21:00:00Z,95.9,ugm3
11603,Chandni Chowk,28.656756,77.227234,Central,IITM,archive,hourly_readings,pm25,2026-09-16T22:00:00Z,89.9,ugm3
11603,Chandni Chowk,28.656756,77.227234,Central,IITM,archive,hourly_readings,pm25,2026-09-16T23:00:00Z,68.5,ugm3
11603,Chandni Chowk,28.656756,77.227234,Central,IITM,archive,hourly_readings,pm25,2026-09-17T00:00:00Z,46.3,ugm3
11603,Chandni Chowk,28.656756,77.227234,Central,IITM,archive,hourly_readings,pm25,2026-09-17T01:00:00Z,44.1,ugm3
11603,Chandni Chowk,28.656756,77.227234,Central,IITM,archive,hourly_readings,pm25,2026-09-17T02:00:00Z,41.9,ugm3
11603,Chandni Chowk,28.656756,77.227234,Central,IITM,archive,hourly_readings,pm25,2026-09-17T03:00:00Z,43.2,ugm3
11603,Chandni Chowk,28.656756,77.227234,Central,IITM,archive,hourly_readings,pm25,2026-09-17T04:00:00Z,50.3,ugm3
11603,Chandni Chowk,28.656756,77.227234,Central,IITM,archive,hourly_readings,pm25,2026-09-17T05:00:00Z,48.7,ugm3
11603,Chandni Chowk,28.656756,77.227234,Central,IITM,archive,hourly_readings,pm25,2026-09-17T06:00:00Z,40.1,ugm3
11603,Chandni Chowk,28.656756,77.227234,Central,IITM,archive,hourly_readings,pm25,2026-09-17T07:00:00Z,35.9,ugm3
11603,Chandni Chowk,28.656756,77.227234,Central,IITM,archive,hourly_readings,pm25,2026-09-17T08:00:00Z,45.9,ugm3
11603,Chandni Chowk,28.656756,77.227234,Central,IITM,archive,hourly_readings,pm25,2026-09-17T09:00:00Z,44.4,ugm3
11603,Chandni Chowk,28.656756,77.227234,Central,IITM,archive,hourly_readings,pm25,2026-09-17T10:00:00Z,47.4,ugm3
11603,Chandni Chowk,28.656756,77.227234,Central,IITM,archive,hourly_readings,pm25,2026-09-17T11:00:00Z,47.1,ugm3
11603,Chandni Chowk,28.656756,77.227234,Central,IITM,archive,hourly_readings,pm25,2026-09-17T12:00:00Z,41.4,ugm3
11603,Chandni Chowk,28.656756,77.227234,Central,IITM,archive,hourly_readings,pm25,2026-09-17T13:00:00Z,42.6,ugm3
2860223,GK1 (Oberoi Terrace),28.550005,77.243106,South,AIRGRADIENT,archive,hourly_readings,pm25,2026-09-16T14:00:00Z,2.7,ugm3
2860223,GK1 (Oberoi Terrace),28.550005,77.243106,South,AIRGRADIENT,archive,hourly_readings,pm25,2026-09-16T15:00:00Z,5.3,ugm3
2860223,GK1 (Oberoi Terrace),28.550005,77.243106,South,AIRGRADIENT,archive,hourly_readings,pm25,2026-09-16T16:00:00Z,6.5,ugm3
2860223,GK1 (Oberoi Terrace),28.550005,77.243106,South,AIRGRADIENT,archive,hourly_readings,pm25,2026-09-16T17:00:00Z,6.6,ugm3
2860223,GK1 (Oberoi Terrace),28.550005,77.243106,South,AIRGRADIENT,archive,hourly_readings,pm25,2026-09-16T18:00:00Z,6.2,ugm3
2860223,GK1 (Oberoi Terrace),28.550005,77.243106,South,AIRGRADIENT,archive,hourly_readings,pm25,2026-09-16T19:00:00Z,4.5,ugm3
2860223,GK1 (Oberoi Terrace),28.550005,77.243106,South,AIRGRADIENT,archive,hourly_readings,pm25,2026-09-16T20:00:00Z,6.7,ugm3
2860223,GK1 (Oberoi Terrace),28.550005,77.243106,South,AIRGRADIENT,archive,hourly_readings,pm25,2026-09-16T21:00:00Z,8.0,ugm3
2860223,GK1 (Oberoi Terrace),28.550005,77.243106,South,AIRGRADIENT,archive,hourly_readings,pm25,2026-09-16T22:00:00Z,13.0,ugm3
2860223,GK1 (Oberoi Terrace),28.550005,77.243106,South,AIRGRADIENT,archive,hourly_readings,pm25,2026-09-16T23:00:00Z,15.3,ugm3
2860223,GK1 (Oberoi Terrace),28.550005,77.243106,South,AIRGRADIENT,archive,hourly_readings,pm25,2026-09-17T00:00:00Z,6.4,ugm3
2860223,GK1 (Oberoi Terrace),28.550005,77.243106,South,AIRGRADIENT,archive,hourly_readings,pm25,2026-09-17T01:00:00Z,6.9,ugm3
2860223,GK1 (Oberoi Terrace),28.550005,77.243106,South,AIRGRADIENT,archive,hourly_readings,pm25,2026-09-17T02:00:00Z,3.0,ugm3
2860223,GK1 (Oberoi Terrace),28.550005,77.243106,South,AIRGRADIENT,archive,hourly_readings,pm25,2026-09-17T03:00:00Z,3.5,ugm3
2860223,GK1 (Oberoi Terrace),28.550005,77.243106,South,AIRGRADIENT,archive,hourly_readings,pm25,2026-09-17T04:00:00Z,5.4,ugm3
2860223,GK1 (Oberoi Terrace),28.550005,77.243106,South,AIRGRADIENT,archive,hourly_readings,pm25,2026-09-17T05:00:00Z,14.5,ugm3
2860223,GK1 (Oberoi Terrace),28.550005,77.243106,South,AIRGRADIENT,archive,hourly_readings,pm25,2026-09-17T06:00:00Z,9.0,ugm3
2860223,GK1 (Oberoi Terrace),28.550005,77.243106,South,AIRGRADIENT,archive,hourly_readings,pm25,2026-09-17T07:00:00Z,8.2,ugm3
2860223,GK1 (Oberoi Terrace),28.550005,77.243106,South,AIRGRADIENT,archive,hourly_readings,pm25,2026-09-17T08:00:00Z,9.0,ugm3
2860223,GK1 (Oberoi Terrace),28.550005,77.243106,South,AIRGRADIENT,archive,hourly_readings,pm25,2026-09-17T09:00:00Z,11.6,ugm3
2860223,GK1 (Oberoi Terrace),28.550005,77.243106,South,AIRGRADIENT,archive,hourly_readings,pm25,2026-09-17T10:00:00Z,8.6,ugm3
2860223,GK1 (Oberoi Terrace),28.550005,77.243106,South,AIRGRADIENT,archive,hourly_readings,pm25,2026-09-17T11:00:00Z,11.2,ugm3
2860223,GK1 (Oberoi Terrace),28.550005,77.243106,South,AIRGRADIENT,archive,hourly_readings,pm25,2026-09-17T12:00:00Z,5.4,ugm3
2860223,GK1 (Oberoi Terrace),28.550005,77.243106,South,AIRGRADIENT,archive,hourly_readings,pm25,2026-09-17T13:00:00Z,10.6,ugm3
3024966,NASA GSFC Rutgers Calib. N8,28.31733,76.91603,NCR Outer,CLARITY,archive,hourly_readings,pm25,2026-09-16T14:00:00Z,20.6,ugm3
3024966,NASA GSFC Rutgers Calib. N8,28.31733,76.91603,NCR Outer,CLARITY,archive,hourly_readings,pm25,2026-09-16T15:00:00Z,21.6,ugm3
3024966,NASA GSFC Rutgers Calib. N8,28.31733,76.91603,NCR Outer,CLARITY,archive,hourly_readings,pm25,2026-09-16T16:00:00Z,20.8,ugm3
3024966,NASA GSFC Rutgers Calib. N8,28.31733,76.91603,NCR Outer,CLARITY,archive,hourly_readings,pm25,2026-09-16T17:00:00Z,20.3,ugm3
3024966,NASA GSFC Rutgers Calib. N8,28.31733,76.91603,NCR Outer,CLARITY,archive,hourly_readings,pm25,2026-09-16T18:00:00Z,19.9,ugm3
3024966,NASA GSFC Rutgers Calib. N8,28.31733,76.91603,NCR Outer,CLARITY,archive,hourly_readings,pm25,2026-09-16T19:00:00Z,19.8,ugm3
3024966,NASA GSFC Rutgers Calib. N8,28.31733,76.91603,NCR Outer,CLARITY,archive,hourly_readings,pm25,2026-09-16T23:00:00Z,13.0,ugm3
3024966,NASA GSFC Rutgers Calib. N8,28.31733,76.91603,NCR Outer,CLARITY,archive,hourly_readings,pm25,2026-09-17T00:00:00Z,14.2,ugm3
3024966,NASA GSFC Rutgers Calib. N8,28.31733,76.91603,NCR Outer,CLARITY,archive,hourly_readings,pm25,2026-09-17T01:00:00Z,15.5,ugm3
3024966,NASA GSFC Rutgers Calib. N8,28.31733,76.91603,NCR Outer,CLARITY,archive,hourly_readings,pm25,2026-09-17T02:00:00Z,16.0,ugm3
3024966,NASA GSFC Rutgers Calib. N8,28.31733,76.91603,NCR Outer,CLARITY,archive,hourly_readings,pm25,2026-09-17T06:00:00Z,20.5,ugm3
3024966,NASA GSFC Rutgers Calib. N8,28.31733,76.91603,NCR Outer,CLARITY,archive,hourly_readings,pm25,2026-09-17T07:00:00Z,20.2,ugm3
3024966,NASA GSFC Rutgers Calib. N8,28.31733,76.91603,NCR Outer,CLARITY,archive,hourly_readings,pm25,2026-09-17T08:00:00Z,21.5,ugm3
3024966,NASA GSFC Rutgers Calib. N8,28.31733,76.91603,NCR Outer,CLARITY,archive,hourly_readings,pm25,2026-09-17T09:00:00Z,21.7,ugm3
3024966,NASA GSFC Rutgers Calib. N8,28.31733,76.91603,NCR Outer,CLARITY,archive,hourly_readings,pm25,2026-09-17T12:00:00Z,20.5,ugm3
3024966,NASA GSFC Rutgers Calib. N8,28.31733,76.91603,NCR Outer,CLARITY,archive,hourly_readings,pm25,2026-09-17T13:00:00Z,21.0,ugm3
3410004,"Amity University, Panchgaon",28.3153,76.9143,NCR Outer,IITM,archive,hourly_readings,no2,2026-09-16T14:00:00Z,33.8,ugm3
3410004,"Amity University, Panchgaon",28.3153,76.9143,NCR Outer,IITM,archive,hourly_readings,no2,2026-09-16T15:00:00Z,33.1,ugm3
3410004,"Amity University, Panchgaon",28.3153,76.9143,NCR Outer,IITM,archive,hourly_readings,no2,2026-09-16T17:00:00Z,29.4,ugm3
3410004,"Amity University, Panchgaon",28.3153,76.9143,NCR Outer,IITM,archive,hourly_readings,no2,2026-09-16T18:00:00Z,29.1,ugm3
3410004,"Amity University, Panchgaon",28.3153,76.9143,NCR Outer,IITM,archive,hourly_readings,no2,2026-09-16T19:00:00Z,30.4,ugm3
3410004,"Amity University, Panchgaon",28.3153,76.9143,NCR Outer,IITM,archive,hourly_readings,no2,2026-09-16T20:00:00Z,30.9,ugm3
3410004,"Amity University, Panchgaon",28.3153,76.9143,NCR Outer,IITM,archive,hourly_readings,no2,2026-09-16T21:00:00Z,31.8,ugm3
3410004,"Amity University, Panchgaon",28.3153,76.9143,NCR Outer,IITM,archive,hourly_readings,no2,2026-09-16T22:00:00Z,30.5,ugm3
3410004,"Amity University, Panchgaon",28.3153,76.9143,NCR Outer,IITM,archive,hourly_readings,no2,2026-09-16T23:00:00Z,32.9,ugm3
3410004,"Amity University, Panchgaon",28.3153,76.9143,NCR Outer,IITM,archive,hourly_readings,no2,2026-09-17T00:00:00Z,39.8,ugm3
3410004,"Amity University, Panchgaon",28.3153,76.9143,NCR Outer,IITM,archive,hourly_readings,no2,2026-09-17T01:00:00Z,44.6,ugm3
3410004,"Amity University, Panchgaon",28.3153,76.9143,NCR Outer,IITM,archive,hourly_readings,no2,2026-09-17T02:00:00Z,42.6,ugm3
3410004,"Amity University, Panchgaon",28.3153,76.9143,NCR Outer,IITM,archive,hourly_readings,no2,2026-09-17T03:00:00Z,41.3,ugm3
3410004,"Amity University, Panchgaon",28.3153,76.9143,NCR Outer,IITM,archive,hourly_readings,no2,2026-09-17T04:00:00Z,44.1,ugm3
3410004,"Amity University, Panchgaon",28.3153,76.9143,NCR Outer,IITM,archive,hourly_readings,no2,2026-09-17T05:00:00Z,36.3,ugm3
3410004,"Amity University, Panchgaon",28.3153,76.9143,NCR Outer,IITM,archive,hourly_readings,no2,2026-09-17T06:00:00Z,33.4,ugm3
3410004,"Amity University, Panchgaon",28.3153,76.9143,NCR Outer,IITM,archive,hourly_readings,no2,2026-09-17T07:00:00Z,34.1,ugm3
3410004,"Amity University, Panchgaon",28.3153,76.9143,NCR Outer,IITM,archive,hourly_readings,no2,2026-09-17T08:00:00Z,36.3,ugm3
3410004,"Amity University, Panchgaon",28.3153,76.9143,NCR Outer,IITM,archive,hourly_readings,no2,2026-09-17T09:00:00Z,39.1,ugm3
3410004,"Amity University, Panchgaon",28.3153,76.9143,NCR Outer,IITM,archive,hourly_readings,no2,2026-09-17T10:00:00Z,38.1,ugm3
3410004,"Amity University, Panchgaon",28.3153,76.9143,NCR Outer,IITM,archive,hourly_readings,no2,2026-09-17T11:00:00Z,38.5,ugm3
3410004,"Amity University, Panchgaon",28.3153,76.9143,NCR Outer,IITM,archive,hourly_readings,no2,2026-09-17T12:00:00Z,40.7,ugm3
3410004,"Amity University, Panchgaon",28.3153,76.9143,NCR Outer,IITM,archive,hourly_readings,no2,2026-09-17T13:00:00Z,38.8,ugm3
3410004,"Amity University, Panchgaon",28.3153,76.9143,NCR Outer,IITM,archive,hourly_readings,o3,2026-09-16T14:00:00Z,18.0,ugm3
3410004,"Amity University, Panchgaon",28.3153,76.9143,NCR Outer,IITM,archive,hourly_readings,o3,2026-09-16T15:00:00Z,14.5,ugm3
3410004,"Amity University, Panchgaon",28.3153,76.9143,NCR Outer,IITM,archive,hourly_readings,o3,2026-09-16T17:00:00Z,4.0,ugm3
3410004,"Amity University, Panchgaon",28.3153,76.9143,NCR Outer,IITM,archive,hourly_readings,o3,2026-09-16T18:00:00Z,3.2,ugm3
3410004,"Amity University, Panchgaon",28.3153,76.9143,NCR Outer,IITM,archive,hourly_readings,o3,2026-09-16T19:00:00Z,3.1,ugm3
3410004,"Amity University, Panchgaon",28.3153,76.9143,NCR Outer,IITM,archive,hourly_readings,o3,2026-09-16T20:00:00Z,3.7,ugm3
3410004,"Amity University, Panchgaon",28.3153,76.9143,NCR Outer,IITM,archive,hourly_readings,o3,2026-09-16T21:00:00Z,4.8,ugm3
3410004,"Amity University, Panchgaon",28.3153,76.9143,NCR Outer,IITM,archive,hourly_readings,o3,2026-09-16T22:00:00Z,7.1,ugm3
3410004,"Amity University, Panchgaon",28.3153,76.9143,NCR Outer,IITM,archive,hourly_readings,o3,2026-09-16T23:00:00Z,5.8,ugm3
3410004,"Amity University, Panchgaon",28.3153,76.9143,NCR Outer,IITM,archive,hourly_readings,o3,2026-09-17T00:00:00Z,5.5,ugm3
3410004,"Amity University, Panchgaon",28.3153,76.9143,NCR Outer,IITM,archive,hourly_readings,o3,2026-09-17T01:00:00Z,9.0,ugm3
3410004,"Amity University, Panchgaon",28.3153,76.9143,NCR Outer,IITM,archive,hourly_readings,o3,2026-09-17T02:00:00Z,12.3,ugm3
3410004,"Amity University, Panchgaon",28.3153,76.9143,NCR Outer,IITM,archive,hourly_readings,o3,2026-09-17T03:00:00Z,16.0,ugm3
3410004,"Amity University, Panchgaon",28.3153,76.9143,NCR Outer,IITM,archive,hourly_readings,o3,2026-09-17T04:00:00Z,16.9,ugm3
3410004,"Amity University, Panchgaon",28.3153,76.9143,NCR Outer,IITM,archive,hourly_readings,o3,2026-09-17T05:00:00Z,19.9,ugm3
3410004,"Amity University, Panchgaon",28.3153,76.9143,NCR Outer,IITM,archive,hourly_readings,o3,2026-09-17T06:00:00Z,22.6,ugm3
3410004,"Amity University, Panchgaon",28.3153,76.9143,NCR Outer,IITM,archive,hourly_readings,o3,2026-09-17T07:00:00Z,25.8,ugm3
3410004,"Amity University, Panchgaon",28.3153,76.9143,NCR Outer,IITM,archive,hourly_readings,o3,2026-09-17T08:00:00Z,31.4,ugm3
3410004,"Amity University, Panchgaon",28.3153,76.9143,NCR Outer,IITM,archive,hourly_readings,o3,2026-09-17T09:00:00Z,32.9,ugm3
3410004,"Amity University, Panchgaon",28.3153,76.9143,NCR Outer,IITM,archive,hourly_readings,o3,2026-09-17T10:00:00Z,35.8,ugm3
3410004,"Amity University, Panchgaon",28.3153,76.9143,NCR Outer,IITM,archive,hourly_readings,o3,2026-09-17T11:00:00Z,28.4,ugm3
3410004,"Amity University, Panchgaon",28.3153,76.9143,NCR Outer,IITM,archive,hourly_readings,o3,2026-09-17T12:00:00Z,23.9,ugm3
3410004,"Amity University, Panchgaon",28.3153,76.9143,NCR Outer,IITM,archive,hourly_readings,o3,2026-09-17T13:00:00Z,21.0,ugm3
3410004,"Amity University, Panchgaon",28.3153,76.9143,NCR Outer,IITM,archive,hourly_readings,pm10,2026-09-16T14:00:00Z,29.8,ugm3
3410004,"Amity University, Panchgaon",28.3153,76.9143,NCR Outer,IITM,archive,hourly_readings,pm10,2026-09-16T15:00:00Z,34.1,ugm3
3410004,"Amity University, Panchgaon",28.3153,76.9143,NCR Outer,IITM,archive,hourly_readings,pm10,2026-09-16T17:00:00Z,489.0,ugm3
3410004,"Amity University, Panchgaon",28.3153,76.9143,NCR Outer,IITM,archive,hourly_readings,pm10,2026-09-16T18:00:00Z,31.5,ugm3
3410004,"Amity University, Panchgaon",28.3153,76.9143,NCR Outer,IITM,archive,hourly_readings,pm10,2026-09-16T19:00:00Z,25.5,ugm3
3410004,"Amity University, Panchgaon",28.3153,76.9143,NCR Outer,IITM,archive,hourly_readings,pm10,2026-09-16T20:00:00Z,3.6,ugm3
3410004,"Amity University, Panchgaon",28.3153,76.9143,NCR Outer,IITM,archive,hourly_readings,pm10,2026-09-16T21:00:00Z,7.5,ugm3
3410004,"Amity University, Panchgaon",28.3153,76.9143,NCR Outer,IITM,archive,hourly_readings,pm10,2026-09-16T22:00:00Z,22.4,ugm3
3410004,"Amity University, Panchgaon",28.3153,76.9143,NCR Outer,IITM,archive,hourly_readings,pm10,2026-09-16T23:00:00Z,21.4,ugm3
3410004,"Amity University, Panchgaon",28.3153,76.9143,NCR Outer,IITM,archive,hourly_readings,pm10,2026-09-17T00:00:00Z,10.1,ugm3
3410004,"Amity University, Panchgaon",28.3153,76.9143,NCR Outer,IITM,archive,hourly_readings,pm10,2026-09-17T01:00:00Z,20.0,ugm3
3410004,"Amity University, Panchgaon",28.3153,76.9143,NCR Outer,IITM,archive,hourly_readings,pm10,2026-09-17T02:00:00Z,16.6,ugm3
3410004,"Amity University, Panchgaon",28.3153,76.9143,NCR Outer,IITM,archive,hourly_readings,pm10,2026-09-17T03:00:00Z,7.0,ugm3
3410004,"Amity University, Panchgaon",28.3153,76.9143,NCR Outer,IITM,archive,hourly_readings,pm10,2026-09-17T04:00:00Z,15.9,ugm3
3410004,"Amity University, Panchgaon",28.3153,76.9143,NCR Outer,IITM,archive,hourly_readings,pm10,2026-09-17T05:00:00Z,7.7,ugm3
3410004,"Amity University, Panchgaon",28.3153,76.9143,NCR Outer,IITM,archive,hourly_readings,pm10,2026-09-17T06:00:00Z,16.8,ugm3
3410004,"Amity University, Panchgaon",28.3153,76.9143,NCR Outer,IITM,archive,hourly_readings,pm10,2026-09-17T07:00:00Z,11.7,ugm3
3410004,"Amity University, Panchgaon",28.3153,76.9143,NCR Outer,IITM,archive,hourly_readings,pm10,2026-09-17T08:00:00Z,18.4,ugm3
3410004,"Amity University, Panchgaon",28.3153,76.9143,NCR Outer,IITM,archive,hourly_readings,pm10,2026-09-17T09:00:00Z,22.4,ugm3
3410004,"Amity University, Panchgaon",28.3153,76.9143,NCR Outer,IITM,archive,hourly_readings,pm10,2026-09-17T10:00:00Z,8.5,ugm3
3410004,"Amity University, Panchgaon",28.3153,76.9143,NCR Outer,IITM,archive,hourly_readings,pm10,2026-09-17T11:00:00Z,5.6,ugm3
3410004,"Amity University, Panchgaon",28.3153,76.9143,NCR Outer,IITM,archive,hourly_readings,pm10,2026-09-17T12:00:00Z,13.1,ugm3
3410004,"Amity University, Panchgaon",28.3153,76.9143,NCR Outer,IITM,archive,hourly_readings,pm10,2026-09-17T13:00:00Z,43.4,ugm3
3410004,"Amity University, Panchgaon",28.3153,76.9143,NCR Outer,IITM,archive,hourly_readings,pm25,2026-09-16T14:00:00Z,4.8,ugm3
3410004,"Amity University, Panchgaon",28.3153,76.9143,NCR Outer,IITM,archive,hourly_readings,pm25,2026-09-16T15:00:00Z,24.5,ugm3
3410004,"Amity University, Panchgaon",28.3153,76.9143,NCR Outer,IITM,archive,hourly_readings,pm25,2026-09-16T17:00:00Z,6.1,ugm3
3410004,"Amity University, Panchgaon",28.3153,76.9143,NCR Outer,IITM,archive,hourly_readings,pm25,2026-09-16T18:00:00Z,8.1,ugm3
3410004,"Amity University, Panchgaon",28.3153,76.9143,NCR Outer,IITM,archive,hourly_readings,pm25,2026-09-16T19:00:00Z,5.3,ugm3
3410004,"Amity University, Panchgaon",28.3153,76.9143,NCR Outer,IITM,archive,hourly_readings,pm25,2026-09-16T20:00:00Z,0.1,ugm3
3410004,"Amity University, Panchgaon",28.3153,76.9143,NCR Outer,IITM,archive,hourly_readings,pm25,2026-09-16T21:00:00Z,0.5,ugm3
3410004,"Amity University, Panchgaon",28.3153,76.9143,NCR Outer,IITM,archive,hourly_readings,pm25,2026-09-16T22:00:00Z,7.8,ugm3
3410004,"Amity University, Panchgaon",28.3153,76.9143,NCR Outer,IITM,archive,hourly_readings,pm25,2026-09-16T23:00:00Z,6.4,ugm3
3410004,"Amity University, Panchgaon",28.3153,76.9143,NCR Outer,IITM,archive,hourly_readings,pm25,2026-09-17T00:00:00Z,0.3,ugm3
3410004,"Amity University, Panchgaon",28.3153,76.9143,NCR Outer,IITM,archive,hourly_readings,pm25,2026-09-17T01:00:00Z,2.7,ugm3
3410004,"Amity University, Panchgaon",28.3153,76.9143,NCR Outer,IITM,archive,hourly_readings,pm25,2026-09-17T02:00:00Z,7.6,ugm3
3410004,"Amity University, Panchgaon",28.3153,76.9143,NCR Outer,IITM,archive,hourly_readings,pm25,2026-09-17T03:00:00Z,0.1,ugm3
3410004,"Amity University, Panchgaon",28.3153,76.9143,NCR Outer,IITM,archive,hourly_readings,pm25,2026-09-17T04:00:00Z,4.6,ugm3
3410004,"Amity University, Panchgaon",28.3153,76.9143,NCR Outer,IITM,archive,hourly_readings,pm25,2026-09-17T05:00:00Z,4.0,ugm3
3410004,"Amity University, Panchgaon",28.3153,76.9143,NCR Outer,IITM,archive,hourly_readings,pm25,2026-09-17T06:00:00Z,3.8,ugm3
3410004,"Amity University, Panchgaon",28.3153,76.9143,NCR Outer,IITM,archive,hourly_readings,pm25,2026-09-17T07:00:00Z,3.8,ugm3
3410004,"Amity University, Panchgaon",28.3153,76.9143,NCR Outer,IITM,archive,hourly_readings,pm25,2026-09-17T08:00:00Z,5.6,ugm3
3410004,"Amity University, Panchgaon",28.3153,76.9143,NCR Outer,IITM,archive,hourly_readings,pm25,2026-09-17T09:00:00Z,4.2,ugm3
3410004,"Amity University, Panchgaon",28.3153,76.9143,NCR Outer,IITM,archive,hourly_readings,pm25,2026-09-17T10:00:00Z,0.3,ugm3
3410004,"Amity University, Panchgaon",28.3153,76.9143,NCR Outer,IITM,archive,hourly_readings,pm25,2026-09-17T11:00:00Z,1.7,ugm3
3410004,"Amity University, Panchgaon",28.3153,76.9143,NCR Outer,IITM,archive,hourly_readings,pm25,2026-09-17T12:00:00Z,0.6,ugm3
3410004,"Amity University, Panchgaon",28.3153,76.9143,NCR Outer,IITM,archive,hourly_readings,pm25,2026-09-17T13:00:00Z,0.3,ugm3
4663956,"Santushti Apartments, Vasant Kunj",28.5266,77.1493,South,AIRGRADIENT,archive,hourly_readings,pm25,2026-09-16T14:00:00Z,40.6,ugm3
4663956,"Santushti Apartments, Vasant Kunj",28.5266,77.1493,South,AIRGRADIENT,archive,hourly_readings,pm25,2026-09-16T15:00:00Z,45.4,ugm3
4663956,"Santushti Apartments, Vasant Kunj",28.5266,77.1493,South,AIRGRADIENT,archive,hourly_readings,pm25,2026-09-16T16:00:00Z,48.8,ugm3
4663956,"Santushti Apartments, Vasant Kunj",28.5266,77.1493,South,AIRGRADIENT,archive,hourly_readings,pm25,2026-09-16T17:00:00Z,54.3,ugm3
4663956,"Santushti Apartments, Vasant Kunj",28.5266,77.1493,South,AIRGRADIENT,archive,hourly_readings,pm25,2026-09-16T18:00:00Z,60.6,ugm3
4663956,"Santushti Apartments, Vasant Kunj",28.5266,77.1493,South,AIRGRADIENT,archive,hourly_readings,pm25,2026-09-16T19:00:00Z,61.1,ugm3
4663956,"Santushti Apartments, Vasant Kunj",28.5266,77.1493,South,AIRGRADIENT,archive,hourly_readings,pm25,2026-09-16T20:00:00Z,59.4,ugm3
4663956,"Santushti Apartments, Vasant Kunj",28.5266,77.1493,South,AIRGRADIENT,archive,hourly_readings,pm25,2026-09-16T21:00:00Z,61.1,ugm3
4663956,"Santushti Apartments, Vasant Kunj",28.5266,77.1493,South,AIRGRADIENT,archive,hourly_readings,pm25,2026-09-16T22:00:00Z,59.5,ugm3
4663956,"Santushti Apartments, Vasant Kunj",28.5266,77.1493,South,AIRGRADIENT,archive,hourly_readings,pm25,2026-09-16T23:00:00Z,35.9,ugm3
4663956,"Santushti Apartments, Vasant Kunj",28.5266,77.1493,South,AIRGRADIENT,archive,hourly_readings,pm25,2026-09-17T00:00:00Z,25.2,ugm3
4663956,"Santushti Apartments, Vasant Kunj",28.5266,77.1493,South,AIRGRADIENT,archive,hourly_readings,pm25,2026-09-17T01:00:00Z,32.1,ugm3
4663956,"Santushti Apartments, Vasant Kunj",28.5266,77.1493,South,AIRGRADIENT,archive,hourly_readings,pm25,2026-09-17T02:00:00Z,34.5,ugm3
4663956,"Santushti Apartments, Vasant Kunj",28.5266,77.1493,South,AIRGRADIENT,archive,hourly_readings,pm25,2026-09-17T03:00:00Z,35.6,ugm3
4663956,"Santushti Apartments, Vasant Kunj",28.5266,77.1493,South,AIRGRADIENT,archive,hourly_readings,pm25,2026-09-17T04:00:00Z,39.8,ugm3
4663956,"Santushti Apartments, Vasant Kunj",28.5266,77.1493,South,AIRGRADIENT,archive,hourly_readings,pm25,2026-09-17T05:00:00Z,43.6,ugm3
4663956,"Santushti Apartments, Vasant Kunj",28.5266,77.1493,South,AIRGRADIENT,archive,hourly_readings,pm25,2026-09-17T06:00:00Z,46.4,ugm3
4663956,"Santushti Apartments, Vasant Kunj",28.5266,77.1493,South,AIRGRADIENT,archive,hourly_readings,pm25,2026-09-17T07:00:00Z,49.2,ugm3
4663956,"Santushti Apartments, Vasant Kunj",28.5266,77.1493,South,AIRGRADIENT,archive,hourly_readings,pm25,2026-09-17T08:00:00Z,50.7,ugm3
4663956,"Santushti Apartments, Vasant Kunj",28.5266,77.1493,South,AIRGRADIENT,archive,hourly_readings,pm25,2026-09-17T09:00:00Z,51.5,ugm3
4663956,"Santushti Apartments, Vasant Kunj",28.5266,77.1493,South,AIRGRADIENT,archive,hourly_readings,pm25,2026-09-17T10:00:00Z,51.4,ugm3
4663956,"Santushti Apartments, Vasant Kunj",28.5266,77.1493,South,AIRGRADIENT,archive,hourly_readings,pm25,2026-09-17T11:00:00Z,50.3,ugm3
4663956,"Santushti Apartments, Vasant Kunj",28.5266,77.1493,South,AIRGRADIENT,archive,hourly_readings,pm25,2026-09-17T12:00:00Z,47.7,ugm3
4663956,"Santushti Apartments, Vasant Kunj",28.5266,77.1493,South,AIRGRADIENT,archive,hourly_readings,pm25,2026-09-17T13:00:00Z,47.1,ugm3
6105800,"Sector 1, Noida extension",28.583491,77.431714,NCR Outer,AIRGRADIENT,archive,hourly_readings,pm25,2026-09-16T14:00:00Z,65.8,ugm3
6105800,"Sector 1, Noida extension",28.583491,77.431714,NCR Outer,AIRGRADIENT,archive,hourly_readings,pm25,2026-09-16T15:00:00Z,80.3,ugm3
6105800,"Sector 1, Noida extension",28.583491,77.431714,NCR Outer,AIRGRADIENT,archive,hourly_readings,pm25,2026-09-16T16:00:00Z,83.0,ugm3
6105800,"Sector 1, Noida extension",28.583491,77.431714,NCR Outer,AIRGRADIENT,archive,hourly_readings,pm25,2026-09-16T17:00:00Z,80.2,ugm3
6105800,"Sector 1, Noida extension",28.583491,77.431714,NCR Outer,AIRGRADIENT,archive,hourly_readings,pm25,2026-09-16T18:00:00Z,73.8,ugm3
6105800,"Sector 1, Noida extension",28.583491,77.431714,NCR Outer,AIRGRADIENT,archive,hourly_readings,pm25,2026-09-16T19:00:00Z,76.4,ugm3
6105800,"Sector 1, Noida extension",28.583491,77.431714,NCR Outer,AIRGRADIENT,archive,hourly_readings,pm25,2026-09-16T20:00:00Z,71.0,ugm3
6105800,"Sector 1, Noida extension",28.583491,77.431714,NCR Outer,AIRGRADIENT,archive,hourly_readings,pm25,2026-09-16T21:00:00Z,71.6,ugm3
6105800,"Sector 1, Noida extension",28.583491,77.431714,NCR Outer,AIRGRADIENT,archive,hourly_readings,pm25,2026-09-16T22:00:00Z,85.0,ugm3
6105800,"Sector 1, Noida extension",28.583491,77.431714,NCR Outer,AIRGRADIENT,archive,hourly_readings,pm25,2026-09-16T23:00:00Z,57.8,ugm3
6105800,"Sector 1, Noida extension",28.583491,77.431714,NCR Outer,AIRGRADIENT,archive,hourly_readings,pm25,2026-09-17T00:00:00Z,43.6,ugm3
6105800,"Sector 1, Noida extension",28.583491,77.431714,NCR Outer,AIRGRADIENT,archive,hourly_readings,pm25,2026-09-17T01:00:00Z,41.0,ugm3
6105800,"Sector 1, Noida extension",28.583491,77.431714,NCR Outer,AIRGRADIENT,archive,hourly_readings,pm25,2026-09-17T02:00:00Z,44.6,ugm3
6105800,"Sector 1, Noida extension",28.583491,77.431714,NCR Outer,AIRGRADIENT,archive,hourly_readings,pm25,2026-09-17T03:00:00Z,49.0,ugm3
6105800,"Sector 1, Noida extension",28.583491,77.431714,NCR Outer,AIRGRADIENT,archive,hourly_readings,pm25,2026-09-17T04:00:00Z,54.9,ugm3
6105800,"Sector 1, Noida extension",28.583491,77.431714,NCR Outer,AIRGRADIENT,archive,hourly_readings,pm25,2026-09-17T05:00:00Z,60.9,ugm3
6105800,"Sector 1, Noida extension",28.583491,77.431714,NCR Outer,AIRGRADIENT,archive,hourly_readings,pm25,2026-09-17T06:00:00Z,50.9,ugm3
6105800,"Sector 1, Noida extension",28.583491,77.431714,NCR Outer,AIRGRADIENT,archive,hourly_readings,pm25,2026-09-17T07:00:00Z,52.7,ugm3
6105800,"Sector 1, Noida extension",28.583491,77.431714,NCR Outer,AIRGRADIENT,archive,hourly_readings,pm25,2026-09-17T08:00:00Z,55.4,ugm3
6105800,"Sector 1, Noida extension",28.583491,77.431714,NCR Outer,AIRGRADIENT,archive,hourly_readings,pm25,2026-09-17T09:00:00Z,54.2,ugm3
6105800,"Sector 1, Noida extension",28.583491,77.431714,NCR Outer,AIRGRADIENT,archive,hourly_readings,pm25,2026-09-17T10:00:00Z,50.2,ugm3
6105800,"Sector 1, Noida extension",28.583491,77.431714,NCR Outer,AIRGRADIENT,archive,hourly_readings,pm25,2026-09-17T11:00:00Z,47.7,ugm3
6105800,"Sector 1, Noida extension",28.583491,77.431714,NCR Outer,AIRGRADIENT,archive,hourly_readings,pm25,2026-09-17T12:00:00Z,49.5,ugm3
6105800,"Sector 1, Noida extension",28.583491,77.431714,NCR Outer,AIRGRADIENT,archive,hourly_readings,pm25,2026-09-17T13:00:00Z,53.1,ugm3
6125489,"Uptitude Cloud Pvt Ltd - Sector 62, GGN",28.402408,77.084775,South,AIRGRADIENT,archive,hourly_readings,pm25,2026-09-16T14:00:00Z,55.4,ugm3
6125489,"Uptitude Cloud Pvt Ltd - Sector 62, GGN",28.402408,77.084775,South,AIRGRADIENT,archive,hourly_readings,pm25,2026-09-16T15:00:00Z,50.5,ugm3
6125489,"Uptitude Cloud Pvt Ltd - Sector 62, GGN",28.402408,77.084775,South,AIRGRADIENT,archive,hourly_readings,pm25,2026-09-16T16:00:00Z,49.5,ugm3
6125489,"Uptitude Cloud Pvt Ltd - Sector 62, GGN",28.402408,77.084775,South,AIRGRADIENT,archive,hourly_readings,pm25,2026-09-16T17:00:00Z,58.2,ugm3
6125489,"Uptitude Cloud Pvt Ltd - Sector 62, GGN",28.402408,77.084775,South,AIRGRADIENT,archive,hourly_readings,pm25,2026-09-16T18:00:00Z,56.5,ugm3
6125489,"Uptitude Cloud Pvt Ltd - Sector 62, GGN",28.402408,77.084775,South,AIRGRADIENT,archive,hourly_readings,pm25,2026-09-16T19:00:00Z,51.6,ugm3
6125489,"Uptitude Cloud Pvt Ltd - Sector 62, GGN",28.402408,77.084775,South,AIRGRADIENT,archive,hourly_readings,pm25,2026-09-16T20:00:00Z,50.6,ugm3
6125489,"Uptitude Cloud Pvt Ltd - Sector 62, GGN",28.402408,77.084775,South,AIRGRADIENT,archive,hourly_readings,pm25,2026-09-16T21:00:00Z,47.3,ugm3
6125489,"Uptitude Cloud Pvt Ltd - Sector 62, GGN",28.402408,77.084775,South,AIRGRADIENT,archive,hourly_readings,pm25,2026-09-16T22:00:00Z,37.1,ugm3
6125489,"Uptitude Cloud Pvt Ltd - Sector 62, GGN",28.402408,77.084775,South,AIRGRADIENT,archive,hourly_readings,pm25,2026-09-16T23:00:00Z,18.5,ugm3
6125489,"Uptitude Cloud Pvt Ltd - Sector 62, GGN",28.402408,77.084775,South,AIRGRADIENT,archive,hourly_readings,pm25,2026-09-17T00:00:00Z,23.9,ugm3
6125489,"Uptitude Cloud Pvt Ltd - Sector 62, GGN",28.402408,77.084775,South,AIRGRADIENT,archive,hourly_readings,pm25,2026-09-17T01:00:00Z,36.6,ugm3
6125489,"Uptitude Cloud Pvt Ltd - Sector 62, GGN",28.402408,77.084775,South,AIRGRADIENT,archive,hourly_readings,pm25,2026-09-17T02:00:00Z,38.4,ugm3
6125489,"Uptitude Cloud Pvt Ltd - Sector 62, GGN",28.402408,77.084775,South,AIRGRADIENT,archive,hourly_readings,pm25,2026-09-17T03:00:00Z,42.3,ugm3
6125489,"Uptitude Cloud Pvt Ltd - Sector 62, GGN",28.402408,77.084775,South,AIRGRADIENT,archive,hourly_readings,pm25,2026-09-17T04:00:00Z,41.3,ugm3
6125489,"Uptitude Cloud Pvt Ltd - Sector 62, GGN",28.402408,77.084775,South,AIRGRADIENT,archive,hourly_readings,pm25,2026-09-17T05:00:00Z,48.2,ugm3
6125489,"Uptitude Cloud Pvt Ltd - Sector 62, GGN",28.402408,77.084775,South,AIRGRADIENT,archive,hourly_readings,pm25,2026-09-17T06:00:00Z,53.1,ugm3
6125489,"Uptitude Cloud Pvt Ltd - Sector 62, GGN",28.402408,77.084775,South,AIRGRADIENT,archive,hourly_readings,pm25,2026-09-17T07:00:00Z,57.6,ugm3
6125489,"Uptitude Cloud Pvt Ltd - Sector 62, GGN",28.402408,77.084775,South,AIRGRADIENT,archive,hourly_readings,pm25,2026-09-17T08:00:00Z,58.0,ugm3
6125489,"Uptitude Cloud Pvt Ltd - Sector 62, GGN",28.402408,77.084775,South,AIRGRADIENT,archive,hourly_readings,pm25,2026-09-17T09:00:00Z,59.6,ugm3
6125489,"Uptitude Cloud Pvt Ltd - Sector 62, GGN",28.402408,77.084775,South,AIRGRADIENT,archive,hourly_readings,pm25,2026-09-17T10:00:00Z,55.6,ugm3
6125489,"Uptitude Cloud Pvt Ltd - Sector 62, GGN",28.402408,77.084775,South,AIRGRADIENT,archive,hourly_readings,pm25,2026-09-17T11:00:00Z,57.8,ugm3
6125489,"Uptitude Cloud Pvt Ltd - Sector 62, GGN",28.402408,77.084775,South,AIRGRADIENT,archive,hourly_readings,pm25,2026-09-17T12:00:00Z,55.1,ugm3
6125489,"Uptitude Cloud Pvt Ltd - Sector 62, GGN",28.402408,77.084775,South,AIRGRADIENT,archive,hourly_readings,pm25,2026-09-17T13:00:00Z,51.9,ugm3
